{"type": "FeatureCollection", "crs": {"type": "name", "properties": {"name": "urn:ogc:def:crs:EPSG::5179"}}, "properties": {"scenario": "B_weathered", "level": "critical", "prob_threshold": 0.7, "fos_threshold": 0.8588, "note": "arrival_hour 로 필터링해 시계열 애니메이션. 미보정 파라미터 (Rsat=200.0, Wmax=0.85, k=6.0)."}, "features": [{"type": "Feature", "properties": {"arrival_hour": 0, "arrival_time": "2025-07-18T00:00:00+09:00", "area_m2": 1323.6}, "geometry": {"type": "MultiPolygon", "coordinates": [[[[1047704.1104066442, 1712640.312737484], [1047694.1157018417, 1712640.312737484], [1047684.1209970391, 1712650.3074422865], [1047694.1157018417, 1712655.3047946878], [1047704.1104066442, 1712640.312737484]]], [[[1050067.8580924405, 1716743.1390589192], [1050062.8607400393, 1716768.1258209255], [1050077.852797243, 1716753.1337637217], [1050077.852797243, 1716743.1390589192], [1050067.8580924405, 1716743.1390589192]]], [[[1050022.8819208292, 1716863.0755165494], [1050032.8766256317, 1716863.0755165494], [1050037.873978033, 1716848.0834593456], [1050032.8766256317, 1716833.0914021418], [1050032.8766256317, 1716843.0861069444], [1050022.8819208292, 1716863.0755165494]]], [[[1049693.056662346, 1717682.6413103563], [1049678.0646051422, 1717592.6889671336], [1049678.0646051422, 1717642.6624911462], [1049693.056662346, 1717682.6413103563]]], [[[1048558.6576672598, 1718837.0297150475], [1048588.6417816675, 1718827.035010245], [1048603.6338388713, 1718812.0429530411], [1048563.6550196611, 1718822.0376578437], [1048558.6576672598, 1718837.0297150475]]]]}}, {"type": "Feature", "properties": {"arrival_hour": 17, "arrival_time": "2025-07-18T17:00:00+09:00", "area_m2": 749.2}, "geometry": {"type": "MultiPolygon", "coordinates": [[[[1047569.1818918101, 1709282.0919238366], [1047559.1871870076, 1709282.0919238366], [1047559.1871870076, 1709307.078685843], [1047584.1739490139, 1709357.0522098555], [1047584.1739490139, 1709337.0628002505], [1047574.1792442114, 1709327.068095448], [1047569.1818918101, 1709282.0919238366]]], [[[1048828.514696928, 1714419.370192333], [1048843.5067541318, 1714434.3622495367], [1048838.5094017305, 1714414.3728399316], [1048828.514696928, 1714419.370192333]]]]}}, {"type": "Feature", "properties": {"arrival_hour": 18, "arrival_time": "2025-07-18T18:00:00+09:00", "area_m2": 437.0}, "geometry": {"type": "MultiPolygon", "coordinates": [[[[1047589.1713014152, 1709362.0495622568], [1047589.1713014152, 1709347.057505053], [1047584.1739490139, 1709347.057505053], [1047579.1765966127, 1709362.0495622568], [1047589.1713014152, 1709362.0495622568]]], [[[1048328.7794568018, 1711485.9243327929], [1048328.7794568018, 1711480.9269803914], [1048303.7926947955, 1711470.9322755889], [1048293.797989993, 1711475.9296279901], [1048328.7794568018, 1711485.9243327929]]], [[[1051562.0664604176, 1723354.6362857874], [1051552.071755615, 1723354.6362857874], [1051552.071755615, 1723369.6283429912], [1051562.0664604176, 1723364.63099059], [1051562.0664604176, 1723354.6362857874]]]]}}, {"type": "Feature", "properties": {"arrival_hour": 19, "arrival_time": "2025-07-18T19:00:00+09:00", "area_m2": 2534.8}, "geometry": {"type": "MultiPolygon", "coordinates": [[[[1048113.8933035476, 1699552.2467985817], [1048098.9012463439, 1699552.2467985817], [1048093.9038939426, 1699562.2415033842], [1048113.8933035476, 1699562.2415033842], [1048113.8933035476, 1699552.2467985817]]], [[[1046624.6822879718, 1707283.1509633323], [1046624.6822879718, 1707303.1403729373], [1046629.6796403731, 1707303.1403729373], [1046634.6769927744, 1707293.1456681348], [1046624.6822879718, 1707283.1509633323]]], [[[1046769.6055076084, 1707508.031821389], [1046754.6134504046, 1707498.0371165865], [1046764.6081552071, 1707528.021230994], [1046774.6028600096, 1707533.0185833953], [1046769.6055076084, 1707508.031821389]]], [[[1046784.5975648122, 1707543.0132881978], [1046794.5922696147, 1707577.9947550066], [1046794.5922696147, 1707548.010640599], [1046784.5975648122, 1707543.0132881978]]], [[[1047569.1818918101, 1709277.0945714354], [1047569.1818918101, 1709267.0998666328], [1047559.1871870076, 1709257.1051618303], [1047559.1871870076, 1709277.0945714354], [1047569.1818918101, 1709277.0945714354]]], [[[1047589.1713014152, 1709382.0389718618], [1047589.1713014152, 1709362.0495622568], [1047579.1765966127, 1709362.0495622568], [1047579.1765966127, 1709372.0442670593], [1047589.1713014152, 1709382.0389718618]]], [[[1047719.102463848, 1712630.3180326815], [1047724.0998162492, 1712635.3153850827], [1047744.0892258543, 1712610.3286230764], [1047709.1077590454, 1712630.3180326815], [1047719.102463848, 1712630.3180326815]]], [[[1049663.0725479384, 1710991.1864450679], [1049628.0910811296, 1710991.1864450679], [1049633.0884335309, 1711001.1811498704], [1049663.0725479384, 1710991.1864450679]]], [[[1048228.8324087766, 1711460.9375707863], [1048233.8297611779, 1711450.9428659838], [1048198.8482943691, 1711450.9428659838], [1048228.8324087766, 1711460.9375707863]]], [[[1048493.6920860434, 1718822.0376578437], [1048503.6867908459, 1718827.035010245], [1048513.6814956485, 1718817.0403054424], [1048498.6894384447, 1718817.0403054424], [1048493.6920860434, 1718822.0376578437]]], [[[1051557.0691080163, 1723304.6627617748], [1051557.0691080163, 1723294.6680569723], [1051547.0744032138, 1723294.6680569723], [1051542.0770508125, 1723304.6627617748], [1051542.0770508125, 1723334.6468761824], [1051552.071755615, 1723329.6495237811], [1051557.0691080163, 1723304.6627617748]]], [[[1051547.0744032138, 1723334.6468761824], [1051552.071755615, 1723354.6362857874], [1051562.0664604176, 1723354.6362857874], [1051557.0691080163, 1723329.6495237811], [1051547.0744032138, 1723334.6468761824]]], [[[1050412.6754081277, 1724119.2312031803], [1050422.6701129302, 1724114.233850779], [1050422.6701129302, 1724099.2417935752], [1050417.672760529, 1724099.2417935752], [1050412.6754081277, 1724119.2312031803]]]]}}, {"type": "Feature", "properties": {"arrival_hour": 21, "arrival_time": "2025-07-18T21:00:00+09:00", "area_m2": 1485.9}, "geometry": {"type": "MultiPolygon", "coordinates": [[[[1046759.6108028059, 1707488.042411784], [1046749.6160980033, 1707488.042411784], [1046749.6160980033, 1707503.0344689877], [1046759.6108028059, 1707498.0371165865], [1046769.6055076084, 1707508.031821389], [1046759.6108028059, 1707488.042411784]]], [[[1046779.6002124109, 1707543.0132881978], [1046784.5975648122, 1707553.0079930003], [1046789.5949172134, 1707533.0185833953], [1046779.6002124109, 1707533.0185833953], [1046774.6028600096, 1707523.0238785928], [1046769.6055076084, 1707543.0132881978], [1046779.6002124109, 1707543.0132881978]]], [[[1047504.2163105938, 1708937.2746081497], [1047509.213662995, 1708952.2666653534], [1047519.2083677975, 1708952.2666653534], [1047519.2083677975, 1708942.271960551], [1047504.2163105938, 1708937.2746081497]]], [[[1049408.2075754742, 1710156.6285940574], [1049408.2075754742, 1710171.6206512612], [1049418.2022802767, 1710166.62329886], [1049418.2022802767, 1710156.6285940574], [1049408.2075754742, 1710156.6285940574]]], [[[1045710.1667985411, 1710331.5359281015], [1045705.1694461398, 1710286.5597564902], [1045700.1720937386, 1710331.5359281015], [1045710.1667985411, 1710331.5359281015]]], [[[1045695.1747413373, 1710336.5332805028], [1045690.177388936, 1710356.5226901078], [1045700.1720937386, 1710361.520042509], [1045705.1694461398, 1710336.5332805028], [1045695.1747413373, 1710336.5332805028]]], [[[1049673.067252741, 1716373.334981226], [1049668.0699003397, 1716393.324390831], [1049678.0646051422, 1716388.3270384297], [1049678.0646051422, 1716373.334981226], [1049673.067252741, 1716373.334981226]]], [[[1051247.2332591382, 1717322.8319374656], [1051257.2279639407, 1717282.8531182555], [1051247.2332591382, 1717282.8531182555], [1051247.2332591382, 1717322.8319374656]]]]}}, {"type": "Feature", "properties": {"arrival_hour": 23, "arrival_time": "2025-07-18T23:00:00+09:00", "area_m2": 2722.1}, "geometry": {"type": "MultiPolygon", "coordinates": [[[[1028629.2162910313, 1696878.6632639072], [1028629.2162910313, 1696868.6685591047], [1028619.2215862288, 1696858.6738543021], [1028619.2215862288, 1696873.665911506], [1028629.2162910313, 1696878.6632639072]]], [[[1048108.8959511464, 1699542.2520937792], [1048103.8985987451, 1699552.2467985817], [1048118.8906559489, 1699552.2467985817], [1048118.8906559489, 1699542.2520937792], [1048108.8959511464, 1699542.2520937792]]], [[[1046789.5949172134, 1707538.0159357965], [1046794.5922696147, 1707528.021230994], [1046779.6002124109, 1707523.0238785928], [1046779.6002124109, 1707533.0185833953], [1046789.5949172134, 1707538.0159357965]]], [[[1046794.5922696147, 1707582.992107408], [1046794.5922696147, 1707587.9894598091], [1046814.5816792197, 1707602.981517013], [1046814.5816792197, 1707612.9762218155], [1046819.579031621, 1707597.9841646117], [1046799.589622016, 1707577.9947550066], [1046799.589622016, 1707582.992107408], [1046794.5922696147, 1707582.992107408]]], [[[1047499.2189581925, 1708937.2746081497], [1047519.2083677975, 1708942.271960551], [1047509.213662995, 1708907.290493742], [1047499.2189581925, 1708937.2746081497]]], [[[1047794.0627498669, 1712560.3550990638], [1047804.0574546694, 1712560.3550990638], [1047824.0468642744, 1712540.3656894588], [1047834.041569077, 1712540.3656894588], [1047839.0389214782, 1712530.3709846563], [1047819.0495118732, 1712535.3683370575], [1047794.0627498669, 1712560.3550990638]]], [[[1048943.453802157, 1714609.2695835808], [1048948.4511545582, 1714599.2748787783], [1048923.464392552, 1714604.2722311795], [1048923.464392552, 1714609.2695835808], [1048943.453802157, 1714609.2695835808]]], [[[1048478.7000288396, 1718827.035010245], [1048493.6920860434, 1718827.035010245], [1048493.6920860434, 1718822.0376578437], [1048473.7026764384, 1718817.0403054424], [1048478.7000288396, 1718827.035010245]]], [[[1049418.2022802767, 1710181.6153560637], [1049413.2049278754, 1710181.6153560637], [1049413.2049278754, 1710191.6100608662], [1049423.199632678, 1710186.612708465], [1049423.199632678, 1710166.62329886], [1049418.2022802767, 1710166.62329886], [1049418.2022802767, 1710181.6153560637]]], [[[1049593.1096143208, 1711001.1811498704], [1049603.1043191233, 1711001.1811498704], [1049613.0990239258, 1710991.1864450679], [1049598.106966722, 1710991.1864450679], [1049593.1096143208, 1711001.1811498704]]], [[[1050467.6462845416, 1711355.9931703599], [1050467.6462845416, 1711341.001113156], [1050457.651579739, 1711331.0064083536], [1050457.651579739, 1711350.9958179586], [1050467.6462845416, 1711355.9931703599]]], [[[1050207.7839596758, 1711600.8634380219], [1050222.7760168796, 1711595.8660856206], [1050222.7760168796, 1711590.8687332193], [1050207.7839596758, 1711590.8687332193], [1050207.7839596758, 1711600.8634380219]]], [[[1048983.432621367, 1715373.8645009738], [1048988.4299737683, 1715363.8697961713], [1048968.4405641633, 1715368.8671485726], [1048968.4405641633, 1715373.8645009738], [1048983.432621367, 1715373.8645009738]]], [[[1051257.2279639407, 1717322.8319374656], [1051247.2332591382, 1717322.8319374656], [1051252.2306115394, 1717337.8239946694], [1051257.2279639407, 1717337.8239946694], [1051257.2279639407, 1717322.8319374656]]], [[[1050417.672760529, 1724099.2417935752], [1050432.6648177328, 1724099.2417935752], [1050432.6648177328, 1724089.2470887727], [1050412.6754081277, 1724089.2470887727], [1050417.672760529, 1724099.2417935752]]], [[[1050382.6912937202, 1724144.2179651866], [1050362.7018841149, 1724159.2100223904], [1050362.7018841149, 1724164.2073747916], [1050382.6912937202, 1724154.212669989], [1050382.6912937202, 1724144.2179651866]]]]}}, {"type": "Feature", "properties": {"arrival_hour": 30, "arrival_time": "2025-07-19T06:00:00+09:00", "area_m2": 874.1}, "geometry": {"type": "MultiPolygon", "coordinates": [[[[1047504.2163105938, 1708912.2878461434], [1047494.2216057912, 1708912.2878461434], [1047494.2216057912, 1708927.2799033471], [1047504.2163105938, 1708922.2825509459], [1047504.2163105938, 1708912.2878461434]]], [[[1047454.2427865812, 1710651.3664817822], [1047459.2401389824, 1710656.3638341834], [1047464.2374913837, 1710646.369129381], [1047454.2427865812, 1710636.3744245784], [1047454.2427865812, 1710651.3664817822]]], [[[1050327.720417306, 1711595.8660856206], [1050317.7257125035, 1711605.8607904231], [1050332.7177697073, 1711605.8607904231], [1050342.7124745098, 1711595.8660856206], [1050327.720417306, 1711595.8660856206]]], [[[1047904.0045026946, 1713234.997673234], [1047904.0045026946, 1713249.9897304378], [1047913.9992074971, 1713249.9897304378], [1047909.0018550958, 1713234.997673234], [1047904.0045026946, 1713234.997673234]]], [[[1051122.2994491067, 1723139.7501325333], [1051132.2941539092, 1723139.7501325333], [1051137.2915063105, 1723129.7554277307], [1051117.3020967054, 1723129.7554277307], [1051122.2994491067, 1723139.7501325333]]], [[[1050412.6754081277, 1724109.2364983778], [1050412.6754081277, 1724094.244441174], [1050397.683350924, 1724109.2364983778], [1050397.683350924, 1724124.2285555815], [1050412.6754081277, 1724109.2364983778]]]]}}, {"type": "Feature", "properties": {"arrival_hour": 31, "arrival_time": "2025-07-19T07:00:00+09:00", "area_m2": 9777.1}, "geometry": {"type": "MultiPolygon", "coordinates": [[[[1032886.9605369057, 1691971.263205869], [1032891.9578893069, 1691996.2499678752], [1032896.9552417082, 1691996.2499678752], [1032896.9552417082, 1691976.2605582702], [1032886.9605369057, 1691971.263205869]]], [[[1031442.7256929412, 1694215.074434035], [1031432.7309881387, 1694250.0559008438], [1031447.7230453425, 1694240.0611960413], [1031447.7230453425, 1694200.0823768312], [1031437.72834054, 1694185.0903196274], [1031442.7256929412, 1694215.074434035]]], [[[1028419.3274901784, 1694659.8387977474], [1028429.3221949809, 1694659.8387977474], [1028429.3221949809, 1694644.8467405436], [1028419.3274901784, 1694649.8440929449], [1028419.3274901784, 1694659.8387977474]]], [[[1043511.3317419863, 1695209.547561886], [1043501.3370371838, 1695229.536971491], [1043511.3317419863, 1695229.536971491], [1043531.3211515914, 1695204.5502094848], [1043511.3317419863, 1695209.547561886]]], [[[1028344.3672041595, 1695224.5396190898], [1028344.3672041595, 1695234.5343238923], [1028359.3592613633, 1695239.5316762936], [1028354.361908962, 1695224.5396190898], [1028344.3672041595, 1695224.5396190898]]], [[[1034855.9173830025, 1695574.354287178], [1034845.9226782, 1695574.354287178], [1034850.9200306012, 1695594.343696783], [1034860.9147354037, 1695589.3463443818], [1034855.9173830025, 1695574.354287178]]], [[[1031537.6753885652, 1697323.4276276194], [1031562.6621505715, 1697323.4276276194], [1031547.6700933677, 1697313.4329228168], [1031537.6753885652, 1697323.4276276194]]], [[[1043736.212600043, 1698028.054316197], [1043691.2364284317, 1698028.054316197], [1043676.2443712279, 1698038.0490209996], [1043736.212600043, 1698033.0516685983], [1043736.212600043, 1698028.054316197]]], [[[1029918.5332105567, 1704084.8454265255], [1029928.5279153592, 1704089.8427789267], [1029938.5226201618, 1704074.850721723], [1029918.5332105567, 1704079.8480741242], [1029918.5332105567, 1704084.8454265255]]], [[[1024201.5620635143, 1705928.8684625907], [1024201.5620635143, 1705943.8605197945], [1024211.5567683168, 1705938.8631673933], [1024211.5567683168, 1705928.8684625907], [1024201.5620635143, 1705928.8684625907]]], [[[1046819.579031621, 1707592.9868122104], [1046804.5869744172, 1707553.0079930003], [1046799.589622016, 1707572.9974026054], [1046809.5843268185, 1707587.9894598091], [1046819.579031621, 1707592.9868122104]]], [[[1028974.0336067184, 1709901.7636215931], [1028969.0362543172, 1709886.7715643893], [1028959.0415495146, 1709896.7662691919], [1028964.0389019159, 1709901.7636215931], [1028974.0336067184, 1709901.7636215931]]], [[[1047439.2507293774, 1710606.3903101708], [1047439.2507293774, 1710596.3956053683], [1047424.2586721736, 1710586.4009005658], [1047424.2586721736, 1710596.3956053683], [1047439.2507293774, 1710606.3903101708]]], [[[1047469.234843785, 1710651.3664817822], [1047459.2401389824, 1710656.3638341834], [1047464.2374913837, 1710666.358538986], [1047474.2321961862, 1710666.358538986], [1047469.234843785, 1710651.3664817822]]], [[[1046184.9152766609, 1717802.5777679866], [1046174.9205718584, 1717807.5751203878], [1046174.9205718584, 1717822.5671775916], [1046184.9152766609, 1717812.572472789], [1046184.9152766609, 1717802.5777679866]]], [[[1024066.6335486802, 1720111.354577369], [1024066.6335486802, 1720091.365167764], [1024056.6388438777, 1720101.3598725665], [1024056.6388438777, 1720116.3519297703], [1024066.6335486802, 1720111.354577369]]], [[[1025570.8366214597, 1723464.5780386152], [1025555.8445642559, 1723429.5965718064], [1025550.8472118546, 1723439.5912766089], [1025560.8419166572, 1723459.580686214], [1025570.8366214597, 1723464.5780386152]]], [[[1048173.8615323628, 1699462.294455359], [1048188.8535895665, 1699467.2918077603], [1048203.8456467703, 1699442.305045754], [1048173.8615323628, 1699452.2997505565], [1048173.8615323628, 1699462.294455359]]], [[[1048128.8853607514, 1699547.2494461804], [1048128.8853607514, 1699537.254741378], [1048118.8906559489, 1699532.2573889766], [1048108.8959511464, 1699537.254741378], [1048128.8853607514, 1699547.2494461804]]], [[[1047504.2163105938, 1708902.2931413408], [1047484.2269009887, 1708892.2984365383], [1047494.2216057912, 1708922.2825509459], [1047504.2163105938, 1708902.2931413408]]], [[[1048038.9330175287, 1710816.2791110238], [1048038.9330175287, 1710791.2923490175], [1048028.9383127262, 1710796.2897014187], [1048033.9356651275, 1710816.2791110238], [1048038.9330175287, 1710816.2791110238]]], [[[1048253.8191707829, 1711450.9428659838], [1048238.8271135791, 1711455.940218385], [1048258.8165231842, 1711465.9349231876], [1048263.8138755854, 1711455.940218385], [1048253.8191707829, 1711450.9428659838]]], [[[1048558.6576672598, 1711555.8872664105], [1048583.6444292662, 1711555.8872664105], [1048583.6444292662, 1711550.8899140093], [1048558.6576672598, 1711550.8899140093], [1048558.6576672598, 1711555.8872664105]]], [[[1047869.0230358858, 1712510.3815750512], [1047844.0362738795, 1712520.3762798538], [1047859.0283310832, 1712525.373632255], [1047869.0230358858, 1712510.3815750512]]], [[[1048948.4511545582, 1714599.2748787783], [1048958.4458593607, 1714589.2801739757], [1048938.4564497557, 1714574.288116772], [1048938.4564497557, 1714584.2828215745], [1048923.464392552, 1714589.2801739757], [1048943.453802157, 1714589.2801739757], [1048933.4590973544, 1714599.2748787783], [1048948.4511545582, 1714599.2748787783]]], [[[1048838.5094017305, 1716873.070221352], [1048843.5067541318, 1716863.0755165494], [1048818.5199921255, 1716858.0781641481], [1048823.5173445267, 1716873.070221352], [1048838.5094017305, 1716873.070221352]]], [[[1048858.4988113355, 1716898.0569833582], [1048843.5067541318, 1716883.0649261544], [1048833.5120493292, 1716888.0622785557], [1048848.504106533, 1716903.0543357595], [1048858.4988113355, 1716898.0569833582]]], [[[1048913.4696877494, 1718887.00323906], [1048918.4670401507, 1718887.00323906], [1048918.4670401507, 1718867.013829455], [1048908.4723353481, 1718872.0111818563], [1048913.4696877494, 1718887.00323906]]], [[[1048908.4723353481, 1718911.9900010664], [1048913.4696877494, 1718926.9820582701], [1048918.4670401507, 1718926.9820582701], [1048918.4670401507, 1718906.992648665], [1048908.4723353481, 1718911.9900010664]]], [[[1047679.1236446379, 1719236.8179071485], [1047699.1130542429, 1719236.8179071485], [1047699.1130542429, 1719226.823202346], [1047679.1236446379, 1719226.823202346], [1047679.1236446379, 1719236.8179071485]]], [[[1048023.940960325, 1719616.6166896443], [1048008.9489031212, 1719621.6140420455], [1048008.9489031212, 1719631.608746848], [1048023.940960325, 1719626.6113944468], [1048023.940960325, 1719616.6166896443]]], [[[1048098.9012463439, 1720701.0421607178], [1048103.8985987451, 1720691.0474559152], [1048078.9118367388, 1720696.0448083165], [1048078.9118367388, 1720706.039513119], [1048098.9012463439, 1720701.0421607178]]], [[[1048533.6709052535, 1720935.917723577], [1048523.676200451, 1720910.9309615707], [1048523.676200451, 1720935.917723577], [1048533.6709052535, 1720935.917723577]]], [[[1048763.5491157116, 1726298.07685013], [1048783.5385253166, 1726278.087440525], [1048773.543820514, 1726273.0900881237], [1048763.5491157116, 1726288.0821453275], [1048763.5491157116, 1726298.07685013]]], [[[1049613.0990239258, 1710986.1890926666], [1049613.0990239258, 1710991.1864450679], [1049668.0699003397, 1710986.1890926666], [1049613.0990239258, 1710986.1890926666]]], [[[1050402.6807033252, 1711430.9534563788], [1050377.693941319, 1711395.97198957], [1050382.6912937202, 1711420.9587515763], [1050402.6807033252, 1711430.9534563788]]], [[[1050002.8925112241, 1711460.9375707863], [1049987.9004540204, 1711455.940218385], [1049987.9004540204, 1711445.9455135826], [1049977.9057492178, 1711445.9455135826], [1049987.9004540204, 1711465.9349231876], [1050002.8925112241, 1711470.9322755889], [1050002.8925112241, 1711460.9375707863]]], [[[1050367.6992365161, 1711590.8687332193], [1050337.7151221086, 1711590.8687332193], [1050362.7018841149, 1711600.8634380219], [1050372.6965889176, 1711595.8660856206], [1050367.6992365161, 1711590.8687332193]]], [[[1050287.741598096, 1716818.099344938], [1050277.7468932935, 1716823.0966973393], [1050277.7468932935, 1716838.088754543], [1050287.741598096, 1716833.0914021418], [1050287.741598096, 1716818.099344938]]], [[[1051497.1008792012, 1717887.532758808], [1051497.1008792012, 1717902.5248160118], [1051507.0955840037, 1717907.522168413], [1051507.0955840037, 1717897.5274636105], [1051497.1008792012, 1717887.532758808]]], [[[1050352.7071793124, 1719541.6564036254], [1050362.7018841149, 1719531.6616988229], [1050352.7071793124, 1719516.669641619], [1050352.7071793124, 1719541.6564036254]]], [[[1050362.7018841149, 1719531.6616988229], [1050357.7045317136, 1719556.6484608292], [1050367.6992365161, 1719556.6484608292], [1050367.6992365161, 1719531.6616988229], [1050362.7018841149, 1719531.6616988229]]], [[[1050342.7124745098, 1719921.4551861212], [1050342.7124745098, 1719936.447243325], [1050352.7071793124, 1719936.447243325], [1050347.709826911, 1719921.4551861212], [1050342.7124745098, 1719921.4551861212]]], [[[1050347.709826911, 1719951.4393005287], [1050357.7045317136, 1719966.4313577325], [1050357.7045317136, 1719986.4207673375], [1050367.6992365161, 1719991.4181197388], [1050357.7045317136, 1719941.4445957262], [1050347.709826911, 1719951.4393005287]]], [[[1049033.4061453796, 1720196.3095681905], [1049033.4061453796, 1720186.314863388], [1049013.4167357746, 1720191.3122157892], [1049018.4140881759, 1720196.3095681905], [1049033.4061453796, 1720196.3095681905]]], [[[1049798.0010627725, 1721025.8700667997], [1049773.0143007662, 1721040.8621240035], [1049788.00635797, 1721040.8621240035], [1049798.0010627725, 1721025.8700667997]]], [[[1049563.1254999132, 1721105.82770522], [1049583.1149095183, 1721085.838295615], [1049578.117557117, 1721075.8435908123], [1049558.128147512, 1721095.8330004176], [1049563.1254999132, 1721105.82770522]]], [[[1051087.3179822979, 1723099.7713133232], [1051087.3179822979, 1723109.7660181257], [1051082.3206298966, 1723109.7660181257], [1051082.3206298966, 1723114.763370527], [1051092.3153346991, 1723124.7580753295], [1051102.3100395016, 1723114.763370527], [1051087.3179822979, 1723099.7713133232]]], [[[1051102.3100395016, 1723124.7580753295], [1051107.307391903, 1723129.7554277307], [1051097.3126871004, 1723129.7554277307], [1051097.3126871004, 1723134.752780132], [1051122.2994491067, 1723139.7501325333], [1051122.2994491067, 1723124.7580753295], [1051102.3100395016, 1723124.7580753295]]], [[[1051222.246497132, 1723139.7501325333], [1051212.2517923294, 1723134.752780132], [1051207.254439928, 1723149.7448373358], [1051222.246497132, 1723144.7474849345], [1051222.246497132, 1723139.7501325333]]]]}}, {"type": "Feature", "properties": {"arrival_hour": 32, "arrival_time": "2025-07-19T08:00:00+09:00", "area_m2": 87145.1}, "geometry": {"type": "MultiPolygon", "coordinates": [[[[1028409.3327853759, 1694439.955292092], [1028404.3354329746, 1694449.9499968945], [1028414.3301377771, 1694454.9473492957], [1028429.3221949809, 1694434.9579396907], [1028409.3327853759, 1694439.955292092]]], [[[1028419.3274901784, 1694679.8282073524], [1028434.3195473822, 1694664.8361501487], [1028439.3168997834, 1694634.852035741], [1028414.3301377771, 1694644.8467405436], [1028409.3327853759, 1694679.8282073524], [1028419.3274901784, 1694679.8282073524]], [[1028429.3221949809, 1694659.8387977474], [1028419.3274901784, 1694659.8387977474], [1028424.3248425797, 1694644.8467405436], [1028429.3221949809, 1694644.8467405436], [1028429.3221949809, 1694659.8387977474]]], [[[1027834.6372592308, 1694834.7461317915], [1027844.6319640334, 1694839.7434841928], [1027844.6319640334, 1694819.7540745877], [1027824.6425544283, 1694809.7593697852], [1027834.6372592308, 1694834.7461317915]]], [[[1028304.3883849494, 1695049.6322850457], [1028309.3857373507, 1695069.6216946507], [1028314.3830897519, 1695069.6216946507], [1028319.3804421532, 1695054.629637447], [1028304.3883849494, 1695049.6322850457]]], [[[1028334.372499357, 1695069.6216946507], [1028324.3777945545, 1695089.6111042558], [1028339.3698517582, 1695099.6058090583], [1028334.372499357, 1695069.6216946507]]], [[[1028404.3354329746, 1695234.5343238923], [1028409.3327853759, 1695224.5396190898], [1028394.3407281721, 1695219.5422666885], [1028394.3407281721, 1695229.536971491], [1028404.3354329746, 1695234.5343238923]]], [[[1028359.3592613633, 1695239.5316762936], [1028349.3645565608, 1695244.5290286948], [1028364.3566137645, 1695244.5290286948], [1028364.3566137645, 1695229.536971491], [1028354.361908962, 1695224.5396190898], [1028359.3592613633, 1695239.5316762936]]], [[[1027624.7484583779, 1695894.1848408587], [1027624.7484583779, 1695909.1768980625], [1027639.7405155817, 1695894.1848408587], [1027624.7484583779, 1695894.1848408587]]], [[[1027599.7616963716, 1695929.1663076675], [1027614.7537535754, 1695924.1689552662], [1027614.7537535754, 1695919.171602865], [1027599.7616963716, 1695919.171602865], [1027599.7616963716, 1695929.1663076675]]], [[[1027689.7140395943, 1696049.1027652978], [1027704.7060967981, 1696049.1027652978], [1027699.7087443968, 1696039.1080604952], [1027689.7140395943, 1696039.1080604952], [1027689.7140395943, 1696049.1027652978]]], [[[1027694.7113919955, 1696099.0762893104], [1027694.7113919955, 1696114.0683465141], [1027699.7087443968, 1696114.0683465141], [1027704.7060967981, 1696099.0762893104], [1027694.7113919955, 1696099.0762893104]]], [[[1028364.3566137645, 1696243.9995089471], [1028369.3539661658, 1696258.991566151], [1028389.3433757708, 1696258.991566151], [1028384.3460233696, 1696239.0021565459], [1028364.3566137645, 1696243.9995089471]], [[1028384.3460233696, 1696253.9942137497], [1028374.3513185671, 1696253.9942137497], [1028374.3513185671, 1696243.9995089471], [1028379.3486709683, 1696243.9995089471], [1028384.3460233696, 1696253.9942137497]]], [[[1028349.3645565608, 1696803.7029778883], [1028359.3592613633, 1696838.684444697], [1028384.3460233696, 1696838.684444697], [1028374.3513185671, 1696803.7029778883], [1028349.3645565608, 1696803.7029778883]], [[1028359.3592613633, 1696808.7003302895], [1028369.3539661658, 1696808.7003302895], [1028359.3592613633, 1696813.6976826908], [1028359.3592613633, 1696808.7003302895]]], [[[1028394.3407281721, 1696848.6791494996], [1028409.3327853759, 1696848.6791494996], [1028404.3354329746, 1696833.6870922958], [1028389.3433757708, 1696833.6870922958], [1028394.3407281721, 1696848.6791494996]]], [[[1028464.3036617897, 1696848.6791494996], [1028454.3089569872, 1696848.6791494996], [1028459.3063093885, 1696863.6712067034], [1028469.301014191, 1696863.6712067034], [1028464.3036617897, 1696848.6791494996]]], [[[1028419.3274901784, 1697113.5388267664], [1028419.3274901784, 1697128.5308839702], [1028429.3221949809, 1697128.5308839702], [1028429.3221949809, 1697118.5361791677], [1028419.3274901784, 1697113.5388267664]]], [[[1028414.3301377771, 1697273.4541036068], [1028414.3301377771, 1697263.4593988042], [1028399.3380805734, 1697263.4593988042], [1028389.3433757708, 1697253.4646940017], [1028369.3539661658, 1697258.462046403], [1028384.3460233696, 1697273.4541036068], [1028414.3301377771, 1697273.4541036068]], [[1028394.3407281721, 1697263.4593988042], [1028394.3407281721, 1697268.4567512055], [1028389.3433757708, 1697263.4593988042], [1028394.3407281721, 1697263.4593988042]]], [[[1025126.0722577475, 1698128.0013642225], [1025111.0802005437, 1698132.9987166238], [1025111.0802005437, 1698137.996069025], [1025131.0696101488, 1698137.996069025], [1025126.0722577475, 1698128.0013642225]]], [[[1026000.6089279682, 1698442.834565502], [1026000.6089279682, 1698437.8372131006], [1025985.6168707644, 1698437.8372131006], [1025985.6168707644, 1698447.8319179032], [1026000.6089279682, 1698442.834565502]]], [[[1026090.5612711909, 1698512.7974991195], [1026085.5639187896, 1698512.7974991195], [1026080.5665663884, 1698537.7842611258], [1026090.5612711909, 1698527.7895563233], [1026090.5612711909, 1698512.7974991195]]], [[[1026620.2806257245, 1698667.7154235586], [1026645.2673877308, 1698667.7154235586], [1026625.2779781257, 1698657.720718756], [1026620.2806257245, 1698667.7154235586]]], [[[1026555.3150445081, 1698667.7154235586], [1026555.3150445081, 1698687.7048331636], [1026560.3123969093, 1698687.7048331636], [1026565.3097493106, 1698667.7154235586], [1026555.3150445081, 1698667.7154235586]]], [[[1026470.3600536867, 1698732.681004775], [1026470.3600536867, 1698747.6730619788], [1026480.3547584892, 1698747.6730619788], [1026480.3547584892, 1698727.6836523737], [1026470.3600536867, 1698732.681004775]]], [[[1026770.2011977623, 1698927.5777484241], [1026775.1985501635, 1698927.5777484241], [1026775.1985501635, 1698907.588338819], [1026765.203845361, 1698907.588338819], [1026770.2011977623, 1698927.5777484241]]], [[[1026605.2885685207, 1698962.559215233], [1026620.2806257245, 1698957.5618628317], [1026620.2806257245, 1698952.5645104304], [1026605.2885685207, 1698952.5645104304], [1026605.2885685207, 1698962.559215233]]], [[[1026750.2117881572, 1698962.559215233], [1026760.2064929598, 1698957.5618628317], [1026755.2091405585, 1698937.5724532267], [1026730.2223785522, 1698952.5645104304], [1026735.2197309535, 1698977.5512724367], [1026750.2117881572, 1698972.5539200355], [1026750.2117881572, 1698962.559215233]], [[1026750.2117881572, 1698947.5671580292], [1026755.2091405585, 1698947.5671580292], [1026750.2117881572, 1698952.5645104304], [1026750.2117881572, 1698947.5671580292]], [[1026745.214435756, 1698957.5618628317], [1026745.214435756, 1698952.5645104304], [1026750.2117881572, 1698952.5645104304], [1026745.214435756, 1698957.5618628317]], [[1026740.2170833547, 1698962.559215233], [1026740.2170833547, 1698957.5618628317], [1026745.214435756, 1698957.5618628317], [1026740.2170833547, 1698962.559215233]], [[1026735.2197309535, 1698967.5565676342], [1026735.2197309535, 1698962.559215233], [1026740.2170833547, 1698962.559215233], [1026735.2197309535, 1698967.5565676342]]], [[[1026595.2938637182, 1698962.559215233], [1026580.3018065144, 1698962.559215233], [1026580.3018065144, 1698972.5539200355], [1026590.2965113169, 1698972.5539200355], [1026595.2938637182, 1698962.559215233]]], [[[1027669.7246299892, 1699367.344759735], [1027624.7484583779, 1699327.365940525], [1027624.7484583779, 1699337.3606453275], [1027649.7352203842, 1699367.344759735], [1027669.7246299892, 1699367.344759735]]], [[[1021008.2538791085, 1703515.1472527815], [1021018.248583911, 1703515.1472527815], [1021018.248583911, 1703495.1578431765], [1021008.2538791085, 1703495.1578431765], [1021008.2538791085, 1703515.1472527815]]], [[[1020718.4074398354, 1703615.0943008068], [1020733.3994970392, 1703630.0863580105], [1020738.3968494404, 1703620.091653208], [1020718.4074398354, 1703600.102243603], [1020718.4074398354, 1703615.0943008068]]], [[[1020743.3942018417, 1703700.0492916282], [1020743.3942018417, 1703685.0572344244], [1020723.4047922366, 1703665.0678248194], [1020713.4100874341, 1703680.0598820231], [1020723.4047922366, 1703680.0598820231], [1020743.3942018417, 1703700.0492916282]]], [[[1020743.3942018417, 1703725.0360536345], [1020743.3942018417, 1703740.0281108383], [1020753.3889066442, 1703740.0281108383], [1020753.3889066442, 1703730.0334060357], [1020743.3942018417, 1703725.0360536345]]], [[[1023012.1921920141, 1706173.7387302525], [1023012.1921920141, 1706183.733435055], [1023007.1948396128, 1706183.733435055], [1023007.1948396128, 1706188.7307874563], [1023022.1868968166, 1706193.7281398575], [1023022.1868968166, 1706183.733435055], [1023012.1921920141, 1706173.7387302525]]], [[[1023401.9856793125, 1706218.7149018638], [1023416.9777365163, 1706233.7069590676], [1023406.9830317138, 1706183.733435055], [1023391.99097451, 1706178.7360826537], [1023401.9856793125, 1706218.7149018638]]], [[[1023426.9724413188, 1706278.683130679], [1023416.9777365163, 1706248.6990162714], [1023406.9830317138, 1706248.6990162714], [1023416.9777365163, 1706273.6857782777], [1023426.9724413188, 1706278.683130679]]], [[[1023242.0704024722, 1706253.6963686727], [1023242.0704024722, 1706273.6857782777], [1023247.0677548734, 1706273.6857782777], [1023252.0651072747, 1706253.6963686727], [1023242.0704024722, 1706253.6963686727]]], [[[1022067.6925881758, 1706253.6963686727], [1022057.6978833732, 1706263.6910734752], [1022057.6978833732, 1706278.683130679], [1022062.6952357745, 1706278.683130679], [1022072.689940577, 1706263.6910734752], [1022067.6925881758, 1706253.6963686727]]], [[[1022137.6555217935, 1706258.693721074], [1022137.6555217935, 1706273.6857782777], [1022142.6528741948, 1706273.6857782777], [1022147.650226596, 1706258.693721074], [1022137.6555217935, 1706258.693721074]]], [[[1022082.6846453795, 1706288.6778354815], [1022077.6872929783, 1706278.683130679], [1022067.6925881758, 1706273.6857782777], [1022067.6925881758, 1706288.6778354815], [1022082.6846453795, 1706288.6778354815]]], [[[1022147.650226596, 1706293.6751878827], [1022157.6449313986, 1706293.6751878827], [1022157.6449313986, 1706308.6672450865], [1022167.6396362011, 1706308.6672450865], [1022157.6449313986, 1706278.683130679], [1022142.6528741948, 1706278.683130679], [1022152.6475789973, 1706283.6804830802], [1022147.650226596, 1706293.6751878827]]], [[[1023182.102173657, 1706313.6645974878], [1023172.1074688545, 1706348.6460642966], [1023187.0995260583, 1706358.6407690991], [1023182.102173657, 1706313.6645974878]]], [[[1023157.1154116507, 1706338.651359494], [1023157.1154116507, 1706328.6566546916], [1023147.1207068482, 1706358.6407690991], [1023157.1154116507, 1706348.6460642966], [1023167.1101164533, 1706348.6460642966], [1023157.1154116507, 1706338.651359494]]], [[[1023167.1101164533, 1706393.622235908], [1023182.102173657, 1706373.632826303], [1023162.112764052, 1706368.6354739016], [1023157.1154116507, 1706388.6248835067], [1023167.1101164533, 1706393.622235908]]], [[[1022357.539027449, 1706593.5163319584], [1022357.539027449, 1706603.5110367609], [1022367.5337322515, 1706603.5110367609], [1022367.5337322515, 1706588.518979557], [1022357.539027449, 1706593.5163319584]]], [[[1022457.4860754742, 1706778.418370805], [1022462.4834278754, 1706778.418370805], [1022462.4834278754, 1706758.4289612], [1022452.4887230729, 1706758.4289612], [1022457.4860754742, 1706778.418370805]]], [[[1023187.0995260583, 1706803.4051328113], [1023187.0995260583, 1706818.397190015], [1023197.0942308608, 1706818.397190015], [1023197.0942308608, 1706793.4104280088], [1023187.0995260583, 1706803.4051328113]]], [[[1022632.3934095183, 1708577.465235259], [1022632.3934095183, 1708602.4519972652], [1022642.3881143208, 1708602.4519972652], [1022642.3881143208, 1708577.465235259], [1022632.3934095183, 1708577.465235259]]], [[[1022807.3007435624, 1709576.935715511], [1022812.2980959637, 1709586.9304203135], [1022817.2954483649, 1709581.9330679122], [1022822.2928007662, 1709556.946305906], [1022807.3007435624, 1709556.946305906], [1022807.3007435624, 1709576.935715511]], [[1022817.2954483649, 1709576.935715511], [1022812.2980959637, 1709576.935715511], [1022817.2954483649, 1709561.9436583072], [1022817.2954483649, 1709576.935715511]]], [[[1026155.5268524073, 1713504.8547029023], [1026150.529500006, 1713489.8626456985], [1026135.5374428022, 1713489.8626456985], [1026145.5321476047, 1713504.8547029023], [1026155.5268524073, 1713504.8547029023]]], [[[1026060.5771567833, 1713519.846760106], [1026045.5850995795, 1713529.8414649086], [1026045.5850995795, 1713539.836169711], [1026085.5639187896, 1713514.8494077048], [1026090.5612711909, 1713494.8599980997], [1026070.5718615858, 1713499.857350501], [1026060.5771567833, 1713519.846760106]], [[1026080.5665663884, 1713504.8547029023], [1026075.5692139871, 1713509.8520553035], [1026075.5692139871, 1713504.8547029023], [1026080.5665663884, 1713504.8547029023]]], [[[1022122.6634645896, 1715543.7744826167], [1022092.6793501821, 1715548.771835018], [1022077.6872929783, 1715563.7638922217], [1022077.6872929783, 1715578.7559494255], [1022122.6634645896, 1715543.7744826167]]], [[[1024056.6388438777, 1720101.3598725665], [1024066.6335486802, 1720091.365167764], [1024071.6309010815, 1720106.3572249678], [1024071.6309010815, 1720071.375758159], [1024061.636196279, 1720071.375758159], [1024056.6388438777, 1720101.3598725665]]], [[[1024051.6414914764, 1720111.354577369], [1024051.6414914764, 1720136.3413393754], [1024056.6388438777, 1720136.3413393754], [1024066.6335486802, 1720111.354577369], [1024051.6414914764, 1720111.354577369]]], [[[1023027.1842492179, 1720820.978618348], [1023007.1948396128, 1720815.9812659468], [1023002.1974872116, 1720825.9759707493], [1023017.1895444153, 1720825.9759707493], [1023027.1842492179, 1720820.978618348]]], [[[1025530.8578022496, 1723409.6071622013], [1025540.8525070521, 1723414.6045146026], [1025545.8498594534, 1723434.5939242076], [1025560.8419166572, 1723434.5939242076], [1025550.8472118546, 1723404.6098098], [1025535.8551546509, 1723389.6177525963], [1025525.8604498483, 1723389.6177525963], [1025530.8578022496, 1723409.6071622013]]], [[[1023531.9168417453, 1723489.5648006215], [1023541.9115465478, 1723489.5648006215], [1023541.9115465478, 1723469.5753910164], [1023531.9168417453, 1723469.5753910164], [1023531.9168417453, 1723489.5648006215]]], [[[1030633.154603937, 1693100.664848554], [1030623.1598991344, 1693100.664848554], [1030633.154603937, 1693125.6516105602], [1030633.154603937, 1693100.664848554]]], [[[1031437.72834054, 1694235.06384364], [1031437.72834054, 1694185.0903196274], [1031447.7230453425, 1694200.0823768312], [1031447.7230453425, 1694180.0929672262], [1031432.7309881387, 1694180.0929672262], [1031427.7336357374, 1694245.0585484426], [1031437.72834054, 1694235.06384364]]], [[[1032462.1855827984, 1694215.074434035], [1032447.1935255947, 1694210.0770816337], [1032447.1935255947, 1694220.0717864363], [1032457.1882303972, 1694225.0691388375], [1032462.1855827984, 1694215.074434035]]], [[[1031832.5191802396, 1694464.9420540982], [1031832.5191802396, 1694449.9499968945], [1031817.5271230359, 1694444.9526444932], [1031817.5271230359, 1694454.9473492957], [1031832.5191802396, 1694464.9420540982]]], [[[1032067.3947430989, 1694904.7090654091], [1032067.3947430989, 1694899.711713008], [1032052.4026858951, 1694904.7090654091], [1032057.4000382964, 1694914.7037702117], [1032067.3947430989, 1694904.7090654091]]], [[[1031367.7654069223, 1694949.6852370205], [1031377.7601117248, 1694959.679941823], [1031377.7601117248, 1694944.6878846192], [1031372.7627593236, 1694934.6931798167], [1031367.7654069223, 1694949.6852370205]]], [[[1032112.3709147102, 1694969.6746466255], [1032112.3709147102, 1694979.669351428], [1032122.3656195127, 1694979.669351428], [1032122.3656195127, 1694964.6772942243], [1032112.3709147102, 1694969.6746466255]]], [[[1029963.5093821681, 1695019.6481706381], [1029968.5067345693, 1695049.6322850457], [1029978.5014393718, 1695024.6455230394], [1029963.5093821681, 1695019.6481706381]]], [[[1032107.373562309, 1695019.6481706381], [1032077.3894479014, 1695024.6455230394], [1032077.3894479014, 1695054.629637447], [1032067.3947430989, 1695069.6216946507], [1032077.3894479014, 1695069.6216946507], [1032092.3815051052, 1695039.6375802432], [1032107.373562309, 1695034.640227842], [1032107.373562309, 1695019.6481706381]]], [[[1032477.1776400022, 1695089.6111042558], [1032482.1749924035, 1695089.6111042558], [1032487.1723448047, 1695074.619047052], [1032477.1776400022, 1695074.619047052], [1032477.1776400022, 1695089.6111042558]]], [[[1032517.1564592123, 1695109.6005138608], [1032507.1617544098, 1695104.6031614596], [1032507.1617544098, 1695124.5925710646], [1032517.1564592123, 1695119.5952186633], [1032517.1564592123, 1695109.6005138608]]], [[[1029923.530562958, 1695124.5925710646], [1029923.530562958, 1695139.5846282684], [1029928.5279153592, 1695139.5846282684], [1029933.5252677605, 1695124.5925710646], [1029923.530562958, 1695124.5925710646]]], [[[1030293.3346406512, 1695199.5528570835], [1030298.3319930525, 1695184.5607998797], [1030288.33728825, 1695184.5607998797], [1030283.3399358487, 1695194.5555046822], [1030263.3505262437, 1695194.5555046822], [1030278.3425834475, 1695204.5502094848], [1030293.3346406512, 1695199.5528570835]]], [[[1028494.2877761973, 1695254.5237334974], [1028499.2851285986, 1695239.5316762936], [1028474.2983665923, 1695249.526381096], [1028474.2983665923, 1695254.5237334974], [1028494.2877761973, 1695254.5237334974]]], [[[1031522.6833313614, 1695369.4628387264], [1031542.6727409664, 1695369.4628387264], [1031542.6727409664, 1695364.465486325], [1031522.6833313614, 1695359.4681339238], [1031522.6833313614, 1695369.4628387264]]], [[[1031382.7574641261, 1695409.4416579364], [1031387.7548165274, 1695429.4310675415], [1031392.7521689286, 1695429.4310675415], [1031392.7521689286, 1695414.4390103377], [1031382.7574641261, 1695409.4416579364]]], [[[1031222.8421872858, 1695819.2245548398], [1031227.839539687, 1695824.221907241], [1031237.8342444896, 1695824.221907241], [1031242.8315968908, 1695814.2272024385], [1031222.8421872858, 1695819.2245548398]]], [[[1029688.6550000986, 1696014.121298489], [1029693.6523524999, 1696029.1133556927], [1029698.6497049012, 1696029.1133556927], [1029698.6497049012, 1696014.121298489], [1029688.6550000986, 1696014.121298489]]], [[[1030913.0063384076, 1696084.0842321066], [1030903.0116336051, 1696094.078936909], [1030903.0116336051, 1696099.0762893104], [1030918.0036908089, 1696099.0762893104], [1030913.0063384076, 1696084.0842321066]]], [[[1031197.8554252795, 1696159.0445181257], [1031202.8527776807, 1696159.0445181257], [1031202.8527776807, 1696144.0524609217], [1031192.8580728782, 1696144.0524609217], [1031197.8554252795, 1696159.0445181257]]], [[[1031657.6118461954, 1696229.0074517434], [1031672.6039033992, 1696229.0074517434], [1031672.6039033992, 1696219.0127469408], [1031657.6118461954, 1696219.0127469408], [1031657.6118461954, 1696229.0074517434]]], [[[1031182.8633680757, 1696224.010099342], [1031182.8633680757, 1696234.0048041446], [1031207.850130082, 1696229.0074517434], [1031212.8474824833, 1696234.0048041446], [1031212.8474824833, 1696224.010099342], [1031182.8633680757, 1696224.010099342]]], [[[1031627.6277317879, 1696418.9068429912], [1031627.6277317879, 1696433.898900195], [1031642.6197889916, 1696433.898900195], [1031637.6224365904, 1696408.9121381887], [1031627.6277317879, 1696418.9068429912]], [[1031637.6224365904, 1696423.9041953925], [1031632.6250841891, 1696428.9015477938], [1031632.6250841891, 1696423.9041953925], [1031637.6224365904, 1696423.9041953925]]], [[[1032037.4106286913, 1696438.8962525963], [1032037.4106286913, 1696423.9041953925], [1032017.4212190863, 1696413.90949059], [1032017.4212190863, 1696428.9015477938], [1032037.4106286913, 1696438.8962525963]]], [[[1032067.3947430989, 1696513.8565386152], [1032082.3868003027, 1696523.8512434177], [1032082.3868003027, 1696513.8565386152], [1032067.3947430989, 1696503.8618338127], [1032067.3947430989, 1696513.8565386152]]], [[[1032097.3788575064, 1696543.8406530228], [1032087.3841527039, 1696533.8459482202], [1032087.3841527039, 1696553.8353578253], [1032092.3815051052, 1696558.8327102265], [1032097.3788575064, 1696543.8406530228]]], [[[1032157.3470863216, 1696598.8115294366], [1032142.3550291178, 1696593.8141770354], [1032142.3550291178, 1696598.8115294366], [1032157.3470863216, 1696608.8062342391], [1032157.3470863216, 1696598.8115294366]]], [[[1028889.078615897, 1696658.7797582517], [1028894.0759682982, 1696678.7691678568], [1028929.0574351071, 1696683.766520258], [1028924.0600827058, 1696668.7744630543], [1028889.078615897, 1696658.7797582517]]], [[[1028889.078615897, 1696688.7638726593], [1028899.0733206995, 1696703.755929863], [1028919.0627303045, 1696703.755929863], [1028919.0627303045, 1696713.7506346656], [1028929.0574351071, 1696713.7506346656], [1028929.0574351071, 1696698.7585774618], [1028909.068025502, 1696698.7585774618], [1028899.0733206995, 1696683.766520258], [1028889.078615897, 1696688.7638726593]]], [[[1028569.2480622162, 1696718.7479870669], [1028574.2454146175, 1696728.7426918694], [1028594.2348242225, 1696718.7479870669], [1028569.2480622162, 1696718.7479870669]]], [[[1028779.1368630691, 1696743.7347490732], [1028779.1368630691, 1696728.7426918694], [1028749.1527486616, 1696718.7479870669], [1028749.1527486616, 1696728.7426918694], [1028779.1368630691, 1696743.7347490732]]], [[[1028564.250709815, 1696793.7082730858], [1028559.2533574137, 1696803.7029778883], [1028584.24011942, 1696803.7029778883], [1028579.2427670187, 1696788.7109206845], [1028564.250709815, 1696793.7082730858]]], [[[1028594.2348242225, 1696793.7082730858], [1028599.2321766238, 1696823.6923874933], [1028614.2242338276, 1696828.6897398946], [1028609.2268814263, 1696808.7003302895], [1028594.2348242225, 1696793.7082730858]]], [[[1028599.2321766238, 1696843.6817970984], [1028614.2242338276, 1696853.676501901], [1028614.2242338276, 1696843.6817970984], [1028599.2321766238, 1696833.6870922958], [1028599.2321766238, 1696843.6817970984]]], [[[1028829.1103870817, 1697193.4964651866], [1028824.1130346805, 1697178.5044079828], [1028809.1209774767, 1697178.5044079828], [1028814.118329878, 1697188.4991127853], [1028829.1103870817, 1697193.4964651866]]], [[[1028644.2083482351, 1697278.451456008], [1028659.2004054389, 1697273.4541036068], [1028659.2004054389, 1697268.4567512055], [1028644.2083482351, 1697268.4567512055], [1028644.2083482351, 1697278.451456008]]], [[[1031562.6621505715, 1697323.4276276194], [1031577.6542077753, 1697313.4329228168], [1031552.667445769, 1697313.4329228168], [1031562.6621505715, 1697323.4276276194]]], [[[1028769.1421582666, 1697413.379970842], [1028769.1421582666, 1697403.3852660395], [1028739.1580438591, 1697393.390561237], [1028729.1633390565, 1697398.3879136383], [1028734.1606914578, 1697408.3826184408], [1028769.1421582666, 1697413.379970842]]], [[[1028584.24011942, 1697413.379970842], [1028584.24011942, 1697403.3852660395], [1028574.2454146175, 1697398.3879136383], [1028569.2480622162, 1697408.3826184408], [1028584.24011942, 1697413.379970842]]], [[[1029343.8376844117, 1699732.151485027], [1029348.8350368129, 1699747.1435422308], [1029373.8217988192, 1699742.1461898296], [1029343.8376844117, 1699732.151485027]]], [[[1030618.1625467332, 1702155.8673996388], [1030608.1678419306, 1702110.8912280274], [1030608.1678419306, 1702145.8726948362], [1030618.1625467332, 1702155.8673996388]]], [[[1029948.5173249643, 1704064.8560169204], [1029928.5279153592, 1704074.850721723], [1029958.5120297668, 1704069.8533693217], [1029968.5067345693, 1704054.861312118], [1029948.5173249643, 1704064.8560169204]]], [[[1030438.2578602878, 1704434.6600946137], [1030443.255212689, 1704419.66803741], [1030413.2710982815, 1704424.6653898112], [1030413.2710982815, 1704434.6600946137], [1030438.2578602878, 1704434.6600946137]]], [[[1029673.6629428949, 1704929.3979823384], [1029673.6629428949, 1704944.3900395422], [1029678.6602952961, 1704944.3900395422], [1029683.6576476974, 1704929.3979823384], [1029673.6629428949, 1704929.3979823384]]], [[[1030443.255212689, 1706048.804920221], [1030463.2446222941, 1706043.8075678197], [1030463.2446222941, 1706033.8128630172], [1030438.2578602878, 1706038.8102154185], [1030443.255212689, 1706048.804920221]]], [[[1031087.9136724517, 1706258.693721074], [1031092.911024853, 1706258.693721074], [1031097.9083772543, 1706238.7043114689], [1031087.9136724517, 1706238.7043114689], [1031087.9136724517, 1706258.693721074]]], [[[1030803.0645855799, 1707742.9073842485], [1030808.0619379812, 1707742.9073842485], [1030813.0592903824, 1707717.9206222421], [1030803.0645855799, 1707717.9206222421], [1030803.0645855799, 1707742.9073842485]]], [[[1030803.0645855799, 1707777.8888510573], [1030808.0619379812, 1707762.8967938535], [1030818.0566427837, 1707762.8967938535], [1030818.0566427837, 1707752.902089051], [1030803.0645855799, 1707757.8994414522], [1030803.0645855799, 1707747.9047366497], [1030793.0698807774, 1707757.8994414522], [1030803.0645855799, 1707777.8888510573]]], [[[1028994.0230163235, 1709841.795392778], [1028994.0230163235, 1709816.8086307717], [1028984.0283115209, 1709831.8006879755], [1028994.0230163235, 1709841.795392778]]], [[[1028964.0389019159, 1709891.7689167906], [1028974.0336067184, 1709891.7689167906], [1028974.0336067184, 1709876.7768595868], [1028959.0415495146, 1709871.7795071856], [1028964.0389019159, 1709891.7689167906]]], [[[1031492.6992169538, 1724698.9240817265], [1031477.70715975, 1724708.918786529], [1031497.6965693551, 1724708.918786529], [1031507.6912741576, 1724703.9214341277], [1031492.6992169538, 1724698.9240817265]]], [[[1031247.8289492921, 1726462.9894793716], [1031267.8183588971, 1726443.0000697665], [1031227.839539687, 1726462.9894793716], [1031247.8289492921, 1726462.9894793716]]], [[[1031142.8845488656, 1726482.9788889766], [1031137.8871964643, 1726472.984184174], [1031102.9057296555, 1726472.984184174], [1031077.9189676492, 1726462.9894793716], [1031077.9189676492, 1726472.984184174], [1031092.911024853, 1726477.9815365754], [1031142.8845488656, 1726482.9788889766]]], [[[1031632.6250841891, 1728501.909259086], [1031612.6356745841, 1728531.8933734936], [1031622.6303793866, 1728536.8907258948], [1031632.6250841891, 1728521.898668691], [1031632.6250841891, 1728501.909259086]]], [[[1031782.545656227, 1729136.5730140463], [1031787.5430086283, 1729126.5783092438], [1031767.5535990233, 1729121.5809568425], [1031767.5535990233, 1729131.575661645], [1031782.545656227, 1729136.5730140463]]], [[[1031712.5827226094, 1729186.546538059], [1031722.5774274119, 1729191.5438904602], [1031722.5774274119, 1729171.5544808551], [1031707.5853702081, 1729171.5544808551], [1031712.5827226094, 1729186.546538059]]], [[[1032886.9605369057, 1691986.2552630727], [1032891.9578893069, 1691971.263205869], [1032896.9552417082, 1691996.2499678752], [1032886.9605369057, 1691991.252615474], [1032886.9605369057, 1692001.2473202765], [1032911.947298912, 1692006.2446726777], [1032911.947298912, 1691991.252615474], [1032896.9552417082, 1691966.2658534676], [1032881.9631845044, 1691966.2658534676], [1032886.9605369057, 1691986.2552630727]]], [[[1032826.9923080906, 1692246.1175879382], [1032812.0002508868, 1692241.120235537], [1032807.0028984855, 1692251.1149403395], [1032821.9949556893, 1692251.1149403395], [1032826.9923080906, 1692246.1175879382]]], [[[1044995.5454051608, 1692291.0937595495], [1044995.5454051608, 1692251.1149403395], [1044985.5507003582, 1692241.120235537], [1044995.5454051608, 1692291.0937595495]]], [[[1032712.0532028616, 1692296.0911119508], [1032687.0664408553, 1692291.0937595495], [1032682.069088454, 1692301.088464352], [1032707.0558504603, 1692301.088464352], [1032712.0532028616, 1692296.0911119508]]], [[[1032617.1035072375, 1693150.6383725666], [1032617.1035072375, 1693130.6489629615], [1032597.1140976325, 1693140.643667764], [1032597.1140976325, 1693155.6357249678], [1032617.1035072375, 1693150.6383725666]]], [[[1032737.0399648679, 1693165.6304297703], [1032712.0532028616, 1693160.633077369], [1032717.0505552628, 1693185.6198393754], [1032732.0426124666, 1693185.6198393754], [1032742.0373172691, 1693175.6251345729], [1032737.0399648679, 1693165.6304297703]]], [[[1032607.108802435, 1693165.6304297703], [1032592.1167452312, 1693160.633077369], [1032557.1352784224, 1693195.614544178], [1032557.1352784224, 1693205.6092489804], [1032567.1299832249, 1693205.6092489804], [1032577.1246880274, 1693190.6171917766], [1032602.1114500337, 1693185.6198393754], [1032607.108802435, 1693165.6304297703]]], [[[1032886.9605369057, 1694065.1538619972], [1032856.9764224981, 1694070.1512143984], [1032851.9790700969, 1694105.1326812073], [1032876.9658321032, 1694100.135328806], [1032886.9605369057, 1694090.1406240035], [1032886.9605369057, 1694065.1538619972]]], [[[1032841.9843652943, 1694220.0717864363], [1032851.9790700969, 1694220.0717864363], [1032851.9790700969, 1694200.0823768312], [1032841.9843652943, 1694205.0797292325], [1032841.9843652943, 1694220.0717864363]]], [[[1043541.3158563939, 1695194.5555046822], [1043521.3264467889, 1695199.5528570835], [1043536.3185039926, 1695209.547561886], [1043541.3158563939, 1695194.5555046822]]], [[[1043486.34497998, 1695264.5184383], [1043501.3370371838, 1695254.5237334974], [1043501.3370371838, 1695239.5316762936], [1043511.3317419863, 1695234.5343238923], [1043501.3370371838, 1695229.536971491], [1043511.3317419863, 1695209.547561886], [1043491.3423323813, 1695229.536971491], [1043486.34497998, 1695264.5184383]]], [[[1045015.5348147658, 1695439.425772344], [1045020.532167167, 1695439.425772344], [1045020.532167167, 1695424.4337151402], [1045010.5374623645, 1695424.4337151402], [1045015.5348147658, 1695439.425772344]]], [[[1034875.9067926075, 1695544.3701727705], [1034885.90149741, 1695564.3595823755], [1034905.8909070151, 1695579.3516395793], [1034890.8988498113, 1695544.3701727705], [1034875.9067926075, 1695544.3701727705]]], [[[1034870.9094402062, 1695589.3463443818], [1034855.9173830025, 1695559.3622299742], [1034840.9253257987, 1695549.3675251717], [1034840.9253257987, 1695589.3463443818], [1034845.9226782, 1695574.354287178], [1034855.9173830025, 1695574.354287178], [1034860.9147354037, 1695609.3357539868], [1034870.9094402062, 1695589.3463443818]]], [[[1034895.8962022125, 1695624.3278111906], [1034905.8909070151, 1695644.3172207957], [1034905.8909070151, 1695634.3225159931], [1034915.8856118176, 1695629.325163592], [1034895.8962022125, 1695624.3278111906]]], [[[1035035.8220694478, 1695809.2298500373], [1035045.8167742504, 1695809.2298500373], [1035045.8167742504, 1695799.2351452347], [1035035.8220694478, 1695794.2377928335], [1035035.8220694478, 1695809.2298500373]]], [[[1040238.0659191604, 1695809.2298500373], [1040218.0765095553, 1695814.2272024385], [1040218.0765095553, 1695819.2245548398], [1040233.0685667591, 1695824.221907241], [1040238.0659191604, 1695809.2298500373]]], [[[1040143.1162235364, 1695864.2007264511], [1040148.1135759377, 1695849.2086692473], [1040128.1241663327, 1695854.2060216486], [1040128.1241663327, 1695859.2033740499], [1040143.1162235364, 1695864.2007264511]]], [[[1040128.1241663327, 1695859.2033740499], [1040108.1347567276, 1695869.1980788524], [1040108.1347567276, 1695884.1901360562], [1040128.1241663327, 1695874.1954312536], [1040128.1241663327, 1695859.2033740499]]], [[[1035185.7426414856, 1695894.1848408587], [1035185.7426414856, 1695879.192783655], [1035170.7505842819, 1695884.1901360562], [1035170.7505842819, 1695899.18219326], [1035185.7426414856, 1695894.1848408587]]], [[[1044081.02991573, 1695889.1874884574], [1044066.0378585262, 1695894.1848408587], [1044071.0352109275, 1695884.1901360562], [1044051.0458013224, 1695889.1874884574], [1044056.0431537237, 1695899.18219326], [1044081.02991573, 1695899.18219326], [1044081.02991573, 1695889.1874884574]]], [[[1045775.1323797575, 1695964.1477744763], [1045775.1323797575, 1695974.1424792788], [1045795.1217893625, 1695964.1477744763], [1045795.1217893625, 1695954.1530696738], [1045775.1323797575, 1695964.1477744763]]], [[[1045505.2753500894, 1696039.1080604952], [1045525.2647596945, 1696044.1054128965], [1045515.2700548919, 1696029.1133556927], [1045500.2779976882, 1696029.1133556927], [1045505.2753500894, 1696039.1080604952]]], [[[1035040.8194218491, 1696229.0074517434], [1035035.8220694478, 1696214.0153945396], [1035025.8273646453, 1696214.0153945396], [1035025.8273646453, 1696224.010099342], [1035040.8194218491, 1696229.0074517434]]], [[[1033556.6057586746, 1697323.4276276194], [1033556.6057586746, 1697303.4382180143], [1033551.6084062733, 1697303.4382180143], [1033546.611053872, 1697328.4249800206], [1033556.6057586746, 1697323.4276276194]]], [[[1035200.7346986894, 1697378.3985040332], [1035215.7267558932, 1697398.3879136383], [1035235.7161654982, 1697398.3879136383], [1035200.7346986894, 1697378.3985040332]]], [[[1043656.2549616229, 1698043.0463734008], [1043691.2364284317, 1698043.0463734008], [1043676.2443712279, 1698038.0490209996], [1043691.2364284317, 1698028.054316197], [1043656.2549616229, 1698033.0516685983], [1043656.2549616229, 1698043.0463734008]]], [[[1044405.857821812, 1700256.8734871596], [1044390.8657646083, 1700246.878782357], [1044405.857821812, 1700271.8655443634], [1044405.857821812, 1700256.8734871596]]], [[[1043181.506483503, 1702435.7191341093], [1043191.5011883057, 1702415.7297245043], [1043186.5038359043, 1702415.7297245043], [1043176.5091311018, 1702425.7244293068], [1043181.506483503, 1702435.7191341093]]], [[[1043156.5197214967, 1702495.6873629245], [1043161.517073898, 1702465.703248517], [1043151.5223690955, 1702485.692658122], [1043141.527664293, 1702490.6900105232], [1043141.527664293, 1702510.6794201282], [1043156.5197214967, 1702495.6873629245]]], [[[1044725.6883754927, 1703625.0890056093], [1044725.6883754927, 1703595.1048912017], [1044715.6936706902, 1703615.0943008068], [1044725.6883754927, 1703625.0890056093]]], [[[1039868.2618414671, 1703775.009577647], [1039868.2618414671, 1703765.0148728446], [1039853.2697842633, 1703755.020168042], [1039853.2697842633, 1703765.0148728446], [1039868.2618414671, 1703775.009577647]]], [[[1044260.9346021755, 1705034.342382765], [1044235.9478401692, 1705019.3503255611], [1044225.9531353667, 1705019.3503255611], [1044230.9504877679, 1705029.3450303636], [1044210.9610781629, 1705024.3476779624], [1044210.9610781629, 1705034.342382765], [1044260.9346021755, 1705034.342382765]]], [[[1044505.8048698372, 1707408.0847733638], [1044515.7995746398, 1707428.0741829688], [1044525.7942794423, 1707433.07153537], [1044520.796927041, 1707413.082125765], [1044505.8048698372, 1707408.0847733638]]], [[[1045310.3786064403, 1707458.0582973764], [1045305.381254039, 1707423.0768305676], [1045295.3865492365, 1707423.0768305676], [1045300.3839016377, 1707453.0609449751], [1045310.3786064403, 1707458.0582973764]]], [[[1034016.3621795906, 1707438.0688877713], [1034031.3542367944, 1707453.0609449751], [1034051.3436463994, 1707453.0609449751], [1034036.3515891957, 1707438.0688877713], [1034016.3621795906, 1707438.0688877713]]], [[[1045165.4553868037, 1707722.9179746434], [1045165.4553868037, 1707707.9259174396], [1045155.4606820012, 1707702.9285650384], [1045150.4633295999, 1707712.923269841], [1045165.4553868037, 1707722.9179746434]]], [[[1045175.4500916062, 1707722.9179746434], [1045185.4447964088, 1707722.9179746434], [1045185.4447964088, 1707712.923269841], [1045170.452739205, 1707712.923269841], [1045175.4500916062, 1707722.9179746434]]], [[[1045965.0317710054, 1709656.8933539314], [1045970.0291234066, 1709666.888058734], [1046005.0105902154, 1709666.888058734], [1046015.005295018, 1709661.8907063326], [1046015.005295018, 1709646.8986491289], [1045995.0158854129, 1709656.8933539314], [1045965.0317710054, 1709656.8933539314]]], [[[1044600.7545654612, 1710191.6100608662], [1044605.7519178624, 1710216.5968228725], [1044610.7492702637, 1710216.5968228725], [1044615.746622665, 1710201.6047656687], [1044600.7545654612, 1710191.6100608662]]], [[[1045685.1800365348, 1710381.509452114], [1045685.1800365348, 1710396.501509318], [1045695.1747413373, 1710396.501509318], [1045695.1747413373, 1710386.5068045154], [1045685.1800365348, 1710381.509452114]]], [[[1045415.3230068667, 1710751.3135298074], [1045405.3283020642, 1710741.3188250049], [1045415.3230068667, 1710801.28705382], [1045415.3230068667, 1710751.3135298074]]], [[[1045595.2276933121, 1711181.0858363158], [1045585.2329885096, 1711191.0805411183], [1045600.2250457134, 1711191.0805411183], [1045605.2223981146, 1711186.083188717], [1045595.2276933121, 1711181.0858363158]]], [[[1044545.7836890473, 1711600.8634380219], [1044530.7916318435, 1711605.8607904231], [1044535.7889842448, 1711630.8475524294], [1044535.7889842448, 1711615.8554952256], [1044545.7836890473, 1711610.8581428244], [1044545.7836890473, 1711600.8634380219]]], [[[1044865.614242728, 1712310.4874790008], [1044865.614242728, 1712325.4795362046], [1044870.6115951292, 1712325.4795362046], [1044875.6089475305, 1712305.4901265996], [1044865.614242728, 1712310.4874790008]]], [[[1045725.1588557449, 1714394.3834303266], [1045725.1588557449, 1714419.370192333], [1045735.1535605474, 1714419.370192333], [1045735.1535605474, 1714404.378135129], [1045725.1588557449, 1714394.3834303266]]], [[[1045825.1059037701, 1714614.266935982], [1045815.1111989676, 1714634.256345587], [1045825.1059037701, 1714639.2536979883], [1045825.1059037701, 1714614.266935982]]], [[[1045850.0926657764, 1714674.2351647972], [1045860.0873705789, 1714669.237812396], [1045830.1032561713, 1714649.2484027909], [1045835.1006085726, 1714664.2404599946], [1045850.0926657764, 1714674.2351647972]]], [[[1046244.883505476, 1716088.485894354], [1046249.8808578773, 1716098.4805991566], [1046284.8623246861, 1716088.485894354], [1046244.883505476, 1716088.485894354]]], [[[1046074.9735238331, 1716458.2899720473], [1046074.9735238331, 1716423.3085052385], [1046059.9814666293, 1716393.324390831], [1046059.9814666293, 1716423.3085052385], [1046074.9735238331, 1716458.2899720473]]], [[[1045765.137674955, 1716563.2343724738], [1045795.1217893625, 1716563.2343724738], [1045795.1217893625, 1716553.2396676713], [1045765.137674955, 1716563.2343724738]]], [[[1038039.2308626056, 1717487.7445667072], [1038039.2308626056, 1717512.7313287135], [1038049.2255674081, 1717512.7313287135], [1038049.2255674081, 1717477.7498619047], [1038039.2308626056, 1717487.7445667072]]], [[[1046074.9735238331, 1718407.257408539], [1046059.9814666293, 1718397.2627037365], [1046059.9814666293, 1718412.2547609403], [1046074.9735238331, 1718417.2521133416], [1046074.9735238331, 1718407.257408539]]], [[[1045815.1111989676, 1718727.0879622197], [1045815.1111989676, 1718732.085314621], [1045830.1032561713, 1718737.0826670222], [1045830.1032561713, 1718727.0879622197], [1045815.1111989676, 1718727.0879622197]]], [[[1046094.9629334382, 1720006.4101769426], [1046104.9576382408, 1720026.3995865476], [1046109.954990642, 1720016.404881745], [1046104.9576382408, 1720001.4128245413], [1046094.9629334382, 1720006.4101769426]]], [[[1038543.963455133, 1726188.1350973023], [1038553.9581599355, 1726178.1403924997], [1038553.9581599355, 1726173.1430400985], [1038538.9661027318, 1726178.1403924997], [1038543.963455133, 1726188.1350973023]]], [[[1047729.0971686505, 1693960.2094615707], [1047744.0892258543, 1693995.1909283795], [1047754.0839306568, 1694000.1882807808], [1047744.0892258543, 1693970.2041663732], [1047729.0971686505, 1693960.2094615707]]], [[[1046739.6213932008, 1694364.995006073], [1046749.6160980033, 1694340.0082440667], [1046729.6266883983, 1694364.995006073], [1046729.6266883983, 1694414.9685300856], [1046739.6213932008, 1694409.9711776844], [1046739.6213932008, 1694364.995006073]]], [[[1046749.6160980033, 1694424.9632348882], [1046739.6213932008, 1694409.9711776844], [1046734.6240407996, 1694424.9632348882], [1046744.6187456021, 1694434.9579396907], [1046749.6160980033, 1694424.9632348882]]], [[[1046749.6160980033, 1694434.9579396907], [1046749.6160980033, 1694484.9314637033], [1046759.6108028059, 1694459.944701697], [1046749.6160980033, 1694434.9579396907]]], [[[1048263.8138755854, 1694969.6746466255], [1048268.8112279867, 1694984.6667038293], [1048283.8032851905, 1694994.6614086318], [1048283.8032851905, 1694984.6667038293], [1048263.8138755854, 1694969.6746466255]]], [[[1048273.808580388, 1699277.3924165124], [1048273.808580388, 1699237.4135973023], [1048283.8032851905, 1699227.4188924998], [1048268.8112279867, 1699232.416244901], [1048273.808580388, 1699277.3924165124]]], [[[1048233.8297611779, 1699357.3500549325], [1048243.8244659804, 1699342.3579977287], [1048258.8165231842, 1699337.3606453275], [1048253.8191707829, 1699312.3738833212], [1048243.8244659804, 1699312.3738833212], [1048233.8297611779, 1699332.3632929262], [1048233.8297611779, 1699357.3500549325]]], [[[1048183.8562371653, 1699442.305045754], [1048208.8429991716, 1699442.305045754], [1048208.8429991716, 1699432.3103409514], [1048183.8562371653, 1699442.305045754]]], [[[1048158.869475159, 1699482.283864964], [1048168.8641799615, 1699492.2785697666], [1048188.8535895665, 1699467.2918077603], [1048168.8641799615, 1699462.294455359], [1048158.869475159, 1699482.283864964]]], [[[1048133.8827131527, 1699542.2520937792], [1048128.8853607514, 1699527.2600365754], [1048113.8933035476, 1699527.2600365754], [1048118.8906559489, 1699537.254741378], [1048133.8827131527, 1699542.2520937792]]], [[[1047779.0706926631, 1699837.0958854535], [1047779.0706926631, 1699847.090590256], [1047789.0653974656, 1699847.090590256], [1047784.0680450643, 1699832.0985330523], [1047769.0759878606, 1699832.0985330523], [1047779.0706926631, 1699837.0958854535]]], [[[1047804.0574546694, 1699862.0826474598], [1047814.0521594719, 1699862.0826474598], [1047814.0521594719, 1699847.090590256], [1047804.0574546694, 1699852.0879426573], [1047804.0574546694, 1699862.0826474598]]], [[[1046299.8543818899, 1703650.0757676156], [1046314.8464390937, 1703645.0784152143], [1046314.8464390937, 1703640.081062813], [1046299.8543818899, 1703640.081062813], [1046299.8543818899, 1703650.0757676156]]], [[[1046324.8411438962, 1703655.0731200168], [1046324.8411438962, 1703665.0678248194], [1046339.8332011, 1703665.0678248194], [1046334.8358486987, 1703655.0731200168], [1046324.8411438962, 1703655.0731200168]]], [[[1048173.8615323628, 1705509.0908608846], [1048188.8535895665, 1705524.0829180884], [1048213.8403515728, 1705519.0855656872], [1048213.8403515728, 1705509.0908608846], [1048173.8615323628, 1705509.0908608846]]], [[[1046449.7749539277, 1706588.518979557], [1046434.782896724, 1706613.5057415634], [1046444.7776015265, 1706628.4977987672], [1046449.7749539277, 1706588.518979557]]], [[[1046569.711411558, 1707153.2198008995], [1046564.7140591567, 1707183.203915307], [1046574.7087639592, 1707183.203915307], [1046569.711411558, 1707153.2198008995]]], [[[1046599.6955259655, 1707213.1880297146], [1046594.6981735643, 1707213.1880297146], [1046594.6981735643, 1707238.174791721], [1046604.6928783668, 1707238.174791721], [1046599.6955259655, 1707213.1880297146]]], [[[1046619.6849355706, 1707263.1615537272], [1046614.6875831693, 1707253.1668489247], [1046604.6928783668, 1707248.1694965234], [1046604.6928783668, 1707263.1615537272], [1046619.6849355706, 1707263.1615537272]]], [[[1046819.579031621, 1707632.9656314205], [1046834.5710888248, 1707642.960336223], [1046834.5710888248, 1707652.9550410258], [1046844.5657936273, 1707652.9550410258], [1046839.568441226, 1707602.981517013], [1046824.5763840222, 1707592.9868122104], [1046829.5737364235, 1707607.9788694142], [1046819.579031621, 1707632.9656314205]]], [[[1047394.274557766, 1708292.616148387], [1047404.2692625686, 1708297.6135007883], [1047414.2639673711, 1708282.6214435846], [1047404.2692625686, 1708282.6214435846], [1047394.274557766, 1708292.616148387]]], [[[1047354.295738556, 1708592.4572924627], [1047369.2877957597, 1708587.4599400614], [1047349.2983861547, 1708577.465235259], [1047354.295738556, 1708592.4572924627]]], [[[1047549.1924822051, 1709092.1925325887], [1047554.1898346064, 1709092.1925325887], [1047559.1871870076, 1709077.200475385], [1047549.1924822051, 1709077.200475385], [1047549.1924822051, 1709092.1925325887]]], [[[1047554.1898346064, 1709282.0919238366], [1047554.1898346064, 1709222.1236950215], [1047549.1924822051, 1709282.0919238366], [1047554.1898346064, 1709282.0919238366]]], [[[1047639.1448254278, 1709452.0019054795], [1047639.1448254278, 1709466.9939626832], [1047649.1395302303, 1709471.9913150845], [1047659.1342350328, 1709461.996610282], [1047644.142177829, 1709461.996610282], [1047639.1448254278, 1709452.0019054795]]], [[[1047609.1607110202, 1709516.9674866959], [1047604.163358619, 1709506.9727818933], [1047599.1660062177, 1709551.9489535047], [1047609.1607110202, 1709571.9383631097], [1047619.1554158228, 1709566.9410107085], [1047604.163358619, 1709546.9516011034], [1047609.1607110202, 1709516.9674866959]]], [[[1048348.7688664069, 1709711.8642303452], [1048323.7821044006, 1709721.8589351478], [1048348.7688664069, 1709721.8589351478], [1048348.7688664069, 1709711.8642303452]]], [[[1047694.1157018417, 1710026.6974316246], [1047709.1077590454, 1710071.673603236], [1047709.1077590454, 1709981.7212600133], [1047699.1130542429, 1709981.7212600133], [1047694.1157018417, 1710026.6974316246]]], [[[1047729.0971686505, 1710116.6497748473], [1047734.0945210517, 1710096.6603652423], [1047714.1051114467, 1710066.6762508347], [1047709.1077590454, 1710081.6683080385], [1047729.0971686505, 1710116.6497748473]]], [[[1047439.2507293774, 1710596.3956053683], [1047429.2560245749, 1710576.4061957633], [1047419.2613197723, 1710576.4061957633], [1047404.2692625686, 1710531.430024152], [1047384.2798529635, 1710526.4326717507], [1047389.2772053648, 1710551.419433757], [1047414.2639673711, 1710576.4061957633], [1047419.2613197723, 1710596.3956053683], [1047424.2586721736, 1710586.4009005658], [1047439.2507293774, 1710596.3956053683]]], [[[1047449.2454341799, 1710606.3903101708], [1047444.2480817786, 1710611.387662572], [1047434.2533769761, 1710606.3903101708], [1047444.2480817786, 1710621.3823673746], [1047449.2454341799, 1710636.3744245784], [1047449.2454341799, 1710606.3903101708]]], [[[1047469.234843785, 1710676.3532437885], [1047484.2269009887, 1710676.3532437885], [1047479.2295485875, 1710661.3611865847], [1047464.2374913837, 1710671.3558913872], [1047469.234843785, 1710676.3532437885]]], [[[1048023.940960325, 1710836.2685206288], [1048013.9462555224, 1710836.2685206288], [1048013.9462555224, 1710851.2605778326], [1048023.940960325, 1710846.2632254313], [1048023.940960325, 1710836.2685206288]]], [[[1048243.8244659804, 1710996.1837974691], [1048228.8324087766, 1711001.1811498704], [1048233.8297611779, 1711011.175854673], [1048228.8324087766, 1711016.1732070742], [1048238.8271135791, 1711016.1732070742], [1048243.8244659804, 1710996.1837974691]]], [[[1048228.8324087766, 1711021.1705594754], [1048223.8350563754, 1711011.175854673], [1048213.8403515728, 1711016.1732070742], [1048218.8377039741, 1711026.1679118767], [1048228.8324087766, 1711021.1705594754]]], [[[1047993.9568459173, 1711086.1361406918], [1047968.970083911, 1711096.1308454943], [1048013.9462555224, 1711096.1308454943], [1048018.9436079237, 1711091.133493093], [1047993.9568459173, 1711086.1361406918]]], [[[1046509.7431827429, 1711296.0249415447], [1046499.7484779403, 1711306.0196463473], [1046504.7458303416, 1711321.011703551], [1046509.7431827429, 1711321.011703551], [1046509.7431827429, 1711296.0249415447]]], [[[1048348.7688664069, 1711480.9269803914], [1048358.7635712094, 1711480.9269803914], [1048343.7715140056, 1711475.9296279901], [1048338.7741616043, 1711490.9216851941], [1048348.7688664069, 1711490.9216851941], [1048348.7688664069, 1711480.9269803914]]], [[[1047874.020388287, 1712515.3789274525], [1047874.020388287, 1712485.394813045], [1047849.0336262807, 1712510.3815750512], [1047839.0389214782, 1712510.3815750512], [1047834.041569077, 1712520.3762798538], [1047854.030978682, 1712510.3815750512], [1047874.020388287, 1712515.3789274525]]], [[[1047923.9939122996, 1713254.987082839], [1047923.9939122996, 1713269.9791400428], [1047933.9886171021, 1713269.9791400428], [1047933.9886171021, 1713259.9844352403], [1047923.9939122996, 1713254.987082839]]], [[[1048033.9356651275, 1713419.8997120808], [1048023.940960325, 1713404.9076548768], [1048023.940960325, 1713419.8997120808], [1048043.93036993, 1713429.8944168834], [1048043.93036993, 1713419.8997120808], [1048033.9356651275, 1713419.8997120808]]], [[[1047529.2030726001, 1715793.6421026797], [1047514.2110153963, 1715788.6447502784], [1047509.213662995, 1715798.639455081], [1047519.2083677975, 1715798.639455081], [1047529.2030726001, 1715793.6421026797]]], [[[1046314.8464390937, 1716913.049040562], [1046334.8358486987, 1716913.049040562], [1046329.8384962975, 1716903.0543357595], [1046314.8464390937, 1716903.0543357595], [1046314.8464390937, 1716913.049040562]]], [[[1048113.8933035476, 1718652.1276762008], [1048158.869475159, 1718657.125028602], [1048128.8853607514, 1718647.1303237996], [1048123.8880083502, 1718637.135618997], [1048113.8933035476, 1718637.135618997], [1048118.8906559489, 1718642.1329713983], [1048113.8933035476, 1718652.1276762008]]], [[[1046379.8120203101, 1719171.8523259321], [1046374.8146679088, 1719201.8364403397], [1046384.8093727113, 1719211.8311451422], [1046379.8120203101, 1719196.8390879384], [1046384.8093727113, 1719171.8523259321], [1046379.8120203101, 1719171.8523259321]]], [[[1047614.1580634215, 1719201.8364403397], [1047634.1474730265, 1719196.8390879384], [1047614.1580634215, 1719186.844383136], [1047614.1580634215, 1719201.8364403397]]], [[[1047634.1474730265, 1719196.8390879384], [1047634.1474730265, 1719211.8311451422], [1047644.142177829, 1719211.8311451422], [1047639.1448254278, 1719196.8390879384], [1047634.1474730265, 1719196.8390879384]]], [[[1047719.102463848, 1719241.8152595498], [1047714.1051114467, 1719221.8258499447], [1047699.1130542429, 1719226.823202346], [1047699.1130542429, 1719236.8179071485], [1047719.102463848, 1719241.8152595498]], [[1047709.1077590454, 1719236.8179071485], [1047714.1051114467, 1719231.8205547472], [1047714.1051114467, 1719236.8179071485], [1047709.1077590454, 1719236.8179071485]]], [[[1047259.346042932, 1719246.812611951], [1047229.3619285244, 1719256.8073167535], [1047269.3407477345, 1719256.8073167535], [1047274.3381001358, 1719251.8099643523], [1047259.346042932, 1719246.812611951]]], [[[1048053.9250747325, 1719596.6272800392], [1048073.9144843376, 1719586.6325752367], [1048073.9144843376, 1719581.6352228355], [1048053.9250747325, 1719586.6325752367], [1048053.9250747325, 1719596.6272800392]]], [[[1048108.8959511464, 1720666.060693909], [1048108.8959511464, 1720676.0553987115], [1048118.8906559489, 1720676.0553987115], [1048118.8906559489, 1720666.060693909], [1048123.8880083502, 1720656.0659891064], [1048108.8959511464, 1720666.060693909]]], [[[1048063.919779535, 1720696.0448083165], [1048068.9171319363, 1720706.039513119], [1048078.9118367388, 1720706.039513119], [1048078.9118367388, 1720696.0448083165], [1048063.919779535, 1720696.0448083165]]], [[[1047889.0124454908, 1720746.018332329], [1047869.0230358858, 1720751.0156847304], [1047874.020388287, 1720761.010389533], [1047894.0097978921, 1720756.0130371316], [1047889.0124454908, 1720746.018332329]]], [[[1047429.2560245749, 1722290.2002243188], [1047419.2613197723, 1722285.2028719175], [1047414.2639673711, 1722300.1949291213], [1047424.2586721736, 1722300.1949291213], [1047429.2560245749, 1722290.2002243188]]], [[[1048013.9462555224, 1723494.5621530227], [1048023.940960325, 1723509.5542102265], [1048033.9356651275, 1723514.5515626278], [1048028.9383127262, 1723499.559505424], [1048013.9462555224, 1723494.5621530227]]], [[[1046299.8543818899, 1725508.4951707309], [1046309.8490866924, 1725483.5084087246], [1046294.8570294887, 1725468.5163515208], [1046299.8543818899, 1725508.4951707309]]], [[[1049318.2552322515, 1693825.2809467367], [1049333.2472894553, 1693810.288889533], [1049323.2525846527, 1693810.288889533], [1049308.260527449, 1693820.2835943354], [1049318.2552322515, 1693825.2809467367]]], [[[1049338.2446418565, 1696513.8565386152], [1049323.2525846527, 1696498.8644814114], [1049333.2472894553, 1696523.8512434177], [1049338.2446418565, 1696513.8565386152]]], [[[1049363.2314038628, 1697813.1681629429], [1049373.2261086653, 1697813.1681629429], [1049373.2261086653, 1697798.176105739], [1049363.2314038628, 1697803.1734581403], [1049363.2314038628, 1697813.1681629429]]], [[[1049328.249937054, 1697823.1628677454], [1049303.2631750477, 1697833.157572548], [1049338.2446418565, 1697833.157572548], [1049343.2419942578, 1697828.1602201466], [1049328.249937054, 1697823.1628677454]]], [[[1048538.6682576548, 1699032.5221488506], [1048543.665610056, 1699047.5142060544], [1048548.6629624573, 1699047.5142060544], [1048548.6629624573, 1699032.5221488506], [1048538.6682576548, 1699032.5221488506]]], [[[1048923.464392552, 1703560.123424393], [1048918.4670401507, 1703530.1393099853], [1048913.4696877494, 1703530.1393099853], [1048913.4696877494, 1703555.1260719916], [1048923.464392552, 1703560.123424393]]], [[[1048448.7159144321, 1705509.0908608846], [1048448.7159144321, 1705499.096156082], [1048418.7318000245, 1705509.0908608846], [1048448.7159144321, 1705509.0908608846]]], [[[1049078.382316991, 1705524.0829180884], [1049088.3770217935, 1705524.0829180884], [1049088.3770217935, 1705514.088213286], [1049078.382316991, 1705509.0908608846], [1049078.382316991, 1705524.0829180884]]], [[[1049193.32142222, 1706718.4501419899], [1049193.32142222, 1706713.4527895886], [1049178.3293650162, 1706718.4501419899], [1049183.3267174175, 1706728.4448467924], [1049193.32142222, 1706718.4501419899]]], [[[1049763.0195959636, 1707228.1800869184], [1049748.0275387599, 1707223.1827345171], [1049748.0275387599, 1707233.1774393197], [1049763.0195959636, 1707238.174791721], [1049763.0195959636, 1707228.1800869184]]], [[[1049718.0434243523, 1707358.1112493512], [1049728.0381291548, 1707348.1165445487], [1049718.0434243523, 1707343.1191921474], [1049708.0487195498, 1707348.1165445487], [1049718.0434243523, 1707358.1112493512]]], [[[1049733.035481556, 1707358.1112493512], [1049733.035481556, 1707373.103306555], [1049743.0301863586, 1707373.103306555], [1049738.0328339573, 1707358.1112493512], [1049733.035481556, 1707358.1112493512]]], [[[1049748.0275387599, 1707378.1006589562], [1049748.0275387599, 1707398.0900685613], [1049768.016948365, 1707413.082125765], [1049758.0222435624, 1707383.0980113575], [1049748.0275387599, 1707378.1006589562]]], [[[1048503.6867908459, 1707543.0132881978], [1048493.6920860434, 1707543.0132881978], [1048468.7053240371, 1707587.9894598091], [1048498.6894384447, 1707558.0053454016], [1048503.6867908459, 1707543.0132881978]]], [[[1048418.7318000245, 1707747.9047366497], [1048418.7318000245, 1707712.923269841], [1048408.737095222, 1707742.9073842485], [1048418.7318000245, 1707747.9047366497]]], [[[1049398.2128706716, 1709756.8404019566], [1049398.2128706716, 1709746.845697154], [1049383.2208134679, 1709736.8509923515], [1049383.2208134679, 1709751.8430495553], [1049398.2128706716, 1709756.8404019566]]], [[[1049398.2128706716, 1709756.8404019566], [1049393.2155182704, 1709766.835106759], [1049413.2049278754, 1709781.8271639629], [1049403.210223073, 1709761.8377543578], [1049403.210223073, 1709756.8404019566], [1049398.2128706716, 1709756.8404019566]]], [[[1048388.747685617, 1709781.8271639629], [1048383.7503332157, 1709801.816573568], [1048403.7397428207, 1709791.8218687654], [1048408.737095222, 1709766.835106759], [1048388.747685617, 1709781.8271639629]]], [[[1049703.0513671485, 1709866.7821547843], [1049713.046071951, 1709866.7821547843], [1049713.046071951, 1709851.7900975805], [1049703.0513671485, 1709856.7874499818], [1049703.0513671485, 1709866.7821547843]]], [[[1049413.2049278754, 1710226.591527675], [1049408.2075754742, 1710176.6180036624], [1049403.210223073, 1710176.6180036624], [1049403.210223073, 1710236.5862324776], [1049413.2049278754, 1710226.591527675]]], [[[1049408.2075754742, 1710301.551813694], [1049408.2075754742, 1710271.5676992864], [1049403.210223073, 1710321.541223299], [1049413.2049278754, 1710326.5385757003], [1049418.2022802767, 1710306.5491660952], [1049408.2075754742, 1710301.551813694]]], [[[1048988.4299737683, 1711211.0699507233], [1049008.4193833733, 1711211.0699507233], [1049003.422030972, 1711191.0805411183], [1048998.4246785708, 1711191.0805411183], [1048998.4246785708, 1711206.072598322], [1048988.4299737683, 1711211.0699507233]]], [[[1048638.61530568, 1711266.0408271372], [1048663.6020676864, 1711276.0355319397], [1048698.5835344952, 1711276.0355319397], [1048698.5835344952, 1711266.0408271372], [1048688.5888296927, 1711261.043474736], [1048638.61530568, 1711256.0461223347], [1048628.6206008776, 1711236.0567127296], [1048638.61530568, 1711266.0408271372]]], [[[1049328.249937054, 1711296.0249415447], [1049318.2552322515, 1711286.0302367422], [1049328.249937054, 1711306.0196463473], [1049368.228756264, 1711306.0196463473], [1049358.2340514616, 1711296.0249415447], [1049328.249937054, 1711296.0249415447]]], [[[1048598.63648647, 1711535.8978568055], [1048578.647076865, 1711540.8952092067], [1048578.647076865, 1711545.892561608], [1048593.6391340687, 1711550.8899140093], [1048598.63648647, 1711535.8978568055]]], [[[1049743.0301863586, 1711560.8846188118], [1049748.0275387599, 1711570.8793236143], [1049763.0195959636, 1711560.8846188118], [1049763.0195959636, 1711550.8899140093], [1049743.0301863586, 1711560.8846188118]]], [[[1049043.4008501822, 1711770.7734196647], [1049043.4008501822, 1711790.7628292697], [1049063.3902597872, 1711800.7575340723], [1049063.3902597872, 1711770.7734196647], [1049043.4008501822, 1711770.7734196647]]], [[[1049168.3346602137, 1711980.6622205176], [1049158.3399554112, 1711980.6622205176], [1049168.3346602137, 1712005.648982524], [1049173.332012615, 1712000.6516301227], [1049173.332012615, 1711965.6701633139], [1049168.3346602137, 1711980.6622205176]]], [[[1048903.4749829469, 1714604.2722311795], [1048943.453802157, 1714594.277526377], [1048943.453802157, 1714589.2801739757], [1048898.4776305456, 1714589.2801739757], [1048903.4749829469, 1714604.2722311795]]], [[[1048608.6311912725, 1715823.6262170873], [1048613.6285436738, 1715848.6129790936], [1048633.6179532788, 1715863.6050362973], [1048633.6179532788, 1715873.5997410999], [1048653.6073628839, 1715878.5970935011], [1048633.6179532788, 1715838.618274291], [1048608.6311912725, 1715823.6262170873]]], [[[1049653.077843136, 1716318.364104812], [1049653.077843136, 1716333.3561620158], [1049658.0751955372, 1716333.3561620158], [1049663.0725479384, 1716318.364104812], [1049653.077843136, 1716318.364104812]]], [[[1049113.3637837998, 1716373.334981226], [1049128.3558410036, 1716378.3323336272], [1049128.3558410036, 1716363.3402764234], [1049118.361136201, 1716363.3402764234], [1049113.3637837998, 1716373.334981226]]], [[[1049173.332012615, 1716413.313800436], [1049183.3267174175, 1716418.3111528372], [1049198.3187746212, 1716418.3111528372], [1049178.3293650162, 1716403.3190956335], [1049173.332012615, 1716413.313800436]]], [[[1049578.117557117, 1717377.8028138794], [1049593.1096143208, 1717372.8054614782], [1049613.0990239258, 1717317.8345850643], [1049598.106966722, 1717327.8292898668], [1049588.1122619195, 1717367.808109077], [1049578.117557117, 1717377.8028138794]]], [[[1049688.0593099447, 1718697.1038478122], [1049693.056662346, 1718717.0932574172], [1049693.056662346, 1718702.1012002134], [1049703.0513671485, 1718702.1012002134], [1049698.0540147473, 1718692.106495411], [1049688.0593099447, 1718697.1038478122]]], [[[1049713.046071951, 1718752.074724226], [1049703.0513671485, 1718752.074724226], [1049713.046071951, 1718787.0561910348], [1049713.046071951, 1718752.074724226]]], [[[1048928.4617449532, 1718867.013829455], [1048918.4670401507, 1718852.0217722512], [1048913.4696877494, 1718862.0164770538], [1048918.4670401507, 1718877.0085342575], [1048928.4617449532, 1718867.013829455]]], [[[1049992.8978064216, 1719041.9211634991], [1049987.9004540204, 1719031.9264586966], [1049967.9110444153, 1719031.9264586966], [1049967.9110444153, 1719036.9238110979], [1049992.8978064216, 1719041.9211634991]]], [[[1049063.3902597872, 1719156.8602687283], [1049058.392907386, 1719221.8258499447], [1049063.3902597872, 1719221.8258499447], [1049063.3902597872, 1719156.8602687283]]], [[[1048808.525287323, 1719301.783488365], [1048803.5279349217, 1719311.7781931674], [1048813.5226397242, 1719311.7781931674], [1048823.5173445267, 1719306.7808407662], [1048808.525287323, 1719301.783488365]]], [[[1048573.6497244636, 1719751.5452044783], [1048588.6417816675, 1719761.5399092808], [1048598.63648647, 1719801.518728491], [1048603.6338388713, 1719771.5346140834], [1048593.6391340687, 1719751.5452044783], [1048573.6497244636, 1719741.5504996758], [1048573.6497244636, 1719751.5452044783]]], [[[1049003.422030972, 1720181.3175109867], [1049003.422030972, 1720191.3122157892], [1049018.4140881759, 1720196.3095681905], [1049013.4167357746, 1720186.314863388], [1049028.4087929784, 1720181.3175109867], [1049003.422030972, 1720181.3175109867]]], [[[1048898.4776305456, 1720241.2857398018], [1048893.4802781444, 1720231.2910349993], [1048903.4749829469, 1720226.293682598], [1048888.482925743, 1720231.2910349993], [1048858.4988113355, 1720236.2883874006], [1048898.4776305456, 1720241.2857398018]]], [[[1048578.647076865, 1720281.264559012], [1048558.6576672598, 1720296.2566162157], [1048558.6576672598, 1720321.243378222], [1048578.647076865, 1720281.264559012]]], [[[1049073.3849645897, 1720341.232787827], [1049053.3955549847, 1720341.232787827], [1049048.3982025834, 1720351.2274926296], [1049068.3876121885, 1720346.2301402283], [1049063.3902597872, 1720356.2248450308], [1049078.382316991, 1720356.2248450308], [1049073.3849645897, 1720341.232787827]]], [[[1048573.6497244636, 1720411.1957214447], [1048573.6497244636, 1720401.2010166422], [1048563.6550196611, 1720396.203664241], [1048563.6550196611, 1720361.222197432], [1048553.6603148585, 1720346.2301402283], [1048558.6576672598, 1720401.2010166422], [1048573.6497244636, 1720411.1957214447]]], [[[1048758.5517633103, 1720511.1427694699], [1048758.5517633103, 1720521.1374742724], [1048768.5464681129, 1720521.1374742724], [1048768.5464681129, 1720506.1454170686], [1048758.5517633103, 1720511.1427694699]]], [[[1048598.63648647, 1720616.0871698963], [1048598.63648647, 1720666.060693909], [1048608.6311912725, 1720681.0527511127], [1048608.6311912725, 1720606.0924650938], [1048598.63648647, 1720616.0871698963]]], [[[1048913.4696877494, 1720825.9759707493], [1048923.464392552, 1720825.9759707493], [1048923.464392552, 1720815.9812659468], [1048908.4723353481, 1720815.9812659468], [1048913.4696877494, 1720825.9759707493]]], [[[1048523.676200451, 1720935.917723577], [1048523.676200451, 1720950.9097807808], [1048538.6682576548, 1720950.9097807808], [1048538.6682576548, 1720920.9256663732], [1048533.6709052535, 1720935.917723577], [1048523.676200451, 1720935.917723577]]], [[[1049798.0010627725, 1721025.8700667997], [1049788.00635797, 1721040.8621240035], [1049802.9984151737, 1721035.8647716022], [1049812.9931199763, 1721005.8806571946], [1049802.9984151737, 1721005.8806571946], [1049788.00635797, 1721020.8727143984], [1049798.0010627725, 1721025.8700667997]]], [[[1049773.0143007662, 1721040.8621240035], [1049788.00635797, 1721025.8700667997], [1049758.0222435624, 1721025.8700667997], [1049768.016948365, 1721045.8594764047], [1049788.00635797, 1721045.8594764047], [1049773.0143007662, 1721040.8621240035]]], [[[1049483.167861493, 1721100.8303528188], [1049478.1705090918, 1721110.8250576213], [1049528.1440331044, 1721105.82770522], [1049528.1440331044, 1721095.8330004176], [1049483.167861493, 1721100.8303528188]], [[1049493.1625662956, 1721105.82770522], [1049493.1625662956, 1721100.8303528188], [1049513.1519759006, 1721105.82770522], [1049493.1625662956, 1721105.82770522]]], [[[1049378.2234610666, 1721270.7403344617], [1049388.2181658691, 1721270.7403344617], [1049388.2181658691, 1721250.7509248566], [1049378.2234610666, 1721230.7615152516], [1049378.2234610666, 1721270.7403344617]]], [[[1048773.543820514, 1726268.0927357224], [1048783.5385253166, 1726273.0900881237], [1048778.5411729154, 1726288.0821453275], [1048788.535877718, 1726283.0847929262], [1048788.535877718, 1726268.0927357224], [1048803.5279349217, 1726253.1006785186], [1048793.5332301192, 1726243.1059737161], [1048773.543820514, 1726268.0927357224]]], [[[1048758.5517633103, 1726288.0821453275], [1048748.5570585078, 1726323.0636121363], [1048778.5411729154, 1726298.07685013], [1048778.5411729154, 1726288.0821453275], [1048768.5464681129, 1726298.07685013], [1048758.5517633103, 1726288.0821453275]]], [[[1050997.3656390752, 1692665.8951896443], [1050962.3841722663, 1692670.8925420456], [1050977.3762294701, 1692680.887246848], [1050997.3656390752, 1692665.8951896443]]], [[[1050172.802492867, 1693640.37890789], [1050177.7998452683, 1693660.368317495], [1050182.7971976695, 1693660.368317495], [1050187.7945500708, 1693650.3736126926], [1050172.802492867, 1693640.37890789]]], [[[1050852.4424194386, 1696393.920080985], [1050817.4609526298, 1696398.9174333862], [1050817.4609526298, 1696403.9147857875], [1050852.4424194386, 1696403.9147857875], [1050852.4424194386, 1696393.920080985]]], [[[1050232.770721682, 1696408.9121381887], [1050212.781312077, 1696423.9041953925], [1050207.7839596758, 1696438.8962525963], [1050252.7601312872, 1696413.90949059], [1050232.770721682, 1696408.9121381887]]], [[[1051277.2173735457, 1698267.9272314578], [1051267.2226687432, 1698287.9166410628], [1051267.2226687432, 1698302.9086982666], [1051287.2120783483, 1698277.9219362603], [1051277.2173735457, 1698267.9272314578]]], [[[1050377.693941319, 1698417.8478034956], [1050417.672760529, 1698422.8451558969], [1050407.6780557265, 1698407.853098693], [1050367.6992365161, 1698397.8583938906], [1050377.693941319, 1698417.8478034956]]], [[[1051122.2994491067, 1698972.5539200355], [1051112.3047443042, 1698992.5433296405], [1051122.2994491067, 1698997.5406820418], [1051122.2994491067, 1698972.5539200355]]], [[[1050742.500666611, 1708417.5499584186], [1050737.5033142096, 1708397.5605488135], [1050727.508609407, 1708397.5605488135], [1050727.508609407, 1708407.555253616], [1050742.500666611, 1708417.5499584186]]], [[[1050857.4397718399, 1709721.8589351478], [1050847.4450670374, 1709731.8536399503], [1050837.4503622348, 1709761.8377543578], [1050847.4450670374, 1709761.8377543578], [1050862.4371242411, 1709746.845697154], [1050862.4371242411, 1709736.8509923515], [1050877.429181445, 1709721.8589351478], [1050857.4397718399, 1709721.8589351478]]], [[[1049987.9004540204, 1709786.8245163641], [1050002.8925112241, 1709796.8192211667], [1050002.8925112241, 1709786.8245163641], [1049982.903101619, 1709766.835106759], [1049987.9004540204, 1709786.8245163641]]], [[[1051297.2067831508, 1710686.347948591], [1051287.2120783483, 1710701.3400057948], [1051322.193545157, 1710691.3453009923], [1051332.1882499596, 1710681.3505961897], [1051297.2067831508, 1710686.347948591]]], [[[1050592.580094573, 1711146.104369507], [1050592.580094573, 1711166.093779112], [1050602.5747993756, 1711151.1017219082], [1050607.5721517769, 1711156.0990743095], [1050607.5721517769, 1711146.104369507], [1050592.580094573, 1711146.104369507]]], [[[1050482.6383417454, 1711321.011703551], [1050507.6251037517, 1711331.0064083536], [1050517.6198085542, 1711326.0090559523], [1050512.622456153, 1711316.0143511498], [1050477.640989344, 1711306.0196463473], [1050472.6436369428, 1711316.0143511498], [1050482.6383417454, 1711321.011703551]]], [[[1050477.640989344, 1711380.9799323662], [1050477.640989344, 1711370.9852275637], [1050467.6462845416, 1711370.9852275637], [1050462.6489321403, 1711365.9878751624], [1050467.6462845416, 1711380.9799323662], [1050477.640989344, 1711380.9799323662]]], [[[1050317.7257125035, 1711375.982579965], [1050322.7230649048, 1711385.9772847674], [1050362.7018841149, 1711375.982579965], [1050357.7045317136, 1711365.9878751624], [1050317.7257125035, 1711375.982579965]]], [[[1050432.6648177328, 1711395.97198957], [1050437.662170134, 1711415.961399175], [1050442.6595225353, 1711415.961399175], [1050442.6595225353, 1711395.97198957], [1050432.6648177328, 1711395.97198957]]], [[[1050382.6912937202, 1711420.9587515763], [1050377.693941319, 1711405.9666943725], [1050382.6912937202, 1711390.9746371687], [1050372.6965889176, 1711385.9772847674], [1050377.693941319, 1711425.9561039775], [1050387.6886461214, 1711435.95080878], [1050407.6780557265, 1711435.95080878], [1050412.6754081277, 1711425.9561039775], [1050402.6807033252, 1711425.9561039775], [1050392.6859985227, 1711430.9534563788], [1050382.6912937202, 1711420.9587515763]]], [[[1050397.683350924, 1711425.9561039775], [1050402.6807033252, 1711415.961399175], [1050387.6886461214, 1711400.9693419712], [1050387.6886461214, 1711410.9640467737], [1050397.683350924, 1711425.9561039775]]], [[[1050327.720417306, 1711430.9534563788], [1050332.7177697073, 1711430.9534563788], [1050337.7151221086, 1711415.961399175], [1050327.720417306, 1711415.961399175], [1050327.720417306, 1711430.9534563788]]], [[[1049967.9110444153, 1711410.9640467737], [1049982.903101619, 1711410.9640467737], [1049987.9004540204, 1711415.961399175], [1049997.8951588229, 1711445.9455135826], [1050002.8925112241, 1711425.9561039775], [1049987.9004540204, 1711405.9666943725], [1049972.9083968166, 1711400.9693419712], [1049967.9110444153, 1711410.9640467737]]], [[[1049987.9004540204, 1711465.9349231876], [1050007.8898636254, 1711485.9243327929], [1050007.8898636254, 1711460.9375707863], [1050002.8925112241, 1711470.9322755889], [1049987.9004540204, 1711465.9349231876]]], [[[1050372.6965889176, 1711485.9243327929], [1050357.7045317136, 1711465.9349231876], [1050362.7018841149, 1711490.9216851941], [1050372.6965889176, 1711485.9243327929]]], [[[1050382.6912937202, 1711515.9084472004], [1050402.6807033252, 1711560.8846188118], [1050412.6754081277, 1711560.8846188118], [1050392.6859985227, 1711515.9084472004], [1050382.6912937202, 1711515.9084472004]]], [[[1050367.6992365161, 1711590.8687332193], [1050372.6965889176, 1711600.8634380219], [1050362.7018841149, 1711605.8607904231], [1050382.6912937202, 1711605.8607904231], [1050412.6754081277, 1711590.8687332193], [1050412.6754081277, 1711560.8846188118], [1050407.6780557265, 1711580.8740284168], [1050367.6992365161, 1711590.8687332193]]], [[[1050237.7680740834, 1712035.6330969315], [1050252.7601312872, 1712040.6304493328], [1050252.7601312872, 1712025.638392129], [1050237.7680740834, 1712035.6330969315]]], [[[1051317.1961927558, 1712925.1618243558], [1051332.1882499596, 1712935.1565291584], [1051332.1882499596, 1712920.1644719546], [1051317.1961927558, 1712890.180357547], [1051317.1961927558, 1712925.1618243558]]], [[[1051377.164421571, 1713020.1115199798], [1051367.1697167684, 1713020.1115199798], [1051367.1697167684, 1713035.1035771836], [1051382.1617739722, 1713040.1009295848], [1051377.164421571, 1713020.1115199798]]], [[[1051447.1273551886, 1713090.0744535974], [1051462.1194123924, 1713090.0744535974], [1051462.1194123924, 1713085.0771011962], [1051447.1273551886, 1713080.079748795], [1051447.1273551886, 1713090.0744535974]]], [[[1051417.143240781, 1713264.9817876415], [1051422.1405931823, 1713279.9738448453], [1051432.1352979848, 1713259.9844352403], [1051432.1352979848, 1713234.997673234], [1051417.143240781, 1713264.9817876415]]], [[[1050692.5271425983, 1716268.3905807994], [1050682.5324377958, 1716268.3905807994], [1050682.5324377958, 1716278.385285602], [1050697.5244949996, 1716283.3826380032], [1050692.5271425983, 1716268.3905807994]]], [[[1050747.4980190122, 1716303.3720476083], [1050737.5033142096, 1716303.3720476083], [1050732.5059618084, 1716293.3773428057], [1050702.5218474008, 1716288.3799904045], [1050722.5112570059, 1716308.3694000095], [1050747.4980190122, 1716313.3667524108], [1050747.4980190122, 1716303.3720476083]]], [[[1050097.842206848, 1716668.1787729003], [1050097.842206848, 1716658.1840680977], [1050087.8475020456, 1716653.1867156965], [1050087.8475020456, 1716668.1787729003], [1050097.842206848, 1716668.1787729003]]], [[[1050087.8475020456, 1716713.1549445116], [1050087.8475020456, 1716698.1628873078], [1050082.8501496443, 1716698.1628873078], [1050077.852797243, 1716718.1522969129], [1050087.8475020456, 1716713.1549445116]]], [[[1050282.7442456947, 1716823.0966973393], [1050292.7389504972, 1716823.0966973393], [1050292.7389504972, 1716808.1046401355], [1050277.7468932935, 1716813.1019925368], [1050282.7442456947, 1716823.0966973393]]], [[[1051097.3126871004, 1717337.8239946694], [1051087.3179822979, 1717292.847823058], [1051087.3179822979, 1717322.8319374656], [1051097.3126871004, 1717337.8239946694]]], [[[1051407.1485359785, 1717692.6360151588], [1051417.143240781, 1717707.6280723626], [1051412.1458883798, 1717677.643957955], [1051402.1511835773, 1717677.643957955], [1051407.1485359785, 1717692.6360151588]]], [[[1051502.0982316025, 1717917.5168732156], [1051512.092936405, 1717917.5168732156], [1051507.0955840037, 1717867.543349203], [1051492.1035268, 1717877.5380540055], [1051492.1035268, 1717902.5248160118], [1051502.0982316025, 1717917.5168732156]], [[1051507.0955840037, 1717907.522168413], [1051497.1008792012, 1717902.5248160118], [1051502.0982316025, 1717887.532758808], [1051507.0955840037, 1717907.522168413]]], [[[1051402.1511835773, 1717932.5089304193], [1051402.1511835773, 1717917.5168732156], [1051392.1564787747, 1717907.522168413], [1051392.1564787747, 1717932.5089304193], [1051402.1511835773, 1717932.5089304193]]], [[[1051427.1379455836, 1717992.4771592345], [1051427.1379455836, 1717982.482454432], [1051412.1458883798, 1717972.4877496294], [1051412.1458883798, 1717987.4798068332], [1051427.1379455836, 1717992.4771592345]]], [[[1051572.06116522, 1718946.9714678752], [1051572.06116522, 1718931.9794106714], [1051582.0558700226, 1718926.9820582701], [1051577.0585176214, 1718901.9952962638], [1051557.0691080163, 1718931.9794106714], [1051557.0691080163, 1718956.9661726777], [1051572.06116522, 1718946.9714678752]]], [[[1050362.7018841149, 1719586.6325752367], [1050367.6992365161, 1719586.6325752367], [1050367.6992365161, 1719556.6484608292], [1050357.7045317136, 1719556.6484608292], [1050362.7018841149, 1719586.6325752367]]], [[[1050497.6303989491, 1719626.6113944468], [1050497.6303989491, 1719616.6166896443], [1050487.6356941466, 1719616.6166896443], [1050477.640989344, 1719636.6060992493], [1050497.6303989491, 1719626.6113944468]]], [[[1050357.7045317136, 1719986.4207673375], [1050372.6965889176, 1720031.396938949], [1050372.6965889176, 1719981.4234149363], [1050367.6992365161, 1719991.4181197388], [1050357.7045317136, 1719986.4207673375]]], [[[1050387.6886461214, 1720031.396938949], [1050372.6965889176, 1720031.396938949], [1050387.6886461214, 1720071.375758159], [1050387.6886461214, 1720031.396938949]]], [[[1050817.4609526298, 1720686.050103514], [1050842.447714636, 1720681.0527511127], [1050842.447714636, 1720676.0553987115], [1050817.4609526298, 1720676.0553987115], [1050817.4609526298, 1720686.050103514]]], [[[1050267.752188491, 1720805.9865611442], [1050262.7548360897, 1720830.9733231505], [1050287.741598096, 1720825.9759707493], [1050287.741598096, 1720805.9865611442], [1050267.752188491, 1720805.9865611442]]], [[[1051457.1220599911, 1722954.8480936864], [1051472.114117195, 1722949.8507412851], [1051462.1194123924, 1722934.8586840814], [1051457.1220599911, 1722954.8480936864]]], [[[1051472.114117195, 1722969.8401508902], [1051467.1167647936, 1722979.8348556927], [1051457.1220599911, 1722974.8375032914], [1051442.1300027873, 1723004.8216176992], [1051482.1088219974, 1722984.8322080942], [1051482.1088219974, 1722969.8401508902], [1051472.114117195, 1722969.8401508902]]], [[[1051177.2703255205, 1723129.7554277307], [1051142.2888587117, 1723129.7554277307], [1051147.286211113, 1723144.7474849345], [1051132.2941539092, 1723149.7448373358], [1051187.265030323, 1723149.7448373358], [1051177.2703255205, 1723129.7554277307]], [[1051177.2703255205, 1723144.7474849345], [1051172.2729731193, 1723139.7501325333], [1051177.2703255205, 1723139.7501325333], [1051177.2703255205, 1723144.7474849345]], [[1051167.275620718, 1723134.752780132], [1051172.2729731193, 1723134.752780132], [1051172.2729731193, 1723139.7501325333], [1051167.275620718, 1723134.752780132]]], [[[1051212.2517923294, 1723154.742189737], [1051207.254439928, 1723139.7501325333], [1051197.2597351256, 1723154.742189737], [1051212.2517923294, 1723154.742189737]]], [[[1050062.8607400393, 1723829.3847639072], [1050052.8660352367, 1723824.387411506], [1050052.8660352367, 1723874.3609355185], [1050062.8607400393, 1723874.3609355185], [1050062.8607400393, 1723829.3847639072]]], [[[1050387.6886461214, 1724149.2153175878], [1050397.683350924, 1724149.2153175878], [1050397.683350924, 1724139.2206127853], [1050387.6886461214, 1724129.2259079828], [1050387.6886461214, 1724149.2153175878]]]]}}, {"type": "Feature", "properties": {"arrival_hour": 33, "arrival_time": "2025-07-19T09:00:00+09:00", "area_m2": 532460.7}, "geometry": {"type": "MultiPolygon", "coordinates": [[[[1022987.2054300078, 1699332.3632929262], [1022982.2080776065, 1699352.3527025313], [1022992.202782409, 1699352.3527025313], [1022997.2001348103, 1699337.3606453275], [1022987.2054300078, 1699332.3632929262]]], [[[1021483.0023572283, 1702285.7985620715], [1021492.9970620308, 1702285.7985620715], [1021497.9944144321, 1702275.803857269], [1021483.0023572283, 1702270.8065048677], [1021483.0023572283, 1702285.7985620715]]], [[[1020903.309478682, 1703150.3405274895], [1020908.3068310833, 1703145.3431750883], [1020908.3068310833, 1703135.3484702858], [1020898.3121262807, 1703130.3511178845], [1020898.3121262807, 1703145.3431750883], [1020903.309478682, 1703150.3405274895]]], [[[1020738.3968494404, 1703155.3378798908], [1020738.3968494404, 1703140.345822687], [1020733.3994970392, 1703135.3484702858], [1020728.4021446379, 1703145.3431750883], [1020738.3968494404, 1703155.3378798908]]], [[[1022272.5840366276, 1703280.2716899223], [1022272.5840366276, 1703295.263747126], [1022282.5787414301, 1703305.2584519286], [1022282.5787414301, 1703280.2716899223], [1022272.5840366276, 1703280.2716899223]]], [[[1022172.6369886023, 1703325.2478615337], [1022177.6343410036, 1703285.2690423236], [1022167.6396362011, 1703290.2663947248], [1022162.6422837998, 1703305.2584519286], [1022172.6369886023, 1703325.2478615337]]], [[[1022482.4728374805, 1703295.263747126], [1022467.4807802767, 1703310.2558043299], [1022472.478132678, 1703325.2478615337], [1022482.4728374805, 1703315.2531567311], [1022482.4728374805, 1703295.263747126]]], [[[1022377.528437054, 1703330.245213935], [1022372.5310846528, 1703330.245213935], [1022372.5310846528, 1703345.2372711387], [1022382.5257894553, 1703345.2372711387], [1022377.528437054, 1703330.245213935]]], [[[1022322.5575606402, 1703315.2531567311], [1022327.5549130414, 1703325.2478615337], [1022342.5469702452, 1703380.2187379475], [1022342.5469702452, 1703330.245213935], [1022332.5522654427, 1703315.2531567311], [1022322.5575606402, 1703315.2531567311]]], [[[1022197.6237506086, 1703340.2399187374], [1022187.6290458061, 1703340.2399187374], [1022182.6316934049, 1703355.2319759412], [1022192.6263982074, 1703350.23462354], [1022197.6237506086, 1703340.2399187374]]], [[[1022192.6263982074, 1703375.2213855463], [1022202.6211030099, 1703370.224033145], [1022202.6211030099, 1703350.23462354], [1022192.6263982074, 1703355.2319759412], [1022192.6263982074, 1703375.2213855463]]], [[[1021942.7587781443, 1703375.2213855463], [1021957.750835348, 1703370.224033145], [1021957.750835348, 1703355.2319759412], [1021947.7561305455, 1703355.2319759412], [1021942.7587781443, 1703375.2213855463]]], [[[1020723.4047922366, 1703380.2187379475], [1020728.4021446379, 1703400.2081475526], [1020738.3968494404, 1703400.2081475526], [1020728.4021446379, 1703380.2187379475], [1020723.4047922366, 1703380.2187379475]]], [[[1022217.6131602137, 1703390.21344275], [1022207.6184554112, 1703390.21344275], [1022202.6211030099, 1703400.2081475526], [1022217.6131602137, 1703400.2081475526], [1022217.6131602137, 1703390.21344275]]], [[[1020948.2856502933, 1703425.1949095589], [1020928.2962406883, 1703440.1869667626], [1020943.2882978921, 1703440.1869667626], [1020948.2856502933, 1703425.1949095589]]], [[[1021867.7984921254, 1703430.1922619601], [1021852.8064349216, 1703435.1896143614], [1021852.8064349216, 1703445.184319164], [1021867.7984921254, 1703445.184319164], [1021867.7984921254, 1703430.1922619601]]], [[[1020973.2724122996, 1703475.1684335715], [1020953.2830026946, 1703475.1684335715], [1020953.2830026946, 1703485.163138374], [1020968.2750598984, 1703485.163138374], [1020973.2724122996, 1703475.1684335715]]], [[[1021897.7826065329, 1703490.1604907752], [1021912.7746637367, 1703500.1551955778], [1021912.7746637367, 1703475.1684335715], [1021907.7773113354, 1703485.163138374], [1021892.7852541317, 1703475.1684335715], [1021897.7826065329, 1703490.1604907752]]], [[[1020998.259174306, 1703490.1604907752], [1021008.2538791085, 1703510.1499003803], [1021008.2538791085, 1703495.1578431765], [1021018.248583911, 1703495.1578431765], [1021018.248583911, 1703485.163138374], [1020998.259174306, 1703490.1604907752]]], [[[1021962.7481877493, 1703495.1578431765], [1021982.7375973543, 1703525.141957584], [1021997.7296545581, 1703525.141957584], [1021997.7296545581, 1703510.1499003803], [1021982.7375973543, 1703495.1578431765], [1021962.7481877493, 1703495.1578431765]]], [[[1021003.2565267072, 1703580.112833998], [1021013.2512315097, 1703575.1154815967], [1021013.2512315097, 1703555.1260719916], [1020998.259174306, 1703555.1260719916], [1021008.2538791085, 1703560.123424393], [1021008.2538791085, 1703570.1181291954], [1020993.2618219047, 1703570.1181291954], [1020998.259174306, 1703605.0995960042], [1021003.2565267072, 1703580.112833998]]], [[[1022912.2451439889, 1703590.1075388005], [1022912.2451439889, 1703600.102243603], [1022922.2398487914, 1703605.0995960042], [1022927.2372011926, 1703595.1048912017], [1022927.2372011926, 1703580.112833998], [1022922.2398487914, 1703590.1075388005], [1022912.2451439889, 1703590.1075388005]]], [[[1020768.380963848, 1703595.1048912017], [1020758.3862590455, 1703600.102243603], [1020758.3862590455, 1703615.0943008068], [1020768.380963848, 1703615.0943008068], [1020768.380963848, 1703595.1048912017]]], [[[1020713.4100874341, 1703615.0943008068], [1020703.4153826316, 1703615.0943008068], [1020718.4074398354, 1703635.0837104118], [1020713.4100874341, 1703655.0731200168], [1020743.3942018417, 1703685.0572344244], [1020733.3994970392, 1703660.070472418], [1020723.4047922366, 1703660.070472418], [1020723.4047922366, 1703635.0837104118], [1020733.3994970392, 1703635.0837104118], [1020718.4074398354, 1703615.0943008068], [1020723.4047922366, 1703595.1048912017], [1020703.4153826316, 1703595.1048912017], [1020713.4100874341, 1703600.102243603], [1020713.4100874341, 1703615.0943008068]], [[1020718.4074398354, 1703620.091653208], [1020718.4074398354, 1703625.0890056093], [1020713.4100874341, 1703625.0890056093], [1020718.4074398354, 1703620.091653208]], [[1020723.4047922366, 1703630.0863580105], [1020718.4074398354, 1703630.0863580105], [1020718.4074398354, 1703625.0890056093], [1020723.4047922366, 1703630.0863580105]]], [[[1020708.4127350328, 1703655.0731200168], [1020708.4127350328, 1703645.0784152143], [1020703.4153826316, 1703635.0837104118], [1020698.4180302303, 1703650.0757676156], [1020708.4127350328, 1703655.0731200168]]], [[[1020753.3889066442, 1703660.070472418], [1020748.3915542429, 1703635.0837104118], [1020733.3994970392, 1703635.0837104118], [1020753.3889066442, 1703660.070472418]]], [[[1020778.3756686505, 1703635.0837104118], [1020773.3783162492, 1703635.0837104118], [1020773.3783162492, 1703665.0678248194], [1020783.3730210518, 1703665.0678248194], [1020778.3756686505, 1703635.0837104118]]], [[[1022887.2583819826, 1703645.0784152143], [1022887.2583819826, 1703670.0651772206], [1022877.26367718, 1703675.0625296219], [1022882.2610295813, 1703685.0572344244], [1022897.2530867851, 1703680.0598820231], [1022902.2504391863, 1703640.081062813], [1022887.2583819826, 1703645.0784152143]]], [[[1021742.8646820938, 1703685.0572344244], [1021747.8620344951, 1703700.0492916282], [1021757.8567392976, 1703695.051939227], [1021762.8540916989, 1703675.0625296219], [1021772.8487965014, 1703675.0625296219], [1021772.8487965014, 1703645.0784152143], [1021762.8540916989, 1703655.0731200168], [1021767.8514441001, 1703660.070472418], [1021742.8646820938, 1703685.0572344244]]], [[[1020718.4074398354, 1703695.051939227], [1020733.3994970392, 1703705.0466440294], [1020738.3968494404, 1703740.0281108383], [1020748.3915542429, 1703745.0254632395], [1020753.3889066442, 1703775.009577647], [1020763.3836114467, 1703785.0042824496], [1020778.3756686505, 1703780.0069300483], [1020768.380963848, 1703775.009577647], [1020773.3783162492, 1703765.0148728446], [1020763.3836114467, 1703755.020168042], [1020763.3836114467, 1703730.0334060357], [1020748.3915542429, 1703720.0387012332], [1020748.3915542429, 1703685.0572344244], [1020738.3968494404, 1703700.0492916282], [1020723.4047922366, 1703680.0598820231], [1020713.4100874341, 1703680.0598820231], [1020718.4074398354, 1703695.051939227]], [[1020753.3889066442, 1703740.0281108383], [1020743.3942018417, 1703740.0281108383], [1020743.3942018417, 1703725.0360536345], [1020753.3889066442, 1703730.0334060357], [1020753.3889066442, 1703740.0281108383]]], [[[1022837.28485797, 1703814.9883968572], [1022847.2795627725, 1703814.9883968572], [1022842.2822103712, 1703790.0016348509], [1022832.2875055687, 1703790.0016348509], [1022837.28485797, 1703814.9883968572]]], [[[1023202.0915832621, 1705044.3370875674], [1023182.102173657, 1705049.3344399687], [1023187.0995260583, 1705064.3264971725], [1023192.0968784596, 1705049.3344399687], [1023202.0915832621, 1705054.33179237], [1023202.0915832621, 1705044.3370875674]]], [[[1023162.112764052, 1705054.33179237], [1023177.1048212558, 1705069.3238495737], [1023182.102173657, 1705054.33179237], [1023162.112764052, 1705049.3344399687], [1023162.112764052, 1705054.33179237]]], [[[1022162.6422837998, 1705748.9637761451], [1022177.6343410036, 1705743.9664237439], [1022187.6290458061, 1705753.9611285464], [1022177.6343410036, 1705763.955833349], [1022197.6237506086, 1705768.9531857504], [1022197.6237506086, 1705753.9611285464], [1022172.6369886023, 1705728.97436654], [1022162.6422837998, 1705733.9717189413], [1022162.6422837998, 1705748.9637761451]]], [[[1023147.1207068482, 1705948.8578721958], [1023137.1260020457, 1705953.855224597], [1023137.1260020457, 1705973.844634202], [1023147.1207068482, 1705973.844634202], [1023147.1207068482, 1705948.8578721958]]], [[[1022912.2451439889, 1706073.7916822273], [1022917.2424963901, 1706088.783739431], [1022932.2345535939, 1706083.7863870298], [1022922.2398487914, 1706073.7916822273], [1022912.2451439889, 1706073.7916822273]]], [[[1023012.1921920141, 1706198.7254922588], [1023032.1816016191, 1706203.72284466], [1023027.1842492179, 1706183.733435055], [1023022.1868968166, 1706193.7281398575], [1023007.1948396128, 1706188.7307874563], [1023012.1921920141, 1706198.7254922588]]], [[[1023042.1763064216, 1706208.7201970613], [1023022.1868968166, 1706203.72284466], [1023027.1842492179, 1706218.7149018638], [1023042.1763064216, 1706218.7149018638], [1023042.1763064216, 1706208.7201970613]]], [[[1023197.0942308608, 1706213.7175494626], [1023232.0756976696, 1706218.7149018638], [1023232.0756976696, 1706208.7201970613], [1023202.0915832621, 1706203.72284466], [1023197.0942308608, 1706213.7175494626]]], [[[1023162.112764052, 1706228.7096066664], [1023147.1207068482, 1706218.7149018638], [1023142.123354447, 1706233.7069590676], [1023162.112764052, 1706243.7016638701], [1023162.112764052, 1706228.7096066664]]], [[[1022062.6952357745, 1706238.7043114689], [1022037.7084737682, 1706233.7069590676], [1022042.7058261695, 1706248.6990162714], [1022062.6952357745, 1706248.6990162714], [1022072.689940577, 1706263.6910734752], [1022072.689940577, 1706248.6990162714], [1022062.6952357745, 1706238.7043114689]]], [[[1023122.1339448419, 1706258.693721074], [1023137.1260020457, 1706263.6910734752], [1023127.1312972432, 1706253.6963686727], [1023127.1312972432, 1706238.7043114689], [1023112.1392400394, 1706238.7043114689], [1023122.1339448419, 1706258.693721074]]], [[[1021982.7375973543, 1706243.7016638701], [1021977.7402449531, 1706258.693721074], [1021992.7323021569, 1706263.6910734752], [1021982.7375973543, 1706243.7016638701]]], [[[1022137.6555217935, 1706248.6990162714], [1022127.6608169909, 1706258.693721074], [1022132.6581693921, 1706273.6857782777], [1022142.6528741948, 1706258.693721074], [1022137.6555217935, 1706248.6990162714]]], [[[1022092.6793501821, 1706288.6778354815], [1022087.6819977808, 1706288.6778354815], [1022087.6819977808, 1706303.6698926853], [1022097.6767025833, 1706303.6698926853], [1022092.6793501821, 1706288.6778354815]]], [[[1022157.6449313986, 1706308.6672450865], [1022152.6475789973, 1706308.6672450865], [1022152.6475789973, 1706323.6593022903], [1022162.6422837998, 1706323.6593022903], [1022157.6449313986, 1706308.6672450865]]], [[[1023197.0942308608, 1706298.672540284], [1023172.1074688545, 1706298.672540284], [1023187.0995260583, 1706303.6698926853], [1023187.0995260583, 1706373.632826303], [1023167.1101164533, 1706383.6275311054], [1023162.112764052, 1706393.622235908], [1023162.112764052, 1706408.6142931117], [1023177.1048212558, 1706403.6169407105], [1023197.0942308608, 1706358.6407690991], [1023197.0942308608, 1706298.672540284]]], [[[1023177.1048212558, 1706358.6407690991], [1023172.1074688545, 1706338.651359494], [1023162.112764052, 1706338.651359494], [1023167.1101164533, 1706348.6460642966], [1023157.1154116507, 1706368.6354739016], [1023147.1207068482, 1706368.6354739016], [1023152.1180592495, 1706383.6275311054], [1023177.1048212558, 1706358.6407690991]], [[1023167.1101164533, 1706353.6434166979], [1023172.1074688545, 1706353.6434166979], [1023172.1074688545, 1706358.6407690991], [1023167.1101164533, 1706353.6434166979]]], [[[1022307.5655034364, 1706378.6301787042], [1022307.5655034364, 1706353.6434166979], [1022302.5681510351, 1706348.6460642966], [1022297.5707986339, 1706373.632826303], [1022307.5655034364, 1706378.6301787042]]], [[[1021937.761425743, 1706423.6063503155], [1021937.761425743, 1706408.6142931117], [1021932.7640733417, 1706403.6169407105], [1021927.7667209405, 1706418.6089979142], [1021937.761425743, 1706423.6063503155]]], [[[1021967.7455401506, 1706428.6037027168], [1021952.7534829468, 1706428.6037027168], [1021957.750835348, 1706438.5984075193], [1021967.7455401506, 1706438.5984075193], [1021967.7455401506, 1706428.6037027168]]], [[[1022477.4754850792, 1706463.5851695256], [1022492.467542283, 1706463.5851695256], [1022492.467542283, 1706453.590464723], [1022482.4728374805, 1706438.5984075193], [1022467.4807802767, 1706438.5984075193], [1022477.4754850792, 1706463.5851695256]], [[1022477.4754850792, 1706448.5931123218], [1022482.4728374805, 1706448.5931123218], [1022482.4728374805, 1706453.590464723], [1022477.4754850792, 1706448.5931123218]]], [[[1022837.28485797, 1706468.5825219268], [1022847.2795627725, 1706468.5825219268], [1022847.2795627725, 1706443.5957599205], [1022832.2875055687, 1706438.5984075193], [1022827.2901531674, 1706453.590464723], [1022837.28485797, 1706468.5825219268]], [[1022837.28485797, 1706453.590464723], [1022842.2822103712, 1706453.590464723], [1022842.2822103712, 1706458.5878171243], [1022837.28485797, 1706453.590464723]]], [[[1022082.6846453795, 1706453.590464723], [1022072.689940577, 1706448.5931123218], [1022072.689940577, 1706473.579874328], [1022077.6872929783, 1706468.5825219268], [1022082.6846453795, 1706453.590464723]]], [[[1022092.6793501821, 1706463.5851695256], [1022087.6819977808, 1706463.5851695256], [1022082.6846453795, 1706478.5772267294], [1022092.6793501821, 1706478.5772267294], [1022092.6793501821, 1706463.5851695256]]], [[[1022367.5337322515, 1706633.4951511684], [1022362.5363798502, 1706623.500446366], [1022352.5416750477, 1706623.500446366], [1022357.539027449, 1706593.5163319584], [1022367.5337322515, 1706588.518979557], [1022367.5337322515, 1706598.5136843596], [1022377.528437054, 1706598.5136843596], [1022372.5310846528, 1706578.5242747546], [1022362.5363798502, 1706578.5242747546], [1022352.5416750477, 1706598.5136843596], [1022332.5522654427, 1706613.5057415634], [1022347.5443226465, 1706613.5057415634], [1022347.5443226465, 1706628.4977987672], [1022367.5337322515, 1706633.4951511684]]], [[[1022357.539027449, 1706608.5083891621], [1022372.5310846528, 1706613.5057415634], [1022377.528437054, 1706603.5110367609], [1022357.539027449, 1706603.5110367609], [1022357.539027449, 1706608.5083891621]]], [[[1023157.1154116507, 1706663.479265576], [1023157.1154116507, 1706683.468675181], [1023162.112764052, 1706693.4633799836], [1023172.1074688545, 1706683.468675181], [1023157.1154116507, 1706663.479265576]]], [[[1022302.5681510351, 1706723.4474943911], [1022312.5628558376, 1706723.4474943911], [1022307.5655034364, 1706698.4607323848], [1022297.5707986339, 1706698.4607323848], [1022302.5681510351, 1706723.4474943911]], [[1022302.5681510351, 1706708.4554371873], [1022307.5655034364, 1706708.4554371873], [1022307.5655034364, 1706713.4527895886], [1022302.5681510351, 1706708.4554371873]]], [[[1022352.5416750477, 1706733.4421991936], [1022327.5549130414, 1706723.4474943911], [1022337.5496178439, 1706743.4369039962], [1022352.5416750477, 1706753.4316087987], [1022352.5416750477, 1706733.4421991936]]], [[[1022402.5151990603, 1706738.439551595], [1022402.5151990603, 1706748.4342563974], [1022412.5099038628, 1706753.4316087987], [1022417.5072562641, 1706743.4369039962], [1022402.5151990603, 1706738.439551595]]], [[[1022462.4834278754, 1706753.4316087987], [1022447.4913706717, 1706753.4316087987], [1022447.4913706717, 1706763.4263136012], [1022462.4834278754, 1706758.4289612], [1022462.4834278754, 1706753.4316087987]]], [[[1022427.5019610666, 1706773.4210184037], [1022427.5019610666, 1706753.4316087987], [1022422.5046086654, 1706748.4342563974], [1022417.5072562641, 1706758.4289612], [1022427.5019610666, 1706773.4210184037]]], [[[1022367.5337322515, 1706773.4210184037], [1022367.5337322515, 1706763.4263136012], [1022357.539027449, 1706758.4289612], [1022352.5416750477, 1706768.4236660025], [1022367.5337322515, 1706773.4210184037]]], [[[1022162.6422837998, 1706783.4157232062], [1022177.6343410036, 1706783.4157232062], [1022162.6422837998, 1706768.4236660025], [1022162.6422837998, 1706783.4157232062]]], [[[1022457.4860754742, 1706803.4051328113], [1022467.4807802767, 1706803.4051328113], [1022472.478132678, 1706778.418370805], [1022462.4834278754, 1706758.4289612], [1022457.4860754742, 1706803.4051328113]]], [[[1023202.0915832621, 1706803.4051328113], [1023197.0942308608, 1706818.397190015], [1023187.0995260583, 1706818.397190015], [1023187.0995260583, 1706828.3918948176], [1023202.0915832621, 1706823.3945424163], [1023202.0915832621, 1706803.4051328113]]], [[[1022497.4648946843, 1706983.3098192567], [1022497.4648946843, 1706953.325704849], [1022487.4701898817, 1706963.3204096516], [1022487.4701898817, 1706983.3098192567], [1022497.4648946843, 1706983.3098192567]]], [[[1023212.0862880646, 1706983.3098192567], [1023212.0862880646, 1706993.3045240592], [1023217.0836404659, 1706978.3124668554], [1023207.0889356633, 1706978.3124668554], [1023197.0942308608, 1706968.3177620529], [1023197.0942308608, 1706983.3098192567], [1023212.0862880646, 1706983.3098192567]]], [[[1023202.0915832621, 1706988.307171658], [1023197.0942308608, 1706988.307171658], [1023197.0942308608, 1707008.296581263], [1023207.0889356633, 1707008.296581263], [1023202.0915832621, 1706988.307171658]]], [[[1023202.0915832621, 1707083.2568672819], [1023207.0889356633, 1707103.246276887], [1023222.0809928671, 1707103.246276887], [1023212.0862880646, 1707083.2568672819], [1023202.0915832621, 1707083.2568672819]]], [[[1022912.2451439889, 1707173.2092105045], [1022922.2398487914, 1707173.2092105045], [1022927.2372011926, 1707158.2171533008], [1022917.2424963901, 1707158.2171533008], [1022912.2451439889, 1707173.2092105045]]], [[[1023187.0995260583, 1707188.2012677083], [1023187.0995260583, 1707163.214505702], [1023172.1074688545, 1707168.2118581033], [1023167.1101164533, 1707193.1986201096], [1023187.0995260583, 1707188.2012677083]]], [[[1022832.2875055687, 1707413.082125765], [1022842.2822103712, 1707413.082125765], [1022837.28485797, 1707398.0900685613], [1022827.2901531674, 1707398.0900685613], [1022832.2875055687, 1707413.082125765]]], [[[1022342.5469702452, 1707737.9100318472], [1022332.5522654427, 1707717.9206222421], [1022337.5496178439, 1707702.9285650384], [1022327.5549130414, 1707697.931212637], [1022327.5549130414, 1707722.9179746434], [1022342.5469702452, 1707737.9100318472]]], [[[1022482.4728374805, 1708092.7220523367], [1022492.467542283, 1708102.7167571392], [1022497.4648946843, 1708082.7273475341], [1022482.4728374805, 1708077.729995133], [1022477.4754850792, 1708097.719404738], [1022482.4728374805, 1708092.7220523367]]], [[[1022302.5681510351, 1708092.7220523367], [1022297.5707986339, 1708092.7220523367], [1022292.5734462326, 1708107.7141095405], [1022302.5681510351, 1708107.7141095405], [1022302.5681510351, 1708092.7220523367]]], [[[1022587.417237907, 1708697.4016928892], [1022582.4198855057, 1708697.4016928892], [1022582.4198855057, 1708712.393750093], [1022592.4145903082, 1708712.393750093], [1022587.417237907, 1708697.4016928892]]], [[[1023207.0889356633, 1709292.0866286391], [1023197.0942308608, 1709287.0892762379], [1023202.0915832621, 1709307.078685843], [1023207.0889356633, 1709302.0813334417], [1023207.0889356633, 1709292.0866286391]]], [[[1023212.0862880646, 1709312.0760382442], [1023202.0915832621, 1709332.0654478492], [1023212.0862880646, 1709327.068095448], [1023222.0809928671, 1709337.0628002505], [1023227.0783452684, 1709337.0628002505], [1023222.0809928671, 1709312.0760382442], [1023212.0862880646, 1709312.0760382442]]], [[[1022677.3695811296, 1709422.017791072], [1022672.3722287284, 1709442.007200677], [1022682.3669335309, 1709456.9992578807], [1022702.3563431359, 1709461.996610282], [1022712.3510479385, 1709481.986019887], [1022722.345752741, 1709481.986019887], [1022712.3510479385, 1709471.9913150845], [1022707.3536955372, 1709432.0124958744], [1022697.3589907347, 1709422.017791072], [1022677.3695811296, 1709422.017791072]]], [[[1022722.345752741, 1709526.9621914984], [1022747.3325147473, 1709541.9542487022], [1022762.3245719511, 1709541.9542487022], [1022752.3298671485, 1709521.964839097], [1022722.345752741, 1709516.9674866959], [1022722.345752741, 1709526.9621914984]]], [[[1022817.2954483649, 1709596.9251251162], [1022822.2928007662, 1709586.9304203135], [1022827.2901531674, 1709551.9489535047], [1022822.2928007662, 1709541.9542487022], [1022812.2980959637, 1709541.9542487022], [1022807.3007435624, 1709556.946305906], [1022822.2928007662, 1709556.946305906], [1022822.2928007662, 1709581.9330679122], [1022812.2980959637, 1709586.9304203135], [1022807.3007435624, 1709576.935715511], [1022807.3007435624, 1709596.9251251162], [1022817.2954483649, 1709596.9251251162]]], [[[1022922.2398487914, 1709651.89600153], [1022912.2451439889, 1709641.9012967276], [1022902.2504391863, 1709651.89600153], [1022917.2424963901, 1709661.8907063326], [1022917.2424963901, 1709671.8854111352], [1022907.2477915876, 1709671.8854111352], [1022902.2504391863, 1709661.8907063326], [1022882.2610295813, 1709666.888058734], [1022902.2504391863, 1709671.8854111352], [1022902.2504391863, 1709681.8801159377], [1022912.2451439889, 1709686.877468339], [1022922.2398487914, 1709681.8801159377], [1022922.2398487914, 1709651.89600153]]], [[[1022857.274267575, 1710326.5385757003], [1022867.2689723775, 1710321.541223299], [1022867.2689723775, 1710311.5465184965], [1022857.274267575, 1710306.5491660952], [1022857.274267575, 1710326.5385757003]]], [[[1022792.3086863586, 1710531.430024152], [1022782.3139815561, 1710546.4220813557], [1022792.3086863586, 1710566.4114909607], [1022802.3033911611, 1710566.4114909607], [1022807.3007435624, 1710546.4220813557], [1022792.3086863586, 1710531.430024152]]], [[[1022767.3219243523, 1710676.3532437885], [1022792.3086863586, 1710681.3505961897], [1022787.3113339574, 1710671.3558913872], [1022767.3219243523, 1710671.3558913872], [1022767.3219243523, 1710676.3532437885]]], [[[1022642.3881143208, 1710671.3558913872], [1022637.3907619196, 1710671.3558913872], [1022637.3907619196, 1710686.347948591], [1022647.3854667221, 1710686.347948591], [1022642.3881143208, 1710671.3558913872]]], [[[1022592.4145903082, 1710936.215568654], [1022602.4092951107, 1710926.2208638515], [1022602.4092951107, 1710911.2288066477], [1022592.4145903082, 1710916.226159049], [1022592.4145903082, 1710936.215568654]]], [[[1022642.3881143208, 1710971.1970354628], [1022622.3987047158, 1710976.194387864], [1022617.4013523145, 1711006.1785022717], [1022637.3907619196, 1711006.1785022717], [1022642.3881143208, 1710971.1970354628]]], [[[1022582.4198855057, 1711006.1785022717], [1022572.4251807032, 1711006.1785022717], [1022572.4251807032, 1711021.1705594754], [1022582.4198855057, 1711016.1732070742], [1022582.4198855057, 1711006.1785022717]]], [[[1022547.4384186969, 1711081.1387882906], [1022562.4304759006, 1711076.1414358893], [1022562.4304759006, 1711061.1493786855], [1022552.4357710981, 1711061.1493786855], [1022547.4384186969, 1711071.144083488], [1022537.4437138943, 1711071.144083488], [1022537.4437138943, 1711106.1255502969], [1022547.4384186969, 1711081.1387882906]]], [[[1022587.417237907, 1711595.8660856206], [1022567.4278283019, 1711575.8766760156], [1022572.4251807032, 1711605.8607904231], [1022587.417237907, 1711605.8607904231], [1022587.417237907, 1711595.8660856206]]], [[[1022602.4092951107, 1711620.852847627], [1022597.4119427095, 1711620.852847627], [1022597.4119427095, 1711635.8449048307], [1022607.406647512, 1711635.8449048307], [1022602.4092951107, 1711620.852847627]]], [[[1022702.3563431359, 1711825.7442960786], [1022692.3616383334, 1711840.7363532824], [1022697.3589907347, 1711875.7178200912], [1022707.3536955372, 1711870.72046769], [1022702.3563431359, 1711825.7442960786]]], [[[1022107.6714073858, 1715553.7691874192], [1022127.6608169909, 1715553.7691874192], [1022132.6581693921, 1715548.771835018], [1022122.6634645896, 1715543.7744826167], [1022107.6714073858, 1715553.7691874192]]], [[[1021997.7296545581, 1716168.4435327742], [1022017.7190641632, 1716188.4329423793], [1022017.7190641632, 1716203.424999583], [1022042.7058261695, 1716203.424999583], [1022042.7058261695, 1716193.4302947805], [1022022.7164165644, 1716183.435589978], [1022012.7217117619, 1716163.446180373], [1021992.7323021569, 1716148.4541231692], [1021997.7296545581, 1716168.4435327742]]], [[[1020728.4021446379, 1718042.450683247], [1020728.4021446379, 1718062.440092852], [1020738.3968494404, 1718062.440092852], [1020733.3994970392, 1718042.450683247], [1020728.4021446379, 1718042.450683247]]], [[[1027489.8199435439, 1694609.8652737348], [1027514.8067055502, 1694609.8652737348], [1027499.8146483464, 1694579.8811593272], [1027489.8199435439, 1694579.8811593272], [1027489.8199435439, 1694609.8652737348]]], [[[1027564.7802295628, 1694644.8467405436], [1027584.7696391678, 1694644.8467405436], [1027584.7696391678, 1694634.852035741], [1027574.7749343653, 1694634.852035741], [1027569.777581964, 1694624.8573309386], [1027559.7828771615, 1694624.8573309386], [1027564.7802295628, 1694644.8467405436]]], [[[1027539.7934675565, 1694654.8414453461], [1027524.8014103527, 1694649.8440929449], [1027529.798762754, 1694674.8308549512], [1027539.7934675565, 1694654.8414453461]]], [[[1027579.7722867666, 1694669.83350255], [1027584.7696391678, 1694689.822912155], [1027599.7616963716, 1694689.822912155], [1027589.7669915691, 1694669.83350255], [1027579.7722867666, 1694669.83350255]]], [[[1027259.9417330859, 1694664.8361501487], [1027249.9470282834, 1694679.8282073524], [1027249.9470282834, 1694709.81232176], [1027259.9417330859, 1694709.81232176], [1027259.9417330859, 1694664.8361501487]]], [[[1027414.859657525, 1694724.8043789638], [1027444.8437719325, 1694719.8070265625], [1027444.8437719325, 1694714.8096741613], [1027424.8543623275, 1694704.8149693587], [1027414.859657525, 1694709.81232176], [1027414.859657525, 1694724.8043789638]]], [[[1027035.0608750292, 1694749.79114097], [1027050.052932233, 1694749.79114097], [1027055.0502846342, 1694739.7964361676], [1027045.0555798317, 1694739.7964361676], [1027035.0608750292, 1694749.79114097]]], [[[1027095.0291038443, 1694734.7990837663], [1027095.0291038443, 1694779.7752553776], [1027115.0185134494, 1694784.772607779], [1027115.0185134494, 1694744.7937885688], [1027110.0211610481, 1694734.7990837663], [1027095.0291038443, 1694734.7990837663]]], [[[1027244.9496758821, 1694784.772607779], [1027259.9417330859, 1694784.772607779], [1027269.9364378884, 1694794.7673125814], [1027279.9311426909, 1694774.7779029764], [1027274.9337902897, 1694754.7884933713], [1027234.9549710796, 1694744.7937885688], [1027234.9549710796, 1694769.7805505751], [1027244.9496758821, 1694784.772607779]]], [[[1027189.9787994683, 1694769.7805505751], [1027194.9761518695, 1694819.7540745877], [1027204.970856672, 1694819.7540745877], [1027209.9682090733, 1694809.7593697852], [1027199.9735042708, 1694749.79114097], [1027189.9787994683, 1694769.7805505751]]], [[[1027489.8199435439, 1694849.7381889953], [1027459.8358291363, 1694849.7381889953], [1027469.8305339388, 1694869.7275986003], [1027494.8172959451, 1694884.719655804], [1027504.8120007477, 1694884.719655804], [1027499.8146483464, 1694854.7355413965], [1027489.8199435439, 1694849.7381889953]]], [[[1027409.8623051237, 1694924.6984750142], [1027419.8570099262, 1694924.6984750142], [1027419.8570099262, 1694904.7090654091], [1027409.8623051237, 1694889.7170082054], [1027399.8676003212, 1694889.7170082054], [1027409.8623051237, 1694924.6984750142]]], [[[1027474.8278863401, 1694944.6878846192], [1027464.8331815376, 1694944.6878846192], [1027464.8331815376, 1694969.6746466255], [1027479.8252387414, 1694969.6746466255], [1027474.8278863401, 1694944.6878846192]]], [[[1027429.8517147287, 1694979.669351428], [1027439.8464195313, 1694974.6719990268], [1027439.8464195313, 1694959.679941823], [1027424.8543623275, 1694959.679941823], [1027429.8517147287, 1694979.669351428]]], [[[1027499.8146483464, 1695024.6455230394], [1027474.8278863401, 1695029.6428754407], [1027479.8252387414, 1695039.6375802432], [1027489.8199435439, 1695039.6375802432], [1027499.8146483464, 1695024.6455230394]]], [[[1027479.8252387414, 1695094.608456657], [1027484.8225911426, 1695104.6031614596], [1027504.8120007477, 1695099.6058090583], [1027509.8093531489, 1695089.6111042558], [1027479.8252387414, 1695094.608456657]]], [[[1026265.468605235, 1695609.3357539868], [1026280.4606624388, 1695604.3384015856], [1026280.4606624388, 1695594.343696783], [1026250.4765480312, 1695589.3463443818], [1026250.4765480312, 1695604.3384015856], [1026265.468605235, 1695609.3357539868]]], [[[1026450.3706440816, 1695609.3357539868], [1026460.3653488841, 1695619.3304587894], [1026470.3600536867, 1695619.3304587894], [1026460.3653488841, 1695614.333106388], [1026470.3600536867, 1695604.3384015856], [1026455.3679964829, 1695594.343696783], [1026450.3706440816, 1695609.3357539868]]], [[[1026485.3521108904, 1695654.3119255982], [1026490.3494632917, 1695639.3198683944], [1026480.3547584892, 1695634.3225159931], [1026480.3547584892, 1695624.3278111906], [1026465.3627012854, 1695624.3278111906], [1026480.3547584892, 1695644.3172207957], [1026475.3574060879, 1695654.3119255982], [1026485.3521108904, 1695654.3119255982]]], [[[1026510.3388728967, 1695659.3092779994], [1026515.336225298, 1695649.314573197], [1026530.3282825018, 1695649.314573197], [1026535.325634903, 1695629.325163592], [1026505.3415204955, 1695634.3225159931], [1026510.3388728967, 1695659.3092779994]], [[1026515.336225298, 1695634.3225159931], [1026525.3309301005, 1695634.3225159931], [1026525.3309301005, 1695639.3198683944], [1026515.336225298, 1695634.3225159931]]], [[[1026605.2885685207, 1695664.3066304007], [1026585.2991589156, 1695644.3172207957], [1026575.3044541131, 1695644.3172207957], [1026590.2965113169, 1695664.3066304007], [1026605.2885685207, 1695664.3066304007]]], [[[1026510.3388728967, 1695669.303982802], [1026500.3441680942, 1695649.314573197], [1026490.3494632917, 1695654.3119255982], [1026500.3441680942, 1695674.3013352032], [1026525.3309301005, 1695674.3013352032], [1026525.3309301005, 1695664.3066304007], [1026510.3388728967, 1695669.303982802]]], [[[1026410.3918248715, 1695664.3066304007], [1026425.3838820753, 1695669.303982802], [1026425.3838820753, 1695659.3092779994], [1026415.3891772728, 1695654.3119255982], [1026410.3918248715, 1695664.3066304007]]], [[[1026555.3150445081, 1695689.293392407], [1026575.3044541131, 1695689.293392407], [1026580.3018065144, 1695679.2986876045], [1026560.3123969093, 1695679.2986876045], [1026555.3150445081, 1695689.293392407]]], [[[1026715.2303213484, 1695699.2880972095], [1026710.2329689472, 1695734.2695640184], [1026720.2276737497, 1695729.272211617], [1026725.2250261509, 1695704.2854496108], [1026715.2303213484, 1695699.2880972095]]], [[[1027589.7669915691, 1695804.232497636], [1027629.7458107792, 1695809.2298500373], [1027619.7511059766, 1695779.2457356297], [1027569.777581964, 1695794.2377928335], [1027569.777581964, 1695814.2272024385], [1027584.7696391678, 1695814.2272024385], [1027589.7669915691, 1695804.232497636]]], [[[1027624.7484583779, 1695899.18219326], [1027594.7643439703, 1695909.1768980625], [1027589.7669915691, 1695939.16101247], [1027609.7564011741, 1695934.1636600688], [1027599.7616963716, 1695929.1663076675], [1027599.7616963716, 1695919.171602865], [1027619.7511059766, 1695924.1689552662], [1027619.7511059766, 1695914.1742504637], [1027624.7484583779, 1695899.18219326]]], [[[1027499.8146483464, 1696643.787701048], [1027479.8252387414, 1696653.7824058505], [1027479.8252387414, 1696663.777110653], [1027494.8172959451, 1696658.7797582517], [1027499.8146483464, 1696643.787701048]]], [[[1027479.8252387414, 1696668.7744630543], [1027469.8305339388, 1696673.7718154555], [1027474.8278863401, 1696693.7612250606], [1027484.8225911426, 1696688.7638726593], [1027479.8252387414, 1696668.7744630543]]], [[[1025850.6883559303, 1697568.297895281], [1025830.6989463252, 1697573.2952476824], [1025835.6962987265, 1697588.2873048862], [1025845.691003529, 1697588.2873048862], [1025865.680413134, 1697568.297895281], [1025865.680413134, 1697553.3058380773], [1025860.6830607328, 1697558.3031904786], [1025850.6883559303, 1697553.3058380773], [1025850.6883559303, 1697533.3164284723], [1025840.6936511277, 1697543.3111332748], [1025850.6883559303, 1697568.297895281]]], [[[1025081.0960861362, 1698128.0013642225], [1025096.08814334, 1698132.9987166238], [1025101.0854957412, 1698123.0040118212], [1025081.0960861362, 1698123.0040118212], [1025081.0960861362, 1698128.0013642225]]], [[[1026600.2912161194, 1698162.9828310313], [1026590.2965113169, 1698167.9801834326], [1026595.2938637182, 1698177.974888235], [1026605.2885685207, 1698172.9775358338], [1026600.2912161194, 1698162.9828310313]]], [[[1026450.3706440816, 1698332.8928126742], [1026480.3547584892, 1698317.9007554704], [1026475.3574060879, 1698307.9060506679], [1026405.3944724703, 1698307.9060506679], [1026405.3944724703, 1698317.9007554704], [1026445.3732916804, 1698317.9007554704], [1026450.3706440816, 1698332.8928126742]]], [[[1026010.6036327707, 1698407.853098693], [1026000.6089279682, 1698387.863689088], [1025950.6354039555, 1698397.8583938906], [1025950.6354039555, 1698407.853098693], [1026010.6036327707, 1698407.853098693]], [[1026000.6089279682, 1698397.8583938906], [1026000.6089279682, 1698402.8557462918], [1025995.6115755669, 1698397.8583938906], [1026000.6089279682, 1698397.8583938906]]], [[[1026085.5639187896, 1698412.8504510943], [1026065.5745091846, 1698417.8478034956], [1026065.5745091846, 1698427.842508298], [1026085.5639187896, 1698432.8398606994], [1026100.5559759934, 1698452.8292703044], [1026110.5506807959, 1698452.8292703044], [1026110.5506807959, 1698442.834565502], [1026125.5427379997, 1698442.834565502], [1026110.5506807959, 1698427.842508298], [1026090.5612711909, 1698427.842508298], [1026085.5639187896, 1698412.8504510943]]], [[[1025995.6115755669, 1698432.8398606994], [1025975.6221659619, 1698432.8398606994], [1025975.6221659619, 1698442.834565502], [1025985.6168707644, 1698447.8319179032], [1025985.6168707644, 1698437.8372131006], [1025995.6115755669, 1698432.8398606994]]], [[[1026610.285920922, 1698447.8319179032], [1026595.2938637182, 1698452.8292703044], [1026600.2912161194, 1698462.823975107], [1026610.285920922, 1698457.8266227057], [1026610.285920922, 1698447.8319179032]]], [[[1026640.2700353295, 1698447.8319179032], [1026665.2567973358, 1698472.8186799095], [1026660.2594449345, 1698477.8160323107], [1026665.2567973358, 1698492.8080895145], [1026675.2515021383, 1698462.823975107], [1026655.2620925333, 1698452.8292703044], [1026655.2620925333, 1698442.834565502], [1026640.2700353295, 1698437.8372131006], [1026640.2700353295, 1698447.8319179032]]], [[[1026560.3123969093, 1698467.8213275082], [1026575.3044541131, 1698477.8160323107], [1026595.2938637182, 1698472.8186799095], [1026600.2912161194, 1698462.823975107], [1026585.2991589156, 1698457.8266227057], [1026560.3123969093, 1698467.8213275082]]], [[[1026135.5374428022, 1698487.8107371132], [1026130.540090401, 1698472.8186799095], [1026110.5506807959, 1698472.8186799095], [1026115.5480331972, 1698492.8080895145], [1026135.5374428022, 1698487.8107371132]], [[1026125.5427379997, 1698487.8107371132], [1026115.5480331972, 1698487.8107371132], [1026115.5480331972, 1698477.8160323107], [1026125.5427379997, 1698477.8160323107], [1026125.5427379997, 1698487.8107371132]]], [[[1026065.5745091846, 1698502.802794317], [1026055.579804382, 1698502.802794317], [1026050.5824519808, 1698512.7974991195], [1026065.5745091846, 1698512.7974991195], [1026065.5745091846, 1698502.802794317]]], [[[1026105.5533283947, 1698502.802794317], [1026080.5665663884, 1698502.802794317], [1026090.5612711909, 1698522.792203922], [1026105.5533283947, 1698502.802794317]]], [[[1026590.2965113169, 1698527.7895563233], [1026600.2912161194, 1698527.7895563233], [1026600.2912161194, 1698517.7948515208], [1026575.3044541131, 1698512.7974991195], [1026565.3097493106, 1698522.792203922], [1026570.3071017119, 1698547.7789659284], [1026590.2965113169, 1698527.7895563233]]], [[[1026560.3123969093, 1698562.7710231321], [1026560.3123969093, 1698572.7657279347], [1026570.3071017119, 1698572.7657279347], [1026575.3044541131, 1698552.7763183296], [1026560.3123969093, 1698562.7710231321]]], [[[1026060.5771567833, 1698607.7471947435], [1026065.5745091846, 1698627.7366043485], [1026080.5665663884, 1698627.7366043485], [1026075.5692139871, 1698607.7471947435], [1026060.5771567833, 1698607.7471947435]]], [[[1026305.4474244451, 1698642.7286615523], [1026305.4474244451, 1698632.7339567498], [1026300.4500720438, 1698622.7392519473], [1026295.4527196425, 1698637.731309151], [1026305.4474244451, 1698642.7286615523]]], [[[1026390.4024152665, 1698642.7286615523], [1026385.4050628652, 1698642.7286615523], [1026385.4050628652, 1698657.720718756], [1026395.3997676678, 1698657.720718756], [1026390.4024152665, 1698642.7286615523]]], [[[1026175.5162620123, 1698652.7233663548], [1026195.5056716173, 1698657.720718756], [1026190.5083192161, 1698647.7260139536], [1026175.5162620123, 1698647.7260139536], [1026175.5162620123, 1698652.7233663548]]], [[[1026645.2673877308, 1698637.731309151], [1026640.2700353295, 1698652.7233663548], [1026630.275330527, 1698652.7233663548], [1026645.2673877308, 1698667.7154235586], [1026620.2806257245, 1698667.7154235586], [1026620.2806257245, 1698657.720718756], [1026605.2885685207, 1698652.7233663548], [1026600.2912161194, 1698662.7180711573], [1026555.3150445081, 1698662.7180711573], [1026535.325634903, 1698652.7233663548], [1026535.325634903, 1698667.7154235586], [1026545.3203397056, 1698667.7154235586], [1026545.3203397056, 1698687.7048331636], [1026565.3097493106, 1698692.702185565], [1026575.3044541131, 1698667.7154235586], [1026590.2965113169, 1698667.7154235586], [1026595.2938637182, 1698677.7101283611], [1026610.285920922, 1698677.7101283611], [1026610.285920922, 1698667.7154235586], [1026620.2806257245, 1698677.7101283611], [1026660.2594449345, 1698667.7154235586], [1026650.264740132, 1698662.7180711573], [1026645.2673877308, 1698637.731309151]], [[1026605.2885685207, 1698667.7154235586], [1026600.2912161194, 1698667.7154235586], [1026600.2912161194, 1698662.7180711573], [1026605.2885685207, 1698667.7154235586]], [[1026565.3097493106, 1698667.7154235586], [1026565.3097493106, 1698682.7074807624], [1026555.3150445081, 1698687.7048331636], [1026555.3150445081, 1698667.7154235586], [1026565.3097493106, 1698667.7154235586]]], [[[1026110.5506807959, 1698682.7074807624], [1026125.5427379997, 1698687.7048331636], [1026125.5427379997, 1698672.7127759599], [1026115.5480331972, 1698672.7127759599], [1026110.5506807959, 1698682.7074807624]]], [[[1026460.3653488841, 1698727.6836523737], [1026460.3653488841, 1698752.67041438], [1026475.3574060879, 1698747.6730619788], [1026470.3600536867, 1698727.6836523737], [1026460.3653488841, 1698727.6836523737]]], [[[1026445.3732916804, 1698777.6571763863], [1026460.3653488841, 1698752.67041438], [1026440.3759392791, 1698742.6757095775], [1026430.3812344766, 1698762.6651191826], [1026415.3891772728, 1698767.6624715838], [1026405.3944724703, 1698782.6545287876], [1026415.3891772728, 1698787.6518811889], [1026420.386529674, 1698777.6571763863], [1026425.3838820753, 1698787.6518811889], [1026430.3812344766, 1698777.6571763863], [1026445.3732916804, 1698777.6571763863]]], [[[1026790.1906073673, 1698862.6121672078], [1026795.1879597686, 1698837.6254052015], [1026805.1826645711, 1698827.630700399], [1026800.1853121698, 1698807.641290794], [1026790.1906073673, 1698817.6359955964], [1026790.1906073673, 1698862.6121672078]]], [[[1026625.2779781257, 1698877.6042244115], [1026595.2938637182, 1698867.609519609], [1026575.3044541131, 1698902.5909864178], [1026585.2991589156, 1698897.5936340166], [1026595.2938637182, 1698917.5830436216], [1026615.2832733232, 1698912.5856912204], [1026615.2832733232, 1698927.5777484241], [1026630.275330527, 1698927.5777484241], [1026640.2700353295, 1698867.609519609], [1026630.275330527, 1698867.609519609], [1026625.2779781257, 1698877.6042244115]]], [[[1026770.2011977623, 1698882.6015768128], [1026765.203845361, 1698907.588338819], [1026775.1985501635, 1698907.588338819], [1026780.1959025648, 1698922.5803960229], [1026790.1906073673, 1698882.6015768128], [1026770.2011977623, 1698882.6015768128]]], [[[1026560.3123969093, 1698917.5830436216], [1026560.3123969093, 1698902.5909864178], [1026550.3176921068, 1698902.5909864178], [1026550.3176921068, 1698917.5830436216], [1026560.3123969093, 1698917.5830436216]]], [[[1026705.2356165459, 1698922.5803960229], [1026715.2303213484, 1698922.5803960229], [1026720.2276737497, 1698907.588338819], [1026710.2329689472, 1698907.588338819], [1026705.2356165459, 1698922.5803960229]]], [[[1026750.2117881572, 1698937.5724532267], [1026730.2223785522, 1698942.569805628], [1026730.2223785522, 1698952.5645104304], [1026745.214435756, 1698947.5671580292], [1026750.2117881572, 1698937.5724532267]]], [[[1026555.3150445081, 1698937.5724532267], [1026560.3123969093, 1698962.559215233], [1026545.3203397056, 1698972.5539200355], [1026580.3018065144, 1698972.5539200355], [1026580.3018065144, 1698962.559215233], [1026595.2938637182, 1698962.559215233], [1026590.2965113169, 1698972.5539200355], [1026600.2912161194, 1698972.5539200355], [1026610.285920922, 1698967.5565676342], [1026605.2885685207, 1698952.5645104304], [1026625.2779781257, 1698957.5618628317], [1026630.275330527, 1698947.5671580292], [1026620.2806257245, 1698937.5724532267], [1026600.2912161194, 1698942.569805628], [1026595.2938637182, 1698927.5777484241], [1026585.2991589156, 1698932.5751008254], [1026580.3018065144, 1698922.5803960229], [1026525.3309301005, 1698932.5751008254], [1026535.325634903, 1698942.569805628], [1026555.3150445081, 1698937.5724532267]]], [[[1026495.346815693, 1698952.5645104304], [1026485.3521108904, 1698952.5645104304], [1026485.3521108904, 1698972.5539200355], [1026500.3441680942, 1698972.5539200355], [1026495.346815693, 1698952.5645104304]]], [[[1026750.2117881572, 1698962.559215233], [1026750.2117881572, 1698972.5539200355], [1026730.2223785522, 1698972.5539200355], [1026730.2223785522, 1698982.548624838], [1026750.2117881572, 1698982.548624838], [1026755.2091405585, 1698997.5406820418], [1026755.2091405585, 1698967.5565676342], [1026765.203845361, 1698962.559215233], [1026770.2011977623, 1698937.5724532267], [1026750.2117881572, 1698962.559215233]]], [[[1026440.3759392791, 1698972.5539200355], [1026455.3679964829, 1698977.5512724367], [1026460.3653488841, 1698967.5565676342], [1026435.3785868778, 1698967.5565676342], [1026435.3785868778, 1698987.5459772393], [1026440.3759392791, 1698972.5539200355]]], [[[1026695.2409117434, 1698997.5406820418], [1026705.2356165459, 1698997.5406820418], [1026705.2356165459, 1698982.548624838], [1026700.2382641446, 1698982.548624838], [1026695.2409117434, 1698987.5459772393], [1026695.2409117434, 1698997.5406820418]]], [[[1026645.2673877308, 1699057.508910857], [1026660.2594449345, 1699057.508910857], [1026675.2515021383, 1699047.5142060544], [1026660.2594449345, 1699047.5142060544], [1026650.264740132, 1699037.5195012519], [1026645.2673877308, 1699057.508910857]]], [[[1026490.3494632917, 1699052.5115584556], [1026470.3600536867, 1699057.508910857], [1026465.3627012854, 1699067.5036156594], [1026490.3494632917, 1699062.5062632582], [1026490.3494632917, 1699052.5115584556]]], [[[1026285.45801484, 1699127.4718444746], [1026275.4633100375, 1699122.4744920733], [1026275.4633100375, 1699112.4797872708], [1026265.468605235, 1699112.4797872708], [1026260.4712528337, 1699127.4718444746], [1026270.4659576362, 1699137.466549277], [1026315.4421292476, 1699132.4691968758], [1026285.45801484, 1699127.4718444746]]], [[[1023401.9856793125, 1703964.9089688952], [1023396.9883269112, 1703979.901026099], [1023426.9724413188, 1703969.9063212965], [1023426.9724413188, 1703954.9142640927], [1023411.980384115, 1703954.9142640927], [1023401.9856793125, 1703964.9089688952]]], [[[1023252.0651072747, 1704094.840131328], [1023247.0677548734, 1704124.8242457355], [1023267.0571644785, 1704119.8268933343], [1023262.0598120772, 1704089.8427789267], [1023252.0651072747, 1704094.840131328]]], [[[1023227.0783452684, 1705584.0511469035], [1023207.0889356633, 1705574.056442101], [1023217.0836404659, 1705604.0405565086], [1023227.0783452684, 1705604.0405565086], [1023227.0783452684, 1705584.0511469035]]], [[[1023257.062459676, 1705679.0008425275], [1023257.062459676, 1705664.0087853237], [1023252.0651072747, 1705654.0140805212], [1023247.0677548734, 1705674.0034901262], [1023257.062459676, 1705679.0008425275]]], [[[1024206.5594159155, 1705968.8472818008], [1024211.5567683168, 1705943.8605197945], [1024201.5620635143, 1705943.8605197945], [1024201.5620635143, 1705933.865814992], [1024196.564711113, 1705963.8499293996], [1024186.5700063105, 1705968.8472818008], [1024186.5700063105, 1705978.8419866033], [1024206.5594159155, 1705968.8472818008]]], [[[1023516.9247845415, 1706068.794329826], [1023506.930079739, 1706058.7996250235], [1023496.9353749364, 1706058.7996250235], [1023496.9353749364, 1706068.794329826], [1023506.930079739, 1706073.7916822273], [1023516.9247845415, 1706068.794329826]]], [[[1023476.9459653314, 1706133.7599110424], [1023501.9327273377, 1706138.7572634437], [1023501.9327273377, 1706128.7625586411], [1023491.9380225352, 1706123.76520624], [1023496.9353749364, 1706103.7757966348], [1023481.9433177327, 1706113.7705014374], [1023486.9406701339, 1706123.76520624], [1023476.9459653314, 1706133.7599110424]]], [[[1023486.9406701339, 1706143.754615845], [1023461.9539081276, 1706138.7572634437], [1023461.9539081276, 1706153.7493206474], [1023486.9406701339, 1706143.754615845]]], [[[1023801.7738714133, 1706153.7493206474], [1023791.7791666108, 1706143.754615845], [1023786.7818142095, 1706168.7413778512], [1023801.7738714133, 1706153.7493206474]]], [[[1023297.041278886, 1706208.7201970613], [1023302.0386312873, 1706198.7254922588], [1023287.0465740835, 1706183.733435055], [1023287.0465740835, 1706168.7413778512], [1023277.051869281, 1706173.7387302525], [1023277.051869281, 1706193.7281398575], [1023287.0465740835, 1706193.7281398575], [1023297.041278886, 1706208.7201970613]]], [[[1023357.0095077012, 1706193.7281398575], [1023372.0015649049, 1706198.7254922588], [1023367.0042125037, 1706223.712254265], [1023381.9962697075, 1706223.712254265], [1023386.9936221087, 1706208.7201970613], [1023401.9856793125, 1706223.712254265], [1023401.9856793125, 1706233.7069590676], [1023391.99097451, 1706228.7096066664], [1023381.9962697075, 1706238.7043114689], [1023376.9989173062, 1706268.6884258764], [1023386.9936221087, 1706268.6884258764], [1023386.9936221087, 1706258.693721074], [1023401.9856793125, 1706253.6963686727], [1023401.9856793125, 1706273.6857782777], [1023411.980384115, 1706273.6857782777], [1023406.9830317138, 1706248.6990162714], [1023416.9777365163, 1706248.6990162714], [1023421.9750889175, 1706263.6910734752], [1023421.9750889175, 1706208.7201970613], [1023411.980384115, 1706233.7069590676], [1023401.9856793125, 1706218.7149018638], [1023401.9856793125, 1706198.7254922588], [1023391.99097451, 1706188.7307874563], [1023391.99097451, 1706178.7360826537], [1023401.9856793125, 1706173.7387302525], [1023376.9989173062, 1706173.7387302525], [1023372.0015649049, 1706183.733435055], [1023357.0095077012, 1706178.7360826537], [1023357.0095077012, 1706193.7281398575]], [[1023376.9989173062, 1706198.7254922588], [1023381.9962697075, 1706198.7254922588], [1023381.9962697075, 1706208.7201970613], [1023376.9989173062, 1706198.7254922588]]], [[[1023252.0651072747, 1706248.6990162714], [1023237.0730500709, 1706228.7096066664], [1023237.0730500709, 1706263.6910734752], [1023252.0651072747, 1706248.6990162714]]], [[[1023267.0571644785, 1706298.672540284], [1023267.0571644785, 1706313.6645974878], [1023272.0545168797, 1706303.6698926853], [1023282.0492216822, 1706303.6698926853], [1023287.0465740835, 1706318.661949889], [1023282.0492216822, 1706278.683130679], [1023257.062459676, 1706263.6910734752], [1023252.0651072747, 1706288.6778354815], [1023267.0571644785, 1706298.672540284]]], [[[1023317.0306884911, 1706293.6751878827], [1023302.0386312873, 1706278.683130679], [1023297.041278886, 1706298.672540284], [1023307.0359836885, 1706308.6672450865], [1023302.0386312873, 1706318.661949889], [1023312.0333360898, 1706318.661949889], [1023317.0306884911, 1706293.6751878827]]], [[[1023921.7103290436, 1706418.6089979142], [1023921.7103290436, 1706403.6169407105], [1023916.7129766423, 1706398.6195883092], [1023911.715624241, 1706413.611645513], [1023921.7103290436, 1706418.6089979142]]], [[[1023626.8665373692, 1706613.5057415634], [1023636.8612421717, 1706613.5057415634], [1023631.8638897705, 1706588.518979557], [1023621.869184968, 1706588.518979557], [1023631.8638897705, 1706603.5110367609], [1023626.8665373692, 1706613.5057415634]]], [[[1023282.0492216822, 1707083.2568672819], [1023277.051869281, 1707103.246276887], [1023287.0465740835, 1707103.246276887], [1023292.0439264848, 1707088.2542196831], [1023282.0492216822, 1707083.2568672819]]], [[[1023227.0783452684, 1707123.235686492], [1023232.0756976696, 1707113.2409816894], [1023217.0836404659, 1707118.2383340907], [1023217.0836404659, 1707128.2330388932], [1023227.0783452684, 1707133.2303912945], [1023227.0783452684, 1707123.235686492]]], [[[1023252.0651072747, 1707193.1986201096], [1023242.0704024722, 1707198.1959725108], [1023242.0704024722, 1707213.1880297146], [1023252.0651072747, 1707213.1880297146], [1023252.0651072747, 1707193.1986201096]]], [[[1024721.2867132453, 1709402.0283814669], [1024726.2840656466, 1709427.0151434732], [1024736.2787704491, 1709422.017791072], [1024736.2787704491, 1709402.0283814669], [1024721.2867132453, 1709402.0283814669]]], [[[1026120.5453855984, 1713494.8599980997], [1026140.5347952035, 1713499.857350501], [1026135.5374428022, 1713489.8626456985], [1026120.5453855984, 1713489.8626456985], [1026120.5453855984, 1713494.8599980997]]], [[[1024046.6441390751, 1720126.3466345728], [1024041.6467866738, 1720151.3333965791], [1024056.6388438777, 1720146.3360441779], [1024046.6441390751, 1720126.3466345728]]], [[[1026155.5268524073, 1721375.6847348881], [1026135.5374428022, 1721370.6873824869], [1026135.5374428022, 1721380.6820872894], [1026155.5268524073, 1721380.6820872894], [1026155.5268524073, 1721375.6847348881]]], [[[1023846.7500430247, 1721775.472926989], [1023821.7632810184, 1721775.472926989], [1023821.7632810184, 1721785.4676317915], [1023841.7526906234, 1721785.4676317915], [1023846.7500430247, 1721775.472926989]]], [[[1023991.6732626612, 1721865.4252702117], [1023986.67591026, 1721850.4332130079], [1023956.6917958524, 1721845.4358606066], [1023976.6812054574, 1721865.4252702117], [1023991.6732626612, 1721865.4252702117]]], [[[1027164.992037462, 1722410.136681949], [1027149.9999802582, 1722415.1340343503], [1027149.9999802582, 1722430.126091554], [1027164.992037462, 1722420.1313867515], [1027164.992037462, 1722410.136681949]]], [[[1023431.96979372, 1723019.813674903], [1023421.9750889175, 1723019.813674903], [1023421.9750889175, 1723049.7977893106], [1023431.96979372, 1723044.8004369093], [1023431.96979372, 1723019.813674903]]], [[[1025515.8657450458, 1723374.6256953925], [1025520.8630974471, 1723389.6177525963], [1025535.8551546509, 1723389.6177525963], [1025525.8604498483, 1723374.6256953925], [1025515.8657450458, 1723374.6256953925]]], [[[1024536.3846743987, 1723754.4244778883], [1024556.3740840037, 1723754.4244778883], [1024561.371436405, 1723744.4297730858], [1024546.3793792012, 1723744.4297730858], [1024536.3846743987, 1723754.4244778883]]], [[[1025285.9875345879, 1724933.799644586], [1025275.9928297853, 1724938.7969969872], [1025275.9928297853, 1724953.789054191], [1025285.9875345879, 1724953.789054191], [1025285.9875345879, 1724933.799644586]]], [[[1027389.8728955187, 1729586.3347301597], [1027399.8676003212, 1729586.3347301597], [1027404.8649527224, 1729571.342672956], [1027394.8702479199, 1729571.342672956], [1027389.8728955187, 1729586.3347301597]]], [[[1026890.1376553925, 1729591.332082561], [1026870.1482457875, 1729586.3347301597], [1026870.1482457875, 1729596.3294349622], [1026885.1403029913, 1729611.321492166], [1026905.1297125963, 1729616.3188445673], [1026905.1297125963, 1729606.3241397648], [1026890.1376553925, 1729591.332082561]]], [[[1028339.3698517582, 1694369.9923584743], [1028354.361908962, 1694369.9923584743], [1028354.361908962, 1694359.9976536718], [1028344.3672041595, 1694350.0029488693], [1028329.3751469557, 1694350.0029488693], [1028339.3698517582, 1694369.9923584743]]], [[[1028459.3063093885, 1694419.965882487], [1028469.301014191, 1694419.965882487], [1028464.3036617897, 1694404.973825283], [1028454.3089569872, 1694404.973825283], [1028459.3063093885, 1694419.965882487]]], [[[1028299.3910325482, 1694449.9499968945], [1028314.3830897519, 1694454.9473492957], [1028294.3936801469, 1694414.9685300856], [1028294.3936801469, 1694399.9764728819], [1028279.4016229431, 1694404.973825283], [1028279.4016229431, 1694419.965882487], [1028294.3936801469, 1694429.9605872894], [1028299.3910325482, 1694449.9499968945]]], [[[1028449.311604586, 1694424.9632348882], [1028449.311604586, 1694439.955292092], [1028459.3063093885, 1694439.955292092], [1028454.3089569872, 1694424.9632348882], [1028449.311604586, 1694424.9632348882]]], [[[1028404.3354329746, 1694424.9632348882], [1028419.3274901784, 1694404.973825283], [1028359.3592613633, 1694399.9764728819], [1028369.3539661658, 1694419.965882487], [1028369.3539661658, 1694454.9473492957], [1028384.3460233696, 1694454.9473492957], [1028399.3380805734, 1694469.9394064995], [1028414.3301377771, 1694469.9394064995], [1028439.3168997834, 1694429.9605872894], [1028404.3354329746, 1694424.9632348882]], [[1028404.3354329746, 1694449.9499968945], [1028414.3301377771, 1694434.9579396907], [1028429.3221949809, 1694434.9579396907], [1028414.3301377771, 1694454.9473492957], [1028404.3354329746, 1694449.9499968945]]], [[[1028214.4360417267, 1694479.934111302], [1028184.4519273192, 1694479.934111302], [1028189.4492797204, 1694494.9261685058], [1028209.4386893255, 1694499.923520907], [1028214.4360417267, 1694479.934111302]]], [[[1028244.4201561343, 1694484.9314637033], [1028244.4201561343, 1694494.9261685058], [1028254.4148609368, 1694504.9208733083], [1028259.4122133381, 1694494.9261685058], [1028244.4201561343, 1694484.9314637033]]], [[[1028259.4122133381, 1694509.9182257096], [1028259.4122133381, 1694559.8917497222], [1028279.4016229431, 1694564.8891021234], [1028279.4016229431, 1694529.9076353146], [1028269.4069181406, 1694509.9182257096], [1028259.4122133381, 1694509.9182257096]]], [[[1027839.6346116321, 1694569.8864545247], [1027854.6266688359, 1694569.8864545247], [1027859.6240212371, 1694584.8785117285], [1027874.6160784409, 1694584.8785117285], [1027879.6134308423, 1694549.8970449197], [1027819.645202027, 1694524.9102829134], [1027824.6425544283, 1694554.894397321], [1027839.6346116321, 1694569.8864545247]], [[1027859.6240212371, 1694554.894397321], [1027859.6240212371, 1694559.8917497222], [1027854.6266688359, 1694559.8917497222], [1027859.6240212371, 1694554.894397321]], [[1027849.6293164346, 1694549.8970449197], [1027854.6266688359, 1694549.8970449197], [1027854.6266688359, 1694554.894397321], [1027849.6293164346, 1694549.8970449197]]], [[[1028344.3672041595, 1694604.8679213335], [1028344.3672041595, 1694624.8573309386], [1028354.361908962, 1694629.8546833398], [1028369.3539661658, 1694624.8573309386], [1028374.3513185671, 1694609.8652737348], [1028384.3460233696, 1694609.8652737348], [1028374.3513185671, 1694569.8864545247], [1028364.3566137645, 1694559.8917497222], [1028374.3513185671, 1694529.9076353146], [1028364.3566137645, 1694529.9076353146], [1028359.3592613633, 1694499.923520907], [1028339.3698517582, 1694489.9288161045], [1028319.3804421532, 1694559.8917497222], [1028329.3751469557, 1694574.883806926], [1028349.3645565608, 1694574.883806926], [1028359.3592613633, 1694584.8785117285], [1028344.3672041595, 1694604.8679213335]]], [[[1028519.2745382036, 1694669.83350255], [1028549.2586526112, 1694664.8361501487], [1028539.2639478086, 1694649.8440929449], [1028519.2745382036, 1694644.8467405436], [1028524.2718906049, 1694614.862626136], [1028534.2665954074, 1694614.862626136], [1028529.2692430061, 1694584.8785117285], [1028504.2824809998, 1694569.8864545247], [1028504.2824809998, 1694554.894397321], [1028489.290423796, 1694544.8996925184], [1028484.2930713948, 1694519.912930512], [1028469.301014191, 1694524.9102829134], [1028469.301014191, 1694534.9049877159], [1028479.2957189935, 1694534.9049877159], [1028484.2930713948, 1694549.8970449197], [1028469.301014191, 1694554.894397321], [1028459.3063093885, 1694574.883806926], [1028424.3248425797, 1694564.8891021234], [1028429.3221949809, 1694549.8970449197], [1028439.3168997834, 1694549.8970449197], [1028444.3142521847, 1694559.8917497222], [1028464.3036617897, 1694554.894397321], [1028464.3036617897, 1694539.9023401171], [1028444.3142521847, 1694544.8996925184], [1028444.3142521847, 1694534.9049877159], [1028449.311604586, 1694509.9182257096], [1028464.3036617897, 1694509.9182257096], [1028484.2930713948, 1694489.9288161045], [1028489.290423796, 1694454.9473492957], [1028479.2957189935, 1694454.9473492957], [1028474.2983665923, 1694444.9526444932], [1028464.3036617897, 1694459.944701697], [1028444.3142521847, 1694454.9473492957], [1028444.3142521847, 1694469.9394064995], [1028414.3301377771, 1694509.9182257096], [1028414.3301377771, 1694569.8864545247], [1028424.3248425797, 1694579.8811593272], [1028414.3301377771, 1694579.8811593272], [1028409.3327853759, 1694594.873216531], [1028429.3221949809, 1694599.8705689323], [1028434.3195473822, 1694609.8652737348], [1028479.2957189935, 1694609.8652737348], [1028494.2877761973, 1694619.8599785373], [1028514.2771858023, 1694619.8599785373], [1028514.2771858023, 1694634.852035741], [1028504.2824809998, 1694639.8493881423], [1028504.2824809998, 1694649.8440929449], [1028474.2983665923, 1694629.8546833398], [1028414.3301377771, 1694634.852035741], [1028379.3486709683, 1694724.8043789638], [1028404.3354329746, 1694719.8070265625], [1028424.3248425797, 1694689.822912155], [1028454.3089569872, 1694694.8202645562], [1028464.3036617897, 1694684.8255597537], [1028469.301014191, 1694694.8202645562], [1028484.2930713948, 1694694.8202645562], [1028484.2930713948, 1694659.8387977474], [1028514.2771858023, 1694659.8387977474], [1028519.2745382036, 1694669.83350255]], [[1028419.3274901784, 1694644.8467405436], [1028439.3168997834, 1694634.852035741], [1028434.3195473822, 1694664.8361501487], [1028419.3274901784, 1694679.8282073524], [1028409.3327853759, 1694679.8282073524], [1028419.3274901784, 1694644.8467405436]], [[1028459.3063093885, 1694589.8758641297], [1028464.3036617897, 1694589.8758641297], [1028464.3036617897, 1694594.873216531], [1028459.3063093885, 1694589.8758641297]], [[1028489.290423796, 1694579.8811593272], [1028494.2877761973, 1694579.8811593272], [1028494.2877761973, 1694589.8758641297], [1028489.290423796, 1694579.8811593272]]], [[[1027774.6690304157, 1694639.8493881423], [1027794.6584400208, 1694584.8785117285], [1027784.6637352182, 1694584.8785117285], [1027764.6743256132, 1694604.8679213335], [1027759.6769732119, 1694624.8573309386], [1027744.6849160081, 1694639.8493881423], [1027724.6955064031, 1694639.8493881423], [1027724.6955064031, 1694649.8440929449], [1027739.6875636069, 1694654.8414453461], [1027744.6849160081, 1694644.8467405436], [1027774.6690304157, 1694639.8493881423]]], [[[1027834.6372592308, 1694674.8308549512], [1027844.6319640334, 1694659.8387977474], [1027844.6319640334, 1694634.852035741], [1027834.6372592308, 1694634.852035741], [1027829.6399068296, 1694624.8573309386], [1027814.6478496258, 1694624.8573309386], [1027819.645202027, 1694679.8282073524], [1027834.6372592308, 1694674.8308549512]]], [[[1027939.5816596574, 1694649.8440929449], [1027939.5816596574, 1694664.8361501487], [1027974.5631264662, 1694659.8387977474], [1027974.5631264662, 1694644.8467405436], [1027939.5816596574, 1694649.8440929449]]], [[[1028374.3513185671, 1694654.8414453461], [1028359.3592613633, 1694654.8414453461], [1028354.361908962, 1694674.8308549512], [1028369.3539661658, 1694669.83350255], [1028374.3513185671, 1694654.8414453461]]], [[[1028324.3777945545, 1694664.8361501487], [1028304.3883849494, 1694664.8361501487], [1028304.3883849494, 1694674.8308549512], [1028324.3777945545, 1694674.8308549512], [1028324.3777945545, 1694664.8361501487]]], [[[1027669.7246299892, 1694704.8149693587], [1027674.7219823905, 1694719.8070265625], [1027689.7140395943, 1694719.8070265625], [1027704.7060967981, 1694704.8149693587], [1027699.7087443968, 1694659.8387977474], [1027659.7299251867, 1694684.8255597537], [1027659.7299251867, 1694704.8149693587], [1027669.7246299892, 1694704.8149693587]]], [[[1028129.4810509053, 1694669.83350255], [1028099.4969364977, 1694689.822912155], [1028134.4784033066, 1694694.8202645562], [1028129.4810509053, 1694709.81232176], [1028114.4889937015, 1694714.8096741613], [1028114.4889937015, 1694734.7990837663], [1028124.483698504, 1694734.7990837663], [1028144.4731081091, 1694714.8096741613], [1028149.4704605103, 1694674.8308549512], [1028129.4810509053, 1694669.83350255]]], [[[1027879.6134308423, 1694704.8149693587], [1027869.6187260397, 1694704.8149693587], [1027869.6187260397, 1694724.8043789638], [1027879.6134308423, 1694714.8096741613], [1027879.6134308423, 1694704.8149693587]]], [[[1027899.6028404473, 1694734.7990837663], [1027904.6001928486, 1694754.7884933713], [1027914.5948976511, 1694754.7884933713], [1027929.5869548549, 1694739.7964361676], [1027939.5816596574, 1694709.81232176], [1027929.5869548549, 1694699.8176169575], [1027914.5948976511, 1694704.8149693587], [1027899.6028404473, 1694734.7990837663]]], [[[1027809.6504972245, 1694729.801731365], [1027804.6531448233, 1694669.83350255], [1027794.6584400208, 1694669.83350255], [1027789.6610876195, 1694689.822912155], [1027779.666382817, 1694694.8202645562], [1027769.6716780144, 1694744.7937885688], [1027759.6769732119, 1694744.7937885688], [1027759.6769732119, 1694769.7805505751], [1027779.666382817, 1694789.7699601802], [1027799.655792422, 1694789.7699601802], [1027794.6584400208, 1694744.7937885688], [1027809.6504972245, 1694729.801731365]]], [[[1028074.5101744914, 1694729.801731365], [1028064.5154696889, 1694744.7937885688], [1028069.5128220902, 1694764.7831981739], [1028079.5075268927, 1694759.7858457726], [1028074.5101744914, 1694729.801731365]]], [[[1027999.5498884725, 1694814.7567221865], [1027999.5498884725, 1694834.7461317915], [1028014.5419456763, 1694834.7461317915], [1028029.5340028801, 1694789.7699601802], [1028019.5392980776, 1694739.7964361676], [1028019.5392980776, 1694674.8308549512], [1028004.5472408738, 1694674.8308549512], [1028004.5472408738, 1694704.8149693587], [1027994.5525360713, 1694709.81232176], [1027989.55518367, 1694729.801731365], [1027994.5525360713, 1694774.7779029764], [1028009.5445932751, 1694774.7779029764], [1028019.5392980776, 1694794.7673125814], [1027979.5604788675, 1694784.772607779], [1027979.5604788675, 1694804.762017384], [1027999.5498884725, 1694814.7567221865]]], [[[1028269.4069181406, 1694744.7937885688], [1028254.4148609368, 1694744.7937885688], [1028254.4148609368, 1694764.7831981739], [1028269.4069181406, 1694759.7858457726], [1028269.4069181406, 1694744.7937885688]]], [[[1027874.6160784409, 1694769.7805505751], [1027859.6240212371, 1694754.7884933713], [1027844.6319640334, 1694754.7884933713], [1027859.6240212371, 1694784.772607779], [1027874.6160784409, 1694769.7805505751]]], [[[1027729.6928588044, 1694824.751426989], [1027744.6849160081, 1694824.751426989], [1027749.6822684094, 1694814.7567221865], [1027734.6902112056, 1694814.7567221865], [1027729.6928588044, 1694824.751426989]]], [[[1028429.3221949809, 1694824.751426989], [1028439.3168997834, 1694834.7461317915], [1028464.3036617897, 1694829.7487793902], [1028454.3089569872, 1694814.7567221865], [1028434.3195473822, 1694809.7593697852], [1028429.3221949809, 1694824.751426989]]], [[[1027679.7193347918, 1694819.7540745877], [1027659.7299251867, 1694814.7567221865], [1027654.7325727855, 1694824.751426989], [1027674.7219823905, 1694834.7461317915], [1027679.7193347918, 1694819.7540745877]]], [[[1027709.7034491993, 1694834.7461317915], [1027689.7140395943, 1694844.740836594], [1027704.7060967981, 1694844.740836594], [1027729.6928588044, 1694824.751426989], [1027709.7034491993, 1694824.751426989], [1027709.7034491993, 1694834.7461317915]]], [[[1028324.3777945545, 1694854.7355413965], [1028324.3777945545, 1694829.7487793902], [1028329.3751469557, 1694844.740836594], [1028354.361908962, 1694849.7381889953], [1028359.3592613633, 1694829.7487793902], [1028354.361908962, 1694819.7540745877], [1028344.3672041595, 1694819.7540745877], [1028334.372499357, 1694799.7646649827], [1028314.3830897519, 1694789.7699601802], [1028304.3883849494, 1694794.7673125814], [1028304.3883849494, 1694844.740836594], [1028284.3989753444, 1694864.730246199], [1028284.3989753444, 1694884.719655804], [1028294.3936801469, 1694894.7143606066], [1028314.3830897519, 1694879.7223034028], [1028349.3645565608, 1694884.719655804], [1028349.3645565608, 1694874.7249510016], [1028334.372499357, 1694869.7275986003], [1028339.3698517582, 1694859.7328937978], [1028324.3777945545, 1694854.7355413965]], [[1028339.3698517582, 1694824.751426989], [1028339.3698517582, 1694819.7540745877], [1028344.3672041595, 1694819.7540745877], [1028339.3698517582, 1694824.751426989]]], [[[1027824.6425544283, 1694789.7699601802], [1027804.6531448233, 1694789.7699601802], [1027809.6504972245, 1694814.7567221865], [1027824.6425544283, 1694824.751426989], [1027819.645202027, 1694864.730246199], [1027829.6399068296, 1694894.7143606066], [1027839.6346116321, 1694889.7170082054], [1027839.6346116321, 1694859.7328937978], [1027849.6293164346, 1694854.7355413965], [1027849.6293164346, 1694799.7646649827], [1027844.6319640334, 1694809.7593697852], [1027834.6372592308, 1694809.7593697852], [1027824.6425544283, 1694789.7699601802]], [[1027844.6319640334, 1694839.7434841928], [1027829.6399068296, 1694834.7461317915], [1027824.6425544283, 1694809.7593697852], [1027844.6319640334, 1694819.7540745877], [1027844.6319640334, 1694839.7434841928]]], [[[1027769.6716780144, 1694844.740836594], [1027759.6769732119, 1694844.740836594], [1027754.6796208107, 1694859.7328937978], [1027764.6743256132, 1694854.7355413965], [1027769.6716780144, 1694844.740836594]]], [[[1028359.3592613633, 1694884.719655804], [1028374.3513185671, 1694884.719655804], [1028379.3486709683, 1694874.7249510016], [1028369.3539661658, 1694874.7249510016], [1028359.3592613633, 1694884.719655804]]], [[[1028144.4731081091, 1694849.7381889953], [1028144.4731081091, 1694814.7567221865], [1028114.4889937015, 1694824.751426989], [1028114.4889937015, 1694844.740836594], [1028124.483698504, 1694864.730246199], [1028144.4731081091, 1694869.7275986003], [1028144.4731081091, 1694904.7090654091], [1028169.4598701154, 1694944.6878846192], [1028169.4598701154, 1694884.719655804], [1028154.4678129116, 1694874.7249510016], [1028154.4678129116, 1694849.7381889953], [1028144.4731081091, 1694849.7381889953]]], [[[1028049.5234124851, 1694894.7143606066], [1028059.5181172877, 1694899.711713008], [1028059.5181172877, 1694859.7328937978], [1028049.5234124851, 1694894.7143606066]]], [[[1027744.6849160081, 1694914.7037702117], [1027759.6769732119, 1694914.7037702117], [1027759.6769732119, 1694889.7170082054], [1027749.6822684094, 1694889.7170082054], [1027744.6849160081, 1694914.7037702117]]], [[[1028279.4016229431, 1694899.711713008], [1028284.3989753444, 1694909.7064178104], [1028299.3910325482, 1694909.7064178104], [1028299.3910325482, 1694899.711713008], [1028279.4016229431, 1694899.711713008]]], [[[1027799.655792422, 1694904.7090654091], [1027764.6743256132, 1694924.6984750142], [1027759.6769732119, 1694939.690532218], [1027804.6531448233, 1694944.6878846192], [1027809.6504972245, 1694919.701122613], [1027799.655792422, 1694904.7090654091]]], [[[1027759.6769732119, 1694924.6984750142], [1027744.6849160081, 1694924.6984750142], [1027744.6849160081, 1694934.6931798167], [1027754.6796208107, 1694934.6931798167], [1027759.6769732119, 1694924.6984750142]]], [[[1028489.290423796, 1694979.669351428], [1028454.3089569872, 1694954.6825894217], [1028434.3195473822, 1694924.6984750142], [1028429.3221949809, 1694939.690532218], [1028414.3301377771, 1694944.6878846192], [1028414.3301377771, 1694954.6825894217], [1028434.3195473822, 1694964.6772942243], [1028454.3089569872, 1694989.6640562306], [1028469.301014191, 1694984.6667038293], [1028474.2983665923, 1694994.6614086318], [1028489.290423796, 1694994.6614086318], [1028489.290423796, 1694979.669351428]]], [[[1028079.5075268927, 1694989.6640562306], [1028079.5075268927, 1694954.6825894217], [1028064.5154696889, 1694954.6825894217], [1028059.5181172877, 1694934.6931798167], [1028049.5234124851, 1694939.690532218], [1028049.5234124851, 1694989.6640562306], [1028059.5181172877, 1694989.6640562306], [1028079.5075268927, 1695009.6534658356], [1028094.4995840965, 1694999.658761033], [1028089.5022316952, 1694989.6640562306], [1028079.5075268927, 1694989.6640562306]]], [[[1028149.4704605103, 1694984.6667038293], [1028144.4731081091, 1694964.6772942243], [1028124.483698504, 1694964.6772942243], [1028109.4916413003, 1694989.6640562306], [1028149.4704605103, 1694984.6667038293]]], [[[1028379.3486709683, 1694999.658761033], [1028399.3380805734, 1694999.658761033], [1028394.3407281721, 1694984.6667038293], [1028384.3460233696, 1694984.6667038293], [1028379.3486709683, 1694999.658761033]]], [[[1028004.5472408738, 1695009.6534658356], [1027989.55518367, 1694994.6614086318], [1027984.5578312688, 1695009.6534658356], [1028004.5472408738, 1695009.6534658356]]], [[[1027914.5948976511, 1695019.6481706381], [1027924.5896024536, 1695009.6534658356], [1027959.5710692625, 1695009.6534658356], [1027964.5684216637, 1694999.658761033], [1027964.5684216637, 1694989.6640562306], [1027899.6028404473, 1694994.6614086318], [1027899.6028404473, 1695004.6561134344], [1027914.5948976511, 1695019.6481706381]], [[1027934.5843072562, 1695004.6561134344], [1027934.5843072562, 1694999.658761033], [1027949.5763644599, 1694999.658761033], [1027934.5843072562, 1695004.6561134344]]], [[[1027764.6743256132, 1695004.6561134344], [1027719.6981540018, 1694999.658761033], [1027729.6928588044, 1695014.6508182369], [1027754.6796208107, 1695014.6508182369], [1027764.6743256132, 1695004.6561134344]]], [[[1028169.4598701154, 1695009.6534658356], [1028199.443984523, 1695014.6508182369], [1028209.4386893255, 1695004.6561134344], [1028169.4598701154, 1695004.6561134344], [1028169.4598701154, 1695009.6534658356]]], [[[1028114.4889937015, 1695014.6508182369], [1028149.4704605103, 1695014.6508182369], [1028149.4704605103, 1695004.6561134344], [1028109.4916413003, 1695009.6534658356], [1028104.494288899, 1694999.658761033], [1028094.4995840965, 1695014.6508182369], [1028104.494288899, 1695024.6455230394], [1028114.4889937015, 1695014.6508182369]]], [[[1027994.5525360713, 1695024.6455230394], [1027989.55518367, 1695034.640227842], [1027994.5525360713, 1695059.6269898482], [1028004.5472408738, 1695024.6455230394], [1027994.5525360713, 1695024.6455230394]]], [[[1028464.3036617897, 1695039.6375802432], [1028444.3142521847, 1695034.640227842], [1028444.3142521847, 1695049.6322850457], [1028464.3036617897, 1695049.6322850457], [1028464.3036617897, 1695039.6375802432]]], [[[1028269.4069181406, 1695049.6322850457], [1028279.4016229431, 1695064.6243422495], [1028279.4016229431, 1695044.6349326444], [1028264.4095657393, 1695029.6428754407], [1028259.4122133381, 1695049.6322850457], [1028269.4069181406, 1695049.6322850457]]], [[[1028219.433394128, 1695064.6243422495], [1028229.4280989305, 1695059.6269898482], [1028214.4360417267, 1695049.6322850457], [1028214.4360417267, 1695024.6455230394], [1028199.443984523, 1695024.6455230394], [1028204.4413369242, 1695074.619047052], [1028219.433394128, 1695079.6163994533], [1028219.433394128, 1695064.6243422495]]], [[[1028364.3566137645, 1695009.6534658356], [1028299.3910325482, 1695004.6561134344], [1028299.3910325482, 1695059.6269898482], [1028304.3883849494, 1695049.6322850457], [1028314.3830897519, 1695049.6322850457], [1028339.3698517582, 1695084.6137518545], [1028339.3698517582, 1695099.6058090583], [1028329.3751469557, 1695089.6111042558], [1028324.3777945545, 1695089.6111042558], [1028324.3777945545, 1695114.597866262], [1028344.3672041595, 1695119.5952186633], [1028339.3698517582, 1695139.5846282684], [1028329.3751469557, 1695139.5846282684], [1028329.3751469557, 1695144.5819806696], [1028349.3645565608, 1695144.5819806696], [1028359.3592613633, 1695134.5872758671], [1028374.3513185671, 1695084.6137518545], [1028394.3407281721, 1695084.6137518545], [1028399.3380805734, 1695104.6031614596], [1028414.3301377771, 1695109.6005138608], [1028414.3301377771, 1695059.6269898482], [1028404.3354329746, 1695039.6375802432], [1028394.3407281721, 1695044.6349326444], [1028389.3433757708, 1695074.619047052], [1028369.3539661658, 1695059.6269898482], [1028374.3513185671, 1695024.6455230394], [1028364.3566137645, 1695019.6481706381], [1028364.3566137645, 1695009.6534658356]], [[1028349.3645565608, 1695084.6137518545], [1028364.3566137645, 1695089.6111042558], [1028349.3645565608, 1695114.597866262], [1028344.3672041595, 1695099.6058090583], [1028349.3645565608, 1695084.6137518545]], [[1028409.3327853759, 1695089.6111042558], [1028409.3327853759, 1695094.608456657], [1028404.3354329746, 1695089.6111042558], [1028409.3327853759, 1695089.6111042558]], [[1028339.3698517582, 1695059.6269898482], [1028339.3698517582, 1695064.6243422495], [1028334.372499357, 1695059.6269898482], [1028339.3698517582, 1695059.6269898482]]], [[[1028439.3168997834, 1695064.6243422495], [1028444.3142521847, 1695089.6111042558], [1028454.3089569872, 1695089.6111042558], [1028454.3089569872, 1695064.6243422495], [1028439.3168997834, 1695064.6243422495]]], [[[1028389.3433757708, 1695104.6031614596], [1028369.3539661658, 1695104.6031614596], [1028379.3486709683, 1695124.5925710646], [1028389.3433757708, 1695104.6031614596]]], [[[1028409.3327853759, 1695114.597866262], [1028404.3354329746, 1695139.5846282684], [1028414.3301377771, 1695159.5740378734], [1028384.3460233696, 1695164.5713902747], [1028379.3486709683, 1695174.5660950772], [1028409.3327853759, 1695179.5634474785], [1028414.3301377771, 1695164.5713902747], [1028419.3274901784, 1695174.5660950772], [1028434.3195473822, 1695169.568742676], [1028434.3195473822, 1695154.5766854722], [1028419.3274901784, 1695154.5766854722], [1028424.3248425797, 1695129.5899234659], [1028409.3327853759, 1695114.597866262]], [[1028409.3327853759, 1695124.5925710646], [1028414.3301377771, 1695124.5925710646], [1028419.3274901784, 1695134.5872758671], [1028409.3327853759, 1695134.5872758671], [1028409.3327853759, 1695124.5925710646]]], [[[1028309.3857373507, 1695149.579333071], [1028309.3857373507, 1695174.5660950772], [1028319.3804421532, 1695174.5660950772], [1028319.3804421532, 1695149.579333071], [1028309.3857373507, 1695149.579333071]]], [[[1028339.3698517582, 1695234.5343238923], [1028334.372499357, 1695219.5422666885], [1028349.3645565608, 1695214.5449142873], [1028364.3566137645, 1695229.536971491], [1028364.3566137645, 1695244.5290286948], [1028374.3513185671, 1695244.5290286948], [1028369.3539661658, 1695224.5396190898], [1028399.3380805734, 1695234.5343238923], [1028394.3407281721, 1695219.5422666885], [1028409.3327853759, 1695224.5396190898], [1028404.3354329746, 1695204.5502094848], [1028349.3645565608, 1695199.5528570835], [1028339.3698517582, 1695189.558152281], [1028334.372499357, 1695204.5502094848], [1028309.3857373507, 1695204.5502094848], [1028299.3910325482, 1695229.536971491], [1028309.3857373507, 1695229.536971491], [1028314.3830897519, 1695239.5316762936], [1028339.3698517582, 1695234.5343238923]]], [[[1028464.3036617897, 1695269.5157907011], [1028484.2930713948, 1695254.5237334974], [1028469.301014191, 1695249.526381096], [1028464.3036617897, 1695259.5210858986], [1028449.311604586, 1695249.526381096], [1028439.3168997834, 1695229.536971491], [1028409.3327853759, 1695224.5396190898], [1028424.3248425797, 1695234.5343238923], [1028419.3274901784, 1695244.5290286948], [1028429.3221949809, 1695239.5316762936], [1028444.3142521847, 1695244.5290286948], [1028439.3168997834, 1695254.5237334974], [1028449.311604586, 1695269.5157907011], [1028464.3036617897, 1695269.5157907011]]], [[[1027724.6955064031, 1695724.2748592158], [1027704.7060967981, 1695719.2775068146], [1027714.7008016006, 1695744.2642688209], [1027724.6955064031, 1695739.2669164196], [1027724.6955064031, 1695724.2748592158]]], [[[1027654.7325727855, 1695824.221907241], [1027659.7299251867, 1695844.211316846], [1027679.7193347918, 1695849.2086692473], [1027674.7219823905, 1695824.221907241], [1027654.7325727855, 1695824.221907241]]], [[[1027629.7458107792, 1695844.211316846], [1027619.7511059766, 1695844.211316846], [1027614.7537535754, 1695874.1954312536], [1027624.7484583779, 1695879.192783655], [1027614.7537535754, 1695889.1874884574], [1027639.7405155817, 1695894.1848408587], [1027624.7484583779, 1695914.1742504637], [1027634.7431631804, 1695914.1742504637], [1027649.7352203842, 1695894.1848408587], [1027629.7458107792, 1695844.211316846]]], [[[1027644.7378679829, 1696039.1080604952], [1027634.7431631804, 1696034.110708094], [1027634.7431631804, 1696044.1054128965], [1027674.7219823905, 1696044.1054128965], [1027684.716687193, 1696054.100117699], [1027694.7113919955, 1696054.100117699], [1027689.7140395943, 1696039.1080604952], [1027704.7060967981, 1696044.1054128965], [1027704.7060967981, 1696029.1133556927], [1027644.7378679829, 1696039.1080604952]]], [[[1027714.7008016006, 1696044.1054128965], [1027704.7060967981, 1696044.1054128965], [1027704.7060967981, 1696074.089527304], [1027724.6955064031, 1696079.0868797053], [1027714.7008016006, 1696044.1054128965]]], [[[1027684.716687193, 1696114.0683465141], [1027709.7034491993, 1696119.0656989154], [1027709.7034491993, 1696109.0709941129], [1027694.7113919955, 1696114.0683465141], [1027694.7113919955, 1696099.0762893104], [1027704.7060967981, 1696099.0762893104], [1027704.7060967981, 1696089.0815845078], [1027684.716687193, 1696094.078936909], [1027684.716687193, 1696114.0683465141]]], [[[1027664.727277588, 1696129.060403718], [1027654.7325727855, 1696149.0498133232], [1027674.7219823905, 1696139.0551085204], [1027684.716687193, 1696124.0630513167], [1027664.727277588, 1696129.060403718]]], [[[1028159.4651653129, 1696154.0471657244], [1028174.4572225166, 1696154.0471657244], [1028179.4545749179, 1696164.041870527], [1028184.4519273192, 1696154.0471657244], [1028209.4386893255, 1696154.0471657244], [1028204.4413369242, 1696144.0524609217], [1028214.4360417267, 1696144.0524609217], [1028189.4492797204, 1696124.0630513167], [1028149.4704605103, 1696134.0577561192], [1028159.4651653129, 1696154.0471657244]]], [[[1028214.4360417267, 1696144.0524609217], [1028209.4386893255, 1696159.0445181257], [1028224.4307465293, 1696159.0445181257], [1028214.4360417267, 1696144.0524609217]]], [[[1028264.4095657393, 1696154.0471657244], [1028239.422803733, 1696154.0471657244], [1028244.4201561343, 1696164.041870527], [1028259.4122133381, 1696164.041870527], [1028264.4095657393, 1696154.0471657244]]], [[[1027809.6504972245, 1696154.0471657244], [1027814.6478496258, 1696144.0524609217], [1027799.655792422, 1696144.0524609217], [1027789.6610876195, 1696154.0471657244], [1027769.6716780144, 1696144.0524609217], [1027769.6716780144, 1696154.0471657244], [1027754.6796208107, 1696169.0392229282], [1027734.6902112056, 1696164.041870527], [1027719.6981540018, 1696174.0365753295], [1027719.6981540018, 1696184.031280132], [1027784.6637352182, 1696174.0365753295], [1027784.6637352182, 1696159.0445181257], [1027809.6504972245, 1696154.0471657244]]], [[[1028019.5392980776, 1696199.0233373358], [1028019.5392980776, 1696209.0180421383], [1028029.5340028801, 1696209.0180421383], [1028029.5340028801, 1696194.0259849345], [1028019.5392980776, 1696199.0233373358]]], [[[1028349.3645565608, 1696169.0392229282], [1028349.3645565608, 1696139.0551085204], [1028324.3777945545, 1696139.0551085204], [1028324.3777945545, 1696154.0471657244], [1028299.3910325482, 1696154.0471657244], [1028309.3857373507, 1696174.0365753295], [1028289.3963277456, 1696174.0365753295], [1028289.3963277456, 1696184.031280132], [1028279.4016229431, 1696189.0286325333], [1028279.4016229431, 1696199.0233373358], [1028349.3645565608, 1696229.0074517434], [1028359.3592613633, 1696243.9995089471], [1028384.3460233696, 1696239.0021565459], [1028389.3433757708, 1696258.991566151], [1028369.3539661658, 1696258.991566151], [1028384.3460233696, 1696268.9862709534], [1028419.3274901784, 1696263.9889185522], [1028409.3327853759, 1696224.010099342], [1028389.3433757708, 1696224.010099342], [1028389.3433757708, 1696209.0180421383], [1028404.3354329746, 1696204.020689737], [1028399.3380805734, 1696189.0286325333], [1028409.3327853759, 1696184.031280132], [1028404.3354329746, 1696174.0365753295], [1028389.3433757708, 1696174.0365753295], [1028389.3433757708, 1696139.0551085204], [1028379.3486709683, 1696139.0551085204], [1028349.3645565608, 1696169.0392229282]], [[1028359.3592613633, 1696204.020689737], [1028364.3566137645, 1696204.020689737], [1028364.3566137645, 1696214.0153945396], [1028359.3592613633, 1696204.020689737]], [[1028319.3804421532, 1696189.0286325333], [1028329.3751469557, 1696169.0392229282], [1028339.3698517582, 1696174.0365753295], [1028349.3645565608, 1696204.020689737], [1028314.3830897519, 1696209.0180421383], [1028309.3857373507, 1696189.0286325333], [1028319.3804421532, 1696189.0286325333]], [[1028364.3566137645, 1696184.031280132], [1028369.3539661658, 1696184.031280132], [1028369.3539661658, 1696189.0286325333], [1028364.3566137645, 1696184.031280132]], [[1028379.3486709683, 1696169.0392229282], [1028384.3460233696, 1696179.0339277308], [1028374.3513185671, 1696179.0339277308], [1028374.3513185671, 1696169.0392229282], [1028379.3486709683, 1696169.0392229282]]], [[[1027664.727277588, 1696214.0153945396], [1027664.727277588, 1696194.0259849345], [1027654.7325727855, 1696194.0259849345], [1027649.7352203842, 1696209.0180421383], [1027664.727277588, 1696214.0153945396]]], [[[1028234.4254513318, 1696253.9942137497], [1028269.4069181406, 1696219.0127469408], [1028214.4360417267, 1696214.0153945396], [1028209.4386893255, 1696179.0339277308], [1028184.4519273192, 1696164.041870527], [1028184.4519273192, 1696204.020689737], [1028199.443984523, 1696214.0153945396], [1028184.4519273192, 1696219.0127469408], [1028184.4519273192, 1696239.0021565459], [1028214.4360417267, 1696253.9942137497], [1028234.4254513318, 1696253.9942137497]], [[1028209.4386893255, 1696229.0074517434], [1028214.4360417267, 1696239.0021565459], [1028194.4466321217, 1696239.0021565459], [1028209.4386893255, 1696229.0074517434]]], [[[1028119.4863461028, 1696229.0074517434], [1028129.4810509053, 1696214.0153945396], [1028119.4863461028, 1696209.0180421383], [1028119.4863461028, 1696214.0153945396], [1028114.4889937015, 1696214.0153945396], [1028099.4969364977, 1696219.0127469408], [1028099.4969364977, 1696224.010099342], [1028119.4863461028, 1696229.0074517434]]], [[[1028154.4678129116, 1696234.0048041446], [1028129.4810509053, 1696229.0074517434], [1028129.4810509053, 1696239.0021565459], [1028154.4678129116, 1696239.0021565459], [1028154.4678129116, 1696234.0048041446]]], [[[1027959.5710692625, 1696243.9995089471], [1027969.565774065, 1696258.991566151], [1027984.5578312688, 1696258.991566151], [1027969.565774065, 1696214.0153945396], [1027959.5710692625, 1696219.0127469408], [1027959.5710692625, 1696243.9995089471]], [[1027964.5684216637, 1696229.0074517434], [1027969.565774065, 1696229.0074517434], [1027969.565774065, 1696234.0048041446], [1027964.5684216637, 1696229.0074517434]]], [[[1028064.5154696889, 1696258.991566151], [1028059.5181172877, 1696239.0021565459], [1028079.5075268927, 1696229.0074517434], [1028059.5181172877, 1696224.010099342], [1028059.5181172877, 1696234.0048041446], [1028044.5260600839, 1696239.0021565459], [1028054.5207648864, 1696258.991566151], [1028064.5154696889, 1696258.991566151]]], [[[1027909.5975452499, 1696239.0021565459], [1027914.5948976511, 1696253.9942137497], [1027924.5896024536, 1696253.9942137497], [1027919.5922500524, 1696234.0048041446], [1027909.5975452499, 1696239.0021565459]]], [[[1028429.3221949809, 1696313.9624425648], [1028439.3168997834, 1696293.9730329597], [1028419.3274901784, 1696303.9677377623], [1028429.3221949809, 1696313.9624425648]]], [[[1028369.3539661658, 1696798.705625487], [1028354.361908962, 1696793.7082730858], [1028354.361908962, 1696803.7029778883], [1028369.3539661658, 1696803.7029778883], [1028369.3539661658, 1696798.705625487]]], [[[1028384.3460233696, 1696838.684444697], [1028359.3592613633, 1696838.684444697], [1028344.3672041595, 1696793.7082730858], [1028349.3645565608, 1696833.6870922958], [1028364.3566137645, 1696853.676501901], [1028374.3513185671, 1696853.676501901], [1028374.3513185671, 1696843.6817970984], [1028394.3407281721, 1696848.6791494996], [1028389.3433757708, 1696833.6870922958], [1028404.3354329746, 1696833.6870922958], [1028384.3460233696, 1696828.6897398946], [1028379.3486709683, 1696813.6976826908], [1028384.3460233696, 1696838.684444697]]], [[[1028414.3301377771, 1696853.676501901], [1028414.3301377771, 1696833.6870922958], [1028404.3354329746, 1696838.684444697], [1028404.3354329746, 1696853.676501901], [1028414.3301377771, 1696853.676501901]]], [[[1028324.3777945545, 1696858.6738543021], [1028314.3830897519, 1696838.684444697], [1028304.3883849494, 1696843.6817970984], [1028314.3830897519, 1696858.6738543021], [1028324.3777945545, 1696858.6738543021]]], [[[1028419.3274901784, 1697133.5282363715], [1028419.3274901784, 1697118.5361791677], [1028414.3301377771, 1697113.5388267664], [1028409.3327853759, 1697123.533531569], [1028419.3274901784, 1697133.5282363715]]], [[[1028199.443984523, 1697173.5070555815], [1028184.4519273192, 1697148.5202935752], [1028184.4519273192, 1697133.5282363715], [1028174.4572225166, 1697133.5282363715], [1028179.4545749179, 1697158.5149983778], [1028189.4492797204, 1697163.512350779], [1028189.4492797204, 1697173.5070555815], [1028199.443984523, 1697173.5070555815]]], [[[1028344.3672041595, 1697168.5097031803], [1028334.372499357, 1697168.5097031803], [1028334.372499357, 1697183.501760384], [1028344.3672041595, 1697178.5044079828], [1028344.3672041595, 1697168.5097031803]]], [[[1028434.3195473822, 1697258.462046403], [1028444.3142521847, 1697258.462046403], [1028439.3168997834, 1697243.4699891992], [1028429.3221949809, 1697243.4699891992], [1028434.3195473822, 1697258.462046403]]], [[[1028414.3301377771, 1697273.4541036068], [1028384.3460233696, 1697273.4541036068], [1028384.3460233696, 1697278.451456008], [1028424.3248425797, 1697278.451456008], [1028419.3274901784, 1697253.4646940017], [1028384.3460233696, 1697248.4673416005], [1028399.3380805734, 1697263.4593988042], [1028414.3301377771, 1697263.4593988042], [1028414.3301377771, 1697273.4541036068]]], [[[1028319.3804421532, 1697253.4646940017], [1028304.3883849494, 1697253.4646940017], [1028309.3857373507, 1697273.4541036068], [1028319.3804421532, 1697273.4541036068], [1028319.3804421532, 1697253.4646940017]]], [[[1028344.3672041595, 1697298.440865613], [1028364.3566137645, 1697298.440865613], [1028364.3566137645, 1697293.4435132118], [1028354.361908962, 1697283.4488084093], [1028334.372499357, 1697283.4488084093], [1028344.3672041595, 1697298.440865613]]], [[[1028404.3354329746, 1697328.4249800206], [1028419.3274901784, 1697348.4143896257], [1028419.3274901784, 1697318.430275218], [1028409.3327853759, 1697313.4329228168], [1028409.3327853759, 1697323.4276276194], [1028399.3380805734, 1697323.4276276194], [1028399.3380805734, 1697348.4143896257], [1028404.3354329746, 1697328.4249800206]]], [[[1028469.301014191, 1697368.4037992307], [1028459.3063093885, 1697363.4064468294], [1028459.3063093885, 1697353.411742027], [1028419.3274901784, 1697353.411742027], [1028414.3301377771, 1697363.4064468294], [1028449.311604586, 1697358.4090944282], [1028454.3089569872, 1697368.4037992307], [1028469.301014191, 1697368.4037992307]]], [[[1027689.7140395943, 1697383.3958564345], [1027674.7219823905, 1697383.3958564345], [1027679.7193347918, 1697393.390561237], [1027689.7140395943, 1697393.390561237], [1027689.7140395943, 1697383.3958564345]]], [[[1027639.7405155817, 1699247.4083021048], [1027624.7484583779, 1699247.4083021048], [1027614.7537535754, 1699267.3977117098], [1027644.7378679829, 1699262.4003593086], [1027639.7405155817, 1699247.4083021048]]], [[[1027654.7325727855, 1699332.3632929262], [1027639.7405155817, 1699317.3712357224], [1027614.7537535754, 1699322.3685881237], [1027619.7511059766, 1699342.3579977287], [1027639.7405155817, 1699367.344759735], [1027649.7352203842, 1699362.3474073338], [1027624.7484583779, 1699337.3606453275], [1027629.7458107792, 1699327.365940525], [1027669.7246299892, 1699367.344759735], [1027684.716687193, 1699372.3421121363], [1027704.7060967981, 1699372.3421121363], [1027709.7034491993, 1699362.3474073338], [1027719.6981540018, 1699367.344759735], [1027709.7034491993, 1699337.3606453275], [1027674.7219823905, 1699342.3579977287], [1027669.7246299892, 1699352.3527025313], [1027659.7299251867, 1699352.3527025313], [1027654.7325727855, 1699332.3632929262]], [[1027694.7113919955, 1699362.3474073338], [1027704.7060967981, 1699362.3474073338], [1027704.7060967981, 1699367.344759735], [1027694.7113919955, 1699362.3474073338]]], [[[1027754.6796208107, 1726413.015955359], [1027739.6875636069, 1726423.0106601615], [1027739.6875636069, 1726438.0027173653], [1027754.6796208107, 1726433.005364964], [1027754.6796208107, 1726413.015955359]]], [[[1028059.5181172877, 1726942.7353098928], [1028084.504879294, 1726937.7379574915], [1028094.4995840965, 1726907.753843084], [1028059.5181172877, 1726937.7379574915], [1028059.5181172877, 1726942.7353098928]]], [[[1030263.3505262437, 1694424.9632348882], [1030263.3505262437, 1694414.9685300856], [1030253.3558214412, 1694409.9711776844], [1030248.3584690399, 1694419.965882487], [1030263.3505262437, 1694424.9632348882]]], [[[1030193.387592626, 1694684.8255597537], [1030193.387592626, 1694699.8176169575], [1030208.3796498298, 1694704.8149693587], [1030198.3849450273, 1694684.8255597537], [1030193.387592626, 1694684.8255597537]]], [[[1028394.3407281721, 1694734.7990837663], [1028394.3407281721, 1694749.79114097], [1028424.3248425797, 1694749.79114097], [1028449.311604586, 1694764.7831981739], [1028484.2930713948, 1694764.7831981739], [1028524.2718906049, 1694779.7752553776], [1028529.2692430061, 1694764.7831981739], [1028544.2613002099, 1694759.7858457726], [1028544.2613002099, 1694734.7990837663], [1028524.2718906049, 1694724.8043789638], [1028514.2771858023, 1694709.81232176], [1028494.2877761973, 1694709.81232176], [1028489.290423796, 1694719.8070265625], [1028474.2983665923, 1694714.8096741613], [1028469.301014191, 1694724.8043789638], [1028449.311604586, 1694719.8070265625], [1028444.3142521847, 1694739.7964361676], [1028434.3195473822, 1694744.7937885688], [1028394.3407281721, 1694734.7990837663]]], [[[1028564.250709815, 1694824.751426989], [1028574.2454146175, 1694809.7593697852], [1028589.2374718213, 1694804.762017384], [1028589.2374718213, 1694794.7673125814], [1028564.250709815, 1694799.7646649827], [1028564.250709815, 1694824.751426989]]], [[[1028544.2613002099, 1694829.7487793902], [1028544.2613002099, 1694799.7646649827], [1028534.2665954074, 1694824.751426989], [1028544.2613002099, 1694829.7487793902]]], [[[1029638.681476086, 1694824.751426989], [1029653.6735332898, 1694819.7540745877], [1029648.6761808885, 1694809.7593697852], [1029633.6841236848, 1694814.7567221865], [1029638.681476086, 1694824.751426989]]], [[[1028519.2745382036, 1694844.740836594], [1028509.2798334011, 1694839.7434841928], [1028514.2771858023, 1694799.7646649827], [1028489.290423796, 1694794.7673125814], [1028489.290423796, 1694829.7487793902], [1028479.2957189935, 1694834.7461317915], [1028479.2957189935, 1694849.7381889953], [1028489.290423796, 1694849.7381889953], [1028489.290423796, 1694874.7249510016], [1028504.2824809998, 1694874.7249510016], [1028519.2745382036, 1694854.7355413965], [1028519.2745382036, 1694844.740836594]]], [[[1029798.5967529265, 1694829.7487793902], [1029788.602048124, 1694834.7461317915], [1029793.5994005252, 1694854.7355413965], [1029803.5941053277, 1694849.7381889953], [1029798.5967529265, 1694829.7487793902]]], [[[1029843.5729245378, 1694859.7328937978], [1029828.580867334, 1694859.7328937978], [1029833.5782197353, 1694869.7275986003], [1029843.5729245378, 1694869.7275986003], [1029843.5729245378, 1694859.7328937978]]], [[[1029808.591457729, 1694879.7223034028], [1029828.580867334, 1694879.7223034028], [1029833.5782197353, 1694869.7275986003], [1029808.591457729, 1694869.7275986003], [1029808.591457729, 1694879.7223034028]]], [[[1029773.60999092, 1694884.719655804], [1029773.60999092, 1694894.7143606066], [1029793.5994005252, 1694889.7170082054], [1029783.6046957226, 1694879.7223034028], [1029773.60999092, 1694884.719655804]]], [[[1028849.0997966869, 1694899.711713008], [1028839.1050918843, 1694904.7090654091], [1028844.1024442856, 1694924.6984750142], [1028854.0971490882, 1694924.6984750142], [1028859.0945014894, 1694889.7170082054], [1028849.0997966869, 1694889.7170082054], [1028849.0997966869, 1694899.711713008]]], [[[1029733.63117171, 1694934.6931798167], [1029758.6179337163, 1694934.6931798167], [1029758.6179337163, 1694914.7037702117], [1029733.63117171, 1694914.7037702117], [1029733.63117171, 1694934.6931798167]]], [[[1030013.4829061807, 1694989.6640562306], [1030003.4882013781, 1695004.6561134344], [1029978.5014393718, 1695004.6561134344], [1030018.4802585819, 1695014.6508182369], [1030013.4829061807, 1694989.6640562306]]], [[[1028509.2798334011, 1694989.6640562306], [1028499.2851285986, 1694989.6640562306], [1028499.2851285986, 1695029.6428754407], [1028514.2771858023, 1695029.6428754407], [1028524.2718906049, 1695019.6481706381], [1028509.2798334011, 1694989.6640562306]]], [[[1029933.5252677605, 1695029.6428754407], [1029928.5279153592, 1695019.6481706381], [1029943.519972563, 1695019.6481706381], [1029938.5226201618, 1695009.6534658356], [1029898.5438009517, 1695014.6508182369], [1029893.5464485504, 1695024.6455230394], [1029918.5332105567, 1695029.6428754407], [1029933.5252677605, 1695029.6428754407]]], [[[1029913.5358581555, 1695039.6375802432], [1029898.5438009517, 1695039.6375802432], [1029893.5464485504, 1695024.6455230394], [1029868.5596865441, 1695034.640227842], [1029878.5543913466, 1695034.640227842], [1029883.5517437479, 1695044.6349326444], [1029913.5358581555, 1695039.6375802432]]], [[[1029973.5040869706, 1695049.6322850457], [1029963.5093821681, 1695019.6481706381], [1029978.5014393718, 1695019.6481706381], [1029978.5014393718, 1695009.6534658356], [1029948.5173249643, 1695014.6508182369], [1029958.5120297668, 1695049.6322850457], [1029978.5014393718, 1695059.6269898482], [1029978.5014393718, 1695039.6375802432], [1029988.4961441744, 1695024.6455230394], [1029973.5040869706, 1695029.6428754407], [1029973.5040869706, 1695049.6322850457]]], [[[1029853.5676293403, 1695054.629637447], [1029868.5596865441, 1695059.6269898482], [1029868.5596865441, 1695049.6322850457], [1029858.5649817416, 1695044.6349326444], [1029853.5676293403, 1695054.629637447]]], [[[1030233.3664118361, 1695069.6216946507], [1030213.3770022311, 1695059.6269898482], [1030213.3770022311, 1695074.619047052], [1030233.3664118361, 1695074.619047052], [1030233.3664118361, 1695069.6216946507]]], [[[1030263.3505262437, 1695064.6243422495], [1030273.3452310462, 1695084.6137518545], [1030283.3399358487, 1695084.6137518545], [1030278.3425834475, 1695064.6243422495], [1030263.3505262437, 1695064.6243422495]]], [[[1029933.5252677605, 1695089.6111042558], [1029933.5252677605, 1695074.619047052], [1029923.530562958, 1695074.619047052], [1029918.5332105567, 1695064.6243422495], [1029908.5385057542, 1695069.6216946507], [1029908.5385057542, 1695099.6058090583], [1029923.530562958, 1695109.6005138608], [1029923.530562958, 1695094.608456657], [1029933.5252677605, 1695089.6111042558]], [[1029913.5358581555, 1695089.6111042558], [1029923.530562958, 1695089.6111042558], [1029923.530562958, 1695094.608456657], [1029913.5358581555, 1695089.6111042558]]], [[[1030233.3664118361, 1695079.6163994533], [1030223.3717070336, 1695079.6163994533], [1030223.3717070336, 1695094.608456657], [1030238.3637642374, 1695094.608456657], [1030233.3664118361, 1695079.6163994533]]], [[[1028509.2798334011, 1695099.6058090583], [1028494.2877761973, 1695099.6058090583], [1028494.2877761973, 1695109.6005138608], [1028509.2798334011, 1695104.6031614596], [1028509.2798334011, 1695099.6058090583]]], [[[1028524.2718906049, 1695134.5872758671], [1028514.2771858023, 1695104.6031614596], [1028499.2851285986, 1695109.6005138608], [1028509.2798334011, 1695119.5952186633], [1028524.2718906049, 1695134.5872758671]]], [[[1029888.5490961492, 1695109.6005138608], [1029883.5517437479, 1695134.5872758671], [1029893.5464485504, 1695144.5819806696], [1029898.5438009517, 1695114.597866262], [1029888.5490961492, 1695109.6005138608]]], [[[1029943.519972563, 1695144.5819806696], [1029963.5093821681, 1695139.5846282684], [1029963.5093821681, 1695129.5899234659], [1029943.519972563, 1695129.5899234659], [1029933.5252677605, 1695109.6005138608], [1029923.530562958, 1695109.6005138608], [1029923.530562958, 1695124.5925710646], [1029938.5226201618, 1695129.5899234659], [1029943.519972563, 1695144.5819806696]]], [[[1029918.5332105567, 1695144.5819806696], [1029928.5279153592, 1695144.5819806696], [1029923.530562958, 1695124.5925710646], [1029913.5358581555, 1695124.5925710646], [1029918.5332105567, 1695144.5819806696]]], [[[1029948.5173249643, 1695149.579333071], [1029933.5252677605, 1695144.5819806696], [1029933.5252677605, 1695154.5766854722], [1029953.5146773655, 1695164.5713902747], [1029948.5173249643, 1695149.579333071]]], [[[1029873.5570389454, 1695164.5713902747], [1029873.5570389454, 1695169.568742676], [1029888.5490961492, 1695184.5607998797], [1029893.5464485504, 1695169.568742676], [1029873.5570389454, 1695164.5713902747]]], [[[1030298.3319930525, 1695194.5555046822], [1030308.326697855, 1695194.5555046822], [1030308.326697855, 1695169.568742676], [1030288.33728825, 1695179.5634474785], [1030298.3319930525, 1695184.5607998797], [1030298.3319930525, 1695194.5555046822]]], [[[1028494.2877761973, 1695194.5555046822], [1028444.3142521847, 1695189.558152281], [1028449.311604586, 1695204.5502094848], [1028489.290423796, 1695209.547561886], [1028494.2877761973, 1695194.5555046822]], [[1028469.301014191, 1695199.5528570835], [1028484.2930713948, 1695199.5528570835], [1028484.2930713948, 1695204.5502094848], [1028469.301014191, 1695199.5528570835]]], [[[1028514.2771858023, 1695219.5422666885], [1028499.2851285986, 1695224.5396190898], [1028499.2851285986, 1695234.5343238923], [1028509.2798334011, 1695229.536971491], [1028514.2771858023, 1695239.5316762936], [1028514.2771858023, 1695219.5422666885]]], [[[1030228.3690594349, 1695239.5316762936], [1030228.3690594349, 1695249.526381096], [1030248.3584690399, 1695254.5237334974], [1030248.3584690399, 1695244.5290286948], [1030268.3478786449, 1695229.536971491], [1030258.3531738424, 1695224.5396190898], [1030258.3531738424, 1695214.5449142873], [1030243.3611166386, 1695234.5343238923], [1030228.3690594349, 1695239.5316762936]]], [[[1029933.5252677605, 1695264.5184383], [1029943.519972563, 1695254.5237334974], [1029958.5120297668, 1695254.5237334974], [1029958.5120297668, 1695244.5290286948], [1029923.530562958, 1695244.5290286948], [1029933.5252677605, 1695264.5184383]]], [[[1028619.2215862288, 1695279.5104955037], [1028619.2215862288, 1695269.5157907011], [1028609.2268814263, 1695264.5184383], [1028604.229529025, 1695274.5131431024], [1028619.2215862288, 1695279.5104955037]]], [[[1028514.2771858023, 1695284.507847905], [1028519.2745382036, 1695264.5184383], [1028479.2957189935, 1695269.5157907011], [1028514.2771858023, 1695284.507847905]], [[1028494.2877761973, 1695269.5157907011], [1028509.2798334011, 1695269.5157907011], [1028509.2798334011, 1695274.5131431024], [1028494.2877761973, 1695269.5157907011]]], [[[1028814.118329878, 1695519.3834107642], [1028784.1342154704, 1695519.3834107642], [1028779.1368630691, 1695534.375467968], [1028814.118329878, 1695549.3675251717], [1028814.118329878, 1695519.3834107642]]], [[[1028799.1262726742, 1695609.3357539868], [1028804.1236250754, 1695634.3225159931], [1028819.1156822792, 1695619.3304587894], [1028809.1209774767, 1695609.3357539868], [1028799.1262726742, 1695609.3357539868]]], [[[1028894.0759682982, 1695674.3013352032], [1028904.0706731008, 1695679.2986876045], [1028914.0653779033, 1695664.3066304007], [1028909.068025502, 1695649.314573197], [1028899.0733206995, 1695654.3119255982], [1028894.0759682982, 1695674.3013352032]]], [[[1029788.602048124, 1695954.1530696738], [1029798.5967529265, 1695954.1530696738], [1029798.5967529265, 1695934.1636600688], [1029788.602048124, 1695924.1689552662], [1029783.6046957226, 1695934.1636600688], [1029768.6126385188, 1695934.1636600688], [1029773.60999092, 1695944.1583648713], [1029783.6046957226, 1695944.1583648713], [1029788.602048124, 1695954.1530696738]]], [[[1029678.6602952961, 1696014.121298489], [1029688.6550000986, 1696024.1160032914], [1029688.6550000986, 1696039.1080604952], [1029698.6497049012, 1696039.1080604952], [1029708.6444097037, 1696024.1160032914], [1029703.6470573024, 1695979.13983168], [1029693.6523524999, 1695964.1477744763], [1029678.6602952961, 1695964.1477744763], [1029678.6602952961, 1696014.121298489]], [[1029688.6550000986, 1696014.121298489], [1029698.6497049012, 1696014.121298489], [1029693.6523524999, 1696029.1133556927], [1029693.6523524999, 1696019.1186508902], [1029688.6550000986, 1696014.121298489]]], [[[1029513.7476660545, 1696059.0974701003], [1029498.7556088507, 1696054.100117699], [1029493.7582564495, 1696074.089527304], [1029503.752961252, 1696074.089527304], [1029513.7476660545, 1696059.0974701003]]], [[[1029083.9753595461, 1696059.0974701003], [1029078.9780071449, 1696074.089527304], [1029088.9727119474, 1696074.089527304], [1029093.9700643487, 1696064.0948225015], [1029083.9753595461, 1696059.0974701003]]], [[[1028919.0627303045, 1696129.060403718], [1028924.0600827058, 1696159.0445181257], [1028934.0547875083, 1696159.0445181257], [1028954.0441971134, 1696134.0577561192], [1028949.0468447121, 1696099.0762893104], [1028929.0574351071, 1696089.0815845078], [1028934.0547875083, 1696109.0709941129], [1028919.0627303045, 1696129.060403718]], [[1028939.0521399096, 1696119.0656989154], [1028934.0547875083, 1696139.0551085204], [1028924.0600827058, 1696139.0551085204], [1028929.0574351071, 1696124.0630513167], [1028939.0521399096, 1696119.0656989154]]], [[[1028484.2930713948, 1696159.0445181257], [1028499.2851285986, 1696164.041870527], [1028499.2851285986, 1696149.0498133232], [1028484.2930713948, 1696159.0445181257]]], [[[1028629.2162910313, 1696263.9889185522], [1028629.2162910313, 1696273.9836233547], [1028644.2083482351, 1696283.9783281572], [1028649.2057006364, 1696273.9836233547], [1028629.2162910313, 1696263.9889185522]]], [[[1028744.1553962603, 1696298.970385361], [1028719.168634254, 1696298.970385361], [1028719.168634254, 1696313.9624425648], [1028744.1553962603, 1696328.9544997686], [1028754.1501010628, 1696308.9650901635], [1028744.1553962603, 1696308.9650901635], [1028744.1553962603, 1696298.970385361]]], [[[1028819.1156822792, 1696318.959794966], [1028809.1209774767, 1696318.959794966], [1028809.1209774767, 1696343.9465569723], [1028824.1130346805, 1696343.9465569723], [1028824.1130346805, 1696358.9386141761], [1028834.107739483, 1696348.9439093736], [1028819.1156822792, 1696318.959794966]]], [[[1028554.2560050124, 1696333.9518521698], [1028544.2613002099, 1696318.959794966], [1028529.2692430061, 1696323.9571473673], [1028529.2692430061, 1696358.9386141761], [1028539.2639478086, 1696353.9412617749], [1028549.2586526112, 1696363.9359665774], [1028554.2560050124, 1696333.9518521698]]], [[[1028769.1421582666, 1696338.949204571], [1028749.1527486616, 1696338.949204571], [1028749.1527486616, 1696348.9439093736], [1028759.1474534641, 1696348.9439093736], [1028769.1421582666, 1696338.949204571]]], [[[1028534.2665954074, 1696373.93067138], [1028524.2718906049, 1696378.9280237812], [1028529.2692430061, 1696388.9227285837], [1028539.2639478086, 1696383.9253761824], [1028534.2665954074, 1696373.93067138]]], [[[1028834.107739483, 1696418.9068429912], [1028839.1050918843, 1696408.9121381887], [1028834.107739483, 1696398.9174333862], [1028824.1130346805, 1696398.9174333862], [1028824.1130346805, 1696418.9068429912], [1028834.107739483, 1696418.9068429912]]], [[[1028844.1024442856, 1696423.9041953925], [1028834.107739483, 1696423.9041953925], [1028834.107739483, 1696438.8962525963], [1028844.1024442856, 1696438.8962525963], [1028844.1024442856, 1696423.9041953925]]], [[[1028889.078615897, 1696673.7718154555], [1028889.078615897, 1696658.7797582517], [1028909.068025502, 1696668.7744630543], [1028919.0627303045, 1696668.7744630543], [1028919.0627303045, 1696658.7797582517], [1028904.0706731008, 1696648.7850534492], [1028894.0759682982, 1696628.7956438442], [1028874.0865586932, 1696628.7956438442], [1028869.089206292, 1696648.7850534492], [1028879.0839110945, 1696658.7797582517], [1028879.0839110945, 1696693.7612250606], [1028889.078615897, 1696698.7585774618], [1028894.0759682982, 1696733.7400442706], [1028874.0865586932, 1696743.7347490732], [1028869.089206292, 1696728.7426918694], [1028859.0945014894, 1696728.7426918694], [1028864.0918538907, 1696758.726806277], [1028884.0812634957, 1696758.726806277], [1028884.0812634957, 1696748.7321014744], [1028924.0600827058, 1696713.7506346656], [1028919.0627303045, 1696703.755929863], [1028899.0733206995, 1696703.755929863], [1028889.078615897, 1696688.7638726593], [1028899.0733206995, 1696683.766520258], [1028909.068025502, 1696698.7585774618], [1028929.0574351071, 1696698.7585774618], [1028934.0547875083, 1696713.7506346656], [1028934.0547875083, 1696688.7638726593], [1028889.078615897, 1696673.7718154555]]], [[[1028769.1421582666, 1696698.7585774618], [1028754.1501010628, 1696693.7612250606], [1028754.1501010628, 1696703.755929863], [1028739.1580438591, 1696708.7532822643], [1028739.1580438591, 1696723.7453394681], [1028749.1527486616, 1696728.7426918694], [1028749.1527486616, 1696718.7479870669], [1028764.1448058654, 1696718.7479870669], [1028769.1421582666, 1696728.7426918694], [1028779.1368630691, 1696728.7426918694], [1028769.1421582666, 1696698.7585774618]]], [[[1028549.2586526112, 1696733.7400442706], [1028589.2374718213, 1696733.7400442706], [1028594.2348242225, 1696743.7347490732], [1028599.2321766238, 1696738.737396672], [1028594.2348242225, 1696713.7506346656], [1028549.2586526112, 1696718.7479870669], [1028549.2586526112, 1696733.7400442706]], [[1028574.2454146175, 1696728.7426918694], [1028569.2480622162, 1696718.7479870669], [1028594.2348242225, 1696718.7479870669], [1028574.2454146175, 1696728.7426918694]]], [[[1028794.1289202729, 1696758.726806277], [1028784.1342154704, 1696748.7321014744], [1028784.1342154704, 1696733.7400442706], [1028809.1209774767, 1696733.7400442706], [1028829.1103870817, 1696723.7453394681], [1028829.1103870817, 1696713.7506346656], [1028809.1209774767, 1696708.7532822643], [1028789.1315678717, 1696718.7479870669], [1028779.1368630691, 1696728.7426918694], [1028779.1368630691, 1696743.7347490732], [1028759.1474534641, 1696728.7426918694], [1028739.1580438591, 1696733.7400442706], [1028739.1580438591, 1696743.7347490732], [1028749.1527486616, 1696743.7347490732], [1028754.1501010628, 1696753.7294538757], [1028794.1289202729, 1696758.726806277]]], [[[1028754.1501010628, 1696763.7241586782], [1028749.1527486616, 1696783.7135682832], [1028759.1474534641, 1696793.7082730858], [1028784.1342154704, 1696783.7135682832], [1028779.1368630691, 1696768.7215110795], [1028754.1501010628, 1696763.7241586782]]], [[[1028859.0945014894, 1696798.705625487], [1028869.089206292, 1696808.7003302895], [1028869.089206292, 1696768.7215110795], [1028859.0945014894, 1696798.705625487]]], [[[1028779.1368630691, 1696823.6923874933], [1028784.1342154704, 1696843.6817970984], [1028774.1395106679, 1696843.6817970984], [1028774.1395106679, 1696848.6791494996], [1028789.1315678717, 1696853.676501901], [1028789.1315678717, 1696828.6897398946], [1028774.1395106679, 1696808.7003302895], [1028764.1448058654, 1696818.695035092], [1028764.1448058654, 1696833.6870922958], [1028779.1368630691, 1696823.6923874933]]], [[[1028589.2374718213, 1696853.676501901], [1028594.2348242225, 1696883.6606163085], [1028609.2268814263, 1696888.6579687097], [1028619.2215862288, 1696883.6606163085], [1028619.2215862288, 1696873.665911506], [1028614.2242338276, 1696853.676501901], [1028594.2348242225, 1696833.6870922958], [1028594.2348242225, 1696778.716215882], [1028564.250709815, 1696783.7135682832], [1028559.2533574137, 1696798.705625487], [1028584.24011942, 1696788.7109206845], [1028584.24011942, 1696803.7029778883], [1028559.2533574137, 1696808.7003302895], [1028589.2374718213, 1696823.6923874933], [1028589.2374718213, 1696838.684444697], [1028579.2427670187, 1696843.6817970984], [1028589.2374718213, 1696853.676501901]], [[1028584.24011942, 1696808.7003302895], [1028589.2374718213, 1696808.7003302895], [1028589.2374718213, 1696813.6976826908], [1028584.24011942, 1696808.7003302895]]], [[[1028629.2162910313, 1696863.6712067034], [1028629.2162910313, 1696828.6897398946], [1028614.2242338276, 1696818.695035092], [1028614.2242338276, 1696808.7003302895], [1028609.2268814263, 1696823.6923874933], [1028614.2242338276, 1696853.676501901], [1028624.2189386301, 1696853.676501901], [1028629.2162910313, 1696863.6712067034]]], [[[1028479.2957189935, 1696808.7003302895], [1028464.3036617897, 1696813.6976826908], [1028454.3089569872, 1696803.7029778883], [1028439.3168997834, 1696803.7029778883], [1028449.311604586, 1696833.6870922958], [1028444.3142521847, 1696858.6738543021], [1028459.3063093885, 1696873.665911506], [1028499.2851285986, 1696868.6685591047], [1028499.2851285986, 1696858.6738543021], [1028524.2718906049, 1696843.6817970984], [1028524.2718906049, 1696833.6870922958], [1028534.2665954074, 1696833.6870922958], [1028539.2639478086, 1696823.6923874933], [1028539.2639478086, 1696808.7003302895], [1028529.2692430061, 1696808.7003302895], [1028529.2692430061, 1696818.695035092], [1028509.2798334011, 1696818.695035092], [1028504.2824809998, 1696833.6870922958], [1028489.290423796, 1696838.684444697], [1028479.2957189935, 1696808.7003302895]], [[1028469.301014191, 1696863.6712067034], [1028459.3063093885, 1696863.6712067034], [1028454.3089569872, 1696848.6791494996], [1028464.3036617897, 1696848.6791494996], [1028469.301014191, 1696863.6712067034]], [[1028514.2771858023, 1696828.6897398946], [1028514.2771858023, 1696823.6923874933], [1028519.2745382036, 1696823.6923874933], [1028514.2771858023, 1696828.6897398946]]], [[[1028849.0997966869, 1696878.6632639072], [1028879.0839110945, 1696873.665911506], [1028879.0839110945, 1696858.6738543021], [1028864.0918538907, 1696843.6817970984], [1028834.107739483, 1696838.684444697], [1028819.1156822792, 1696818.695035092], [1028784.1342154704, 1696808.7003302895], [1028809.1209774767, 1696828.6897398946], [1028819.1156822792, 1696858.6738543021], [1028829.1103870817, 1696858.6738543021], [1028849.0997966869, 1696878.6632639072]], [[1028819.1156822792, 1696828.6897398946], [1028824.1130346805, 1696838.684444697], [1028814.118329878, 1696838.684444697], [1028819.1156822792, 1696828.6897398946]], [[1028854.0971490882, 1696868.6685591047], [1028859.0945014894, 1696868.6685591047], [1028859.0945014894, 1696873.665911506], [1028854.0971490882, 1696868.6685591047]]], [[[1028899.0733206995, 1696873.665911506], [1028914.0653779033, 1696888.6579687097], [1028929.0574351071, 1696888.6579687097], [1028934.0547875083, 1696863.6712067034], [1028949.0468447121, 1696858.6738543021], [1028949.0468447121, 1696848.6791494996], [1028959.0415495146, 1696848.6791494996], [1028954.0441971134, 1696833.6870922958], [1028939.0521399096, 1696823.6923874933], [1028939.0521399096, 1696843.6817970984], [1028929.0574351071, 1696843.6817970984], [1028909.068025502, 1696818.695035092], [1028899.0733206995, 1696818.695035092], [1028899.0733206995, 1696833.6870922958], [1028919.0627303045, 1696853.676501901], [1028919.0627303045, 1696863.6712067034], [1028904.0706731008, 1696863.6712067034], [1028899.0733206995, 1696873.665911506]]], [[[1028624.2189386301, 1696893.655321111], [1028649.2057006364, 1696898.6526735122], [1028649.2057006364, 1696888.6579687097], [1028624.2189386301, 1696893.655321111]]], [[[1029113.9594739537, 1696898.6526735122], [1029113.9594739537, 1696913.644730716], [1029118.956826355, 1696908.6473783148], [1029128.9515311575, 1696913.644730716], [1029123.9541787562, 1696943.6288451236], [1029143.9435883613, 1696933.634140321], [1029143.9435883613, 1696918.6420831173], [1029123.9541787562, 1696898.6526735122], [1029113.9594739537, 1696898.6526735122]]], [[[1028849.0997966869, 1696933.634140321], [1028864.0918538907, 1696938.6314927223], [1028864.0918538907, 1696923.6394355185], [1028849.0997966869, 1696933.634140321]]], [[[1029203.9118171764, 1697143.522941174], [1029173.9277027688, 1697128.5308839702], [1029173.9277027688, 1697143.522941174], [1029203.9118171764, 1697153.5176459765], [1029203.9118171764, 1697143.522941174]]], [[[1028974.0336067184, 1697153.5176459765], [1028979.0309591197, 1697163.512350779], [1028989.0256639222, 1697163.512350779], [1028994.0230163235, 1697143.522941174], [1028984.0283115209, 1697138.5255887727], [1028974.0336067184, 1697153.5176459765]]], [[[1028744.1553962603, 1697168.5097031803], [1028739.1580438591, 1697158.5149983778], [1028724.1659866553, 1697158.5149983778], [1028724.1659866553, 1697163.512350779], [1028744.1553962603, 1697168.5097031803]]], [[[1029058.9885975398, 1697148.5202935752], [1029048.9938927373, 1697148.5202935752], [1029029.0044831323, 1697198.4938175878], [1029073.9806547436, 1697183.501760384], [1029078.9780071449, 1697173.5070555815], [1029088.9727119474, 1697173.5070555815], [1029078.9780071449, 1697138.5255887727], [1029063.9859499411, 1697138.5255887727], [1029058.9885975398, 1697148.5202935752]]], [[[1028829.1103870817, 1697183.501760384], [1028829.1103870817, 1697173.5070555815], [1028814.118329878, 1697168.5097031803], [1028809.1209774767, 1697178.5044079828], [1028829.1103870817, 1697183.501760384]]], [[[1028699.179224649, 1697183.501760384], [1028724.1659866553, 1697198.4938175878], [1028769.1421582666, 1697198.4938175878], [1028764.1448058654, 1697183.501760384], [1028744.1553962603, 1697173.5070555815], [1028729.1633390565, 1697183.501760384], [1028699.179224649, 1697173.5070555815], [1028699.179224649, 1697183.501760384]]], [[[1029193.9171123739, 1697228.4779319954], [1029203.9118171764, 1697198.4938175878], [1029193.9171123739, 1697183.501760384], [1029173.9277027688, 1697183.501760384], [1029163.9329979663, 1697163.512350779], [1029153.9382931638, 1697163.512350779], [1029153.9382931638, 1697148.5202935752], [1029123.9541787562, 1697143.522941174], [1029098.9674167499, 1697173.5070555815], [1029098.9674167499, 1697193.4964651866], [1029163.9329979663, 1697193.4964651866], [1029168.9303503676, 1697208.4885223904], [1029178.9250551701, 1697208.4885223904], [1029193.9171123739, 1697228.4779319954]]], [[[1029203.9118171764, 1697193.4964651866], [1029218.9038743802, 1697203.491169989], [1029228.8985791827, 1697203.491169989], [1029213.9065219789, 1697178.5044079828], [1029198.9144647751, 1697178.5044079828], [1029203.9118171764, 1697193.4964651866]]], [[[1028929.0574351071, 1697198.4938175878], [1028944.0494923108, 1697193.4964651866], [1028954.0441971134, 1697178.5044079828], [1028914.0653779033, 1697198.4938175878], [1028914.0653779033, 1697208.4885223904], [1028929.0574351071, 1697208.4885223904], [1028929.0574351071, 1697198.4938175878]]], [[[1028814.118329878, 1697183.501760384], [1028789.1315678717, 1697203.491169989], [1028789.1315678717, 1697218.483227193], [1028834.107739483, 1697218.483227193], [1028829.1103870817, 1697193.4964651866], [1028814.118329878, 1697183.501760384]]], [[[1028654.2030530376, 1697283.4488084093], [1028644.2083482351, 1697278.451456008], [1028644.2083482351, 1697268.4567512055], [1028654.2030530376, 1697263.4593988042], [1028634.2136434326, 1697263.4593988042], [1028634.2136434326, 1697283.4488084093], [1028654.2030530376, 1697283.4488084093]]], [[[1028659.2004054389, 1697268.4567512055], [1028664.1977578402, 1697283.4488084093], [1028654.2030530376, 1697288.4461608105], [1028664.1977578402, 1697293.4435132118], [1028679.1898150439, 1697293.4435132118], [1028669.1951102414, 1697268.4567512055], [1028659.2004054389, 1697268.4567512055]]], [[[1028639.2109958339, 1697323.4276276194], [1028639.2109958339, 1697303.4382180143], [1028629.2162910313, 1697308.4355704156], [1028624.2189386301, 1697338.4196848231], [1028649.2057006364, 1697333.4223324219], [1028649.2057006364, 1697323.4276276194], [1028639.2109958339, 1697323.4276276194]], [[1028634.2136434326, 1697328.4249800206], [1028629.2162910313, 1697328.4249800206], [1028629.2162910313, 1697318.430275218], [1028634.2136434326, 1697328.4249800206]]], [[[1028559.2533574137, 1697338.4196848231], [1028579.2427670187, 1697343.4170372244], [1028579.2427670187, 1697328.4249800206], [1028559.2533574137, 1697328.4249800206], [1028559.2533574137, 1697338.4196848231]]], [[[1028559.2533574137, 1697318.430275218], [1028524.2718906049, 1697343.4170372244], [1028514.2771858023, 1697363.4064468294], [1028529.2692430061, 1697358.4090944282], [1028539.2639478086, 1697368.4037992307], [1028554.2560050124, 1697368.4037992307], [1028544.2613002099, 1697363.4064468294], [1028549.2586526112, 1697353.411742027], [1028534.2665954074, 1697353.411742027], [1028559.2533574137, 1697318.430275218]]], [[[1028639.2109958339, 1697383.3958564345], [1028654.2030530376, 1697388.3932088357], [1028669.1951102414, 1697403.3852660395], [1028669.1951102414, 1697383.3958564345], [1028639.2109958339, 1697368.4037992307], [1028639.2109958339, 1697383.3958564345]]], [[[1028574.2454146175, 1697363.4064468294], [1028569.2480622162, 1697393.390561237], [1028559.2533574137, 1697398.3879136383], [1028564.250709815, 1697418.3773232433], [1028574.2454146175, 1697428.3720280458], [1028589.2374718213, 1697423.3746756446], [1028584.24011942, 1697368.4037992307], [1028594.2348242225, 1697368.4037992307], [1028599.2321766238, 1697378.3985040332], [1028599.2321766238, 1697418.3773232433], [1028619.2215862288, 1697418.3773232433], [1028619.2215862288, 1697408.3826184408], [1028639.2109958339, 1697408.3826184408], [1028639.2109958339, 1697393.390561237], [1028614.2242338276, 1697388.3932088357], [1028604.229529025, 1697358.4090944282], [1028554.2560050124, 1697348.4143896257], [1028554.2560050124, 1697363.4064468294], [1028574.2454146175, 1697363.4064468294]], [[1028584.24011942, 1697403.3852660395], [1028584.24011942, 1697413.379970842], [1028569.2480622162, 1697408.3826184408], [1028574.2454146175, 1697398.3879136383], [1028584.24011942, 1697403.3852660395]]], [[[1028979.0309591197, 1697388.3932088357], [1028974.0336067184, 1697398.3879136383], [1028989.0256639222, 1697403.3852660395], [1028989.0256639222, 1697393.390561237], [1028979.0309591197, 1697388.3932088357]]], [[[1028729.1633390565, 1697403.3852660395], [1028739.1580438591, 1697393.390561237], [1028719.168634254, 1697393.390561237], [1028704.1765770502, 1697398.3879136383], [1028679.1898150439, 1697428.3720280458], [1028714.1712818528, 1697453.3587900521], [1028714.1712818528, 1697433.369380447], [1028739.1580438591, 1697438.3667328483], [1028739.1580438591, 1697428.3720280458], [1028724.1659866553, 1697413.379970842], [1028764.1448058654, 1697423.3746756446], [1028779.1368630691, 1697408.3826184408], [1028779.1368630691, 1697388.3932088357], [1028769.1421582666, 1697383.3958564345], [1028754.1501010628, 1697393.390561237], [1028759.1474534641, 1697403.3852660395], [1028769.1421582666, 1697403.3852660395], [1028769.1421582666, 1697413.379970842], [1028744.1553962603, 1697413.379970842], [1028729.1633390565, 1697403.3852660395]]], [[[1028899.0733206995, 1697448.3614376509], [1028919.0627303045, 1697448.3614376509], [1028914.0653779033, 1697423.3746756446], [1028894.0759682982, 1697398.3879136383], [1028864.0918538907, 1697408.3826184408], [1028854.0971490882, 1697428.3720280458], [1028889.078615897, 1697433.369380447], [1028899.0733206995, 1697448.3614376509]]], [[[1028844.1024442856, 1697433.369380447], [1028844.1024442856, 1697423.3746756446], [1028824.1130346805, 1697443.3640852496], [1028824.1130346805, 1697458.3561424534], [1028854.0971490882, 1697463.3534948546], [1028854.0971490882, 1697438.3667328483], [1028844.1024442856, 1697433.369380447]]], [[[1029568.7185424684, 1704414.6706850086], [1029583.7105996722, 1704414.6706850086], [1029588.7079520734, 1704404.675980206], [1029573.7158948696, 1704404.675980206], [1029568.7185424684, 1704414.6706850086]]], [[[1029633.6841236848, 1704419.66803741], [1029608.6973616785, 1704419.66803741], [1029613.6947140797, 1704429.6627422124], [1029633.6841236848, 1704429.6627422124], [1029633.6841236848, 1704419.66803741]]], [[[1030193.387592626, 1722829.914283655], [1030203.3822974286, 1722809.9248740498], [1030203.3822974286, 1722769.9460548398], [1030193.387592626, 1722784.9381120435], [1030193.387592626, 1722829.914283655]]], [[[1028574.2454146175, 1727327.5314447898], [1028584.24011942, 1727322.5340923886], [1028584.24011942, 1727307.5420351848], [1028574.2454146175, 1727312.539387586], [1028574.2454146175, 1727327.5314447898]]], [[[1030208.3796498298, 1728252.041639023], [1030223.3717070336, 1728257.0389914243], [1030228.3690594349, 1728242.0469342205], [1030203.3822974286, 1728247.0442866217], [1030203.3822974286, 1728267.0336962268], [1030213.3770022311, 1728267.0336962268], [1030208.3796498298, 1728252.041639023]]], [[[1029898.5438009517, 1728926.6842131934], [1029883.5517437479, 1728936.678917996], [1029883.5517437479, 1728946.6736227984], [1029898.5438009517, 1728936.678917996], [1029898.5438009517, 1728926.6842131934]]], [[[1030143.4140686134, 1729501.3797393383], [1030138.4167162122, 1729516.371796542], [1030153.408773416, 1729511.3744441408], [1030183.3928878235, 1729471.3956249307], [1030163.4034782185, 1729476.392977332], [1030163.4034782185, 1729486.3876821345], [1030143.4140686134, 1729501.3797393383]]], [[[1030133.4193638109, 1729616.3188445673], [1030138.4167162122, 1729606.3241397648], [1030143.4140686134, 1729596.3294349622], [1030128.4220114097, 1729596.3294349622], [1030123.4246590084, 1729616.3188445673], [1030133.4193638109, 1729616.3188445673]]], [[[1030932.9957480127, 1692670.8925420456], [1030913.0063384076, 1692665.8951896443], [1030913.0063384076, 1692715.868713657], [1030937.9931004139, 1692710.8713612556], [1030927.9983956114, 1692700.8766564531], [1030932.9957480127, 1692670.8925420456]]], [[[1031027.9454436366, 1692790.8289996758], [1031037.9401484391, 1692785.8316472746], [1031037.9401484391, 1692770.8395900708], [1031027.9454436366, 1692775.836942472], [1031027.9454436366, 1692790.8289996758]]], [[[1030623.1598991344, 1693110.6595533565], [1030623.1598991344, 1693100.664848554], [1030633.154603937, 1693095.6674961527], [1030613.1651943319, 1693075.6780865476], [1030613.1651943319, 1693085.6727913502], [1030603.1704895294, 1693090.6701437514], [1030623.1598991344, 1693110.6595533565]], [[1030618.1625467332, 1693090.6701437514], [1030618.1625467332, 1693095.6674961527], [1030613.1651943319, 1693095.6674961527], [1030618.1625467332, 1693090.6701437514]]], [[[1030638.1519563382, 1693125.6516105602], [1030623.1598991344, 1693120.654258159], [1030628.1572515357, 1693140.643667764], [1030638.1519563382, 1693125.6516105602]]], [[[1030673.133423147, 1693365.5245258207], [1030623.1598991344, 1693365.5245258207], [1030638.1519563382, 1693380.5165830245], [1030663.1387183445, 1693375.5192306233], [1030678.1307755483, 1693385.5139354258], [1030673.133423147, 1693365.5245258207]]], [[[1030728.1042995609, 1693510.4477454573], [1030708.1148899558, 1693490.4583358523], [1030683.1281279495, 1693490.4583358523], [1030673.133423147, 1693510.4477454573], [1030683.1281279495, 1693530.4371550623], [1030703.1175375546, 1693530.4371550623], [1030698.1201851533, 1693500.4530406548], [1030713.1122423571, 1693520.4424502598], [1030728.1042995609, 1693520.4424502598], [1030728.1042995609, 1693510.4477454573]]], [[[1031187.860720477, 1694055.1591571947], [1031197.8554252795, 1694055.1591571947], [1031202.8527776807, 1694025.175042787], [1031192.8580728782, 1694025.175042787], [1031187.860720477, 1694055.1591571947]]], [[[1031177.8660156744, 1694050.1618047934], [1031182.8633680757, 1694070.1512143984], [1031197.8554252795, 1694075.1485667997], [1031197.8554252795, 1694065.1538619972], [1031177.8660156744, 1694050.1618047934]]], [[[1031267.8183588971, 1694100.135328806], [1031267.8183588971, 1694090.1406240035], [1031252.8263016933, 1694085.1432716022], [1031242.8315968908, 1694100.135328806], [1031267.8183588971, 1694100.135328806]]], [[[1031442.7256929412, 1694165.1009100224], [1031432.7309881387, 1694165.1009100224], [1031432.7309881387, 1694180.0929672262], [1031442.7256929412, 1694175.095614825], [1031442.7256929412, 1694165.1009100224]]], [[[1030353.3028694664, 1694170.0982624236], [1030358.3002218676, 1694190.0876720287], [1030368.2949266701, 1694190.0876720287], [1030358.3002218676, 1694170.0982624236], [1030353.3028694664, 1694170.0982624236]]], [[[1031282.8104161009, 1694180.0929672262], [1031267.8183588971, 1694160.1035576211], [1031277.8130636996, 1694195.08502443], [1031317.7918829097, 1694200.0823768312], [1031312.7945305085, 1694190.0876720287], [1031282.8104161009, 1694180.0929672262]]], [[[1030678.1307755483, 1694280.0400152514], [1030673.133423147, 1694290.0347200541], [1030698.1201851533, 1694290.0347200541], [1030678.1307755483, 1694280.0400152514]]], [[[1030308.326697855, 1694359.9976536718], [1030308.326697855, 1694374.9897108756], [1030318.3214026575, 1694384.984415678], [1030318.3214026575, 1694359.9976536718], [1030308.326697855, 1694359.9976536718]]], [[[1031087.9136724517, 1694379.9870632768], [1031082.9163200505, 1694379.9870632768], [1031082.9163200505, 1694394.9791204806], [1031092.911024853, 1694394.9791204806], [1031087.9136724517, 1694379.9870632768]]], [[[1030753.0910615672, 1694449.9499968945], [1030748.0937091659, 1694419.965882487], [1030738.0990043634, 1694409.9711776844], [1030748.0937091659, 1694404.973825283], [1030758.0884139684, 1694379.9870632768], [1030713.1122423571, 1694364.995006073], [1030723.1069471596, 1694414.9685300856], [1030723.1069471596, 1694434.9579396907], [1030708.1148899558, 1694444.9526444932], [1030713.1122423571, 1694469.9394064995], [1030728.1042995609, 1694469.9394064995], [1030753.0910615672, 1694449.9499968945]]], [[[1030623.1598991344, 1694844.740836594], [1030598.1731371281, 1694834.7461317915], [1030603.1704895294, 1694854.7355413965], [1030618.1625467332, 1694864.730246199], [1030623.1598991344, 1694844.740836594]]], [[[1031282.8104161009, 1694904.7090654091], [1031282.8104161009, 1694929.6958274154], [1031312.7945305085, 1694904.7090654091], [1031317.7918829097, 1694884.719655804], [1031302.7998257059, 1694884.719655804], [1031302.7998257059, 1694894.7143606066], [1031282.8104161009, 1694904.7090654091]]], [[[1030838.0460523887, 1694904.7090654091], [1030828.0513475862, 1694909.7064178104], [1030828.0513475862, 1694934.6931798167], [1030843.04340479, 1694924.6984750142], [1030838.0460523887, 1694904.7090654091]]], [[[1030868.0301667963, 1694924.6984750142], [1030853.0381095925, 1694934.6931798167], [1030853.0381095925, 1694944.6878846192], [1030868.0301667963, 1694934.6931798167], [1030868.0301667963, 1694924.6984750142]]], [[[1031272.8157112984, 1694939.690532218], [1031262.8210064959, 1694954.6825894217], [1031272.8157112984, 1694964.6772942243], [1031287.8077685022, 1694954.6825894217], [1031282.8104161009, 1694939.690532218], [1031272.8157112984, 1694939.690532218]]], [[[1031262.8210064959, 1694954.6825894217], [1031247.8289492921, 1694954.6825894217], [1031247.8289492921, 1694964.6772942243], [1031257.8236540946, 1694964.6772942243], [1031262.8210064959, 1694954.6825894217]]], [[[1031407.7442261324, 1694994.6614086318], [1031417.7389309349, 1695024.6455230394], [1031422.7362833362, 1695009.6534658356], [1031402.7468737311, 1694979.669351428], [1031372.7627593236, 1694959.679941823], [1031367.7654069223, 1694934.6931798167], [1031347.7759973173, 1694929.6958274154], [1031342.778644916, 1694909.7064178104], [1031332.7839401135, 1694909.7064178104], [1031342.778644916, 1694939.690532218], [1031362.7680545211, 1694949.6852370205], [1031367.7654069223, 1694964.6772942243], [1031397.7495213299, 1694994.6614086318], [1031407.7442261324, 1694994.6614086318]]], [[[1031397.7495213299, 1694959.679941823], [1031387.7548165274, 1694934.6931798167], [1031377.7601117248, 1694934.6931798167], [1031377.7601117248, 1694959.679941823], [1031412.7415785337, 1694979.669351428], [1031417.7389309349, 1694999.658761033], [1031432.7309881387, 1695004.6561134344], [1031432.7309881387, 1694984.6667038293], [1031422.7362833362, 1694984.6667038293], [1031417.7389309349, 1694969.6746466255], [1031397.7495213299, 1694959.679941823]]], [[[1030298.3319930525, 1694989.6640562306], [1030298.3319930525, 1694999.658761033], [1030313.3240502563, 1694999.658761033], [1030318.3214026575, 1694979.669351428], [1030338.3108122626, 1694984.6667038293], [1030333.3134598613, 1694964.6772942243], [1030313.3240502563, 1694964.6772942243], [1030308.326697855, 1694989.6640562306], [1030298.3319930525, 1694989.6640562306]]], [[[1030873.0275191976, 1695014.6508182369], [1030888.0195764013, 1695019.6481706381], [1030893.0169288026, 1695009.6534658356], [1030873.0275191976, 1695009.6534658356], [1030873.0275191976, 1695014.6508182369]]], [[[1030353.3028694664, 1695034.640227842], [1030353.3028694664, 1695024.6455230394], [1030373.2922790714, 1695014.6508182369], [1030353.3028694664, 1695009.6534658356], [1030348.3055170651, 1695024.6455230394], [1030333.3134598613, 1695024.6455230394], [1030333.3134598613, 1695034.640227842], [1030353.3028694664, 1695034.640227842]]], [[[1031372.7627593236, 1695029.6428754407], [1031372.7627593236, 1695019.6481706381], [1031362.7680545211, 1695014.6508182369], [1031357.7707021198, 1695024.6455230394], [1031372.7627593236, 1695029.6428754407]]], [[[1030918.0036908089, 1695014.6508182369], [1030893.0169288026, 1695014.6508182369], [1030893.0169288026, 1695024.6455230394], [1030913.0063384076, 1695044.6349326444], [1030918.0036908089, 1695014.6508182369]]], [[[1031362.7680545211, 1695049.6322850457], [1031352.7733497185, 1695049.6322850457], [1031357.7707021198, 1695074.619047052], [1031367.7654069223, 1695079.6163994533], [1031362.7680545211, 1695049.6322850457]]], [[[1031472.7098073488, 1695084.6137518545], [1031492.6992169538, 1695084.6137518545], [1031497.6965693551, 1695094.608456657], [1031507.6912741576, 1695094.608456657], [1031497.6965693551, 1695079.6163994533], [1031487.7018645526, 1695079.6163994533], [1031487.7018645526, 1695064.6243422495], [1031477.70715975, 1695069.6216946507], [1031477.70715975, 1695059.6269898482], [1031472.7098073488, 1695084.6137518545]]], [[[1030942.9904528152, 1695119.5952186633], [1030972.9745672228, 1695119.5952186633], [1030952.9851576177, 1695099.6058090583], [1030942.9904528152, 1695119.5952186633]]], [[[1031002.9586816303, 1695154.5766854722], [1030987.9666244265, 1695154.5766854722], [1030982.9692720253, 1695169.568742676], [1031002.9586816303, 1695159.5740378734], [1031002.9586816303, 1695154.5766854722]]], [[[1031517.6859789601, 1695164.5713902747], [1031502.6939217563, 1695164.5713902747], [1031502.6939217563, 1695194.5555046822], [1031517.6859789601, 1695189.558152281], [1031517.6859789601, 1695164.5713902747]]], [[[1031332.7839401135, 1695249.526381096], [1031337.7812925148, 1695269.5157907011], [1031347.7759973173, 1695259.5210858986], [1031332.7839401135, 1695249.526381096]]], [[[1031067.9242628467, 1695249.526381096], [1031077.9189676492, 1695269.5157907011], [1031087.9136724517, 1695269.5157907011], [1031097.9083772543, 1695289.5052003062], [1031097.9083772543, 1695264.5184383], [1031067.9242628467, 1695249.526381096]]], [[[1031027.9454436366, 1695269.5157907011], [1031017.9507388341, 1695274.5131431024], [1031017.9507388341, 1695284.507847905], [1031032.9427960379, 1695289.5052003062], [1031062.9269104454, 1695279.5104955037], [1031067.9242628467, 1695269.5157907011], [1031027.9454436366, 1695269.5157907011]]], [[[1031347.7759973173, 1695269.5157907011], [1031342.778644916, 1695284.507847905], [1031362.7680545211, 1695299.4999051087], [1031362.7680545211, 1695274.5131431024], [1031352.7733497185, 1695279.5104955037], [1031347.7759973173, 1695269.5157907011]]], [[[1030977.971919624, 1695299.4999051087], [1030987.9666244265, 1695289.5052003062], [1030987.9666244265, 1695269.5157907011], [1030972.9745672228, 1695269.5157907011], [1030977.971919624, 1695299.4999051087]]], [[[1030923.0010432102, 1695294.5025527074], [1030937.9931004139, 1695304.49725751], [1030937.9931004139, 1695289.5052003062], [1030923.0010432102, 1695294.5025527074]]], [[[1030977.971919624, 1695319.4893147137], [1030977.971919624, 1695299.4999051087], [1030957.982510019, 1695309.4946099112], [1030957.982510019, 1695329.4840195163], [1030977.971919624, 1695319.4893147137]]], [[[1030898.0142812039, 1695309.4946099112], [1030898.0142812039, 1695324.486667115], [1030908.0089860064, 1695324.486667115], [1030908.0089860064, 1695309.4946099112], [1030898.0142812039, 1695309.4946099112]]], [[[1031477.70715975, 1695344.47607672], [1031437.72834054, 1695339.4787243188], [1031452.7203977437, 1695349.4734291213], [1031472.7098073488, 1695349.4734291213], [1031482.7045121513, 1695364.465486325], [1031522.6833313614, 1695374.4601911276], [1031522.6833313614, 1695359.4681339238], [1031507.6912741576, 1695364.465486325], [1031502.6939217563, 1695354.4707815226], [1031487.7018645526, 1695354.4707815226], [1031477.70715975, 1695344.47607672]]], [[[1030618.1625467332, 1695359.4681339238], [1030618.1625467332, 1695364.465486325], [1030633.154603937, 1695374.4601911276], [1030633.154603937, 1695364.465486325], [1030618.1625467332, 1695359.4681339238]]], [[[1030947.9878052165, 1695409.4416579364], [1030947.9878052165, 1695399.446953134], [1030923.0010432102, 1695414.4390103377], [1030947.9878052165, 1695409.4416579364]]], [[[1031357.7707021198, 1695459.415181949], [1031352.7733497185, 1695469.4098867516], [1031387.7548165274, 1695469.4098867516], [1031357.7707021198, 1695459.415181949]]], [[[1030927.9983956114, 1695464.4125343503], [1030918.0036908089, 1695469.4098867516], [1030918.0036908089, 1695479.404591554], [1030927.9983956114, 1695479.404591554], [1030927.9983956114, 1695464.4125343503]]], [[[1030927.9983956114, 1695569.3569347768], [1030937.9931004139, 1695559.3622299742], [1030947.9878052165, 1695559.3622299742], [1030952.9851576177, 1695529.3781155667], [1030942.9904528152, 1695529.3781155667], [1030942.9904528152, 1695519.3834107642], [1030932.9957480127, 1695514.386058363], [1030932.9957480127, 1695549.3675251717], [1030923.0010432102, 1695534.375467968], [1030918.0036908089, 1695554.364877573], [1030923.0010432102, 1695584.3489919805], [1030932.9957480127, 1695579.3516395793], [1030927.9983956114, 1695569.3569347768]]], [[[1031442.7256929412, 1695559.3622299742], [1031417.7389309349, 1695554.364877573], [1031412.7415785337, 1695569.3569347768], [1031427.7336357374, 1695579.3516395793], [1031442.7256929412, 1695559.3622299742]]], [[[1031467.7124549475, 1695599.3410491843], [1031462.7151025463, 1695614.333106388], [1031477.70715975, 1695614.333106388], [1031472.7098073488, 1695599.3410491843], [1031467.7124549475, 1695599.3410491843]]], [[[1030608.1678419306, 1695654.3119255982], [1030623.1598991344, 1695649.314573197], [1030623.1598991344, 1695634.3225159931], [1030608.1678419306, 1695639.3198683944], [1030608.1678419306, 1695654.3119255982]]], [[[1030568.1890227206, 1695659.3092779994], [1030558.194317918, 1695669.303982802], [1030568.1890227206, 1695669.303982802], [1030583.1810799243, 1695684.2960400057], [1030588.1784323256, 1695669.303982802], [1030603.1704895294, 1695664.3066304007], [1030603.1704895294, 1695654.3119255982], [1030578.1837275231, 1695669.303982802], [1030568.1890227206, 1695659.3092779994]]], [[[1031267.8183588971, 1695709.282802012], [1031267.8183588971, 1695724.2748592158], [1031272.8157112984, 1695729.272211617], [1031282.8104161009, 1695719.2775068146], [1031267.8183588971, 1695709.282802012]]], [[[1030768.0831187711, 1695714.2801544133], [1030758.0884139684, 1695709.282802012], [1030748.0937091659, 1695729.272211617], [1030763.0857663698, 1695729.272211617], [1030768.0831187711, 1695714.2801544133]]], [[[1030718.1095947584, 1695754.2589736234], [1030723.1069471596, 1695724.2748592158], [1030708.1148899558, 1695724.2748592158], [1030708.1148899558, 1695714.2801544133], [1030693.1228327521, 1695724.2748592158], [1030693.1228327521, 1695739.2669164196], [1030673.133423147, 1695749.2616212221], [1030678.1307755483, 1695764.253678426], [1030688.1254803508, 1695749.2616212221], [1030693.1228327521, 1695764.253678426], [1030718.1095947584, 1695754.2589736234]]], [[[1031312.7945305085, 1695739.2669164196], [1031297.8024733047, 1695739.2669164196], [1031302.7998257059, 1695749.2616212221], [1031312.7945305085, 1695749.2616212221], [1031312.7945305085, 1695739.2669164196]]], [[[1030908.0089860064, 1695764.253678426], [1030903.0116336051, 1695764.253678426], [1030903.0116336051, 1695769.2510308272], [1030918.0036908089, 1695769.2510308272], [1030918.0036908089, 1695759.2563260247], [1030903.0116336051, 1695754.2589736234], [1030908.0089860064, 1695759.2563260247], [1030908.0089860064, 1695764.253678426]]], [[[1031427.7336357374, 1695784.243088031], [1031442.7256929412, 1695799.2351452347], [1031432.7309881387, 1695779.2457356297], [1031412.7415785337, 1695774.2483832284], [1031417.7389309349, 1695784.243088031], [1031427.7336357374, 1695784.243088031]]], [[[1031222.8421872858, 1695809.2298500373], [1031222.8421872858, 1695819.2245548398], [1031232.8368920883, 1695814.2272024385], [1031242.8315968908, 1695819.2245548398], [1031227.839539687, 1695829.2192596423], [1031217.8448348845, 1695824.221907241], [1031217.8448348845, 1695834.2166120436], [1031232.8368920883, 1695834.2166120436], [1031252.8263016933, 1695819.2245548398], [1031247.8289492921, 1695804.232497636], [1031222.8421872858, 1695809.2298500373]]], [[[1030893.0169288026, 1695964.1477744763], [1030883.0222240001, 1695969.1451268776], [1030883.0222240001, 1695979.13983168], [1030893.0169288026, 1695979.13983168], [1030893.0169288026, 1695964.1477744763]]], [[[1031347.7759973173, 1696014.121298489], [1031332.7839401135, 1696009.1239460877], [1031332.7839401135, 1696024.1160032914], [1031347.7759973173, 1696024.1160032914], [1031347.7759973173, 1696014.121298489]]], [[[1030898.0142812039, 1696024.1160032914], [1030898.0142812039, 1696039.1080604952], [1030908.0089860064, 1696044.1054128965], [1030903.0116336051, 1696034.110708094], [1030908.0089860064, 1696024.1160032914], [1030898.0142812039, 1696024.1160032914]]], [[[1031382.7574641261, 1696064.0948225015], [1031382.7574641261, 1696074.089527304], [1031367.7654069223, 1696074.089527304], [1031367.7654069223, 1696089.0815845078], [1031392.7521689286, 1696069.0921749028], [1031392.7521689286, 1696059.0974701003], [1031377.7601117248, 1696054.100117699], [1031372.7627593236, 1696064.0948225015], [1031382.7574641261, 1696064.0948225015]]], [[[1030937.9931004139, 1696119.0656989154], [1030937.9931004139, 1696139.0551085204], [1030962.9798624202, 1696134.0577561192], [1030962.9798624202, 1696104.0736417116], [1030957.982510019, 1696114.0683465141], [1030937.9931004139, 1696119.0656989154]]], [[[1030927.9983956114, 1696129.060403718], [1030908.0089860064, 1696124.0630513167], [1030903.0116336051, 1696144.0524609217], [1030913.0063384076, 1696144.0524609217], [1030927.9983956114, 1696129.060403718]]], [[[1031147.8819012669, 1696129.060403718], [1031147.8819012669, 1696144.0524609217], [1031152.8792536681, 1696149.0498133232], [1031162.8739584706, 1696139.0551085204], [1031147.8819012669, 1696129.060403718]]], [[[1031207.850130082, 1696139.0551085204], [1031182.8633680757, 1696134.0577561192], [1031187.860720477, 1696149.0498133232], [1031202.8527776807, 1696144.0524609217], [1031197.8554252795, 1696159.0445181257], [1031202.8527776807, 1696169.0392229282], [1031207.850130082, 1696139.0551085204]]], [[[1031167.8713108719, 1696164.041870527], [1031162.8739584706, 1696164.041870527], [1031157.8766060694, 1696179.0339277308], [1031167.8713108719, 1696179.0339277308], [1031167.8713108719, 1696164.041870527]]], [[[1031502.6939217563, 1696209.0180421383], [1031512.6886265589, 1696209.0180421383], [1031517.6859789601, 1696179.0339277308], [1031507.6912741576, 1696179.0339277308], [1031502.6939217563, 1696209.0180421383]]], [[[1030992.9639768278, 1696199.0233373358], [1031007.9560340316, 1696204.020689737], [1031007.9560340316, 1696194.0259849345], [1030997.9613292291, 1696189.0286325333], [1030992.9639768278, 1696199.0233373358]]], [[[1030982.9692720253, 1696219.0127469408], [1030987.9666244265, 1696189.0286325333], [1030977.971919624, 1696189.0286325333], [1030982.9692720253, 1696219.0127469408]]], [[[1031372.7627593236, 1696458.8856622013], [1031367.7654069223, 1696468.8803670038], [1031397.7495213299, 1696463.8830146026], [1031417.7389309349, 1696448.8909573988], [1031417.7389309349, 1696408.9121381887], [1031407.7442261324, 1696408.9121381887], [1031407.7442261324, 1696428.9015477938], [1031382.7574641261, 1696458.8856622013], [1031372.7627593236, 1696458.8856622013]]], [[[1031467.7124549475, 1696438.8962525963], [1031462.7151025463, 1696423.9041953925], [1031457.717750145, 1696458.8856622013], [1031477.70715975, 1696458.8856622013], [1031477.70715975, 1696448.8909573988], [1031487.7018645526, 1696448.8909573988], [1031487.7018645526, 1696438.8962525963], [1031467.7124549475, 1696438.8962525963]]], [[[1031437.72834054, 1696658.7797582517], [1031452.7203977437, 1696673.7718154555], [1031457.717750145, 1696653.7824058505], [1031452.7203977437, 1696638.7903486467], [1031437.72834054, 1696643.787701048], [1031437.72834054, 1696658.7797582517]], [[1031442.7256929412, 1696648.7850534492], [1031452.7203977437, 1696648.7850534492], [1031452.7203977437, 1696653.7824058505], [1031442.7256929412, 1696648.7850534492]]], [[[1031522.6833313614, 1696713.7506346656], [1031497.6965693551, 1696713.7506346656], [1031487.7018645526, 1696698.7585774618], [1031477.70715975, 1696698.7585774618], [1031497.6965693551, 1696743.7347490732], [1031507.6912741576, 1696743.7347490732], [1031522.6833313614, 1696733.7400442706], [1031522.6833313614, 1696713.7506346656]], [[1031492.6992169538, 1696718.7479870669], [1031492.6992169538, 1696713.7506346656], [1031497.6965693551, 1696713.7506346656], [1031492.6992169538, 1696718.7479870669]], [[1031497.6965693551, 1696723.7453394681], [1031497.6965693551, 1696718.7479870669], [1031502.6939217563, 1696723.7453394681], [1031497.6965693551, 1696723.7453394681]]], [[[1030623.1598991344, 1702175.8568092438], [1030623.1598991344, 1702140.875342435], [1030613.1651943319, 1702165.8621044413], [1030623.1598991344, 1702175.8568092438]]], [[[1030483.2340318991, 1703984.8983785002], [1030498.2260891029, 1703979.901026099], [1030493.2287367017, 1703969.9063212965], [1030483.2340318991, 1703974.9036736977], [1030483.2340318991, 1703984.8983785002]]], [[[1030498.2260891029, 1704154.808360143], [1030493.2287367017, 1704154.808360143], [1030488.2313843004, 1704169.8004173469], [1030498.2260891029, 1704169.8004173469], [1030498.2260891029, 1704154.808360143]]], [[[1030508.2207939054, 1704359.6998085948], [1030513.2181463067, 1704359.6998085948], [1030518.215498708, 1704339.7103989897], [1030508.2207939054, 1704344.707751391], [1030508.2207939054, 1704359.6998085948]]], [[[1030413.2710982815, 1704434.6600946137], [1030413.2710982815, 1704424.6653898112], [1030383.2869838739, 1704429.6627422124], [1030413.2710982815, 1704434.6600946137]]], [[[1030733.1016519621, 1705998.8313962084], [1030723.1069471596, 1705998.8313962084], [1030718.1095947584, 1706008.826101011], [1030683.1281279495, 1706013.8234534122], [1030683.1281279495, 1706018.8208058134], [1030723.1069471596, 1706018.8208058134], [1030733.1016519621, 1705998.8313962084]]], [[[1030433.2605078865, 1706043.8075678197], [1030443.255212689, 1706033.8128630172], [1030418.2684506827, 1706028.815510616], [1030418.2684506827, 1706033.8128630172], [1030428.2631554853, 1706033.8128630172], [1030433.2605078865, 1706043.8075678197]]], [[[1031077.9189676492, 1726462.9894793716], [1031062.9269104454, 1726462.9894793716], [1031047.9348532417, 1726457.9921269703], [1031067.9242628467, 1726472.984184174], [1031077.9189676492, 1726472.984184174], [1031077.9189676492, 1726462.9894793716]]], [[[1031117.8977868593, 1728731.787469544], [1031117.8977868593, 1728721.7927647415], [1031097.9083772543, 1728701.8033551364], [1031067.9242628467, 1728706.8007075377], [1031067.9242628467, 1728726.7901171427], [1031077.9189676492, 1728741.7821743467], [1031117.8977868593, 1728731.787469544]]], [[[1030962.9798624202, 1728756.7742315505], [1030992.9639768278, 1728751.7768791493], [1030992.9639768278, 1728741.7821743467], [1030942.9904528152, 1728746.779526748], [1030932.9957480127, 1728766.768936353], [1030952.9851576177, 1728771.7662887543], [1030962.9798624202, 1728756.7742315505]]], [[[1031322.789235311, 1728891.7027463845], [1031337.7812925148, 1728886.7053939833], [1031337.7812925148, 1728871.7133367795], [1031327.7865877122, 1728866.7159843782], [1031317.7918829097, 1728871.7133367795], [1031322.789235311, 1728891.7027463845]]], [[[1031312.7945305085, 1728906.6948035883], [1031297.8024733047, 1728951.6709751997], [1031302.7998257059, 1728971.6603848047], [1031322.789235311, 1728941.6762703971], [1031322.789235311, 1728911.6921559896], [1031312.7945305085, 1728906.6948035883]]], [[[1031227.839539687, 1728941.6762703971], [1031217.8448348845, 1728951.6709751997], [1031217.8448348845, 1728966.6630324034], [1031237.8342444896, 1728961.6656800022], [1031227.839539687, 1728941.6762703971]]], [[[1031342.778644916, 1728976.657737206], [1031337.7812925148, 1728956.668327601], [1031322.789235311, 1728966.6630324034], [1031342.778644916, 1728976.657737206]]], [[[1031452.7203977437, 1729006.6418516135], [1031462.7151025463, 1729011.6392040148], [1031452.7203977437, 1729026.6312612186], [1031462.7151025463, 1729026.6312612186], [1031477.70715975, 1729041.6233184224], [1031467.7124549475, 1728971.6603848047], [1031442.7256929412, 1728971.6603848047], [1031462.7151025463, 1729001.6444992123], [1031452.7203977437, 1729006.6418516135]]], [[[1031297.8024733047, 1729026.6312612186], [1031282.8104161009, 1729061.6127280274], [1031292.8051209034, 1729076.6047852312], [1031312.7945305085, 1729076.6047852312], [1031327.7865877122, 1729031.6286136198], [1031342.778644916, 1729021.6339088173], [1031322.789235311, 1729016.636556416], [1031312.7945305085, 1729001.6444992123], [1031292.8051209034, 1729006.6418516135], [1031297.8024733047, 1729026.6312612186]]], [[[1031372.7627593236, 1729046.6206708236], [1031377.7601117248, 1729061.6127280274], [1031422.7362833362, 1729061.6127280274], [1031422.7362833362, 1729046.6206708236], [1031412.7415785337, 1729041.6233184224], [1031407.7442261324, 1729051.6180232249], [1031397.7495213299, 1729051.6180232249], [1031367.7654069223, 1729036.625966021], [1031362.7680545211, 1729026.6312612186], [1031342.778644916, 1729026.6312612186], [1031352.7733497185, 1729041.6233184224], [1031372.7627593236, 1729046.6206708236]]], [[[1031492.6992169538, 1729056.6153756261], [1031517.6859789601, 1729056.6153756261], [1031522.6833313614, 1729051.6180232249], [1031507.6912741576, 1729046.6206708236], [1031492.6992169538, 1729056.6153756261]]], [[[1030428.2631554853, 1729086.5994900337], [1030413.2710982815, 1729086.5994900337], [1030418.2684506827, 1729096.5941948362], [1030428.2631554853, 1729096.5941948362], [1030428.2631554853, 1729086.5994900337]]], [[[1030418.2684506827, 1729101.5915472375], [1030423.265803084, 1729111.58625204], [1030438.2578602878, 1729111.58625204], [1030438.2578602878, 1729096.5941948362], [1030418.2684506827, 1729101.5915472375]]], [[[1031472.7098073488, 1729116.5836044413], [1031442.7256929412, 1729101.5915472375], [1031442.7256929412, 1729111.58625204], [1031457.717750145, 1729126.5783092438], [1031472.7098073488, 1729126.5783092438], [1031472.7098073488, 1729116.5836044413]]], [[[1030603.1704895294, 1729386.4406341093], [1030583.1810799243, 1729361.453872103], [1030588.1784323256, 1729401.432691313], [1030603.1704895294, 1729411.4273961156], [1030603.1704895294, 1729386.4406341093]]], [[[1030668.1360707458, 1729531.3638537459], [1030668.1360707458, 1729521.3691489433], [1030663.1387183445, 1729511.3744441408], [1030658.1413659432, 1729526.3665013446], [1030668.1360707458, 1729531.3638537459]]], [[[1032362.2385347732, 1692076.2076062954], [1032387.2252967795, 1692061.2155490916], [1032387.2252967795, 1692046.2234918878], [1032362.2385347732, 1692066.2129014928], [1032362.2385347732, 1692076.2076062954]]], [[[1032337.2517727669, 1692171.1573019193], [1032347.2464775695, 1692171.1573019193], [1032352.2438299707, 1692141.1731875117], [1032342.2491251682, 1692141.1731875117], [1032337.2517727669, 1692171.1573019193]]], [[[1032262.291486748, 1692186.149359123], [1032277.2835439518, 1692166.159949518], [1032267.2888391493, 1692166.159949518], [1032252.2967819455, 1692186.149359123], [1032262.291486748, 1692186.149359123]]], [[[1032322.2597155632, 1692211.1361211294], [1032327.2570679644, 1692201.1414163269], [1032327.2570679644, 1692186.149359123], [1032317.2623631619, 1692191.1467115243], [1032312.2650107606, 1692211.1361211294], [1032322.2597155632, 1692211.1361211294]]], [[[1032192.3285531304, 1692241.120235537], [1032157.3470863216, 1692241.120235537], [1032167.3417911241, 1692251.1149403395], [1032192.3285531304, 1692251.1149403395], [1032192.3285531304, 1692241.120235537]]], [[[1032162.3444387228, 1692396.0381599762], [1032172.3391435253, 1692396.0381599762], [1032172.3391435253, 1692376.0487503712], [1032157.3470863216, 1692376.0487503712], [1032162.3444387228, 1692396.0381599762]]], [[[1032232.3073723405, 1692451.00903639], [1032242.302077143, 1692451.00903639], [1032237.3047247417, 1692431.019626785], [1032227.3100199392, 1692431.019626785], [1032232.3073723405, 1692451.00903639]]], [[[1031592.646264979, 1692555.9534368166], [1031547.6700933677, 1692570.9454940204], [1031557.6647981702, 1692580.9401988229], [1031572.656855374, 1692580.9401988229], [1031592.646264979, 1692565.948141619], [1031592.646264979, 1692555.9534368166]]], [[[1031532.6780361639, 1692605.9269608292], [1031517.6859789601, 1692605.9269608292], [1031517.6859789601, 1692615.9216656317], [1031532.6780361639, 1692615.9216656317], [1031532.6780361639, 1692605.9269608292]]], [[[1031902.4821138573, 1692755.847532867], [1031902.4821138573, 1692740.8554756632], [1031877.495351851, 1692735.858123262], [1031862.5032946472, 1692745.8528280645], [1031862.5032946472, 1692755.847532867], [1031902.4821138573, 1692755.847532867]]], [[[1031662.6091985967, 1692825.8104664846], [1031667.6065509979, 1692845.7998760897], [1031677.6012558005, 1692845.7998760897], [1031677.6012558005, 1692825.8104664846], [1031662.6091985967, 1692825.8104664846]]], [[[1031967.4476950737, 1692850.797228491], [1031962.4503426724, 1692850.797228491], [1031962.4503426724, 1692870.786638096], [1031972.4450474749, 1692870.786638096], [1031967.4476950737, 1692850.797228491]]], [[[1032027.4159238888, 1692935.7522193124], [1032042.4079810926, 1692910.765457306], [1032037.4106286913, 1692890.776047701], [1032047.4053334938, 1692885.7786952998], [1032047.4053334938, 1692860.7919332935], [1032032.41327629, 1692870.786638096], [1032027.4159238888, 1692885.7786952998], [1032027.4159238888, 1692935.7522193124]]], [[[1032332.2544203657, 1693155.6357249678], [1032337.2517727669, 1693145.6410201653], [1032317.2623631619, 1693135.6463153628], [1032332.2544203657, 1693155.6357249678]]], [[[1032367.2358871745, 1693185.6198393754], [1032362.2385347732, 1693165.6304297703], [1032342.2491251682, 1693165.6304297703], [1032367.2358871745, 1693185.6198393754]]], [[[1032452.1908779959, 1694225.0691388375], [1032447.1935255947, 1694205.0797292325], [1032442.1961731934, 1694225.0691388375], [1032457.1882303972, 1694245.0585484426], [1032467.1829351997, 1694240.0611960413], [1032467.1829351997, 1694220.0717864363], [1032452.1908779959, 1694225.0691388375]]], [[[1032427.2041159896, 1694325.016186863], [1032412.2120587858, 1694330.0135392642], [1032427.2041159896, 1694350.0029488693], [1032442.1961731934, 1694350.0029488693], [1032442.1961731934, 1694325.016186863], [1032452.1908779959, 1694320.0188344617], [1032452.1908779959, 1694305.026777258], [1032427.2041159896, 1694310.0241296592], [1032427.2041159896, 1694325.016186863]]], [[[1032457.1882303972, 1694359.9976536718], [1032467.1829351997, 1694359.9976536718], [1032462.1855827984, 1694345.005596468], [1032452.1908779959, 1694345.005596468], [1032457.1882303972, 1694359.9976536718]]], [[[1032047.4053334938, 1694384.984415678], [1032022.4185714875, 1694379.9870632768], [1032022.4185714875, 1694404.973825283], [1032042.4079810926, 1694404.973825283], [1032047.4053334938, 1694384.984415678]]], [[[1032177.3364959266, 1694414.9685300856], [1032187.3312007291, 1694439.955292092], [1032237.3047247417, 1694434.9579396907], [1032177.3364959266, 1694414.9685300856]]], [[[1031842.5138850422, 1694499.923520907], [1031847.5112374434, 1694484.9314637033], [1031842.5138850422, 1694454.9473492957], [1031807.5324182333, 1694424.9632348882], [1031792.5403610296, 1694424.9632348882], [1031802.5350658321, 1694454.9473492957], [1031827.5218278384, 1694469.9394064995], [1031842.5138850422, 1694499.923520907]], [[1031837.5165326409, 1694474.9367589008], [1031842.5138850422, 1694474.9367589008], [1031842.5138850422, 1694484.9314637033], [1031837.5165326409, 1694474.9367589008]], [[1031817.5271230359, 1694444.9526444932], [1031832.5191802396, 1694449.9499968945], [1031832.5191802396, 1694464.9420540982], [1031817.5271230359, 1694454.9473492957], [1031817.5271230359, 1694444.9526444932]]], [[[1032032.41327629, 1694554.894397321], [1031977.4423998762, 1694559.8917497222], [1031967.4476950737, 1694569.8864545247], [1031997.4318094812, 1694574.883806926], [1032022.4185714875, 1694564.8891021234], [1032087.3841527039, 1694559.8917497222], [1032072.3920955001, 1694544.8996925184], [1032037.4106286913, 1694544.8996925184], [1032032.41327629, 1694554.894397321]]], [[[1031877.495351851, 1694599.8705689323], [1031897.484761456, 1694614.862626136], [1031927.4688758636, 1694614.862626136], [1031937.4635806661, 1694604.8679213335], [1032012.423866685, 1694609.8652737348], [1032037.4106286913, 1694589.8758641297], [1031942.4609330674, 1694594.873216531], [1031907.4794662585, 1694584.8785117285], [1031882.4927042522, 1694539.9023401171], [1031872.4979994497, 1694534.9049877159], [1031867.5006470485, 1694514.9155781108], [1031857.505942246, 1694519.912930512], [1031847.5112374434, 1694509.9182257096], [1031867.5006470485, 1694579.8811593272], [1031877.495351851, 1694599.8705689323]]], [[[1032322.2597155632, 1694539.9023401171], [1032287.2782487543, 1694539.9023401171], [1032272.2861915505, 1694554.894397321], [1032307.2676583594, 1694579.8811593272], [1032347.2464775695, 1694584.8785117285], [1032322.2597155632, 1694539.9023401171]]], [[[1031962.4503426724, 1694559.8917497222], [1031947.4582854686, 1694559.8917497222], [1031952.4556378699, 1694569.8864545247], [1031962.4503426724, 1694569.8864545247], [1031962.4503426724, 1694559.8917497222]]], [[[1031827.5218278384, 1694664.8361501487], [1031802.5350658321, 1694659.8387977474], [1031802.5350658321, 1694674.8308549512], [1031817.5271230359, 1694679.8282073524], [1031827.5218278384, 1694674.8308549512], [1031827.5218278384, 1694664.8361501487]], [[1031812.5297706346, 1694664.8361501487], [1031817.5271230359, 1694664.8361501487], [1031817.5271230359, 1694674.8308549512], [1031812.5297706346, 1694664.8361501487]]], [[[1032392.2226491808, 1694889.7170082054], [1032397.220001582, 1694874.7249510016], [1032387.2252967795, 1694874.7249510016], [1032382.2279443783, 1694889.7170082054], [1032392.2226491808, 1694889.7170082054]]], [[[1032067.3947430989, 1694869.7275986003], [1032052.4026858951, 1694884.719655804], [1032022.4185714875, 1694889.7170082054], [1032022.4185714875, 1694899.711713008], [1032012.423866685, 1694904.7090654091], [1032017.4212190863, 1694929.6958274154], [1031992.43445708, 1694944.6878846192], [1031992.43445708, 1694964.6772942243], [1032002.4291618825, 1694964.6772942243], [1032012.423866685, 1694949.6852370205], [1032037.4106286913, 1694934.6931798167], [1032037.4106286913, 1694954.6825894217], [1032047.4053334938, 1694954.6825894217], [1032062.3973906976, 1694929.6958274154], [1032082.3868003027, 1694924.6984750142], [1032087.3841527039, 1694909.7064178104], [1032127.362971914, 1694909.7064178104], [1032172.3391435253, 1694889.7170082054], [1032132.3603243153, 1694884.719655804], [1032112.3709147102, 1694869.7275986003], [1032067.3947430989, 1694869.7275986003]], [[1032067.3947430989, 1694899.711713008], [1032057.4000382964, 1694914.7037702117], [1032057.4000382964, 1694899.711713008], [1032067.3947430989, 1694899.711713008]]], [[[1031967.4476950737, 1694954.6825894217], [1031982.4397522775, 1694949.6852370205], [1031992.43445708, 1694909.7064178104], [1031962.4503426724, 1694939.690532218], [1031967.4476950737, 1694954.6825894217]]], [[[1032162.3444387228, 1694949.6852370205], [1032182.3338483279, 1694954.6825894217], [1032197.3259055316, 1694944.6878846192], [1032197.3259055316, 1694934.6931798167], [1032177.3364959266, 1694934.6931798167], [1032162.3444387228, 1694949.6852370205]]], [[[1031922.4715234623, 1694944.6878846192], [1031907.4794662585, 1694944.6878846192], [1031907.4794662585, 1694959.679941823], [1031917.4741710611, 1694959.679941823], [1031922.4715234623, 1694944.6878846192]]], [[[1032382.2279443783, 1694954.6825894217], [1032362.2385347732, 1694944.6878846192], [1032367.2358871745, 1694964.6772942243], [1032352.2438299707, 1694974.6719990268], [1032347.2464775695, 1694989.6640562306], [1032362.2385347732, 1694989.6640562306], [1032367.2358871745, 1695009.6534658356], [1032377.230591977, 1695009.6534658356], [1032392.2226491808, 1694989.6640562306], [1032407.2147063846, 1694989.6640562306], [1032422.2067635884, 1694964.6772942243], [1032422.2067635884, 1694929.6958274154], [1032412.2120587858, 1694924.6984750142], [1032412.2120587858, 1694909.7064178104], [1032392.2226491808, 1694909.7064178104], [1032392.2226491808, 1694924.6984750142], [1032402.2173539833, 1694924.6984750142], [1032407.2147063846, 1694939.690532218], [1032392.2226491808, 1694934.6931798167], [1032382.2279443783, 1694954.6825894217]]], [[[1032127.362971914, 1694974.6719990268], [1032112.3709147102, 1694979.669351428], [1032117.3682671115, 1694964.6772942243], [1032102.3762099077, 1694969.6746466255], [1032097.3788575064, 1694999.658761033], [1032127.362971914, 1694989.6640562306], [1032127.362971914, 1694974.6719990268]]], [[[1032462.1855827984, 1694979.669351428], [1032447.1935255947, 1695004.6561134344], [1032452.1908779959, 1695019.6481706381], [1032467.1829351997, 1695019.6481706381], [1032462.1855827984, 1694979.669351428]]], [[[1032347.2464775695, 1694989.6640562306], [1032312.2650107606, 1694984.6667038293], [1032307.2676583594, 1695024.6455230394], [1032317.2623631619, 1695014.6508182369], [1032337.2517727669, 1695019.6481706381], [1032347.2464775695, 1694989.6640562306]]], [[[1031992.43445708, 1695064.6243422495], [1032002.4291618825, 1695064.6243422495], [1032007.4265142838, 1695074.619047052], [1032017.4212190863, 1695069.6216946507], [1032012.423866685, 1695049.6322850457], [1032027.4159238888, 1695054.629637447], [1032022.4185714875, 1695034.640227842], [1031997.4318094812, 1695039.6375802432], [1031992.43445708, 1695064.6243422495]]], [[[1032392.2226491808, 1695074.619047052], [1032412.2120587858, 1695064.6243422495], [1032412.2120587858, 1695039.6375802432], [1032397.220001582, 1695039.6375802432], [1032392.2226491808, 1695049.6322850457], [1032392.2226491808, 1695074.619047052]]], [[[1031897.484761456, 1695044.6349326444], [1031897.484761456, 1695059.6269898482], [1031882.4927042522, 1695059.6269898482], [1031877.495351851, 1695069.6216946507], [1031882.4927042522, 1695089.6111042558], [1031902.4821138573, 1695069.6216946507], [1031927.4688758636, 1695064.6243422495], [1031942.4609330674, 1695034.640227842], [1031927.4688758636, 1695034.640227842], [1031917.4741710611, 1695044.6349326444], [1031902.4821138573, 1695024.6455230394], [1031892.4874090548, 1695034.640227842], [1031862.5032946472, 1695039.6375802432], [1031862.5032946472, 1695049.6322850457], [1031877.495351851, 1695039.6375802432], [1031897.484761456, 1695044.6349326444]], [[1031907.4794662585, 1695059.6269898482], [1031902.4821138573, 1695059.6269898482], [1031902.4821138573, 1695054.629637447], [1031907.4794662585, 1695059.6269898482]], [[1031912.4768186598, 1695049.6322850457], [1031912.4768186598, 1695054.629637447], [1031907.4794662585, 1695054.629637447], [1031912.4768186598, 1695049.6322850457]]], [[[1032037.4106286913, 1695099.6058090583], [1032047.4053334938, 1695099.6058090583], [1032072.3920955001, 1695074.619047052], [1032072.3920955001, 1695029.6428754407], [1032087.3841527039, 1695019.6481706381], [1032062.3973906976, 1695024.6455230394], [1032037.4106286913, 1695099.6058090583]]], [[[1032367.2358871745, 1695069.6216946507], [1032377.230591977, 1695069.6216946507], [1032387.2252967795, 1695039.6375802432], [1032367.2358871745, 1695044.6349326444], [1032362.2385347732, 1695054.629637447], [1032357.241182372, 1695084.6137518545], [1032367.2358871745, 1695069.6216946507]]], [[[1032452.1908779959, 1695079.6163994533], [1032462.1855827984, 1695084.6137518545], [1032467.1829351997, 1695074.619047052], [1032472.180287601, 1695039.6375802432], [1032452.1908779959, 1695049.6322850457], [1032452.1908779959, 1695079.6163994533]]], [[[1032367.2358871745, 1695104.6031614596], [1032367.2358871745, 1695129.5899234659], [1032377.230591977, 1695129.5899234659], [1032382.2279443783, 1695104.6031614596], [1032367.2358871745, 1695104.6031614596]]], [[[1032432.2014683909, 1695139.5846282684], [1032422.2067635884, 1695144.5819806696], [1032427.2041159896, 1695154.5766854722], [1032437.1988207921, 1695149.579333071], [1032432.2014683909, 1695139.5846282684]]], [[[1032382.2279443783, 1695179.5634474785], [1032382.2279443783, 1695154.5766854722], [1032372.2332395758, 1695159.5740378734], [1032372.2332395758, 1695179.5634474785], [1032382.2279443783, 1695179.5634474785]]], [[[1032432.2014683909, 1695169.568742676], [1032422.2067635884, 1695154.5766854722], [1032417.2094111871, 1695204.5502094848], [1032432.2014683909, 1695204.5502094848], [1032432.2014683909, 1695169.568742676]]], [[[1032452.1908779959, 1695204.5502094848], [1032442.1961731934, 1695204.5502094848], [1032442.1961731934, 1695214.5449142873], [1032452.1908779959, 1695219.5422666885], [1032462.1855827984, 1695189.558152281], [1032452.1908779959, 1695194.5555046822], [1032452.1908779959, 1695204.5502094848]]], [[[1032477.1776400022, 1695264.5184383], [1032487.1723448047, 1695244.5290286948], [1032472.180287601, 1695239.5316762936], [1032457.1882303972, 1695274.5131431024], [1032467.1829351997, 1695279.5104955037], [1032472.180287601, 1695299.4999051087], [1032487.1723448047, 1695299.4999051087], [1032482.1749924035, 1695334.4813719175], [1032502.1644020085, 1695324.486667115], [1032477.1776400022, 1695264.5184383]]], [[[1032042.4079810926, 1695339.4787243188], [1032037.4106286913, 1695359.4681339238], [1032047.4053334938, 1695369.4628387264], [1032057.4000382964, 1695354.4707815226], [1032052.4026858951, 1695339.4787243188], [1032042.4079810926, 1695339.4787243188]], [[1032047.4053334938, 1695354.4707815226], [1032047.4053334938, 1695359.4681339238], [1032042.4079810926, 1695359.4681339238], [1032047.4053334938, 1695354.4707815226]]], [[[1032137.3576767165, 1695364.465486325], [1032122.3656195127, 1695354.4707815226], [1032122.3656195127, 1695374.4601911276], [1032137.3576767165, 1695364.465486325]]], [[[1031562.6621505715, 1695394.4496007327], [1031547.6700933677, 1695364.465486325], [1031527.6806837627, 1695374.4601911276], [1031547.6700933677, 1695379.4575435289], [1031562.6621505715, 1695394.4496007327]]], [[[1031942.4609330674, 1695589.3463443818], [1031942.4609330674, 1695564.3595823755], [1031927.4688758636, 1695569.3569347768], [1031937.4635806661, 1695574.354287178], [1031942.4609330674, 1695589.3463443818]]], [[[1032022.4185714875, 1695659.3092779994], [1032007.4265142838, 1695664.3066304007], [1032007.4265142838, 1695689.293392407], [1032017.4212190863, 1695689.293392407], [1032022.4185714875, 1695679.2986876045], [1032022.4185714875, 1695659.3092779994]], [[1032012.423866685, 1695669.303982802], [1032017.4212190863, 1695669.303982802], [1032017.4212190863, 1695679.2986876045], [1032012.423866685, 1695669.303982802]]], [[[1032137.3576767165, 1695754.2589736234], [1032137.3576767165, 1695704.2854496108], [1032127.362971914, 1695714.2801544133], [1032127.362971914, 1695754.2589736234], [1032137.3576767165, 1695754.2589736234]]], [[[1031982.4397522775, 1695749.2616212221], [1031982.4397522775, 1695759.2563260247], [1031997.4318094812, 1695764.253678426], [1031992.43445708, 1695749.2616212221], [1031982.4397522775, 1695749.2616212221]]], [[[1032387.2252967795, 1695774.2483832284], [1032372.2332395758, 1695779.2457356297], [1032377.230591977, 1695794.2377928335], [1032387.2252967795, 1695784.243088031], [1032387.2252967795, 1695774.2483832284]]], [[[1032132.3603243153, 1695769.2510308272], [1032132.3603243153, 1695779.2457356297], [1032142.3550291178, 1695784.243088031], [1032142.3550291178, 1695799.2351452347], [1032132.3603243153, 1695799.2351452347], [1032147.352381519, 1695804.232497636], [1032142.3550291178, 1695769.2510308272], [1032132.3603243153, 1695769.2510308272]]], [[[1032177.3364959266, 1695974.1424792788], [1032187.3312007291, 1696009.1239460877], [1032182.3338483279, 1695979.13983168], [1032192.3285531304, 1695984.1371840814], [1032192.3285531304, 1695974.1424792788], [1032177.3364959266, 1695974.1424792788]]], [[[1032167.3417911241, 1696029.1133556927], [1032187.3312007291, 1696034.110708094], [1032182.3338483279, 1696009.1239460877], [1032167.3417911241, 1696029.1133556927]]], [[[1031642.6197889916, 1696224.010099342], [1031657.6118461954, 1696229.0074517434], [1031657.6118461954, 1696219.0127469408], [1031667.6065509979, 1696214.0153945396], [1031642.6197889916, 1696209.0180421383], [1031642.6197889916, 1696224.010099342]]], [[[1031657.6118461954, 1696234.0048041446], [1031682.5986082017, 1696234.0048041446], [1031677.6012558005, 1696219.0127469408], [1031672.6039033992, 1696229.0074517434], [1031657.6118461954, 1696234.0048041446]]], [[[1031752.5615418195, 1696268.9862709534], [1031757.5588942207, 1696263.9889185522], [1031767.5535990233, 1696268.9862709534], [1031767.5535990233, 1696258.991566151], [1031747.5641894182, 1696253.9942137497], [1031752.5615418195, 1696268.9862709534]]], [[[1031662.6091985967, 1696258.991566151], [1031642.6197889916, 1696263.9889185522], [1031647.6171413929, 1696283.9783281572], [1031657.6118461954, 1696278.980975756], [1031662.6091985967, 1696258.991566151]]], [[[1031747.5641894182, 1696313.9624425648], [1031737.5694846157, 1696313.9624425648], [1031737.5694846157, 1696353.9412617749], [1031747.5641894182, 1696353.9412617749], [1031732.5721322144, 1696373.93067138], [1031737.5694846157, 1696383.9253761824], [1031742.566837017, 1696373.93067138], [1031752.5615418195, 1696373.93067138], [1031757.5588942207, 1696343.9465569723], [1031747.5641894182, 1696313.9624425648]], [[1031747.5641894182, 1696368.9333189786], [1031742.566837017, 1696368.9333189786], [1031742.566837017, 1696363.9359665774], [1031747.5641894182, 1696368.9333189786]], [[1031742.566837017, 1696328.9544997686], [1031747.5641894182, 1696328.9544997686], [1031747.5641894182, 1696338.949204571], [1031742.566837017, 1696328.9544997686]]], [[[1031677.6012558005, 1696378.9280237812], [1031692.5933130042, 1696383.9253761824], [1031692.5933130042, 1696363.9359665774], [1031677.6012558005, 1696378.9280237812]]], [[[1031647.6171413929, 1696393.920080985], [1031627.6277317879, 1696418.9068429912], [1031642.6197889916, 1696408.9121381887], [1031647.6171413929, 1696428.9015477938], [1031657.6118461954, 1696393.920080985], [1031647.6171413929, 1696393.920080985]]], [[[1032022.4185714875, 1696408.9121381887], [1032007.4265142838, 1696413.90949059], [1032012.423866685, 1696433.898900195], [1032022.4185714875, 1696433.898900195], [1032022.4185714875, 1696408.9121381887]]], [[[1031967.4476950737, 1696433.898900195], [1031992.43445708, 1696433.898900195], [1031997.4318094812, 1696423.9041953925], [1031967.4476950737, 1696418.9068429912], [1031967.4476950737, 1696433.898900195]]], [[[1031642.6197889916, 1696433.898900195], [1031622.6303793866, 1696428.9015477938], [1031622.6303793866, 1696438.8962525963], [1031642.6197889916, 1696438.8962525963], [1031642.6197889916, 1696433.898900195]]], [[[1032022.4185714875, 1696433.898900195], [1032022.4185714875, 1696448.8909573988], [1032032.41327629, 1696448.8909573988], [1032037.4106286913, 1696438.8962525963], [1032022.4185714875, 1696433.898900195]]], [[[1032052.4026858951, 1696513.8565386152], [1032067.3947430989, 1696513.8565386152], [1032067.3947430989, 1696498.8644814114], [1032057.4000382964, 1696503.8618338127], [1032052.4026858951, 1696513.8565386152]]], [[[1032047.4053334938, 1696513.8565386152], [1032037.4106286913, 1696508.859186214], [1032032.41327629, 1696518.8538910164], [1032017.4212190863, 1696513.8565386152], [1032012.423866685, 1696523.8512434177], [1032042.4079810926, 1696523.8512434177], [1032047.4053334938, 1696513.8565386152]]], [[[1032052.4026858951, 1696548.838005424], [1032052.4026858951, 1696538.8433006215], [1032037.4106286913, 1696538.8433006215], [1032017.4212190863, 1696553.8353578253], [1032017.4212190863, 1696563.8300626278], [1032037.4106286913, 1696563.8300626278], [1032052.4026858951, 1696548.838005424]]], [[[1032167.3417911241, 1696593.8141770354], [1032152.3497339203, 1696593.8141770354], [1032157.3470863216, 1696608.8062342391], [1032147.352381519, 1696603.8088818379], [1032152.3497339203, 1696618.8009390417], [1032182.3338483279, 1696618.8009390417], [1032207.3206103342, 1696628.7956438442], [1032207.3206103342, 1696618.8009390417], [1032187.3312007291, 1696613.8035866404], [1032167.3417911241, 1696593.8141770354]]], [[[1031757.5588942207, 1696788.7109206845], [1031777.5483038258, 1696793.7082730858], [1031772.5509514245, 1696783.7135682832], [1031757.5588942207, 1696783.7135682832], [1031757.5588942207, 1696788.7109206845]]], [[[1031762.556246622, 1696843.6817970984], [1031772.5509514245, 1696843.6817970984], [1031767.5535990233, 1696823.6923874933], [1031757.5588942207, 1696823.6923874933], [1031762.556246622, 1696843.6817970984]]], [[[1031737.5694846157, 1696863.6712067034], [1031742.566837017, 1696848.6791494996], [1031727.5747798132, 1696848.6791494996], [1031727.5747798132, 1696863.6712067034], [1031737.5694846157, 1696863.6712067034]]], [[[1031752.5615418195, 1696858.6738543021], [1031757.5588942207, 1696888.6579687097], [1031772.5509514245, 1696883.6606163085], [1031767.5535990233, 1696868.6685591047], [1031752.5615418195, 1696858.6738543021]]], [[[1031507.6912741576, 1706993.3045240592], [1031507.6912741576, 1707003.2992288617], [1031522.6833313614, 1706998.3018764604], [1031522.6833313614, 1706993.3045240592], [1031507.6912741576, 1706993.3045240592]]], [[[1031847.5112374434, 1720895.938904367], [1031837.5165326409, 1720895.938904367], [1031832.5191802396, 1720910.9309615707], [1031842.5138850422, 1720905.9336091694], [1031847.5112374434, 1720895.938904367]]], [[[1032407.2147063846, 1725543.4766375397], [1032397.220001582, 1725503.4978183296], [1032382.2279443783, 1725483.5084087246], [1032397.220001582, 1725533.4819327372], [1032407.2147063846, 1725543.4766375397]]], [[[1031792.5403610296, 1727637.367293668], [1031792.5403610296, 1727647.3619984705], [1031842.5138850422, 1727652.3593508718], [1031842.5138850422, 1727632.3699412667], [1031792.5403610296, 1727637.367293668]]], [[[1031602.6409697816, 1727782.2905133045], [1031617.6330269853, 1727782.2905133045], [1031632.6250841891, 1727787.2878657058], [1031612.6356745841, 1727767.2984561007], [1031602.6409697816, 1727772.295808502], [1031602.6409697816, 1727782.2905133045]]], [[[1031887.4900566535, 1727782.2905133045], [1031912.4768186598, 1727787.2878657058], [1031902.4821138573, 1727777.2931609033], [1031887.4900566535, 1727777.2931609033], [1031887.4900566535, 1727782.2905133045]]], [[[1031917.4741710611, 1727822.2693325146], [1031922.4715234623, 1727822.2693325146], [1031922.4715234623, 1727802.2799229096], [1031907.4794662585, 1727797.2825705083], [1031917.4741710611, 1727822.2693325146]]], [[[1031812.5297706346, 1727917.2190281386], [1031767.5535990233, 1727907.224323336], [1031772.5509514245, 1727917.2190281386], [1031817.5271230359, 1727937.2084377436], [1031822.5244754371, 1727947.2031425461], [1031842.5138850422, 1727947.2031425461], [1031842.5138850422, 1727957.1978473486], [1031877.495351851, 1727957.1978473486], [1031872.4979994497, 1727947.2031425461], [1031812.5297706346, 1727917.2190281386]]], [[[1032137.3576767165, 1728132.1051813927], [1032132.3603243153, 1728087.1290097814], [1032122.3656195127, 1728087.1290097814], [1032127.362971914, 1728132.1051813927], [1032117.3682671115, 1728152.0945909978], [1032092.3815051052, 1728172.0840006028], [1032082.3868003027, 1728197.0707626091], [1032107.373562309, 1728187.0760578066], [1032122.3656195127, 1728172.0840006028], [1032137.3576767165, 1728132.1051813927]]], [[[1031872.4979994497, 1728247.0442866217], [1031882.4927042522, 1728247.0442866217], [1031882.4927042522, 1728222.0575246154], [1031867.5006470485, 1728237.0495818192], [1031872.4979994497, 1728247.0442866217]]], [[[1031907.4794662585, 1728351.9886870482], [1031937.4635806661, 1728361.9833918507], [1031917.4741710611, 1728287.0231058318], [1031907.4794662585, 1728317.0072202394], [1031907.4794662585, 1728351.9886870482]], [[1031927.4688758636, 1728346.991334647], [1031927.4688758636, 1728351.9886870482], [1031922.4715234623, 1728351.9886870482], [1031927.4688758636, 1728346.991334647]]], [[[1032012.423866685, 1728386.970153857], [1032002.4291618825, 1728386.970153857], [1031997.4318094812, 1728401.9622110608], [1032007.4265142838, 1728396.9648586595], [1032012.423866685, 1728386.970153857]]], [[[1031607.6383221828, 1728476.9224970797], [1031587.6489125778, 1728481.919849481], [1031587.6489125778, 1728501.909259086], [1031607.6383221828, 1728486.9172018822], [1031607.6383221828, 1728476.9224970797]]], [[[1031632.6250841891, 1728506.9066114873], [1031627.6277317879, 1728531.8933734936], [1031612.6356745841, 1728531.8933734936], [1031612.6356745841, 1728541.888078296], [1031632.6250841891, 1728541.888078296], [1031647.6171413929, 1728561.8774879011], [1031682.5986082017, 1728556.8801354999], [1031637.6224365904, 1728541.888078296], [1031642.6197889916, 1728506.9066114873], [1031632.6250841891, 1728506.9066114873]]], [[[1031497.6965693551, 1729036.625966021], [1031512.6886265589, 1729041.6233184224], [1031522.6833313614, 1729031.6286136198], [1031497.6965693551, 1729031.6286136198], [1031497.6965693551, 1729036.625966021]]], [[[1031512.6886265589, 1729081.6021376324], [1031552.667445769, 1729086.5994900337], [1031557.6647981702, 1729076.6047852312], [1031567.6595029727, 1729076.6047852312], [1031567.6595029727, 1729061.6127280274], [1031547.6700933677, 1729056.6153756261], [1031542.6727409664, 1729071.60743283], [1031517.6859789601, 1729071.60743283], [1031512.6886265589, 1729081.6021376324]]], [[[1031792.5403610296, 1729131.575661645], [1031777.5483038258, 1729136.5730140463], [1031757.5588942207, 1729126.5783092438], [1031757.5588942207, 1729106.5888996387], [1031752.5615418195, 1729136.5730140463], [1031767.5535990233, 1729146.5677188488], [1031792.5403610296, 1729146.5677188488], [1031792.5403610296, 1729131.575661645]]], [[[1031662.6091985967, 1729106.5888996387], [1031657.6118461954, 1729131.575661645], [1031662.6091985967, 1729146.5677188488], [1031697.5906654055, 1729171.5544808551], [1031702.5880178068, 1729201.5385952627], [1031707.5853702081, 1729211.5333000652], [1031717.5800750107, 1729211.5333000652], [1031717.5800750107, 1729231.5227096702], [1031742.566837017, 1729246.514766874], [1031742.566837017, 1729216.5306524665], [1031727.5747798132, 1729206.535947664], [1031707.5853702081, 1729171.5544808551], [1031727.5747798132, 1729171.5544808551], [1031727.5747798132, 1729161.5597760526], [1031717.5800750107, 1729161.5597760526], [1031697.5906654055, 1729141.5703664476], [1031697.5906654055, 1729126.5783092438], [1031712.5827226094, 1729106.5888996387], [1031712.5827226094, 1729086.5994900337], [1031697.5906654055, 1729086.5994900337], [1031662.6091985967, 1729106.5888996387]]], [[[1031737.5694846157, 1729181.5491856576], [1031722.5774274119, 1729176.5518332564], [1031722.5774274119, 1729191.5438904602], [1031737.5694846157, 1729191.5438904602], [1031737.5694846157, 1729181.5491856576]]], [[[1031802.5350658321, 1729221.5280048677], [1031812.5297706346, 1729206.535947664], [1031792.5403610296, 1729201.5385952627], [1031792.5403610296, 1729176.5518332564], [1031777.5483038258, 1729181.5491856576], [1031777.5483038258, 1729216.5306524665], [1031802.5350658321, 1729221.5280048677]]], [[[1031747.5641894182, 1729261.5068240778], [1031782.545656227, 1729286.493586084], [1031762.556246622, 1729246.514766874], [1031747.5641894182, 1729251.5121192753], [1031747.5641894182, 1729261.5068240778]]], [[[1032836.9870128931, 1691806.3505766273], [1032856.9764224981, 1691811.3479290286], [1032851.9790700969, 1691801.353224226], [1032836.9870128931, 1691801.353224226], [1032836.9870128931, 1691806.3505766273]]], [[[1032911.947298912, 1691991.252615474], [1032906.9499465107, 1691956.271148665], [1032941.9314133195, 1691941.2790914613], [1032941.9314133195, 1691916.292329455], [1032951.9261181221, 1691906.2976246525], [1032906.9499465107, 1691886.3082150475], [1032901.9525941095, 1691911.2949770538], [1032881.9631845044, 1691911.2949770538], [1032886.9605369057, 1691931.2843866588], [1032876.9658321032, 1691976.2605582702], [1032881.9631845044, 1691966.2658534676], [1032896.9552417082, 1691966.2658534676], [1032911.947298912, 1691991.252615474]]], [[[1032562.1326308236, 1691971.263205869], [1032552.1379260211, 1691976.2605582702], [1032562.1326308236, 1691986.2552630727], [1032587.11939283, 1691991.252615474], [1032592.1167452312, 1691981.2579106714], [1032587.11939283, 1691971.263205869], [1032562.1326308236, 1691971.263205869]]], [[[1032891.9578893069, 1692006.2446726777], [1032881.9631845044, 1691986.2552630727], [1032881.9631845044, 1692016.2393774802], [1032911.947298912, 1692006.2446726777], [1032891.9578893069, 1692006.2446726777]]], [[[1032702.058498059, 1692021.2367298815], [1032717.0505552628, 1691996.2499678752], [1032697.0611456578, 1692006.2446726777], [1032692.0637932565, 1692021.2367298815], [1032702.058498059, 1692021.2367298815]]], [[[1033831.460140744, 1692251.1149403395], [1033801.4760263364, 1692246.1175879382], [1033801.4760263364, 1692256.1122927407], [1033831.460140744, 1692256.1122927407], [1033831.460140744, 1692251.1149403395]]], [[[1032777.018784078, 1692291.0937595495], [1032816.997603288, 1692266.1069975432], [1032846.9817176956, 1692236.1228831357], [1032846.9817176956, 1692226.1281783332], [1032836.9870128931, 1692226.1281783332], [1032836.9870128931, 1692236.1228831357], [1032826.9923080906, 1692231.1255307344], [1032821.9949556893, 1692251.1149403395], [1032807.0028984855, 1692251.1149403395], [1032787.0134888805, 1692276.1017023458], [1032777.018784078, 1692276.1017023458], [1032777.018784078, 1692291.0937595495]]], [[[1033846.4521979478, 1692271.1043499445], [1033836.4574931453, 1692271.1043499445], [1033826.4627883427, 1692261.109645142], [1033826.4627883427, 1692276.1017023458], [1033846.4521979478, 1692281.099054747], [1033846.4521979478, 1692271.1043499445]]], [[[1032697.0611456578, 1692306.0858167533], [1032772.0214316767, 1692301.088464352], [1032767.0240792754, 1692281.099054747], [1032742.0373172691, 1692276.1017023458], [1032692.0637932565, 1692286.0964071483], [1032712.0532028616, 1692296.0911119508], [1032707.0558504603, 1692301.088464352], [1032672.0743836514, 1692296.0911119508], [1032662.0796788489, 1692311.0831691546], [1032647.0876216451, 1692311.0831691546], [1032642.0902692438, 1692321.0778739573], [1032667.0770312501, 1692321.0778739573], [1032697.0611456578, 1692306.0858167533]]], [[[1032757.0293744729, 1692346.0646359636], [1032742.0373172691, 1692351.061988365], [1032737.0399648679, 1692366.0540455687], [1032752.0320220717, 1692361.0566931674], [1032757.0293744729, 1692346.0646359636]]], [[[1032612.1061548362, 1693175.6251345729], [1032627.09821204, 1693145.6410201653], [1032627.09821204, 1693120.654258159], [1032617.1035072375, 1693125.6516105602], [1032617.1035072375, 1693150.6383725666], [1032592.1167452312, 1693150.6383725666], [1032592.1167452312, 1693160.633077369], [1032612.1061548362, 1693175.6251345729]]], [[[1032672.0743836514, 1693160.633077369], [1032672.0743836514, 1693175.6251345729], [1032662.0796788489, 1693175.6251345729], [1032662.0796788489, 1693160.633077369], [1032657.0823264476, 1693175.6251345729], [1032647.0876216451, 1693175.6251345729], [1032647.0876216451, 1693155.6357249678], [1032637.0929168426, 1693140.643667764], [1032637.0929168426, 1693165.6304297703], [1032652.0849740463, 1693190.6171917766], [1032682.069088454, 1693180.622486974], [1032717.0505552628, 1693195.614544178], [1032752.0320220717, 1693195.614544178], [1032752.0320220717, 1693170.6277821716], [1032782.0161364792, 1693155.6357249678], [1032787.0134888805, 1693145.6410201653], [1032772.0214316767, 1693130.6489629615], [1032752.0320220717, 1693130.6489629615], [1032752.0320220717, 1693140.643667764], [1032767.0240792754, 1693145.6410201653], [1032767.0240792754, 1693155.6357249678], [1032732.0426124666, 1693160.633077369], [1032737.0399648679, 1693135.6463153628], [1032717.0505552628, 1693130.6489629615], [1032712.0532028616, 1693120.654258159], [1032692.0637932565, 1693120.654258159], [1032682.069088454, 1693130.6489629615], [1032697.0611456578, 1693140.643667764], [1032697.0611456578, 1693155.6357249678], [1032682.069088454, 1693155.6357249678], [1032677.0717360527, 1693145.6410201653], [1032662.0796788489, 1693150.6383725666], [1032672.0743836514, 1693160.633077369]], [[1032772.0214316767, 1693140.643667764], [1032777.018784078, 1693140.643667764], [1032772.0214316767, 1693145.6410201653], [1032772.0214316767, 1693140.643667764]], [[1032737.0399648679, 1693165.6304297703], [1032742.0373172691, 1693175.6251345729], [1032717.0505552628, 1693185.6198393754], [1032712.0532028616, 1693160.633077369], [1032737.0399648679, 1693165.6304297703]]], [[[1032602.1114500337, 1693185.6198393754], [1032577.1246880274, 1693190.6171917766], [1032567.1299832249, 1693205.6092489804], [1032557.1352784224, 1693205.6092489804], [1032557.1352784224, 1693195.614544178], [1032587.11939283, 1693160.633077369], [1032567.1299832249, 1693165.6304297703], [1032542.1432212186, 1693190.6171917766], [1032542.1432212186, 1693200.6118965792], [1032532.1485164161, 1693200.6118965792], [1032522.1538116136, 1693225.5986585855], [1032537.1458688173, 1693220.6013061842], [1032542.1432212186, 1693230.5960109867], [1032577.1246880274, 1693200.6118965792], [1032592.1167452312, 1693200.6118965792], [1032602.1114500337, 1693185.6198393754]], [[1032552.1379260211, 1693210.6066013817], [1032552.1379260211, 1693205.6092489804], [1032557.1352784224, 1693205.6092489804], [1032552.1379260211, 1693210.6066013817]], [[1032547.1405736199, 1693215.603953783], [1032547.1405736199, 1693210.6066013817], [1032552.1379260211, 1693210.6066013817], [1032547.1405736199, 1693215.603953783]], [[1032542.1432212186, 1693220.6013061842], [1032542.1432212186, 1693215.603953783], [1032547.1405736199, 1693215.603953783], [1032542.1432212186, 1693220.6013061842]]], [[[1032971.9155277271, 1693725.3338987115], [1032961.9208229246, 1693725.3338987115], [1032956.9234705233, 1693740.3259559153], [1032946.9287657208, 1693730.3312511127], [1032951.9261181221, 1693755.318013119], [1032966.9181753258, 1693760.3153655203], [1032971.9155277271, 1693725.3338987115]]], [[[1032916.9446513132, 1693795.2968323291], [1032931.936708517, 1693800.2941847304], [1032931.936708517, 1693765.3127179216], [1032911.947298912, 1693755.318013119], [1032901.9525941095, 1693725.3338987115], [1032901.9525941095, 1693700.3471367052], [1032871.9684797019, 1693690.3524319027], [1032856.9764224981, 1693705.3444891064], [1032856.9764224981, 1693730.3312511127], [1032846.9817176956, 1693750.3206607178], [1032871.9684797019, 1693760.3153655203], [1032881.9631845044, 1693780.3047751253], [1032911.947298912, 1693775.307422724], [1032916.9446513132, 1693795.2968323291]], [[1032886.9605369057, 1693765.3127179216], [1032866.9711273006, 1693735.328603514], [1032881.9631845044, 1693740.3259559153], [1032891.9578893069, 1693755.318013119], [1032906.9499465107, 1693760.3153655203], [1032906.9499465107, 1693765.3127179216], [1032886.9605369057, 1693765.3127179216]], [[1032891.9578893069, 1693730.3312511127], [1032896.9552417082, 1693730.3312511127], [1032896.9552417082, 1693740.3259559153], [1032891.9578893069, 1693730.3312511127]]], [[[1032991.9049373321, 1693770.3100703228], [1032996.9022897334, 1693825.2809467367], [1033001.8996421347, 1693835.2756515392], [1033011.8943469372, 1693835.2756515392], [1033006.8969945359, 1693770.3100703228], [1032991.9049373321, 1693770.3100703228]]], [[[1032836.9870128931, 1693800.2941847304], [1032807.0028984855, 1693860.2624135455], [1032821.9949556893, 1693860.2624135455], [1032821.9949556893, 1693845.2703563417], [1032831.9896604918, 1693835.2756515392], [1032861.9737748994, 1693835.2756515392], [1032871.9684797019, 1693815.2862419342], [1032856.9764224981, 1693800.2941847304], [1032836.9870128931, 1693800.2941847304]]], [[[1034915.8856118176, 1693865.2597659468], [1034925.8803166201, 1693865.2597659468], [1034920.8829642189, 1693850.267708743], [1034910.8882594163, 1693850.267708743], [1034915.8856118176, 1693865.2597659468]]], [[[1032567.1299832249, 1693885.2491755518], [1032547.1405736199, 1693885.2491755518], [1032542.1432212186, 1693880.2518231506], [1032552.1379260211, 1693900.2412327556], [1032567.1299832249, 1693900.2412327556], [1032567.1299832249, 1693885.2491755518]]], [[[1032712.0532028616, 1693905.2385851569], [1032712.0532028616, 1693885.2491755518], [1032702.058498059, 1693885.2491755518], [1032682.069088454, 1693910.235937558], [1032687.0664408553, 1693920.2306423606], [1032697.0611456578, 1693920.2306423606], [1032712.0532028616, 1693905.2385851569]]], [[[1032901.9525941095, 1693920.2306423606], [1032886.9605369057, 1693920.2306423606], [1032891.9578893069, 1693930.2253471632], [1032901.9525941095, 1693930.2253471632], [1032901.9525941095, 1693920.2306423606]]], [[[1032871.9684797019, 1693935.2226995644], [1032841.9843652943, 1693940.2200519657], [1032841.9843652943, 1693915.2332899594], [1032821.9949556893, 1693925.227994762], [1032831.9896604918, 1693955.2121091695], [1032866.9711273006, 1693960.2094615707], [1032871.9684797019, 1693935.2226995644]]], [[[1032772.0214316767, 1693940.2200519657], [1032767.0240792754, 1693940.2200519657], [1032767.0240792754, 1693955.2121091695], [1032777.018784078, 1693955.2121091695], [1032772.0214316767, 1693940.2200519657]]], [[[1032752.0320220717, 1693970.2041663732], [1032742.0373172691, 1693945.217404367], [1032717.0505552628, 1693945.217404367], [1032697.0611456578, 1693965.206813972], [1032742.0373172691, 1693960.2094615707], [1032742.0373172691, 1693970.2041663732], [1032752.0320220717, 1693970.2041663732]]], [[[1032802.0055460843, 1694050.1618047934], [1032807.0028984855, 1694030.1723951884], [1032797.008193683, 1694025.175042787], [1032797.008193683, 1694015.1803379846], [1032807.0028984855, 1694015.1803379846], [1032816.997603288, 1693990.1935759783], [1032797.008193683, 1693980.1988711758], [1032787.0134888805, 1693995.1909283795], [1032737.0399648679, 1694000.1882807808], [1032727.0452600654, 1694030.1723951884], [1032762.0267268742, 1694035.1697475896], [1032772.0214316767, 1694045.1644523921], [1032792.0108412817, 1694040.1670999909], [1032792.0108412817, 1694050.1618047934], [1032802.0055460843, 1694050.1618047934]]], [[[1032931.936708517, 1694015.1803379846], [1032931.936708517, 1694025.175042787], [1032911.947298912, 1694025.175042787], [1032911.947298912, 1694015.1803379846], [1032896.9552417082, 1694010.1829855833], [1032896.9552417082, 1694040.1670999909], [1032886.9605369057, 1694055.1591571947], [1032866.9711273006, 1694055.1591571947], [1032861.9737748994, 1694035.1697475896], [1032851.9790700969, 1694025.175042787], [1032836.9870128931, 1694025.175042787], [1032836.9870128931, 1694035.1697475896], [1032851.9790700969, 1694045.1644523921], [1032851.9790700969, 1694085.1432716022], [1032841.9843652943, 1694095.1379764047], [1032846.9817176956, 1694110.1300336085], [1032881.9631845044, 1694105.1326812073], [1032851.9790700969, 1694105.1326812073], [1032856.9764224981, 1694070.1512143984], [1032886.9605369057, 1694065.1538619972], [1032881.9631845044, 1694095.1379764047], [1032891.9578893069, 1694095.1379764047], [1032891.9578893069, 1694085.1432716022], [1032921.9420037145, 1694080.145919201], [1032936.9340609183, 1694060.156509596], [1032931.936708517, 1694045.1644523921], [1032941.9314133195, 1694045.1644523921], [1032941.9314133195, 1694020.1776903858], [1032931.936708517, 1694015.1803379846]]], [[[1032831.9896604918, 1694090.1406240035], [1032807.0028984855, 1694090.1406240035], [1032807.0028984855, 1694105.1326812073], [1032831.9896604918, 1694090.1406240035]]], [[[1032507.1617544098, 1694135.1167956148], [1032527.1511640148, 1694135.1167956148], [1032527.1511640148, 1694120.124738411], [1032517.1564592123, 1694120.124738411], [1032517.1564592123, 1694130.1194432136], [1032507.1617544098, 1694135.1167956148]]], [[[1032906.9499465107, 1694115.1273860098], [1032876.9658321032, 1694120.124738411], [1032881.9631845044, 1694135.1167956148], [1032911.947298912, 1694140.114148016], [1032906.9499465107, 1694115.1273860098]]], [[[1032856.9764224981, 1694195.08502443], [1032886.9605369057, 1694205.0797292325], [1032881.9631845044, 1694180.0929672262], [1032851.9790700969, 1694175.095614825], [1032846.9817176956, 1694150.1088528186], [1032807.0028984855, 1694155.1062052199], [1032821.9949556893, 1694185.0903196274], [1032846.9817176956, 1694185.0903196274], [1032846.9817176956, 1694195.08502443], [1032836.9870128931, 1694200.0823768312], [1032836.9870128931, 1694230.0664912388], [1032856.9764224981, 1694225.0691388375], [1032856.9764224981, 1694195.08502443]], [[1032851.9790700969, 1694200.0823768312], [1032851.9790700969, 1694220.0717864363], [1032841.9843652943, 1694220.0717864363], [1032841.9843652943, 1694205.0797292325], [1032851.9790700969, 1694200.0823768312]]], [[[1032527.1511640148, 1694185.0903196274], [1032542.1432212186, 1694220.0717864363], [1032552.1379260211, 1694225.0691388375], [1032552.1379260211, 1694205.0797292325], [1032537.1458688173, 1694185.0903196274], [1032527.1511640148, 1694185.0903196274]]], [[[1032971.9155277271, 1694245.0585484426], [1032946.9287657208, 1694265.0479580476], [1032951.9261181221, 1694275.04266285], [1032961.9208229246, 1694275.04266285], [1032976.9128801284, 1694255.053253245], [1032971.9155277271, 1694245.0585484426]]], [[[1034056.3409988007, 1694335.0108916655], [1034046.3462939982, 1694345.005596468], [1034051.3436463994, 1694389.9817680793], [1034061.338351202, 1694369.9923584743], [1034056.3409988007, 1694335.0108916655]]], [[[1032856.9764224981, 1694359.9976536718], [1032851.9790700969, 1694359.9976536718], [1032851.9790700969, 1694374.9897108756], [1032861.9737748994, 1694374.9897108756], [1032856.9764224981, 1694359.9976536718]]], [[[1032871.9684797019, 1694424.9632348882], [1032856.9764224981, 1694419.965882487], [1032856.9764224981, 1694429.9605872894], [1032871.9684797019, 1694429.9605872894], [1032871.9684797019, 1694424.9632348882]]], [[[1034056.3409988007, 1694414.9685300856], [1034046.3462939982, 1694424.9632348882], [1034041.3489415969, 1694454.9473492957], [1034056.3409988007, 1694439.955292092], [1034056.3409988007, 1694414.9685300856]]], [[[1033901.4230743616, 1694644.8467405436], [1033886.4310171579, 1694649.8440929449], [1033886.4310171579, 1694659.8387977474], [1033901.4230743616, 1694659.8387977474], [1033901.4230743616, 1694644.8467405436]]], [[[1033936.4045411705, 1694729.801731365], [1033946.399245973, 1694714.8096741613], [1033936.4045411705, 1694709.81232176], [1033926.4098363679, 1694729.801731365], [1033936.4045411705, 1694729.801731365]]], [[[1033991.3754175843, 1694864.730246199], [1034006.3674747881, 1694874.7249510016], [1034011.3648271894, 1694849.7381889953], [1033991.3754175843, 1694854.7355413965], [1033991.3754175843, 1694864.730246199]]], [[[1032482.1749924035, 1694904.7090654091], [1032492.169697206, 1694894.7143606066], [1032492.169697206, 1694879.7223034028], [1032482.1749924035, 1694884.719655804], [1032482.1749924035, 1694904.7090654091]]], [[[1033891.4283695591, 1695034.640227842], [1033901.4230743616, 1695004.6561134344], [1033891.4283695591, 1694999.658761033], [1033881.4336647566, 1695024.6455230394], [1033891.4283695591, 1695034.640227842]]], [[[1033921.4124839667, 1695039.6375802432], [1033931.4071887692, 1695034.640227842], [1033931.4071887692, 1695019.6481706381], [1033921.4124839667, 1695024.6455230394], [1033921.4124839667, 1695039.6375802432]]], [[[1033611.5766350884, 1695024.6455230394], [1033601.5819302859, 1695024.6455230394], [1033591.5872254834, 1695039.6375802432], [1033611.5766350884, 1695034.640227842], [1033611.5766350884, 1695024.6455230394]]], [[[1034236.2456852461, 1695024.6455230394], [1034251.2377424499, 1695049.6322850457], [1034261.2324472524, 1695049.6322850457], [1034261.2324472524, 1695039.6375802432], [1034246.2403900486, 1695024.6455230394], [1034236.2456852461, 1695024.6455230394]]], [[[1034021.3595319919, 1695029.6428754407], [1034011.3648271894, 1695044.6349326444], [1034031.3542367944, 1695039.6375802432], [1034036.3515891957, 1695029.6428754407], [1034021.3595319919, 1695029.6428754407]]], [[[1033881.4336647566, 1695039.6375802432], [1033881.4336647566, 1695024.6455230394], [1033836.4574931453, 1695034.640227842], [1033831.460140744, 1695054.629637447], [1033851.449550349, 1695049.6322850457], [1033856.4469027503, 1695039.6375802432], [1033881.4336647566, 1695039.6375802432]]], [[[1033706.5263307125, 1695049.6322850457], [1033716.521035515, 1695049.6322850457], [1033726.5157403175, 1695039.6375802432], [1033711.5236831137, 1695039.6375802432], [1033706.5263307125, 1695049.6322850457]]], [[[1032487.1723448047, 1695069.6216946507], [1032497.1670496073, 1695064.6243422495], [1032497.1670496073, 1695049.6322850457], [1032487.1723448047, 1695054.629637447], [1032487.1723448047, 1695069.6216946507]]], [[[1032517.1564592123, 1695109.6005138608], [1032517.1564592123, 1695119.5952186633], [1032507.1617544098, 1695124.5925710646], [1032507.1617544098, 1695094.608456657], [1032487.1723448047, 1695079.6163994533], [1032482.1749924035, 1695089.6111042558], [1032472.180287601, 1695079.6163994533], [1032482.1749924035, 1695114.597866262], [1032497.1670496073, 1695114.597866262], [1032502.1644020085, 1695134.5872758671], [1032532.1485164161, 1695144.5819806696], [1032532.1485164161, 1695124.5925710646], [1032522.1538116136, 1695129.5899234659], [1032527.1511640148, 1695109.6005138608], [1032517.1564592123, 1695109.6005138608]]], [[[1032577.1246880274, 1695179.5634474785], [1032577.1246880274, 1695164.5713902747], [1032572.1273356262, 1695159.5740378734], [1032567.1299832249, 1695174.5660950772], [1032577.1246880274, 1695179.5634474785]]], [[[1035085.7955934604, 1695199.5528570835], [1035100.7876506642, 1695194.5555046822], [1035105.7850030655, 1695169.568742676], [1035085.7955934604, 1695199.5528570835]]], [[[1033691.5342735087, 1695224.5396190898], [1033686.5369211074, 1695224.5396190898], [1033686.5369211074, 1695239.5316762936], [1033696.53162591, 1695239.5316762936], [1033691.5342735087, 1695224.5396190898]]], [[[1033796.4786739352, 1695319.4893147137], [1033786.4839691326, 1695324.486667115], [1033786.4839691326, 1695344.47607672], [1033801.4760263364, 1695334.4813719175], [1033796.4786739352, 1695319.4893147137]]], [[[1033331.7249006178, 1695364.465486325], [1033341.7196054204, 1695354.4707815226], [1033341.7196054204, 1695339.4787243188], [1033331.7249006178, 1695334.4813719175], [1033331.7249006178, 1695364.465486325]]], [[[1033811.470731139, 1695384.4548959301], [1033806.4733787377, 1695384.4548959301], [1033806.4733787377, 1695404.4443055352], [1033816.4680835402, 1695404.4443055352], [1033811.470731139, 1695384.4548959301]]], [[[1034780.9570969836, 1695424.4337151402], [1034755.9703349773, 1695424.4337151402], [1034745.9756301747, 1695444.4231247453], [1034780.9570969836, 1695434.4284199427], [1034780.9570969836, 1695424.4337151402]]], [[[1033601.5819302859, 1695459.415181949], [1033616.5739874897, 1695454.4178295478], [1033616.5739874897, 1695434.4284199427], [1033606.5792826872, 1695434.4284199427], [1033601.5819302859, 1695459.415181949]]], [[[1032807.0028984855, 1695489.3992963566], [1032807.0028984855, 1695509.3887059616], [1032821.9949556893, 1695509.3887059616], [1032816.997603288, 1695494.3966487579], [1032807.0028984855, 1695489.3992963566]]], [[[1033931.4071887692, 1695489.3992963566], [1033921.4124839667, 1695489.3992963566], [1033921.4124839667, 1695524.3807631654], [1033931.4071887692, 1695524.3807631654], [1033931.4071887692, 1695489.3992963566]]], [[[1034925.8803166201, 1695544.3701727705], [1034910.8882594163, 1695544.3701727705], [1034915.8856118176, 1695554.364877573], [1034925.8803166201, 1695554.364877573], [1034925.8803166201, 1695544.3701727705]]], [[[1034900.8935546138, 1695594.343696783], [1034900.8935546138, 1695574.354287178], [1034890.8988498113, 1695564.3595823755], [1034885.90149741, 1695574.354287178], [1034860.9147354037, 1695564.3595823755], [1034860.9147354037, 1695554.364877573], [1034850.9200306012, 1695549.3675251717], [1034850.9200306012, 1695529.3781155667], [1034840.9253257987, 1695529.3781155667], [1034835.9279733974, 1695519.3834107642], [1034815.9385637924, 1695519.3834107642], [1034805.9438589899, 1695544.3701727705], [1034795.9491541873, 1695549.3675251717], [1034795.9491541873, 1695564.3595823755], [1034825.9332685949, 1695579.3516395793], [1034840.9253257987, 1695574.354287178], [1034840.9253257987, 1695549.3675251717], [1034855.9173830025, 1695559.3622299742], [1034870.9094402062, 1695589.3463443818], [1034865.912087805, 1695609.3357539868], [1034880.9041450088, 1695619.3304587894], [1034880.9041450088, 1695634.3225159931], [1034900.8935546138, 1695644.3172207957], [1034890.8988498113, 1695629.325163592], [1034905.8909070151, 1695624.3278111906], [1034925.8803166201, 1695644.3172207957], [1034920.8829642189, 1695609.3357539868], [1034900.8935546138, 1695594.343696783]], [[1034835.9279733974, 1695554.364877573], [1034830.9306209962, 1695569.3569347768], [1034815.9385637924, 1695569.3569347768], [1034820.9359161936, 1695554.364877573], [1034835.9279733974, 1695554.364877573]], [[1034885.90149741, 1695594.343696783], [1034895.8962022125, 1695594.343696783], [1034910.8882594163, 1695609.3357539868], [1034910.8882594163, 1695619.3304587894], [1034895.8962022125, 1695619.3304587894], [1034885.90149741, 1695609.3357539868], [1034885.90149741, 1695594.343696783]]], [[[1035050.8141266516, 1695784.243088031], [1035035.8220694478, 1695774.2483832284], [1035020.830012244, 1695744.2642688209], [1035010.8353074415, 1695744.2642688209], [1035005.8379550403, 1695734.2695640184], [1034970.8564882315, 1695729.272211617], [1035020.830012244, 1695789.2404404322], [1035035.8220694478, 1695789.2404404322], [1035045.8167742504, 1695799.2351452347], [1035040.8194218491, 1695819.2245548398], [1035055.8114790529, 1695829.2192596423], [1035055.8114790529, 1695839.2139644448], [1035065.8061838554, 1695839.2139644448], [1035065.8061838554, 1695799.2351452347], [1035075.8008886579, 1695804.232497636], [1035070.8035362567, 1695774.2483832284], [1035050.8141266516, 1695784.243088031]], [[1035005.8379550403, 1695754.2589736234], [1035005.8379550403, 1695744.2642688209], [1035015.8326598428, 1695749.2616212221], [1035015.8326598428, 1695754.2589736234], [1035005.8379550403, 1695754.2589736234]]], [[[1032966.9181753258, 1695804.232497636], [1032976.9128801284, 1695784.243088031], [1032951.9261181221, 1695804.232497636], [1032966.9181753258, 1695804.232497636]]], [[[1035160.7558794793, 1695874.1954312536], [1035165.7532318806, 1695864.2007264511], [1035175.7479366831, 1695864.2007264511], [1035185.7426414856, 1695894.1848408587], [1035195.7373462882, 1695894.1848408587], [1035195.7373462882, 1695879.192783655], [1035180.7452890844, 1695864.2007264511], [1035180.7452890844, 1695854.2060216486], [1035150.7611746768, 1695854.2060216486], [1035160.7558794793, 1695874.1954312536]]], [[[1035170.7505842819, 1695879.192783655], [1035165.7532318806, 1695879.192783655], [1035165.7532318806, 1695904.1795456612], [1035175.7479366831, 1695904.1795456612], [1035170.7505842819, 1695879.192783655]]], [[[1033826.4627883427, 1695909.1768980625], [1033846.4521979478, 1695894.1848408587], [1033846.4521979478, 1695884.1901360562], [1033821.4654359415, 1695889.1874884574], [1033816.4680835402, 1695904.1795456612], [1033826.4627883427, 1695909.1768980625]], [[1033826.4627883427, 1695894.1848408587], [1033836.4574931453, 1695894.1848408587], [1033836.4574931453, 1695899.18219326], [1033826.4627883427, 1695894.1848408587]]], [[[1032792.0108412817, 1695949.1557172725], [1032802.0055460843, 1695934.1636600688], [1032787.0134888805, 1695934.1636600688], [1032772.0214316767, 1695954.1530696738], [1032792.0108412817, 1695949.1557172725]]], [[[1033101.8466901599, 1695964.1477744763], [1033091.8519853574, 1695964.1477744763], [1033086.8546329561, 1695979.13983168], [1033101.8466901599, 1695979.13983168], [1033101.8466901599, 1695964.1477744763]]], [[[1033836.4574931453, 1695994.131888884], [1033841.4548455465, 1695979.13983168], [1033806.4733787377, 1695984.1371840814], [1033796.4786739352, 1695999.1292412851], [1033836.4574931453, 1695994.131888884]]], [[[1032692.0637932565, 1695994.131888884], [1032707.0558504603, 1695979.13983168], [1032707.0558504603, 1695969.1451268776], [1032677.0717360527, 1695994.131888884], [1032672.0743836514, 1696019.1186508902], [1032692.0637932565, 1696009.1239460877], [1032692.0637932565, 1695994.131888884]]], [[[1033086.8546329561, 1696004.1265936864], [1033071.8625757523, 1695984.1371840814], [1033071.8625757523, 1696014.121298489], [1033086.8546329561, 1696004.1265936864]]], [[[1033816.4680835402, 1696054.100117699], [1033816.4680835402, 1696029.1133556927], [1033796.4786739352, 1696029.1133556927], [1033786.4839691326, 1696019.1186508902], [1033791.4813215339, 1696049.1027652978], [1033781.4866167314, 1696054.100117699], [1033786.4839691326, 1696059.0974701003], [1033781.4866167314, 1696079.0868797053], [1033791.4813215339, 1696079.0868797053], [1033816.4680835402, 1696054.100117699]]], [[[1035100.7876506642, 1696154.0471657244], [1035110.7823554667, 1696169.0392229282], [1035120.7770602693, 1696169.0392229282], [1035115.779707868, 1696154.0471657244], [1035100.7876506642, 1696154.0471657244]]], [[[1035120.7770602693, 1696184.031280132], [1035105.7850030655, 1696189.0286325333], [1035110.7823554667, 1696214.0153945396], [1035125.7744126705, 1696209.0180421383], [1035120.7770602693, 1696184.031280132]]], [[[1035005.8379550403, 1696263.9889185522], [1035005.8379550403, 1696253.9942137497], [1035030.8247170466, 1696258.991566151], [1035035.8220694478, 1696243.9995089471], [1035045.8167742504, 1696243.9995089471], [1035050.8141266516, 1696224.010099342], [1035035.8220694478, 1696219.0127469408], [1035040.8194218491, 1696229.0074517434], [1035030.8247170466, 1696229.0074517434], [1035025.8273646453, 1696214.0153945396], [1035005.8379550403, 1696214.0153945396], [1035000.840602639, 1696239.0021565459], [1034990.8458978365, 1696239.0021565459], [1034985.8485454352, 1696253.9942137497], [1034995.8432502378, 1696263.9889185522], [1035005.8379550403, 1696263.9889185522]]], [[[1035020.830012244, 1696263.9889185522], [1035020.830012244, 1696288.9756805585], [1035030.8247170466, 1696288.9756805585], [1035035.8220694478, 1696273.9836233547], [1035020.830012244, 1696263.9889185522]]], [[[1034985.8485454352, 1696283.9783281572], [1034985.8485454352, 1696308.9650901635], [1034995.8432502378, 1696323.9571473673], [1035005.8379550403, 1696308.9650901635], [1035020.830012244, 1696308.9650901635], [1035015.8326598428, 1696293.9730329597], [1035000.840602639, 1696293.9730329597], [1034995.8432502378, 1696283.9783281572], [1034985.8485454352, 1696283.9783281572]]], [[[1033546.611053872, 1697313.4329228168], [1033551.6084062733, 1697303.4382180143], [1033561.6031110758, 1697303.4382180143], [1033566.6004634771, 1697283.4488084093], [1033551.6084062733, 1697288.4461608105], [1033546.611053872, 1697313.4329228168]]], [[[1033541.6137014708, 1697323.4276276194], [1033536.6163490695, 1697343.4170372244], [1033551.6084062733, 1697333.4223324219], [1033546.611053872, 1697323.4276276194], [1033541.6137014708, 1697323.4276276194]]], [[[1034516.0974197167, 1705763.955833349], [1034516.0974197167, 1705743.9664237439], [1034501.1053625129, 1705748.9637761451], [1034506.1027149141, 1705763.955833349], [1034516.0974197167, 1705763.955833349]]], [[[1034211.2589232398, 1706443.5957599205], [1034201.2642184373, 1706443.5957599205], [1034196.266866036, 1706458.5878171243], [1034196.266866036, 1706478.5772267294], [1034206.2615708385, 1706473.579874328], [1034201.2642184373, 1706468.5825219268], [1034211.2589232398, 1706468.5825219268], [1034211.2589232398, 1706443.5957599205]]], [[[1034221.2536280423, 1706603.5110367609], [1034211.2589232398, 1706598.5136843596], [1034201.2642184373, 1706618.5030939647], [1034216.256275641, 1706628.4977987672], [1034221.2536280423, 1706603.5110367609]]], [[[1034146.2933420234, 1706753.4316087987], [1034131.3012848196, 1706753.4316087987], [1034131.3012848196, 1706763.4263136012], [1034141.2959896221, 1706763.4263136012], [1034146.2933420234, 1706753.4316087987]]], [[[1034211.2589232398, 1706763.4263136012], [1034206.2615708385, 1706763.4263136012], [1034201.2642184373, 1706778.418370805], [1034211.2589232398, 1706778.418370805], [1034211.2589232398, 1706763.4263136012]]], [[[1034171.2801040297, 1706938.3336476453], [1034161.2853992272, 1706938.3336476453], [1034161.2853992272, 1706953.325704849], [1034171.2801040297, 1706948.3283524478], [1034171.2801040297, 1706938.3336476453]]], [[[1034566.0709437293, 1707278.153610931], [1034566.0709437293, 1707298.143020536], [1034581.063000933, 1707298.143020536], [1034566.0709437293, 1707278.153610931]]], [[[1034566.0709437293, 1707298.143020536], [1034551.0788865255, 1707308.1377253386], [1034546.0815341242, 1707323.1297825424], [1034566.0709437293, 1707318.132430141], [1034566.0709437293, 1707298.143020536]]], [[[1034481.1159529078, 1707313.1350777398], [1034471.1212481053, 1707318.132430141], [1034466.123895704, 1707343.1191921474], [1034481.1159529078, 1707333.1244873449], [1034481.1159529078, 1707313.1350777398]]], [[[1034041.3489415969, 1707448.0635925739], [1034051.3436463994, 1707448.0635925739], [1034046.3462939982, 1707428.0741829688], [1034016.3621795906, 1707433.07153537], [1034036.3515891957, 1707438.0688877713], [1034041.3489415969, 1707448.0635925739]]], [[[1036275.1654649605, 1718037.4533308458], [1036260.1734077567, 1718042.450683247], [1036265.170760158, 1718057.4427404508], [1036275.1654649605, 1718052.4453880496], [1036275.1654649605, 1718037.4533308458]]], [[[1035060.8088314541, 1718712.095905016], [1035065.8061838554, 1718702.1012002134], [1035065.8061838554, 1718687.1091430096], [1035055.8114790529, 1718687.1091430096], [1035050.8141266516, 1718707.0985526147], [1035060.8088314541, 1718712.095905016]]], [[[1035015.8326598428, 1718951.9688202764], [1034990.8458978365, 1718961.963525079], [1034990.8458978365, 1718971.9582298815], [1035005.8379550403, 1718971.9582298815], [1035015.8326598428, 1718951.9688202764]]], [[[1035710.4646436181, 1720611.089817495], [1035665.4884720067, 1720611.089817495], [1035665.4884720067, 1720621.0845222976], [1035710.4646436181, 1720616.0871698963], [1035710.4646436181, 1720611.089817495]]], [[[1034691.0047537609, 1721640.544412155], [1034715.9915157672, 1721640.544412155], [1034710.9941633659, 1721630.5497073524], [1034691.0047537609, 1721625.5523549512], [1034691.0047537609, 1721640.544412155]]], [[[1032487.1723448047, 1723294.6680569723], [1032497.1670496073, 1723354.6362857874], [1032507.1617544098, 1723354.6362857874], [1032507.1617544098, 1723314.6574665774], [1032502.1644020085, 1723299.6654093736], [1032487.1723448047, 1723294.6680569723]]], [[[1033111.8413949624, 1727577.3990648529], [1033131.8308045674, 1727582.396417254], [1033136.8281569687, 1727572.4017124516], [1033111.8413949624, 1727572.4017124516], [1033111.8413949624, 1727577.3990648529]]], [[[1033431.671948643, 1727892.2322661323], [1033426.6745962418, 1727882.2375613297], [1033406.6851866368, 1727877.2402089285], [1033411.682539038, 1727887.234913731], [1033431.671948643, 1727892.2322661323]]], [[[1032881.9631845044, 1728137.102533794], [1032871.9684797019, 1728117.113124189], [1032846.9817176956, 1728112.1157717877], [1032871.9684797019, 1728127.1078289915], [1032881.9631845044, 1728137.102533794]]], [[[1044920.5851191418, 1692051.220844289], [1044930.5798239444, 1692046.2234918878], [1044930.5798239444, 1692026.2340822828], [1044920.5851191418, 1692036.2287870853], [1044920.5851191418, 1692051.220844289]]], [[[1044995.5454051608, 1692251.1149403395], [1044995.5454051608, 1692231.1255307344], [1044990.5480527595, 1692211.1361211294], [1044985.5507003582, 1692241.120235537], [1044995.5454051608, 1692251.1149403395]]], [[[1044990.5480527595, 1692321.0778739573], [1045000.542757562, 1692316.080521556], [1045000.542757562, 1692266.1069975432], [1044990.5480527595, 1692291.0937595495], [1044990.5480527595, 1692321.0778739573]]], [[[1046174.9205718584, 1693205.6092489804], [1046159.9285146546, 1693205.6092489804], [1046149.9338098521, 1693215.603953783], [1046164.9258670559, 1693215.603953783], [1046174.9205718584, 1693205.6092489804]]], [[[1041667.308705921, 1693955.2121091695], [1041667.308705921, 1693965.206813972], [1041682.3007631248, 1693970.2041663732], [1041682.3007631248, 1693960.2094615707], [1041667.308705921, 1693955.2121091695]]], [[[1044770.664547104, 1694894.7143606066], [1044780.6592519066, 1694894.7143606066], [1044785.6566043078, 1694879.7223034028], [1044770.664547104, 1694884.719655804], [1044770.664547104, 1694894.7143606066]]], [[[1045830.1032561713, 1695174.5660950772], [1045805.116494165, 1695174.5660950772], [1045815.1111989676, 1695199.5528570835], [1045860.0873705789, 1695229.536971491], [1045855.0900181776, 1695194.5555046822], [1045840.0979609739, 1695189.558152281], [1045830.1032561713, 1695174.5660950772]]], [[[1046514.7405351441, 1695359.4681339238], [1046514.7405351441, 1695369.4628387264], [1046524.7352399466, 1695379.4575435289], [1046524.7352399466, 1695359.4681339238], [1046514.7405351441, 1695359.4681339238]]], [[[1039488.4630589713, 1695429.4310675415], [1039498.4577637739, 1695429.4310675415], [1039503.4551161751, 1695399.446953134], [1039493.4604113726, 1695399.446953134], [1039488.4630589713, 1695429.4310675415]]], [[[1045015.5348147658, 1695449.4204771465], [1045025.5295195683, 1695454.4178295478], [1045025.5295195683, 1695419.436362739], [1045015.5348147658, 1695449.4204771465]]], [[[1045835.1006085726, 1695939.16101247], [1045785.12708456, 1695944.1583648713], [1045785.12708456, 1695954.1530696738], [1045805.116494165, 1695964.1477744763], [1045825.1059037701, 1695954.1530696738], [1045835.1006085726, 1695939.16101247]]], [[[1045925.0529517953, 1695964.1477744763], [1045925.0529517953, 1695949.1557172725], [1045895.0688373877, 1695954.1530696738], [1045915.0582469928, 1695964.1477744763], [1045925.0529517953, 1695964.1477744763]]], [[[1045780.1297321587, 1695959.150422075], [1045765.137674955, 1695964.1477744763], [1045760.1403225537, 1695979.13983168], [1045775.1323797575, 1695974.1424792788], [1045780.1297321587, 1695959.150422075]]], [[[1044645.7307370725, 1696089.0815845078], [1044645.7307370725, 1696079.0868797053], [1044620.7439750662, 1696089.0815845078], [1044645.7307370725, 1696089.0815845078]]], [[[1046404.7987823164, 1696209.0180421383], [1046399.8014299151, 1696194.0259849345], [1046389.8067251126, 1696194.0259849345], [1046394.8040775139, 1696209.0180421383], [1046404.7987823164, 1696209.0180421383]]], [[[1042736.7421197909, 1696523.8512434177], [1042741.7394721921, 1696503.8618338127], [1042726.7474149883, 1696513.8565386152], [1042736.7421197909, 1696523.8512434177]]], [[[1043331.427055541, 1696888.6579687097], [1043331.427055541, 1696868.6685591047], [1043326.4297031397, 1696863.6712067034], [1043321.4323507384, 1696878.6632639072], [1043331.427055541, 1696888.6579687097]]], [[[1043421.3793987636, 1696953.623549926], [1043426.3767511649, 1696968.6156071299], [1043436.3714559674, 1696963.6182547286], [1043426.3767511649, 1696953.623549926], [1043421.3793987636, 1696953.623549926]]], [[[1043451.3635131712, 1696983.6076643337], [1043456.3608655725, 1696998.5997215374], [1043466.355570375, 1696993.6023691362], [1043461.3582179737, 1696983.6076643337], [1043451.3635131712, 1696983.6076643337]]], [[[1043516.3290943876, 1697048.57324555], [1043506.3343895851, 1697053.5705979513], [1043511.3317419863, 1697073.5600075563], [1043526.3237991901, 1697078.5573599576], [1043516.3290943876, 1697048.57324555]]], [[[1045725.1588557449, 1697088.5520647601], [1045720.1615033436, 1697068.562655155], [1045710.1667985411, 1697068.562655155], [1045715.1641509423, 1697078.5573599576], [1045730.1562081461, 1697108.5414743652], [1045735.1535605474, 1697093.5494171614], [1045725.1588557449, 1697088.5520647601]]], [[[1041232.5390470113, 1697823.1628677454], [1041212.5496374062, 1697833.157572548], [1041217.5469898075, 1697843.1522773504], [1041232.5390470113, 1697838.1549249492], [1041232.5390470113, 1697823.1628677454]]], [[[1045325.370663644, 1698128.0013642225], [1045320.3733112428, 1698103.014602216], [1045320.3733112428, 1698147.9907738275], [1045325.370663644, 1698128.0013642225]]], [[[1045830.1032561713, 1698697.6995379662], [1045830.1032561713, 1698707.6942427687], [1045845.0953133751, 1698712.69159517], [1045845.0953133751, 1698702.6968903674], [1045830.1032561713, 1698697.6995379662]]], [[[1046044.9894094255, 1698752.67041438], [1046024.9999998205, 1698752.67041438], [1046034.994704623, 1698772.659823985], [1046044.9894094255, 1698752.67041438]]], [[[1045920.055599394, 1698762.6651191826], [1045900.066189789, 1698762.6651191826], [1045905.0635421902, 1698782.6545287876], [1045915.0582469928, 1698777.6571763863], [1045920.055599394, 1698762.6651191826]]], [[[1044585.7625082574, 1699197.4347780922], [1044585.7625082574, 1699212.426835296], [1044595.7572130599, 1699207.4294828947], [1044595.7572130599, 1699232.416244901], [1044605.7519178624, 1699232.416244901], [1044600.7545654612, 1699202.4321304935], [1044585.7625082574, 1699197.4347780922]]], [[[1044395.8631170095, 1699252.405654506], [1044410.8551742133, 1699247.4083021048], [1044415.8525266146, 1699227.4188924998], [1044405.857821812, 1699227.4188924998], [1044405.857821812, 1699242.4109497035], [1044395.8631170095, 1699252.405654506]]], [[[1046264.8729150811, 1699792.1197138422], [1046264.8729150811, 1699807.111771046], [1046279.8649722849, 1699807.111771046], [1046274.8676198836, 1699797.1170662434], [1046264.8729150811, 1699792.1197138422]]], [[[1043816.1702384632, 1699817.1064758485], [1043821.1675908645, 1699827.101180651], [1043841.1570004695, 1699832.0985330523], [1043836.1596480682, 1699822.1038282497], [1043816.1702384632, 1699817.1064758485]]], [[[1043876.1384672783, 1699892.0667618674], [1043871.1411148771, 1699882.0720570649], [1043856.1490576733, 1699882.0720570649], [1043856.1490576733, 1699887.069409466], [1043876.1384672783, 1699892.0667618674]]], [[[1042866.6732822236, 1700106.9529151218], [1042871.6706346249, 1700111.950267523], [1042866.6732822236, 1700096.9582103193], [1042856.6785774211, 1700096.9582103193], [1042856.6785774211, 1700111.950267523], [1042866.6732822236, 1700106.9529151218]]], [[[1043181.506483503, 1700461.7649356113], [1043181.506483503, 1700471.7596404138], [1043196.4985407069, 1700466.7622880125], [1043196.4985407069, 1700456.76758321], [1043181.506483503, 1700461.7649356113]]], [[[1043036.5832638665, 1700571.706688439], [1042996.6044446564, 1700571.706688439], [1043006.5991494589, 1700581.7013932415], [1043026.588559064, 1700581.7013932415], [1043036.5832638665, 1700571.706688439]]], [[[1045460.2991784781, 1700721.6272604768], [1045460.2991784781, 1700691.6431460693], [1045455.3018260768, 1700686.645793668], [1045450.3044736756, 1700701.6378508718], [1045460.2991784781, 1700721.6272604768]]], [[[1046334.8358486987, 1700896.534594521], [1046329.8384962975, 1700896.534594521], [1046329.8384962975, 1700911.5266517247], [1046339.8332011, 1700911.5266517247], [1046334.8358486987, 1700896.534594521]]], [[[1044605.7519178624, 1702245.8197428614], [1044590.7598606587, 1702240.8223904602], [1044590.7598606587, 1702250.8170952627], [1044605.7519178624, 1702250.8170952627], [1044605.7519178624, 1702245.8197428614]]], [[[1043176.5091311018, 1702420.7270769055], [1043161.517073898, 1702450.711191313], [1043151.5223690955, 1702455.7085437144], [1043151.5223690955, 1702470.7006009181], [1043131.5329594904, 1702500.6847153257], [1043131.5329594904, 1702520.6741249308], [1043156.5197214967, 1702515.6767725295], [1043171.5117787005, 1702465.703248517], [1043186.5038359043, 1702465.703248517], [1043196.4985407069, 1702435.7191341093], [1043191.5011883057, 1702420.7270769055], [1043176.5091311018, 1702435.7191341093], [1043176.5091311018, 1702425.7244293068], [1043191.5011883057, 1702415.7297245043], [1043191.5011883057, 1702395.7403148992], [1043171.5117787005, 1702410.732372103], [1043176.5091311018, 1702420.7270769055]], [[1043161.517073898, 1702465.703248517], [1043156.5197214967, 1702495.6873629245], [1043141.527664293, 1702510.6794201282], [1043156.5197214967, 1702465.703248517], [1043161.517073898, 1702465.703248517]]], [[[1046334.8358486987, 1703670.0651772206], [1046349.8279059025, 1703670.0651772206], [1046349.8279059025, 1703660.070472418], [1046334.8358486987, 1703655.0731200168], [1046334.8358486987, 1703670.0651772206]]], [[[1044690.7069086839, 1705169.270897599], [1044685.7095562826, 1705169.270897599], [1044685.7095562826, 1705184.2629548027], [1044695.7042610851, 1705184.2629548027], [1044690.7069086839, 1705169.270897599]]], [[[1046454.772306329, 1706588.518979557], [1046464.7670111315, 1706553.5375127483], [1046454.772306329, 1706558.5348651495], [1046454.772306329, 1706588.518979557]]], [[[1044475.8207554297, 1706793.4104280088], [1044485.8154602322, 1706798.40778041], [1044495.8101650347, 1706788.4130756075], [1044475.8207554297, 1706788.4130756075], [1044475.8207554297, 1706793.4104280088]]], [[[1045300.3839016377, 1707408.0847733638], [1045285.391844434, 1707388.0953637587], [1045290.3891968352, 1707433.07153537], [1045300.3839016377, 1707423.0768305676], [1045300.3839016377, 1707408.0847733638]]], [[[1045325.370663644, 1707478.0477069814], [1045315.3759588415, 1707468.053002179], [1045315.3759588415, 1707443.0662401726], [1045305.381254039, 1707473.0503545802], [1045325.370663644, 1707478.0477069814]]], [[[1044600.7545654612, 1707672.9444506308], [1044585.7625082574, 1707667.9470982295], [1044580.7651558561, 1707662.9497458283], [1044580.7651558561, 1707672.9444506308], [1044590.7598606587, 1707677.941803032], [1044600.7545654612, 1707672.9444506308]]], [[[1046494.7511255391, 1709042.2190085761], [1046514.7405351441, 1709027.2269513723], [1046514.7405351441, 1709022.229598971], [1046499.7484779403, 1709022.229598971], [1046484.7564207366, 1709042.2190085761], [1046494.7511255391, 1709042.2190085761]]], [[[1046439.7802491252, 1709057.21106578], [1046454.772306329, 1709057.21106578], [1046464.7670111315, 1709047.2163609774], [1046449.7749539277, 1709047.2163609774], [1046439.7802491252, 1709057.21106578]]], [[[1046059.9814666293, 1709651.89600153], [1046074.9735238331, 1709616.9145347213], [1046059.9814666293, 1709626.9092395238], [1046044.9894094255, 1709661.8907063326], [1046059.9814666293, 1709651.89600153]]], [[[1046015.005295018, 1709646.8986491289], [1046015.005295018, 1709661.8907063326], [1046024.9999998205, 1709661.8907063326], [1046024.9999998205, 1709646.8986491289], [1046015.005295018, 1709646.8986491289]]], [[[1045950.0397138016, 1709661.8907063326], [1045970.0291234066, 1709666.888058734], [1045965.0317710054, 1709656.8933539314], [1045950.0397138016, 1709656.8933539314], [1045950.0397138016, 1709661.8907063326]]], [[[1037274.6359452127, 1709756.8404019566], [1037284.6306500152, 1709746.845697154], [1037284.6306500152, 1709721.8589351478], [1037274.6359452127, 1709731.8536399503], [1037274.6359452127, 1709756.8404019566]]], [[[1041417.441085858, 1710271.5676992864], [1041432.4331430618, 1710266.5703468851], [1041427.4357906606, 1710241.5835848788], [1041417.441085858, 1710271.5676992864]]], [[[1045445.3071212743, 1710691.3453009923], [1045435.3124164718, 1710691.3453009923], [1045430.3150640705, 1710701.3400057948], [1045445.3071212743, 1710701.3400057948], [1045445.3071212743, 1710691.3453009923]]], [[[1045425.3177116693, 1710696.3426533935], [1045410.3256544655, 1710701.3400057948], [1045410.3256544655, 1710716.3320629986], [1045425.3177116693, 1710716.3320629986], [1045425.3177116693, 1710696.3426533935]]], [[[1046359.822610705, 1710741.3188250049], [1046349.8279059025, 1710746.316177406], [1046354.8252583038, 1710761.30823461], [1046364.8199631063, 1710756.3108822086], [1046359.822610705, 1710741.3188250049]]], [[[1045845.0953133751, 1711096.1308454943], [1045855.0900181776, 1711096.1308454943], [1045865.0847229802, 1711081.1387882906], [1045845.0953133751, 1711086.1361406918], [1045845.0953133751, 1711096.1308454943]]], [[[1045725.1588557449, 1711111.122902698], [1045710.1667985411, 1711106.1255502969], [1045705.1694461398, 1711121.1176075006], [1045725.1588557449, 1711116.1202550994], [1045725.1588557449, 1711111.122902698]]], [[[1046524.7352399466, 1711355.9931703599], [1046514.7405351441, 1711306.0196463473], [1046504.7458303416, 1711321.011703551], [1046524.7352399466, 1711355.9931703599]]], [[[1045595.2276933121, 1712515.3789274525], [1045615.2171029171, 1712515.3789274525], [1045625.2118077197, 1712500.3868702487], [1045600.2250457134, 1712505.38422265], [1045595.2276933121, 1712515.3789274525]]], [[[1043781.1887716544, 1712820.2174239294], [1043766.1967144506, 1712820.2174239294], [1043771.1940668519, 1712830.212128732], [1043791.1834764569, 1712835.2094811331], [1043781.1887716544, 1712820.2174239294]]], [[[1045735.1535605474, 1713155.0400348138], [1045735.1535605474, 1713130.0532728075], [1045720.1615033436, 1713125.0559204062], [1045735.1535605474, 1713155.0400348138]]], [[[1045830.1032561713, 1714639.2536979883], [1045830.1032561713, 1714609.2695835808], [1045820.1085513688, 1714609.2695835808], [1045830.1032561713, 1714639.2536979883]]], [[[1045830.1032561713, 1714654.2457551921], [1045835.1006085726, 1714644.2510503896], [1045825.1059037701, 1714644.2510503896], [1045815.1111989676, 1714634.256345587], [1045815.1111989676, 1714644.2510503896], [1045830.1032561713, 1714654.2457551921]]], [[[1046044.9894094255, 1715143.9862905156], [1046049.9867618268, 1715158.9783477194], [1046044.9894094255, 1715208.951871732], [1046054.984114228, 1715208.951871732], [1046054.984114228, 1715143.9862905156], [1046044.9894094255, 1715143.9862905156]]], [[[1046249.8808578773, 1716093.4832467553], [1046234.8888006735, 1716088.485894354], [1046229.8914482723, 1716103.4779515578], [1046249.8808578773, 1716098.4805991566], [1046249.8808578773, 1716093.4832467553]]], [[[1045945.0423614003, 1716288.3799904045], [1045955.0370662028, 1716278.385285602], [1045955.0370662028, 1716258.395875997], [1045945.0423614003, 1716263.3932283982], [1045945.0423614003, 1716288.3799904045]]], [[[1046119.9496954445, 1716303.3720476083], [1046129.9444002471, 1716268.3905807994], [1046114.9523430433, 1716273.3879332007], [1046109.954990642, 1716308.3694000095], [1046119.9496954445, 1716303.3720476083]]], [[[1045935.0476565978, 1716313.3667524108], [1045945.0423614003, 1716303.3720476083], [1045945.0423614003, 1716288.3799904045], [1045935.0476565978, 1716298.374695207], [1045935.0476565978, 1716313.3667524108]]], [[[1046074.9735238331, 1716423.3085052385], [1046074.9735238331, 1716408.3164480347], [1046069.9761714318, 1716398.3217432322], [1046064.9788190306, 1716413.313800436], [1046074.9735238331, 1716423.3085052385]]], [[[1045800.1191417638, 1716543.2449628687], [1045790.1244369613, 1716543.2449628687], [1045780.1297321587, 1716558.2370200725], [1045800.1191417638, 1716558.2370200725], [1045800.1191417638, 1716543.2449628687]]], [[[1045775.1323797575, 1716558.2370200725], [1045745.1482653499, 1716553.2396676713], [1045755.1429701524, 1716568.231724875], [1045765.137674955, 1716568.231724875], [1045775.1323797575, 1716558.2370200725]]], [[[1045735.1535605474, 1716663.181420499], [1045730.1562081461, 1716663.181420499], [1045730.1562081461, 1716678.1734777028], [1045740.1509129487, 1716678.1734777028], [1045735.1535605474, 1716663.181420499]]], [[[1046339.8332011, 1716943.0331549696], [1046339.8332011, 1716933.038450167], [1046334.8358486987, 1716923.0437453645], [1046329.8384962975, 1716938.0358025683], [1046339.8332011, 1716943.0331549696]]], [[[1046324.8411438962, 1716958.0252121734], [1046334.8358486987, 1716953.027859772], [1046334.8358486987, 1716943.0331549696], [1046324.8411438962, 1716938.0358025683], [1046324.8411438962, 1716958.0252121734]]], [[[1046139.9391050496, 1717137.9298986187], [1046114.9523430433, 1717132.9325462175], [1046114.9523430433, 1717142.92725102], [1046139.9391050496, 1717142.92725102], [1046139.9391050496, 1717137.9298986187]]], [[[1045335.3653684466, 1717277.8557658542], [1045330.3680160453, 1717292.847823058], [1045375.3441876567, 1717292.847823058], [1045365.3494828541, 1717277.8557658542], [1045345.3600732491, 1717277.8557658542], [1045340.3627208478, 1717262.8637086505], [1045310.3786064403, 1717267.8610610517], [1045310.3786064403, 1717277.8557658542], [1045320.3733112428, 1717287.8504706568], [1045335.3653684466, 1717277.8557658542]], [[1045325.370663644, 1717272.858413453], [1045325.370663644, 1717267.8610610517], [1045330.3680160453, 1717267.8610610517], [1045325.370663644, 1717272.858413453]]], [[[1046389.8067251126, 1719196.8390879384], [1046384.8093727113, 1719196.8390879384], [1046379.8120203101, 1719216.8284975435], [1046389.8067251126, 1719216.8284975435], [1046389.8067251126, 1719196.8390879384]]], [[[1046384.8093727113, 1719356.7543647788], [1046389.8067251126, 1719346.7596599762], [1046379.8120203101, 1719341.762307575], [1046374.8146679088, 1719326.7702503712], [1046374.8146679088, 1719346.7596599762], [1046384.8093727113, 1719356.7543647788]]], [[[1046099.9602858395, 1720036.3942913502], [1046094.9629334382, 1720026.3995865476], [1046069.9761714318, 1720051.386348554], [1046099.9602858395, 1720036.3942913502]]], [[[1038039.2308626056, 1720391.2063118396], [1038024.2388054018, 1720391.2063118396], [1038019.2414530006, 1720401.2010166422], [1037999.2520433955, 1720401.2010166422], [1037989.257338593, 1720411.1957214447], [1038029.2361578031, 1720406.1983690434], [1038039.2308626056, 1720391.2063118396]]], [[[1041352.4755046417, 1720875.9494947619], [1041352.4755046417, 1720850.9627327556], [1041337.4834474379, 1720855.9600851568], [1041337.4834474379, 1720880.9468471631], [1041352.4755046417, 1720875.9494947619]]], [[[1043126.5356070892, 1722010.3484898482], [1043121.5382546879, 1722020.3431946507], [1043111.5435498854, 1722010.3484898482], [1043106.5461974841, 1722070.3167186633], [1043116.5409022867, 1722070.3167186633], [1043116.5409022867, 1722060.3220138608], [1043136.5303118917, 1722045.329956657], [1043126.5356070892, 1722010.3484898482]], [[1043121.5382546879, 1722040.3326042558], [1043121.5382546879, 1722045.329956657], [1043116.5409022867, 1722040.3326042558], [1043121.5382546879, 1722040.3326042558]]], [[[1043086.5567878791, 1722150.2743570835], [1043076.5620830766, 1722150.2743570835], [1043071.5647306753, 1722180.258471491], [1043081.5594354778, 1722170.2637666885], [1043086.5567878791, 1722150.2743570835]]], [[[1043081.5594354778, 1722255.21875751], [1043091.5541402804, 1722255.21875751], [1043091.5541402804, 1722230.2319955037], [1043076.5620830766, 1722215.2399382999], [1043081.5594354778, 1722255.21875751]]], [[[1043071.5647306753, 1722285.2028719175], [1043071.5647306753, 1722270.2108147137], [1043061.5700258728, 1722270.2108147137], [1043076.5620830766, 1722300.1949291213], [1043081.5594354778, 1722325.1816911276], [1043081.5594354778, 1722290.2002243188], [1043071.5647306753, 1722285.2028719175]]], [[[1043041.5806162677, 1722395.1446247452], [1043036.5832638665, 1722380.1525675415], [1043026.588559064, 1722380.1525675415], [1043031.5859114652, 1722395.1446247452], [1043041.5806162677, 1722395.1446247452]]], [[[1043046.577968669, 1722395.1446247452], [1043061.5700258728, 1722395.1446247452], [1043066.567378274, 1722385.1499199427], [1043041.5806162677, 1722380.1525675415], [1043046.577968669, 1722395.1446247452]]], [[[1043071.5647306753, 1722415.1340343503], [1043046.577968669, 1722420.1313867515], [1043051.5753210703, 1722430.126091554], [1043071.5647306753, 1722425.1287391528], [1043071.5647306753, 1722415.1340343503]]], [[[1042207.0227652572, 1722734.964588031], [1042192.0307080534, 1722739.9619404322], [1042197.0280604546, 1722774.943407241], [1042207.0227652572, 1722769.9460548398], [1042207.0227652572, 1722734.964588031]]], [[[1042127.065126837, 1723104.7686657244], [1042137.0598316395, 1723104.7686657244], [1042132.0624792383, 1723074.7845513169], [1042122.0677744357, 1723074.7845513169], [1042127.065126837, 1723104.7686657244]]], [[[1042057.1021932194, 1723229.702475756], [1042042.1101360156, 1723229.702475756], [1042042.1101360156, 1723239.6971805585], [1042057.1021932194, 1723239.6971805585], [1042067.0968980219, 1723219.7077709534], [1042052.1048408181, 1723219.7077709534], [1042057.1021932194, 1723229.702475756]]], [[[1042022.1207264105, 1723224.7051233547], [1042012.126021608, 1723224.7051233547], [1042002.1313168055, 1723239.6971805585], [1042012.126021608, 1723239.6971805585], [1042022.1207264105, 1723224.7051233547]]], [[[1046299.8543818899, 1725473.513703922], [1046304.8517342912, 1725463.5189991195], [1046289.8596770874, 1725463.5189991195], [1046289.8596770874, 1725483.5084087246], [1046294.8570294887, 1725468.5163515208], [1046299.8543818899, 1725473.513703922]]], [[[1038653.9052079607, 1725723.381323985], [1038648.9078555595, 1725723.381323985], [1038648.9078555595, 1725738.3733811888], [1038658.902560362, 1725738.3733811888], [1038653.9052079607, 1725723.381323985]]], [[[1045955.0370662028, 1725973.248944048], [1045950.0397138016, 1725953.259534443], [1045940.0450089991, 1725953.259534443], [1045945.0423614003, 1725968.2515916468], [1045955.0370662028, 1725973.248944048]]], [[[1038553.9581599355, 1726188.1350973023], [1038563.9528647381, 1726178.1403924997], [1038563.9528647381, 1726163.148335296], [1038548.9608075343, 1726163.148335296], [1038533.9687503305, 1726178.1403924997], [1038523.974045528, 1726178.1403924997], [1038523.974045528, 1726193.1324497035], [1038553.9581599355, 1726188.1350973023]], [[1038553.9581599355, 1726173.1430400985], [1038553.9581599355, 1726178.1403924997], [1038538.9661027318, 1726188.1350973023], [1038538.9661027318, 1726178.1403924997], [1038553.9581599355, 1726173.1430400985]]], [[[1046104.9576382408, 1727342.5235019936], [1046099.9602858395, 1727312.539387586], [1046084.9682286356, 1727322.5340923886], [1046104.9576382408, 1727342.5235019936]]], [[[1045625.2118077197, 1729371.4485769055], [1045635.2065125222, 1729351.4591673005], [1045605.2223981146, 1729361.453872103], [1045600.2250457134, 1729371.4485769055], [1045625.2118077197, 1729371.4485769055]]], [[[1046769.6055076084, 1692331.0725787599], [1046769.6055076084, 1692341.0672835624], [1046784.5975648122, 1692341.0672835624], [1046784.5975648122, 1692336.0699311611], [1046769.6055076084, 1692331.0725787599]]], [[[1048483.6973812409, 1693530.4371550623], [1048473.7026764384, 1693515.4450978586], [1048443.7185620308, 1693515.4450978586], [1048483.6973812409, 1693530.4371550623]]], [[[1046769.6055076084, 1693995.1909283795], [1046769.6055076084, 1693975.2015187745], [1046764.6081552071, 1693965.206813972], [1046759.6108028059, 1693980.1988711758], [1046769.6055076084, 1693995.1909283795]]], [[[1047479.2295485875, 1694839.7434841928], [1047479.2295485875, 1694854.7355413965], [1047489.22425339, 1694854.7355413965], [1047489.22425339, 1694839.7434841928], [1047479.2295485875, 1694839.7434841928]]], [[[1047539.1977774026, 1696888.6579687097], [1047529.2030726001, 1696888.6579687097], [1047529.2030726001, 1696898.6526735122], [1047539.1977774026, 1696903.6500259135], [1047539.1977774026, 1696888.6579687097]]], [[[1047769.0759878606, 1697143.522941174], [1047764.0786354593, 1697133.5282363715], [1047754.0839306568, 1697133.5282363715], [1047759.081283058, 1697143.522941174], [1047749.0865782555, 1697148.5202935752], [1047769.0759878606, 1697143.522941174]]], [[[1047524.2057201988, 1698157.98547863], [1047539.1977774026, 1698162.9828310313], [1047539.1977774026, 1698147.9907738275], [1047524.2057201988, 1698157.98547863]]], [[[1047714.1051114467, 1698477.8160323107], [1047699.1130542429, 1698477.8160323107], [1047714.1051114467, 1698492.8080895145], [1047714.1051114467, 1698477.8160323107]]], [[[1048603.6338388713, 1699162.4533112834], [1048593.6391340687, 1699157.455958882], [1048593.6391340687, 1699177.4453684872], [1048613.6285436738, 1699192.437425691], [1048603.6338388713, 1699162.4533112834]]], [[[1048238.8271135791, 1699367.344759735], [1048233.8297611779, 1699332.3632929262], [1048223.8350563754, 1699342.3579977287], [1048223.8350563754, 1699377.3394645376], [1048238.8271135791, 1699367.344759735]]], [[[1047759.081283058, 1699827.101180651], [1047769.0759878606, 1699827.101180651], [1047764.0786354593, 1699812.1091234472], [1047754.0839306568, 1699812.1091234472], [1047759.081283058, 1699827.101180651]]], [[[1048243.8244659804, 1700786.5928416932], [1048228.8324087766, 1700811.5796036995], [1048238.8271135791, 1700811.5796036995], [1048243.8244659804, 1700801.584898897], [1048243.8244659804, 1700786.5928416932]]], [[[1047364.2904433585, 1701771.0712647415], [1047354.295738556, 1701771.0712647415], [1047344.3010337534, 1701786.0633219453], [1047364.2904433585, 1701781.065969544], [1047364.2904433585, 1701771.0712647415]]], [[[1046934.51813685, 1702300.7906192753], [1046934.51813685, 1702285.7985620715], [1046929.5207844487, 1702280.8012096703], [1046924.5234320475, 1702295.793266874], [1046934.51813685, 1702300.7906192753]]], [[[1047184.3857569131, 1703824.98310166], [1047209.3725189194, 1703819.9857492584], [1047234.3592809257, 1703799.9963396534], [1047189.3831093144, 1703809.991044456], [1047184.3857569131, 1703824.98310166]]], [[[1047549.1924822051, 1703814.9883968572], [1047549.1924822051, 1703824.98310166], [1047569.1818918101, 1703824.98310166], [1047574.1792442114, 1703814.9883968572], [1047549.1924822051, 1703814.9883968572]]], [[[1047094.4334136904, 1703814.9883968572], [1047089.4360612892, 1703824.98310166], [1047114.4228232955, 1703824.98310166], [1047114.4228232955, 1703814.9883968572], [1047094.4334136904, 1703814.9883968572]]], [[[1046964.5022512575, 1703814.9883968572], [1046944.5128416525, 1703819.9857492584], [1046944.5128416525, 1703829.9804540612], [1046954.507546455, 1703834.9778064624], [1046949.5101940538, 1703839.9751588637], [1047004.4810704676, 1703839.9751588637], [1046959.5048988563, 1703834.9778064624], [1046964.5022512575, 1703814.9883968572]]], [[[1047619.1554158228, 1703839.9751588637], [1047609.1607110202, 1703829.9804540612], [1047594.1686538165, 1703834.9778064624], [1047609.1607110202, 1703844.972511265], [1047644.142177829, 1703854.9672160675], [1047634.1474730265, 1703839.9751588637], [1047619.1554158228, 1703839.9751588637]]], [[[1048383.7503332157, 1704764.4853530969], [1048403.7397428207, 1704764.4853530969], [1048413.7344476233, 1704754.4906482943], [1048393.7450380182, 1704754.4906482943], [1048383.7503332157, 1704764.4853530969]]], [[[1047874.020388287, 1705404.1464604582], [1047859.0283310832, 1705404.1464604582], [1047859.0283310832, 1705414.1411652607], [1047869.0230358858, 1705414.1411652607], [1047874.020388287, 1705404.1464604582]]], [[[1048048.9277223313, 1705494.0988036809], [1048048.9277223313, 1705479.106746477], [1048038.9330175287, 1705489.1014512796], [1048033.9356651275, 1705474.1093940758], [1048018.9436079237, 1705474.1093940758], [1048033.9356651275, 1705464.1146892733], [1048003.9515507198, 1705464.1146892733], [1048003.9515507198, 1705474.1093940758], [1048023.940960325, 1705479.106746477], [1048033.9356651275, 1705494.0988036809], [1048048.9277223313, 1705494.0988036809]]], [[[1048448.7159144321, 1705509.0908608846], [1048408.737095222, 1705504.0935084834], [1048408.737095222, 1705514.088213286], [1048468.7053240371, 1705509.0908608846], [1048468.7053240371, 1705499.096156082], [1048448.7159144321, 1705499.096156082], [1048448.7159144321, 1705509.0908608846]]], [[[1048228.8324087766, 1705509.0908608846], [1048213.8403515728, 1705509.0908608846], [1048213.8403515728, 1705519.0855656872], [1048223.8350563754, 1705519.0855656872], [1048228.8324087766, 1705509.0908608846]]], [[[1048313.787399598, 1705529.0802704897], [1048368.7582760119, 1705524.0829180884], [1048368.7582760119, 1705519.0855656872], [1048283.8032851905, 1705514.088213286], [1048308.7900471968, 1705519.0855656872], [1048313.787399598, 1705529.0802704897]]], [[[1048203.8456467703, 1705534.077622891], [1048213.8403515728, 1705519.0855656872], [1048188.8535895665, 1705524.0829180884], [1048173.8615323628, 1705509.0908608846], [1048158.869475159, 1705509.0908608846], [1048163.8668275602, 1705519.0855656872], [1048173.8615323628, 1705519.0855656872], [1048173.8615323628, 1705529.0802704897], [1048148.8747703565, 1705534.077622891], [1048143.8774179552, 1705554.067032496], [1048203.8456467703, 1705534.077622891]]], [[[1046604.6928783668, 1707253.1668489247], [1046609.690230768, 1707238.174791721], [1046594.6981735643, 1707238.174791721], [1046599.6955259655, 1707253.1668489247], [1046604.6928783668, 1707253.1668489247]]], [[[1047434.2533769761, 1707323.1297825424], [1047419.2613197723, 1707318.132430141], [1047419.2613197723, 1707328.1271349436], [1047434.2533769761, 1707328.1271349436], [1047434.2533769761, 1707323.1297825424]]], [[[1046714.6346311945, 1707398.0900685613], [1046719.6319835958, 1707413.082125765], [1046704.639926392, 1707418.0794781663], [1046729.6266883983, 1707413.082125765], [1046724.629335997, 1707398.0900685613], [1046714.6346311945, 1707398.0900685613]]], [[[1046739.6213932008, 1707463.0556497776], [1046749.6160980033, 1707453.0609449751], [1046749.6160980033, 1707423.0768305676], [1046739.6213932008, 1707433.07153537], [1046739.6213932008, 1707463.0556497776]]], [[[1047329.3089765497, 1707453.0609449751], [1047324.3116241484, 1707453.0609449751], [1047319.3142717471, 1707473.0503545802], [1047329.3089765497, 1707473.0503545802], [1047329.3089765497, 1707453.0609449751]]], [[[1047019.4731276715, 1707478.0477069814], [1047019.4731276715, 1707473.0503545802], [1047004.4810704676, 1707473.0503545802], [1047004.4810704676, 1707483.0450593827], [1047019.4731276715, 1707478.0477069814]]], [[[1048458.7106192346, 1707597.9841646117], [1048473.7026764384, 1707592.9868122104], [1048468.7053240371, 1707582.992107408], [1048458.7106192346, 1707587.9894598091], [1048458.7106192346, 1707597.9841646117]]], [[[1047454.2427865812, 1707622.970926618], [1047439.2507293774, 1707622.970926618], [1047449.2454341799, 1707637.9629838218], [1047464.2374913837, 1707632.9656314205], [1047454.2427865812, 1707622.970926618]]], [[[1046854.5604984298, 1707662.9497458283], [1046844.5657936273, 1707642.960336223], [1046844.5657936273, 1707607.9788694142], [1046839.568441226, 1707657.952393427], [1046854.5604984298, 1707662.9497458283]]], [[[1046874.5499080349, 1707702.9285650384], [1046874.5499080349, 1707732.912679446], [1046889.5419652386, 1707727.9153270447], [1046889.5419652386, 1707707.9259174396], [1046874.5499080349, 1707702.9285650384]]], [[[1048413.7344476233, 1707757.8994414522], [1048423.7291524258, 1707757.8994414522], [1048423.7291524258, 1707702.9285650384], [1048403.7397428207, 1707702.9285650384], [1048403.7397428207, 1707742.9073842485], [1048413.7344476233, 1707757.8994414522]], [[1048418.7318000245, 1707712.923269841], [1048418.7318000245, 1707747.9047366497], [1048408.737095222, 1707742.9073842485], [1048418.7318000245, 1707712.923269841]]], [[[1047014.4757752701, 1707782.8862034585], [1047054.4545944803, 1707782.8862034585], [1047069.4466516841, 1707777.8888510573], [1047074.4440040854, 1707762.8967938535], [1047054.4545944803, 1707762.8967938535], [1047044.4598896778, 1707777.8888510573], [1047039.4625372766, 1707767.8941462548], [1047004.4810704676, 1707777.8888510573], [1047014.4757752701, 1707782.8862034585]], [[1047059.4519468816, 1707767.8941462548], [1047069.4466516841, 1707767.8941462548], [1047069.4466516841, 1707772.891498656], [1047059.4519468816, 1707767.8941462548]]], [[[1048423.7291524258, 1707837.8570798724], [1048433.7238572283, 1707837.8570798724], [1048433.7238572283, 1707792.880908261], [1048418.7318000245, 1707777.8888510573], [1048423.7291524258, 1707837.8570798724]]], [[[1047419.2613197723, 1708292.616148387], [1047434.2533769761, 1708277.6240911833], [1047429.2560245749, 1708267.6293863808], [1047419.2613197723, 1708272.626738782], [1047419.2613197723, 1708282.6214435846], [1047409.2666149698, 1708292.616148387], [1047419.2613197723, 1708292.616148387]]], [[[1047404.2692625686, 1708297.6135007883], [1047389.2772053648, 1708292.616148387], [1047389.2772053648, 1708307.6082055909], [1047404.2692625686, 1708302.6108531896], [1047404.2692625686, 1708297.6135007883]]], [[[1047484.2269009887, 1708322.6002627946], [1047504.2163105938, 1708327.597615196], [1047504.2163105938, 1708312.6055579921], [1047484.2269009887, 1708322.6002627946]]], [[[1047714.1051114467, 1708372.5737868072], [1047724.0998162492, 1708377.5711392085], [1047714.1051114467, 1708352.5843772022], [1047684.1209970391, 1708342.5896723997], [1047684.1209970391, 1708352.5843772022], [1047704.1104066442, 1708357.5817296035], [1047709.1077590454, 1708382.5684916098], [1047714.1051114467, 1708372.5737868072]]], [[[1047724.0998162492, 1708377.5711392085], [1047714.1051114467, 1708387.565844011], [1047754.0839306568, 1708397.5605488135], [1047724.0998162492, 1708377.5711392085]]], [[[1047374.285148161, 1708587.4599400614], [1047344.3010337534, 1708562.4731780551], [1047344.3010337534, 1708587.4599400614], [1047349.2983861547, 1708577.465235259], [1047359.2930909572, 1708587.4599400614], [1047374.285148161, 1708587.4599400614]]], [[[1047529.2030726001, 1708947.2693129522], [1047524.2057201988, 1708947.2693129522], [1047519.2083677975, 1708972.2560749585], [1047529.2030726001, 1708977.2534273597], [1047529.2030726001, 1708947.2693129522]]], [[[1047564.1845394089, 1708957.2640177547], [1047539.1977774026, 1708957.2640177547], [1047534.2004250013, 1708972.2560749585], [1047554.1898346064, 1708967.2587225572], [1047564.1845394089, 1708957.2640177547]]], [[[1047549.1924822051, 1709127.1739993975], [1047549.1924822051, 1709077.200475385], [1047544.1951298038, 1709077.200475385], [1047549.1924822051, 1709127.1739993975]]], [[[1047599.1660062177, 1709402.0283814669], [1047604.163358619, 1709402.0283814669], [1047609.1607110202, 1709377.0416194606], [1047599.1660062177, 1709382.0389718618], [1047599.1660062177, 1709402.0283814669]]], [[[1047604.163358619, 1709427.0151434732], [1047609.1607110202, 1709402.0283814669], [1047599.1660062177, 1709417.0204386706], [1047589.1713014152, 1709412.0230862694], [1047589.1713014152, 1709422.017791072], [1047604.163358619, 1709427.0151434732]]], [[[1047654.1368826316, 1709486.9833722883], [1047659.1342350328, 1709466.9939626832], [1047644.142177829, 1709471.9913150845], [1047634.1474730265, 1709456.9992578807], [1047634.1474730265, 1709476.9886674858], [1047654.1368826316, 1709486.9833722883]]], [[[1048258.8165231842, 1709551.9489535047], [1048248.8218183817, 1709551.9489535047], [1048253.8191707829, 1709576.935715511], [1048258.8165231842, 1709551.9489535047]]], [[[1047993.9568459173, 1709616.9145347213], [1048018.9436079237, 1709621.9118871226], [1048018.9436079237, 1709611.91718232], [1047998.9541983185, 1709606.9198299188], [1047993.9568459173, 1709616.9145347213]]], [[[1048238.8271135791, 1709671.8854111352], [1048243.8244659804, 1709651.89600153], [1048228.8324087766, 1709661.8907063326], [1048223.8350563754, 1709676.8827635364], [1048238.8271135791, 1709671.8854111352]]], [[[1048358.7635712094, 1709706.866877944], [1048348.7688664069, 1709706.866877944], [1048348.7688664069, 1709721.8589351478], [1048358.7635712094, 1709716.8615827465], [1048358.7635712094, 1709706.866877944]]], [[[1048343.7715140056, 1709726.856287549], [1048343.7715140056, 1709721.8589351478], [1048283.8032851905, 1709721.8589351478], [1048343.7715140056, 1709726.856287549]]], [[[1048413.7344476233, 1709781.8271639629], [1048423.7291524258, 1709761.8377543578], [1048403.7397428207, 1709761.8377543578], [1048413.7344476233, 1709781.8271639629]]], [[[1048238.8271135791, 1709786.8245163641], [1048228.8324087766, 1709786.8245163641], [1048218.8377039741, 1709796.8192211667], [1048238.8271135791, 1709796.8192211667], [1048238.8271135791, 1709786.8245163641]]], [[[1048403.7397428207, 1709831.8006879755], [1048388.747685617, 1709821.805983173], [1048393.7450380182, 1709806.8139259692], [1048378.7529808144, 1709791.8218687654], [1048373.7556284132, 1709816.8086307717], [1048398.7423904195, 1709841.795392778], [1048403.7397428207, 1709831.8006879755]]], [[[1047809.0548070706, 1709856.7874499818], [1047799.0601022681, 1709856.7874499818], [1047799.0601022681, 1709881.774211988], [1047809.0548070706, 1709871.7795071856], [1047809.0548070706, 1709856.7874499818]]], [[[1048213.8403515728, 1709851.7900975805], [1048193.8509419678, 1709836.7980403767], [1048193.8509419678, 1709851.7900975805], [1048208.8429991716, 1709871.7795071856], [1048218.8377039741, 1709926.7503835994], [1048233.8297611779, 1709931.7477360007], [1048233.8297611779, 1709916.755678797], [1048223.8350563754, 1709916.755678797], [1048228.8324087766, 1709886.7715643893], [1048218.8377039741, 1709876.7768595868], [1048213.8403515728, 1709851.7900975805]]], [[[1047724.0998162492, 1710071.673603236], [1047709.1077590454, 1710026.6974316246], [1047704.1104066442, 1709986.7186124146], [1047704.1104066442, 1710036.6921364272], [1047734.0945210517, 1710096.6603652423], [1047734.0945210517, 1710116.6497748473], [1047724.0998162492, 1710111.652422446], [1047724.0998162492, 1710121.6471272486], [1047739.091873453, 1710126.6444796498], [1047744.0892258543, 1710101.6577176435], [1047724.0998162492, 1710071.673603236]]], [[[1048153.8721227577, 1710516.4379669481], [1048173.8615323628, 1710501.4459097444], [1048183.8562371653, 1710466.4644429355], [1048173.8615323628, 1710446.4750333305], [1048163.8668275602, 1710456.469738133], [1048163.8668275602, 1710491.4512049418], [1048153.8721227577, 1710516.4379669481]]], [[[1047369.2877957597, 1710516.4379669481], [1047379.2825005623, 1710516.4379669481], [1047379.2825005623, 1710531.430024152], [1047399.2719101673, 1710526.4326717507], [1047384.2798529635, 1710511.4406145469], [1047384.2798529635, 1710501.4459097444], [1047374.285148161, 1710506.4432621456], [1047379.2825005623, 1710511.4406145469], [1047369.2877957597, 1710516.4379669481]]], [[[1047859.0283310832, 1710576.4061957633], [1047879.0177406883, 1710581.4035481645], [1047879.0177406883, 1710566.4114909607], [1047859.0283310832, 1710561.4141385595], [1047859.0283310832, 1710576.4061957633]], [[1047869.0230358858, 1710571.408843362], [1047869.0230358858, 1710576.4061957633], [1047864.0256834845, 1710576.4061957633], [1047869.0230358858, 1710571.408843362]]], [[[1047918.9965598984, 1710591.398252967], [1047889.0124454908, 1710606.3903101708], [1047913.9992074971, 1710606.3903101708], [1047918.9965598984, 1710591.398252967]]], [[[1047923.9939122996, 1710806.2844062212], [1047909.0018550958, 1710801.28705382], [1047904.0045026946, 1710826.2738158263], [1047923.9939122996, 1710806.2844062212]]], [[[1046934.51813685, 1710891.2393970427], [1046939.5154892512, 1710921.2235114502], [1046954.507546455, 1710936.215568654], [1046944.5128416525, 1710896.236749444], [1046934.51813685, 1710891.2393970427]]], [[[1048243.8244659804, 1711006.1785022717], [1048263.8138755854, 1711006.1785022717], [1048273.808580388, 1710986.1890926666], [1048243.8244659804, 1710991.1864450679], [1048243.8244659804, 1711006.1785022717]]], [[[1048348.7688664069, 1711495.9190375954], [1048388.747685617, 1711495.9190375954], [1048393.7450380182, 1711485.9243327929], [1048348.7688664069, 1711480.9269803914], [1048348.7688664069, 1711495.9190375954]]], [[[1048538.6682576548, 1711545.892561608], [1048548.6629624573, 1711520.9057996017], [1048558.6576672598, 1711530.9005044042], [1048558.6576672598, 1711515.9084472004], [1048538.6682576548, 1711520.9057996017], [1048538.6682576548, 1711545.892561608]]], [[[1048588.6417816675, 1711530.9005044042], [1048598.63648647, 1711535.8978568055], [1048598.63648647, 1711545.892561608], [1048563.6550196611, 1711565.881971213], [1048588.6417816675, 1711560.8846188118], [1048608.6311912725, 1711545.892561608], [1048603.6338388713, 1711530.9005044042], [1048588.6417816675, 1711530.9005044042]]], [[[1048608.6311912725, 1712060.6198589378], [1048608.6311912725, 1712050.6251541353], [1048568.6523720623, 1712030.6357445302], [1048578.647076865, 1712050.6251541353], [1048608.6311912725, 1712060.6198589378]]], [[[1048418.7318000245, 1712315.484831402], [1048423.7291524258, 1712315.484831402], [1048428.726504827, 1712295.495421797], [1048418.7318000245, 1712300.4927741983], [1048418.7318000245, 1712315.484831402]]], [[[1048473.7026764384, 1712760.2491951142], [1048428.726504827, 1712760.2491951142], [1048448.7159144321, 1712775.241252318], [1048468.7053240371, 1712770.2438999168], [1048473.7026764384, 1712760.2491951142]]], [[[1048343.7715140056, 1713030.1062247823], [1048343.7715140056, 1713015.1141675785], [1048338.7741616043, 1713010.1168151773], [1048333.7768092031, 1713025.108872381], [1048343.7715140056, 1713030.1062247823]]], [[[1048128.8853607514, 1713549.8308745136], [1048123.8880083502, 1713534.8388173098], [1048103.8985987451, 1713524.8441125073], [1048118.8906559489, 1713549.8308745136], [1048128.8853607514, 1713549.8308745136]]], [[[1047124.417528098, 1714689.227222001], [1047074.4440040854, 1714689.227222001], [1047059.4519468816, 1714704.2192792047], [1047069.4466516841, 1714709.216631606], [1047084.4387088879, 1714699.2219268035], [1047124.417528098, 1714699.2219268035], [1047124.417528098, 1714689.227222001]]], [[[1047069.4466516841, 1714754.1928032173], [1047069.4466516841, 1714779.1795652236], [1047099.4307660917, 1714734.2033936123], [1047089.4360612892, 1714734.2033936123], [1047069.4466516841, 1714754.1928032173]]], [[[1047069.4466516841, 1714854.1398512425], [1047079.4413564866, 1714884.12396565], [1047089.4360612892, 1714884.12396565], [1047079.4413564866, 1714864.134556045], [1047079.4413564866, 1714839.1477940388], [1047069.4466516841, 1714854.1398512425]]], [[[1047114.4228232955, 1714929.1001372614], [1047114.4228232955, 1714919.105432459], [1047094.4334136904, 1714904.1133752551], [1047109.4254708942, 1714929.1001372614], [1047114.4228232955, 1714929.1001372614]]], [[[1047139.4095853018, 1714934.0974896627], [1047124.417528098, 1714929.1001372614], [1047124.417528098, 1714939.094842064], [1047139.4095853018, 1714939.094842064], [1047139.4095853018, 1714934.0974896627]]], [[[1046854.5604984298, 1714949.0895468665], [1046884.5446128374, 1714954.0868992677], [1046874.5499080349, 1714944.0921944652], [1046854.5604984298, 1714944.0921944652], [1046854.5604984298, 1714949.0895468665]]], [[[1047669.1289398354, 1719221.8258499447], [1047669.1289398354, 1719236.8179071485], [1047674.1262922366, 1719226.823202346], [1047709.1077590454, 1719221.8258499447], [1047669.1289398354, 1719221.8258499447]]], [[[1047289.3301573396, 1719256.8073167535], [1047284.3328049383, 1719246.812611951], [1047274.3381001358, 1719246.812611951], [1047269.3407477345, 1719256.8073167535], [1047289.3301573396, 1719256.8073167535]]], [[[1047474.2321961862, 1719466.6961176065], [1047474.2321961862, 1719451.7040604027], [1047469.234843785, 1719446.7067080014], [1047464.2374913837, 1719461.6987652052], [1047474.2321961862, 1719466.6961176065]]], [[[1047909.0018550958, 1719856.4896049048], [1047913.9992074971, 1719856.4896049048], [1047918.9965598984, 1719831.5028428985], [1047909.0018550958, 1719826.5054904972], [1047909.0018550958, 1719856.4896049048]]], [[[1048573.6497244636, 1720041.3916437514], [1048563.6550196611, 1720041.3916437514], [1048558.6576672598, 1720061.3810533565], [1048573.6497244636, 1720051.386348554], [1048573.6497244636, 1720041.3916437514]]], [[[1047289.3301573396, 1720171.3228061842], [1047279.335452537, 1720171.3228061842], [1047269.3407477345, 1720186.314863388], [1047289.3301573396, 1720181.3175109867], [1047289.3301573396, 1720171.3228061842]]], [[[1048598.63648647, 1720616.0871698963], [1048603.6338388713, 1720616.0871698963], [1048608.6311912725, 1720596.0977602913], [1048598.63648647, 1720601.0951126926], [1048598.63648647, 1720616.0871698963]]], [[[1047809.0548070706, 1720900.9362567682], [1047804.0574546694, 1720900.9362567682], [1047804.0574546694, 1720915.928313972], [1047814.0521594719, 1720915.928313972], [1047809.0548070706, 1720900.9362567682]]], [[[1047704.1104066442, 1721855.4305654091], [1047709.1077590454, 1721865.4252702117], [1047724.0998162492, 1721865.4252702117], [1047719.102463848, 1721855.4305654091], [1047704.1104066442, 1721855.4305654091]]], [[[1048583.6444292662, 1723169.7342469408], [1048583.6444292662, 1723134.752780132], [1048578.647076865, 1723119.7607229282], [1048573.6497244636, 1723159.7395421383], [1048583.6444292662, 1723169.7342469408]]], [[[1048038.9330175287, 1723529.5436198316], [1048038.9330175287, 1723504.5568578253], [1048028.9383127262, 1723514.5515626278], [1048028.9383127262, 1723529.5436198316], [1048038.9330175287, 1723529.5436198316]]], [[[1047539.1977774026, 1724968.7811113948], [1047529.2030726001, 1724963.7837589935], [1047529.2030726001, 1724973.778463796], [1047544.1951298038, 1724973.778463796], [1047544.1951298038, 1724953.789054191], [1047539.1977774026, 1724968.7811113948]]], [[[1046869.5525556336, 1724968.7811113948], [1046889.5419652386, 1724983.7731685985], [1046894.5393176399, 1724973.778463796], [1046884.5446128374, 1724968.7811113948], [1046869.5525556336, 1724968.7811113948]]], [[[1048528.6735528522, 1725773.3548479977], [1048523.676200451, 1725803.3389624052], [1048533.6709052535, 1725793.3442576027], [1048528.6735528522, 1725773.3548479977]]], [[[1046509.7431827429, 1729681.2844257837], [1046509.7431827429, 1729691.2791305862], [1046529.7325923479, 1729686.281778185], [1046529.7325923479, 1729676.2870733824], [1046509.7431827429, 1729681.2844257837]]], [[[1048618.625896075, 1692620.919018033], [1048633.6179532788, 1692615.9216656317], [1048633.6179532788, 1692605.9269608292], [1048618.625896075, 1692610.9243132304], [1048618.625896075, 1692620.919018033]]], [[[1049133.3531934049, 1692735.858123262], [1049153.34260301, 1692735.858123262], [1049163.3373078124, 1692725.8634184594], [1049138.350545806, 1692725.8634184594], [1049133.3531934049, 1692735.858123262]]], [[[1049023.4114405771, 1693035.6992673376], [1048993.4273261696, 1693025.704562535], [1049003.422030972, 1693040.6966197388], [1049023.4114405771, 1693040.6966197388], [1049023.4114405771, 1693035.6992673376]]], [[[1048933.4590973544, 1693050.6913245413], [1048918.4670401507, 1693050.6913245413], [1048918.4670401507, 1693060.6860293439], [1048933.4590973544, 1693055.6886769426], [1048933.4590973544, 1693050.6913245413]]], [[[1049827.98517718, 1693230.5960109867], [1049827.98517718, 1693240.5907157892], [1049837.9798819826, 1693245.5880681905], [1049842.9772343838, 1693230.5960109867], [1049827.98517718, 1693230.5960109867]]], [[[1049827.98517718, 1693285.5668874006], [1049822.9878247788, 1693285.5668874006], [1049822.9878247788, 1693335.5404114132], [1049827.98517718, 1693285.5668874006]]], [[[1049713.046071951, 1693775.307422724], [1049703.0513671485, 1693785.3021275266], [1049703.0513671485, 1693810.288889533], [1049713.046071951, 1693810.288889533], [1049713.046071951, 1693775.307422724]]], [[[1049543.1360903082, 1694270.0453104489], [1049523.1466807032, 1694290.0347200541], [1049523.1466807032, 1694300.0294248566], [1049513.1519759006, 1694305.026777258], [1049513.1519759006, 1694335.0108916655], [1049523.1466807032, 1694330.0135392642], [1049543.1360903082, 1694285.0373676526], [1049558.128147512, 1694270.0453104489], [1049543.1360903082, 1694270.0453104489]]], [[[1049468.1758042893, 1694459.944701697], [1049453.1837470855, 1694484.9314637033], [1049453.1837470855, 1694504.9208733083], [1049463.178451888, 1694499.923520907], [1049468.1758042893, 1694459.944701697]]], [[[1049428.1969850792, 1694739.7964361676], [1049423.199632678, 1694739.7964361676], [1049408.2075754742, 1694784.772607779], [1049433.1943374805, 1694784.772607779], [1049428.1969850792, 1694739.7964361676]]], [[[1049907.9428156002, 1696908.6473783148], [1049897.9481107977, 1696913.644730716], [1049897.9481107977, 1696923.6394355185], [1049907.9428156002, 1696923.6394355185], [1049907.9428156002, 1696908.6473783148]]], [[[1049498.1599186969, 1697293.4435132118], [1049488.1652138943, 1697298.440865613], [1049483.167861493, 1697318.430275218], [1049498.1599186969, 1697313.4329228168], [1049498.1599186969, 1697293.4435132118]]], [[[1049897.9481107977, 1697368.4037992307], [1049907.9428156002, 1697358.4090944282], [1049907.9428156002, 1697343.4170372244], [1049887.9534059952, 1697363.4064468294], [1049897.9481107977, 1697368.4037992307]]], [[[1049368.228756264, 1697798.176105739], [1049388.2181658691, 1697778.186696134], [1049383.2208134679, 1697758.197286529], [1049373.2261086653, 1697768.1919913315], [1049368.228756264, 1697798.176105739]]], [[[1049368.228756264, 1697813.1681629429], [1049358.2340514616, 1697803.1734581403], [1049358.2340514616, 1697813.1681629429], [1049333.2472894553, 1697813.1681629429], [1049313.2578798502, 1697828.1602201466], [1049328.249937054, 1697823.1628677454], [1049348.239346659, 1697828.1602201466], [1049368.228756264, 1697813.1681629429]]], [[[1048653.6073628839, 1698732.681004775], [1048633.6179532788, 1698747.6730619788], [1048648.6100104826, 1698747.6730619788], [1048653.6073628839, 1698732.681004775]]], [[[1048698.5835344952, 1699327.365940525], [1048718.5729441002, 1699362.3474073338], [1048723.5702965015, 1699362.3474073338], [1048713.575591699, 1699327.365940525], [1048703.5808868965, 1699317.3712357224], [1048698.5835344952, 1699327.365940525]]], [[[1048808.525287323, 1699577.233560588], [1048808.525287323, 1699592.2256177918], [1048818.5199921255, 1699602.2203225943], [1048823.5173445267, 1699592.2256177918], [1048808.525287323, 1699577.233560588]]], [[[1050097.842206848, 1699822.1038282497], [1050107.8369116506, 1699817.1064758485], [1050082.8501496443, 1699817.1064758485], [1050082.8501496443, 1699827.101180651], [1050067.8580924405, 1699837.0958854535], [1050062.8607400393, 1699862.0826474598], [1050072.8554448418, 1699867.079999861], [1050062.8607400393, 1699872.0773522623], [1050062.8607400393, 1699882.0720570649], [1050082.8501496443, 1699872.0773522623], [1050082.8501496443, 1699852.0879426573], [1050097.842206848, 1699822.1038282497]]], [[[1049433.1943374805, 1702650.6052873635], [1049443.189042283, 1702650.6052873635], [1049448.1863946842, 1702595.6344109497], [1049438.1916898817, 1702610.6264681534], [1049433.1943374805, 1702650.6052873635]]], [[[1049378.2234610666, 1702715.57086858], [1049388.2181658691, 1702680.589401771], [1049378.2234610666, 1702685.5867541723], [1049368.228756264, 1702710.5735161786], [1049378.2234610666, 1702715.57086858]]], [[[1049023.4114405771, 1703220.3034611072], [1049013.4167357746, 1703220.3034611072], [1049008.4193833733, 1703235.295518311], [1049018.4140881759, 1703230.2981659097], [1049023.4114405771, 1703220.3034611072]]], [[[1048738.5623537053, 1703465.173728769], [1048723.5702965015, 1703455.1790239664], [1048698.5835344952, 1703460.1763763677], [1048728.5676489028, 1703465.173728769], [1048768.5464681129, 1703485.163138374], [1048758.5517633103, 1703465.173728769], [1048738.5623537053, 1703465.173728769]]], [[[1048773.543820514, 1703485.163138374], [1048763.5491157116, 1703505.152547979], [1048748.5570585078, 1703505.152547979], [1048768.5464681129, 1703520.1446051828], [1048773.543820514, 1703485.163138374]]], [[[1048933.4590973544, 1703565.1207767942], [1048933.4590973544, 1703555.1260719916], [1048913.4696877494, 1703555.1260719916], [1048913.4696877494, 1703635.0837104118], [1048918.4670401507, 1703590.1075388005], [1048928.4617449532, 1703580.112833998], [1048928.4617449532, 1703595.1048912017], [1048938.4564497557, 1703605.0995960042], [1048943.453802157, 1703570.1181291954], [1048933.4590973544, 1703565.1207767942]]], [[[1048918.4670401507, 1703640.081062813], [1048908.4723353481, 1703645.0784152143], [1048908.4723353481, 1703660.070472418], [1048918.4670401507, 1703660.070472418], [1048923.464392552, 1703650.0757676156], [1048918.4670401507, 1703640.081062813]]], [[[1048763.5491157116, 1704244.7607033658], [1048753.554410909, 1704264.7501129708], [1048758.5517633103, 1704279.7421701746], [1048768.5464681129, 1704269.747465372], [1048763.5491157116, 1704244.7607033658]]], [[[1049708.0487195498, 1704744.4959434918], [1049703.0513671485, 1704744.4959434918], [1049703.0513671485, 1704759.4880006956], [1049713.046071951, 1704759.4880006956], [1049708.0487195498, 1704744.4959434918]]], [[[1049453.1837470855, 1705119.2973735863], [1049443.189042283, 1705124.2947259876], [1049443.189042283, 1705134.28943079], [1049433.1943374805, 1705139.2867831914], [1049428.1969850792, 1705159.2761927964], [1049443.189042283, 1705154.2788403952], [1049453.1837470855, 1705119.2973735863]]], [[[1049398.2128706716, 1705184.2629548027], [1049373.2261086653, 1705234.2364788153], [1049388.2181658691, 1705224.2417740128], [1049408.2075754742, 1705179.2656024015], [1049398.2128706716, 1705184.2629548027]]], [[[1049328.249937054, 1705319.1914696367], [1049338.2446418565, 1705344.178231643], [1049348.239346659, 1705344.178231643], [1049348.239346659, 1705284.210002828], [1049338.2446418565, 1705284.210002828], [1049328.249937054, 1705319.1914696367]]], [[[1049393.2155182704, 1705404.1464604582], [1049408.2075754742, 1705424.1358700632], [1049408.2075754742, 1705404.1464604582], [1049383.2208134679, 1705394.1517556557], [1049383.2208134679, 1705404.1464604582], [1049393.2155182704, 1705404.1464604582]]], [[[1048848.504106533, 1706193.7281398575], [1048853.5014589343, 1706208.7201970613], [1048863.4961637368, 1706203.72284466], [1048853.5014589343, 1706193.7281398575], [1048848.504106533, 1706193.7281398575]]], [[[1049483.167861493, 1706383.6275311054], [1049488.1652138943, 1706408.6142931117], [1049498.1599186969, 1706403.6169407105], [1049493.1625662956, 1706388.6248835067], [1049483.167861493, 1706383.6275311054]]], [[[1048898.4776305456, 1706413.611645513], [1048948.4511545582, 1706413.611645513], [1048963.443211762, 1706403.6169407105], [1048913.4696877494, 1706403.6169407105], [1048898.4776305456, 1706413.611645513]]], [[[1048968.4405641633, 1706423.6063503155], [1048978.4352689658, 1706418.6089979142], [1048973.4379165645, 1706408.6142931117], [1048953.4485069595, 1706413.611645513], [1048968.4405641633, 1706423.6063503155]]], [[[1049263.2843558376, 1706688.4660275823], [1049268.2817082389, 1706678.4713227798], [1049258.2870034364, 1706678.4713227798], [1049248.2922986338, 1706688.4660275823], [1049263.2843558376, 1706688.4660275823]]], [[[1049178.3293650162, 1706718.4501419899], [1049173.332012615, 1706718.4501419899], [1049168.3346602137, 1706733.4421991936], [1049178.3293650162, 1706733.4421991936], [1049178.3293650162, 1706718.4501419899]]], [[[1049198.3187746212, 1706823.3945424163], [1049168.3346602137, 1706813.3998376138], [1049173.332012615, 1706823.3945424163], [1049198.3187746212, 1706823.3945424163]]], [[[1049203.3161270225, 1707163.214505702], [1049223.3055366275, 1707168.2118581033], [1049223.3055366275, 1707158.2171533008], [1049213.310831825, 1707153.2198008995], [1049203.3161270225, 1707163.214505702]]], [[[1049807.995767575, 1707568.000050204], [1049798.0010627725, 1707572.9974026054], [1049802.9984151737, 1707602.981517013], [1049812.9931199763, 1707592.9868122104], [1049807.995767575, 1707568.000050204]]], [[[1049273.2790606401, 1709082.1978277862], [1049253.289651035, 1709067.2057705824], [1049258.2870034364, 1709087.1951801875], [1049273.2790606401, 1709092.1925325887], [1049273.2790606401, 1709082.1978277862]]], [[[1049413.2049278754, 1709771.8324591604], [1049408.2075754742, 1709786.8245163641], [1049418.2022802767, 1709791.8218687654], [1049418.2022802767, 1709771.8324591604], [1049413.2049278754, 1709771.8324591604]]], [[[1050017.884568428, 1709816.8086307717], [1050007.8898636254, 1709786.8245163641], [1049997.8951588229, 1709796.8192211667], [1050007.8898636254, 1709816.8086307717], [1050017.884568428, 1709816.8086307717]]], [[[1049473.1731566906, 1709846.7927451793], [1049483.167861493, 1709846.7927451793], [1049473.1731566906, 1709831.8006879755], [1049458.1810994868, 1709826.8033355742], [1049473.1731566906, 1709846.7927451793]]], [[[1049723.0407767536, 1709851.7900975805], [1049713.046071951, 1709851.7900975805], [1049713.046071951, 1709866.7821547843], [1049723.0407767536, 1709861.784802383], [1049723.0407767536, 1709851.7900975805]]], [[[1049428.1969850792, 1710291.5571088914], [1049413.2049278754, 1710276.5650516876], [1049418.2022802767, 1710316.5438708977], [1049428.1969850792, 1710311.5465184965], [1049428.1969850792, 1710291.5571088914]]], [[[1049478.1705090918, 1710431.4829761267], [1049473.1731566906, 1710461.4670905343], [1049488.1652138943, 1710466.4644429355], [1049498.1599186969, 1710436.480328528], [1049478.1705090918, 1710431.4829761267]]], [[[1049003.422030972, 1710821.276463425], [1048998.4246785708, 1710821.276463425], [1048993.4273261696, 1710841.26587303], [1049003.422030972, 1710841.26587303], [1049003.422030972, 1710821.276463425]]], [[[1049962.913692014, 1710836.2685206288], [1049937.9269300078, 1710821.276463425], [1049922.934872804, 1710836.2685206288], [1049917.9375204027, 1710856.2579302338], [1049932.9295776065, 1710856.2579302338], [1049962.913692014, 1710836.2685206288]]], [[[1049318.2552322515, 1711296.0249415447], [1049323.2525846527, 1711281.032884341], [1049308.260527449, 1711281.032884341], [1049318.2552322515, 1711296.0249415447]]], [[[1049733.035481556, 1711301.022293946], [1049718.0434243523, 1711301.022293946], [1049713.046071951, 1711316.0143511498], [1049733.035481556, 1711306.0196463473], [1049733.035481556, 1711301.022293946]]], [[[1049328.249937054, 1711311.0169987485], [1049363.2314038628, 1711316.0143511498], [1049373.2261086653, 1711306.0196463473], [1049328.249937054, 1711306.0196463473], [1049328.249937054, 1711311.0169987485]]], [[[1049758.0222435624, 1711565.881971213], [1049768.016948365, 1711565.881971213], [1049778.0116531674, 1711550.8899140093], [1049758.0222435624, 1711545.892561608], [1049763.0195959636, 1711560.8846188118], [1049758.0222435624, 1711565.881971213]]], [[[1049743.0301863586, 1711560.8846188118], [1049738.0328339573, 1711560.8846188118], [1049738.0328339573, 1711580.8740284168], [1049748.0275387599, 1711575.8766760156], [1049743.0301863586, 1711560.8846188118]]], [[[1049718.0434243523, 1711585.871380818], [1049703.0513671485, 1711585.871380818], [1049708.0487195498, 1711600.8634380219], [1049718.0434243523, 1711585.871380818]]], [[[1049708.0487195498, 1711600.8634380219], [1049688.0593099447, 1711595.8660856206], [1049688.0593099447, 1711605.8607904231], [1049698.0540147473, 1711610.8581428244], [1049708.0487195498, 1711600.8634380219]]], [[[1049638.0857859321, 1711685.8184288433], [1049658.0751955372, 1711690.8157812445], [1049653.077843136, 1711680.821076442], [1049638.0857859321, 1711680.821076442], [1049638.0857859321, 1711685.8184288433]]], [[[1049743.0301863586, 1712140.577497358], [1049718.0434243523, 1712135.5801449567], [1049718.0434243523, 1712150.5722021605], [1049743.0301863586, 1712145.5748497592], [1049743.0301863586, 1712140.577497358]]], [[[1050117.8316164531, 1712590.3392134714], [1050107.8369116506, 1712600.333918274], [1050102.8395592493, 1712645.3100898853], [1050117.8316164531, 1712625.3206802802], [1050117.8316164531, 1712590.3392134714]]], [[[1050082.8501496443, 1712675.2942042928], [1050087.8475020456, 1712685.2889090953], [1050087.8475020456, 1712670.2968518916], [1050102.8395592493, 1712655.3047946878], [1050102.8395592493, 1712645.3100898853], [1050077.852797243, 1712660.302147089], [1050067.8580924405, 1712675.2942042928], [1050082.8501496443, 1712675.2942042928]]], [[[1050047.8686828355, 1712705.2783187004], [1050047.8686828355, 1712720.2703759042], [1050072.8554448418, 1712690.2862614966], [1050047.8686828355, 1712705.2783187004]]], [[[1049023.4114405771, 1712730.2650807067], [1049008.4193833733, 1712740.2597855092], [1049008.4193833733, 1712750.2544903117], [1049023.4114405771, 1712740.2597855092], [1049023.4114405771, 1712730.2650807067]]], [[[1049053.3955549847, 1712835.2094811331], [1049053.3955549847, 1712805.2253667256], [1049043.4008501822, 1712805.2253667256], [1049053.3955549847, 1712835.2094811331]]], [[[1049023.4114405771, 1712940.1538815596], [1049028.4087929784, 1712940.1538815596], [1049033.4061453796, 1712920.1644719546], [1049023.4114405771, 1712925.1618243558], [1049023.4114405771, 1712940.1538815596]]], [[[1049073.3849645897, 1715353.8750913688], [1049048.3982025834, 1715348.8777389675], [1049048.3982025834, 1715363.8697961713], [1049068.3876121885, 1715363.8697961713], [1049073.3849645897, 1715353.8750913688]]], [[[1048963.443211762, 1715363.8697961713], [1049013.4167357746, 1715363.8697961713], [1049018.4140881759, 1715353.8750913688], [1048958.4458593607, 1715358.87244377], [1048943.453802157, 1715363.8697961713], [1048943.453802157, 1715373.8645009738], [1048963.443211762, 1715363.8697961713]]], [[[1048878.4882209406, 1715378.861853375], [1048863.4961637368, 1715378.861853375], [1048853.5014589343, 1715363.8697961713], [1048843.5067541318, 1715373.8645009738], [1048853.5014589343, 1715383.8592057764], [1048888.482925743, 1715388.8565581776], [1048878.4882209406, 1715378.861853375]]], [[[1048598.63648647, 1715818.628864686], [1048608.6311912725, 1715813.6315122847], [1048608.6311912725, 1715798.639455081], [1048633.6179532788, 1715758.6606358709], [1048613.6285436738, 1715768.6553406734], [1048598.63648647, 1715798.639455081], [1048598.63648647, 1715818.628864686]]], [[[1048653.6073628839, 1715853.6103314948], [1048633.6179532788, 1715838.618274291], [1048638.61530568, 1715858.607683896], [1048653.6073628839, 1715868.6023886986], [1048653.6073628839, 1715853.6103314948]]], [[[1048653.6073628839, 1715893.589150705], [1048653.6073628839, 1715878.5970935011], [1048633.6179532788, 1715873.5997410999], [1048643.6126580813, 1715893.589150705], [1048653.6073628839, 1715893.589150705]]], [[[1048828.514696928, 1716123.4673611629], [1048813.5226397242, 1716098.4805991566], [1048798.5305825204, 1716098.4805991566], [1048813.5226397242, 1716123.4673611629], [1048828.514696928, 1716123.4673611629]]], [[[1049033.4061453796, 1716313.3667524108], [1048998.4246785708, 1716293.3773428057], [1048983.432621367, 1716293.3773428057], [1048983.432621367, 1716308.3694000095], [1049033.4061453796, 1716313.3667524108]]], [[[1049648.0804907347, 1716328.3588096146], [1049653.077843136, 1716328.3588096146], [1049658.0751955372, 1716313.3667524108], [1049648.0804907347, 1716308.3694000095], [1049648.0804907347, 1716328.3588096146]]], [[[1049033.4061453796, 1716313.3667524108], [1049033.4061453796, 1716318.364104812], [1049048.3982025834, 1716323.3614572133], [1049053.3955549847, 1716313.3667524108], [1049033.4061453796, 1716313.3667524108]]], [[[1049068.3876121885, 1716328.3588096146], [1049053.3955549847, 1716323.3614572133], [1049053.3955549847, 1716333.3561620158], [1049068.3876121885, 1716333.3561620158], [1049068.3876121885, 1716328.3588096146]]], [[[1049138.350545806, 1716378.3323336272], [1049138.350545806, 1716363.3402764234], [1049118.361136201, 1716358.342924022], [1049128.3558410036, 1716363.3402764234], [1049128.3558410036, 1716378.3323336272], [1049138.350545806, 1716378.3323336272]]], [[[1049658.0751955372, 1716388.3270384297], [1049658.0751955372, 1716413.313800436], [1049663.0725479384, 1716418.3111528372], [1049673.067252741, 1716408.3164480347], [1049658.0751955372, 1716388.3270384297]]], [[[1048908.4723353481, 1716903.0543357595], [1048913.4696877494, 1716923.0437453645], [1048923.464392552, 1716923.0437453645], [1048913.4696877494, 1716903.0543357595], [1048908.4723353481, 1716903.0543357595]]], [[[1050227.7733692809, 1717122.937841415], [1050217.7786644783, 1717122.937841415], [1050212.781312077, 1717132.9325462175], [1050227.7733692809, 1717132.9325462175], [1050227.7733692809, 1717122.937841415]]], [[[1049608.1016715246, 1717317.8345850643], [1049618.096376327, 1717322.8319374656], [1049623.0937287284, 1717307.8398802618], [1049613.0990239258, 1717302.8425278605], [1049608.1016715246, 1717317.8345850643]]], [[[1049558.128147512, 1717352.8160518731], [1049578.117557117, 1717342.8213470706], [1049573.1202047158, 1717327.8292898668], [1049558.128147512, 1717352.8160518731]]], [[[1049023.4114405771, 1718267.3315413038], [1049023.4114405771, 1718257.3368365013], [1048998.4246785708, 1718257.3368365013], [1048998.4246785708, 1718267.3315413038], [1049023.4114405771, 1718267.3315413038]]], [[[1049558.128147512, 1718362.2812369277], [1049548.1334427095, 1718357.2838845265], [1049543.1360903082, 1718377.2732941315], [1049558.128147512, 1718372.2759417302], [1049553.1307951107, 1718367.278589329], [1049558.128147512, 1718362.2812369277]]], [[[1049108.3664313986, 1718562.1753329781], [1049098.371726596, 1718567.1726853794], [1049098.371726596, 1718577.167390182], [1049118.361136201, 1718567.1726853794], [1049108.3664313986, 1718562.1753329781]]], [[[1050082.8501496443, 1719036.9238110979], [1050072.8554448418, 1719026.9291062953], [1050052.8660352367, 1719026.9291062953], [1050052.8660352367, 1719031.9264586966], [1050082.8501496443, 1719036.9238110979]]], [[[1049068.3876121885, 1719161.8576211296], [1049063.3902597872, 1719161.8576211296], [1049068.3876121885, 1719216.8284975435], [1049068.3876121885, 1719161.8576211296]]], [[[1049028.4087929784, 1720331.2380830245], [1049038.403497781, 1720331.2380830245], [1049033.4061453796, 1720311.2486734195], [1049023.4114405771, 1720311.2486734195], [1049028.4087929784, 1720331.2380830245]]], [[[1049048.3982025834, 1720336.2354354258], [1049033.4061453796, 1720336.2354354258], [1049033.4061453796, 1720346.2301402283], [1049048.3982025834, 1720341.232787827], [1049048.3982025834, 1720336.2354354258]]], [[[1050232.770721682, 1720825.9759707493], [1050212.781312077, 1720820.978618348], [1050212.781312077, 1720830.9733231505], [1050232.770721682, 1720830.9733231505], [1050232.770721682, 1720825.9759707493]]], [[[1049997.8951588229, 1723979.305335945], [1050027.8792732304, 1724009.2894503525], [1050037.873978033, 1724009.2894503525], [1050032.8766256317, 1723989.3000407475], [1049997.8951588229, 1723979.305335945]]], [[[1049278.2764130414, 1724264.1544228168], [1049273.2790606401, 1724274.1491276193], [1049298.2658226464, 1724269.151775218], [1049303.2631750477, 1724259.1570704156], [1049278.2764130414, 1724264.1544228168]]], [[[1048963.443211762, 1725763.3601431951], [1048973.4379165645, 1725763.3601431951], [1048983.432621367, 1725753.3654383926], [1048968.4405641633, 1725753.3654383926], [1048963.443211762, 1725763.3601431951]]], [[[1048838.5094017305, 1725938.2674772392], [1048848.504106533, 1725933.270124838], [1048848.504106533, 1725923.2754200355], [1048838.5094017305, 1725918.2780676342], [1048838.5094017305, 1725938.2674772392]]], [[[1048863.4961637368, 1725938.2674772392], [1048858.4988113355, 1725953.259534443], [1048843.5067541318, 1725953.259534443], [1048868.493516138, 1725978.2462964493], [1048863.4961637368, 1725938.2674772392]]], [[[1048853.5014589343, 1725993.238353653], [1048863.4961637368, 1725998.2357060544], [1048863.4961637368, 1726018.2251156594], [1048853.5014589343, 1726008.230410857], [1048853.5014589343, 1726023.2224680607], [1048863.4961637368, 1726028.219820462], [1048868.493516138, 1725993.238353653], [1048853.5014589343, 1725978.2462964493], [1048848.504106533, 1726003.2330584556], [1048853.5014589343, 1725993.238353653]]], [[[1048813.5226397242, 1726243.1059737161], [1048798.5305825204, 1726243.1059737161], [1048803.5279349217, 1726253.1006785186], [1048813.5226397242, 1726253.1006785186], [1048813.5226397242, 1726243.1059737161]]], [[[1048743.5597061065, 1726333.0583169388], [1048758.5517633103, 1726328.0609645376], [1048758.5517633103, 1726318.066259735], [1048748.5570585078, 1726323.0636121363], [1048743.5597061065, 1726313.0689073338], [1048743.5597061065, 1726333.0583169388]]], [[[1051247.2332591382, 1691721.3955858059], [1051247.2332591382, 1691691.4114713983], [1051237.2385543357, 1691696.4088237996], [1051247.2332591382, 1691721.3955858059]]], [[[1050727.508609407, 1692366.0540455687], [1050727.508609407, 1692356.0593407662], [1050697.5244949996, 1692361.0566931674], [1050727.508609407, 1692366.0540455687]]], [[[1050282.7442456947, 1693680.3577271001], [1050267.752188491, 1693680.3577271001], [1050262.7548360897, 1693690.3524319027], [1050232.770721682, 1693695.349784304], [1050232.770721682, 1693700.3471367052], [1050257.7574836884, 1693700.3471367052], [1050282.7442456947, 1693680.3577271001]]], [[[1050682.5324377958, 1693705.3444891064], [1050667.540380592, 1693710.3418415077], [1050662.5430281907, 1693725.3338987115], [1050672.5377329933, 1693725.3338987115], [1050682.5324377958, 1693705.3444891064]]], [[[1050317.7257125035, 1694499.923520907], [1050307.731007701, 1694489.9288161045], [1050307.731007701, 1694504.9208733083], [1050317.7257125035, 1694509.9182257096], [1050317.7257125035, 1694499.923520907]]], [[[1050332.7177697073, 1694529.9076353146], [1050317.7257125035, 1694509.9182257096], [1050322.7230649048, 1694549.8970449197], [1050332.7177697073, 1694559.8917497222], [1050332.7177697073, 1694529.9076353146]]], [[[1050902.4159434512, 1694954.6825894217], [1050872.4318290437, 1694959.679941823], [1050872.4318290437, 1694969.6746466255], [1050892.4212386487, 1694964.6772942243], [1050902.4159434512, 1694954.6825894217]]], [[[1051197.2597351256, 1698482.813384712], [1051207.254439928, 1698507.8001467183], [1051207.254439928, 1698467.8213275082], [1051197.2597351256, 1698482.813384712]]], [[[1051057.3338678903, 1699197.4347780922], [1051072.325925094, 1699197.4347780922], [1051072.325925094, 1699152.4586064809], [1051062.3312202916, 1699152.4586064809], [1051057.3338678903, 1699182.4427208884], [1051057.3338678903, 1699197.4347780922]]], [[[1050662.5430281907, 1699402.3262265439], [1050657.5456757895, 1699412.3209313464], [1050667.540380592, 1699417.3182837476], [1050672.5377329933, 1699402.3262265439], [1050662.5430281907, 1699402.3262265439]]], [[[1050657.5456757895, 1699432.3103409514], [1050657.5456757895, 1699412.3209313464], [1050647.550970987, 1699417.3182837476], [1050647.550970987, 1699432.3103409514], [1050657.5456757895, 1699432.3103409514]]], [[[1050497.6303989491, 1699572.2362081867], [1050477.640989344, 1699572.2362081867], [1050467.6462845416, 1699592.2256177918], [1050482.6383417454, 1699592.2256177918], [1050482.6383417454, 1699582.2309129892], [1050492.6330465479, 1699582.2309129892], [1050497.6303989491, 1699572.2362081867]]], [[[1050892.4212386487, 1699832.0985330523], [1050892.4212386487, 1699802.1144186447], [1050887.4238862474, 1699787.122361441], [1050882.4265338462, 1699822.1038282497], [1050892.4212386487, 1699832.0985330523]]], [[[1051012.357696279, 1699882.0720570649], [1051012.357696279, 1699847.090590256], [1050997.3656390752, 1699852.0879426573], [1050987.3709342727, 1699907.0588190712], [1051002.3629914764, 1699912.0561714724], [1051002.3629914764, 1699892.0667618674], [1051012.357696279, 1699882.0720570649]]], [[[1051012.357696279, 1700901.5319469222], [1050982.3735818714, 1700896.534594521], [1050992.368286674, 1700911.5266517247], [1051002.3629914764, 1700911.5266517247], [1051012.357696279, 1700901.5319469222]]], [[[1051352.1776595647, 1701905.9997795755], [1051357.175011966, 1701915.994484378], [1051372.1670691697, 1701915.994484378], [1051372.1670691697, 1701905.9997795755], [1051352.1776595647, 1701905.9997795755]]], [[[1051397.153831176, 1701925.9891891805], [1051397.153831176, 1701915.994484378], [1051372.1670691697, 1701915.994484378], [1051397.153831176, 1701925.9891891805]]], [[[1051272.2200211445, 1702760.5470401912], [1051282.214725947, 1702760.5470401912], [1051302.204135552, 1702780.5364497963], [1051302.204135552, 1702765.5443925925], [1051277.2173735457, 1702745.5549829875], [1051272.2200211445, 1702760.5470401912]]], [[[1051142.2888587117, 1704524.6124378364], [1051152.2835635142, 1704529.6097902376], [1051167.275620718, 1704519.615085435], [1051142.2888587117, 1704519.615085435], [1051142.2888587117, 1704524.6124378364]]], [[[1051287.2120783483, 1706618.5030939647], [1051297.2067831508, 1706633.4951511684], [1051307.2014879533, 1706633.4951511684], [1051297.2067831508, 1706618.5030939647], [1051287.2120783483, 1706618.5030939647]]], [[[1051352.1776595647, 1706688.4660275823], [1051357.175011966, 1706688.4660275823], [1051362.1723643672, 1706673.4739703785], [1051352.1776595647, 1706668.4766179773], [1051352.1776595647, 1706688.4660275823]]], [[[1051252.2306115394, 1706833.3892472188], [1051257.2279639407, 1706858.3760092251], [1051267.2226687432, 1706848.3813044226], [1051262.225316342, 1706823.3945424163], [1051252.2306115394, 1706833.3892472188]]], [[[1050707.519199802, 1708387.565844011], [1050712.5165522033, 1708397.5605488135], [1050722.5112570059, 1708397.5605488135], [1050722.5112570059, 1708387.565844011], [1050707.519199802, 1708387.565844011]]], [[[1050917.408000655, 1708732.383159698], [1050912.4106482537, 1708747.3752169018], [1050952.3894674638, 1708722.3884548955], [1050917.408000655, 1708732.383159698]]], [[[1050787.4768382222, 1708772.361978908], [1050807.4662478273, 1708772.361978908], [1050817.4609526298, 1708762.3672741055], [1050792.4741906235, 1708762.3672741055], [1050787.4768382222, 1708772.361978908]]], [[[1050972.3788770689, 1708877.3063793345], [1050982.3735818714, 1708877.3063793345], [1050982.3735818714, 1708857.3169697295], [1050967.3815246676, 1708857.3169697295], [1050972.3788770689, 1708877.3063793345]]], [[[1050457.651579739, 1709327.068095448], [1050442.6595225353, 1709337.0628002505], [1050442.6595225353, 1709347.057505053], [1050457.651579739, 1709337.0628002505], [1050457.651579739, 1709327.068095448]]], [[[1050417.672760529, 1709392.0336766643], [1050407.6780557265, 1709402.0283814669], [1050407.6780557265, 1709427.0151434732], [1050417.672760529, 1709422.017791072], [1050427.6674653315, 1709392.0336766643], [1050417.672760529, 1709392.0336766643]]], [[[1050917.408000655, 1709541.9542487022], [1050917.408000655, 1709531.9595438996], [1050892.4212386487, 1709536.956896301], [1050917.408000655, 1709541.9542487022]]], [[[1050282.7442456947, 1709596.9251251162], [1050297.7363028985, 1709596.9251251162], [1050307.731007701, 1709581.9330679122], [1050287.741598096, 1709586.9304203135], [1050282.7442456947, 1709596.9251251162]]], [[[1051397.153831176, 1710291.5571088914], [1051397.153831176, 1710301.551813694], [1051407.1485359785, 1710311.5465184965], [1051417.143240781, 1710306.5491660952], [1051397.153831176, 1710291.5571088914]]], [[[1051582.0558700226, 1710551.419433757], [1051582.0558700226, 1710541.4247289544], [1051557.0691080163, 1710521.4353193494], [1051552.071755615, 1710501.4459097444], [1051542.0770508125, 1710501.4459097444], [1051552.071755615, 1710526.4326717507], [1051582.0558700226, 1710551.419433757]]], [[[1051322.193545157, 1710536.4273765532], [1051312.1988403546, 1710536.4273765532], [1051302.204135552, 1710551.419433757], [1051322.193545157, 1710546.4220813557], [1051322.193545157, 1710536.4273765532]]], [[[1051287.2120783483, 1710696.3426533935], [1051277.2173735457, 1710701.3400057948], [1051277.2173735457, 1710716.3320629986], [1051292.2094307495, 1710706.337358196], [1051287.2120783483, 1710696.3426533935]]], [[[1051247.2332591382, 1710741.3188250049], [1051272.2200211445, 1710716.3320629986], [1051257.2279639407, 1710716.3320629986], [1051242.235906737, 1710731.3241202023], [1051247.2332591382, 1710741.3188250049]]], [[[1051152.2835635142, 1710851.2605778326], [1051162.2782683168, 1710851.2605778326], [1051187.265030323, 1710821.276463425], [1051202.2570875268, 1710816.2791110238], [1051202.2570875268, 1710806.2844062212], [1051182.2676779218, 1710811.2817586225], [1051152.2835635142, 1710851.2605778326]]], [[[1051107.307391903, 1710871.2499874376], [1051072.325925094, 1710871.2499874376], [1051072.325925094, 1710881.2446922401], [1051102.3100395016, 1710881.2446922401], [1051107.307391903, 1710871.2499874376]]], [[[1050272.7495408922, 1711935.6860489063], [1050262.7548360897, 1711940.6834013076], [1050277.7468932935, 1711945.6807537088], [1050287.741598096, 1711905.7019344987], [1050277.7468932935, 1711905.7019344987], [1050272.7495408922, 1711935.6860489063]]], [[[1050242.7654264846, 1712095.6013257466], [1050242.7654264846, 1712075.6119161416], [1050232.770721682, 1712075.6119161416], [1050232.770721682, 1712095.6013257466], [1050242.7654264846, 1712095.6013257466]]], [[[1050247.762778886, 1712515.3789274525], [1050237.7680740834, 1712515.3789274525], [1050237.7680740834, 1712530.3709846563], [1050247.762778886, 1712525.373632255], [1050247.762778886, 1712515.3789274525]]], [[[1051287.2120783483, 1712810.2227191268], [1051302.204135552, 1712815.220071528], [1051302.204135552, 1712825.2147763306], [1051297.2067831508, 1712825.2147763306], [1051297.2067831508, 1712835.2094811331], [1051312.1988403546, 1712865.1935955407], [1051307.2014879533, 1712810.2227191268], [1051287.2120783483, 1712800.2280143243], [1051287.2120783483, 1712810.2227191268]]], [[[1051312.1988403546, 1712915.1671195533], [1051317.1961927558, 1712915.1671195533], [1051322.193545157, 1712880.1856527445], [1051312.1988403546, 1712870.190947942], [1051312.1988403546, 1712915.1671195533]]], [[[1051347.1803071634, 1712965.140643566], [1051347.1803071634, 1712955.1459387634], [1051332.1882499596, 1712955.1459387634], [1051342.1829547621, 1712950.1485863621], [1051337.1856023609, 1712930.159176757], [1051322.193545157, 1712930.159176757], [1051327.1908975584, 1712960.1432911647], [1051347.1803071634, 1712965.140643566]]], [[[1051362.1723643672, 1713020.1115199798], [1051352.1776595647, 1713025.108872381], [1051367.1697167684, 1713045.098281986], [1051387.1591263735, 1713050.0956343873], [1051392.1564787747, 1713065.0876915911], [1051402.1511835773, 1713065.0876915911], [1051377.164421571, 1713005.119462776], [1051367.1697167684, 1713000.1221103747], [1051362.1723643672, 1713020.1115199798]], [[1051377.164421571, 1713020.1115199798], [1051377.164421571, 1713035.1035771836], [1051382.1617739722, 1713040.1009295848], [1051367.1697167684, 1713035.1035771836], [1051367.1697167684, 1713020.1115199798], [1051377.164421571, 1713020.1115199798]]], [[[1051447.1273551886, 1713080.079748795], [1051427.1379455836, 1713080.079748795], [1051432.1352979848, 1713090.0744535974], [1051447.1273551886, 1713090.0744535974], [1051447.1273551886, 1713080.079748795]]], [[[1051502.0982316025, 1713090.0744535974], [1051462.1194123924, 1713085.0771011962], [1051452.1247075899, 1713095.0718059987], [1051502.0982316025, 1713095.0718059987], [1051502.0982316025, 1713090.0744535974]]], [[[1051242.235906737, 1713459.878531291], [1051257.2279639407, 1713459.878531291], [1051262.225316342, 1713444.8864740871], [1051277.2173735457, 1713434.8917692846], [1051277.2173735457, 1713424.897064482], [1051257.2279639407, 1713429.8944168834], [1051257.2279639407, 1713444.8864740871], [1051242.235906737, 1713459.878531291]]], [[[1051567.0638128188, 1714429.3648971354], [1051552.071755615, 1714424.3675447342], [1051552.071755615, 1714434.3622495367], [1051567.0638128188, 1714434.3622495367], [1051567.0638128188, 1714429.3648971354]]], [[[1050267.752188491, 1715983.5414939276], [1050257.7574836884, 1715983.5414939276], [1050262.7548360897, 1715993.53619873], [1050282.7442456947, 1715983.5414939276], [1050297.7363028985, 1715913.57856031], [1050282.7442456947, 1715923.5732651125], [1050282.7442456947, 1715958.5547319213], [1050267.752188491, 1715983.5414939276]]], [[[1050447.6568749365, 1716718.1522969129], [1050447.6568749365, 1716708.1575921103], [1050432.6648177328, 1716708.1575921103], [1050437.662170134, 1716718.1522969129], [1050447.6568749365, 1716718.1522969129]]], [[[1050557.5986277643, 1716858.0781641481], [1050547.6039229617, 1716853.080811747], [1050532.611865758, 1716823.0966973393], [1050527.6145133567, 1716858.0781641481], [1050542.6065705605, 1716873.070221352], [1050557.5986277643, 1716873.070221352], [1050557.5986277643, 1716858.0781641481]]], [[[1050592.580094573, 1716923.0437453645], [1050592.580094573, 1716933.038450167], [1050612.5695041781, 1716943.0331549696], [1050612.5695041781, 1716923.0437453645], [1050592.580094573, 1716923.0437453645]]], [[[1050537.6092181592, 1716923.0437453645], [1050517.6198085542, 1716933.038450167], [1050517.6198085542, 1716943.0331549696], [1050537.6092181592, 1716938.0358025683], [1050537.6092181592, 1716923.0437453645]]], [[[1051152.2835635142, 1717003.0013837847], [1051162.2782683168, 1717003.0013837847], [1051157.2809159155, 1716988.009326581], [1051147.286211113, 1716988.009326581], [1051152.2835635142, 1717003.0013837847]]], [[[1051092.3153346991, 1717347.818699472], [1051102.3100395016, 1717342.8213470706], [1051097.3126871004, 1717307.8398802618], [1051092.3153346991, 1717347.818699472]]], [[[1051387.1591263735, 1717982.482454432], [1051397.153831176, 1717972.4877496294], [1051382.1617739722, 1717972.4877496294], [1051377.164421571, 1717982.482454432], [1051387.1591263735, 1717982.482454432]]], [[[1051377.164421571, 1717982.482454432], [1051357.175011966, 1717987.4798068332], [1051357.175011966, 1717997.4745116357], [1051372.1670691697, 1717992.4771592345], [1051377.164421571, 1717982.482454432]]], [[[1051137.2915063105, 1718022.461273642], [1051137.2915063105, 1718027.4586260433], [1051152.2835635142, 1718027.4586260433], [1051152.2835635142, 1718017.4639212408], [1051137.2915063105, 1718022.461273642]]], [[[1051177.2703255205, 1718032.4559784445], [1051162.2782683168, 1718022.461273642], [1051162.2782683168, 1718027.4586260433], [1051152.2835635142, 1718027.4586260433], [1051152.2835635142, 1718032.4559784445], [1051177.2703255205, 1718032.4559784445]]], [[[1051582.0558700226, 1718892.0005914613], [1051567.0638128188, 1718901.9952962638], [1051567.0638128188, 1718911.9900010664], [1051582.0558700226, 1718901.9952962638], [1051582.0558700226, 1718892.0005914613]]], [[[1051557.0691080163, 1718946.9714678752], [1051552.071755615, 1718946.9714678752], [1051552.071755615, 1718966.9608774802], [1051562.0664604176, 1718961.963525079], [1051557.0691080163, 1718946.9714678752]]], [[[1051192.2623827243, 1718966.9608774802], [1051152.2835635142, 1718976.9555822827], [1051152.2835635142, 1718986.9502870853], [1051187.265030323, 1718981.952934684], [1051192.2623827243, 1718966.9608774802]]], [[[1051057.3338678903, 1719016.9344014928], [1051042.3418106865, 1719021.931753894], [1051047.3391630878, 1719036.9238110979], [1051057.3338678903, 1719016.9344014928]]], [[[1050362.7018841149, 1719506.6749368166], [1050362.7018841149, 1719521.6669940203], [1050367.6992365161, 1719526.6643464216], [1050372.6965889176, 1719516.669641619], [1050362.7018841149, 1719506.6749368166]]], [[[1050517.6198085542, 1719581.6352228355], [1050512.622456153, 1719591.629927638], [1050522.6171609554, 1719596.6272800392], [1050527.6145133567, 1719586.6325752367], [1050517.6198085542, 1719581.6352228355]]], [[[1050362.7018841149, 1719621.6140420455], [1050362.7018841149, 1719566.6431656317], [1050357.7045317136, 1719566.6431656317], [1050362.7018841149, 1719621.6140420455]]], [[[1050537.6092181592, 1719676.5849184594], [1050532.611865758, 1719656.5955088544], [1050517.6198085542, 1719671.5875660582], [1050502.6277513504, 1719676.5849184594], [1050537.6092181592, 1719676.5849184594]]], [[[1050507.6251037517, 1719851.4922525035], [1050512.622456153, 1719841.497547701], [1050457.651579739, 1719841.497547701], [1050507.6251037517, 1719851.4922525035]]], [[[1050317.7257125035, 1719856.4896049048], [1050327.720417306, 1719876.4790145098], [1050327.720417306, 1719886.4737193123], [1050342.7124745098, 1719901.4657765161], [1050327.720417306, 1719856.4896049048], [1050317.7257125035, 1719856.4896049048]]], [[[1050257.7574836884, 1719911.4604813186], [1050262.7548360897, 1719881.476366911], [1050247.762778886, 1719896.4684241149], [1050257.7574836884, 1719911.4604813186]]], [[[1050442.6595225353, 1719941.4445957262], [1050432.6648177328, 1719916.45783372], [1050412.6754081277, 1719911.4604813186], [1050432.6648177328, 1719941.4445957262], [1050442.6595225353, 1719941.4445957262]]], [[[1050357.7045317136, 1720001.4128245413], [1050362.7018841149, 1720041.3916437514], [1050377.693941319, 1720066.3784057577], [1050367.6992365161, 1720011.4075293439], [1050357.7045317136, 1720001.4128245413]]], [[[1051257.2279639407, 1720406.1983690434], [1051267.2226687432, 1720436.182483451], [1051267.2226687432, 1720406.1983690434], [1051257.2279639407, 1720406.1983690434]]], [[[1050342.7124745098, 1720596.0977602913], [1050357.7045317136, 1720601.0951126926], [1050362.7018841149, 1720591.10040789], [1050342.7124745098, 1720591.10040789], [1050342.7124745098, 1720596.0977602913]]], [[[1050362.7018841149, 1720651.0686367052], [1050352.7071793124, 1720661.0633415077], [1050357.7045317136, 1720681.0527511127], [1050367.6992365161, 1720676.0553987115], [1050362.7018841149, 1720651.0686367052]]], [[[1050867.4344766424, 1720666.060693909], [1050842.447714636, 1720681.0527511127], [1050862.4371242411, 1720681.0527511127], [1050867.4344766424, 1720666.060693909]]], [[[1050302.7336552998, 1720800.989208743], [1050287.741598096, 1720795.9918563417], [1050292.7389504972, 1720810.9839135455], [1050282.7442456947, 1720815.9812659468], [1050287.741598096, 1720825.9759707493], [1050302.7336552998, 1720810.9839135455], [1050302.7336552998, 1720800.989208743]]], [[[1050277.7468932935, 1720830.9733231505], [1050262.7548360897, 1720830.9733231505], [1050267.752188491, 1720810.9839135455], [1050252.7601312872, 1720810.9839135455], [1050257.7574836884, 1720835.9706755518], [1050277.7468932935, 1720830.9733231505]]], [[[1051472.114117195, 1720825.9759707493], [1051497.1008792012, 1720830.9733231505], [1051487.1061743987, 1720820.978618348], [1051472.114117195, 1720820.978618348], [1051472.114117195, 1720825.9759707493]]], [[[1051457.1220599911, 1722974.8375032914], [1051442.1300027873, 1722984.8322080942], [1051442.1300027873, 1722994.8269128967], [1051457.1220599911, 1722984.8322080942], [1051457.1220599911, 1722974.8375032914]]], [[[1051467.1167647936, 1722999.824265298], [1051437.132650386, 1722999.824265298], [1051437.132650386, 1723009.8189701005], [1051457.1220599911, 1723009.8189701005], [1051452.1247075899, 1723029.8083797055], [1051462.1194123924, 1723029.8083797055], [1051467.1167647936, 1723014.8163225017], [1051487.1061743987, 1722999.824265298], [1051487.1061743987, 1722974.8375032914], [1051467.1167647936, 1722999.824265298]]], [[[1051182.2676779218, 1723164.7368945396], [1051207.254439928, 1723159.7395421383], [1051197.2597351256, 1723154.742189737], [1051202.2570875268, 1723139.7501325333], [1051187.265030323, 1723139.7501325333], [1051187.265030323, 1723149.7448373358], [1051172.2729731193, 1723154.742189737], [1051182.2676779218, 1723154.742189737], [1051182.2676779218, 1723164.7368945396]]], [[[1051547.0744032138, 1723384.620400195], [1051542.0770508125, 1723384.620400195], [1051537.0796984113, 1723414.6045146026], [1051547.0744032138, 1723409.6071622013], [1051547.0744032138, 1723384.620400195]]], [[[1050597.5774469743, 1723524.5462674303], [1050587.5827421718, 1723534.5409722328], [1050632.5589137832, 1723529.5436198316], [1050597.5774469743, 1723524.5462674303]]], [[[1050357.7045317136, 1723859.3688783147], [1050362.7018841149, 1723859.3688783147], [1050367.6992365161, 1723844.376821111], [1050352.7071793124, 1723844.376821111], [1050357.7045317136, 1723859.3688783147]]], [[[1051372.1670691697, 1724204.1861940017], [1051387.1591263735, 1724204.1861940017], [1051382.1617739722, 1724179.1994319954], [1051372.1670691697, 1724174.2020795941], [1051372.1670691697, 1724204.1861940017]]], [[[1051472.114117195, 1724179.1994319954], [1051447.1273551886, 1724199.1888416004], [1051482.1088219974, 1724194.1914891992], [1051492.1035268, 1724189.194136798], [1051492.1035268, 1724179.1994319954], [1051472.114117195, 1724179.1994319954]]], [[[1051337.1856023609, 1724374.0961756445], [1051357.175011966, 1724369.0988232433], [1051362.1723643672, 1724359.1041184408], [1051382.1617739722, 1724359.1041184408], [1051382.1617739722, 1724344.112061237], [1051362.1723643672, 1724344.112061237], [1051337.1856023609, 1724364.101470842], [1051337.1856023609, 1724374.0961756445]]], [[[1050792.4741906235, 1724603.9743861025], [1050787.4768382222, 1724593.9796813], [1050782.479485821, 1724613.969090905], [1050792.4741906235, 1724618.9664433063], [1050792.4741906235, 1724603.9743861025]]], [[[1050762.490076216, 1724638.9558529113], [1050767.4874286172, 1724648.9505577139], [1050782.479485821, 1724633.95850051], [1050762.490076216, 1724638.9558529113]]]]}}]}