{"type": "FeatureCollection", "crs": {"type": "name", "properties": {"name": "urn:ogc:def:crs:EPSG::5179"}}, "properties": {"지역": "서울 강남구", "유형": "내수침수(강우 강제)", "강우": {"source": "KMA AWS STN 400 (강남구, 127.08166E 37.49820N) 2022-08-08 실측 시간강수", "합계_mm": 374.0, "최대_mm_h": 92.5, "시작": "20220808 000000", "종료": "20220809 110000"}, "배수상수_mm_h": 75.0, "가정": "하수관망 미반영. 배수를 공간·시간 상수로 대리했다. 국지 병목·역류로 생기는 실제 침수는 재현하지 못하며, 배수율 가정에 결과가 민감하다.", "검증": "미검증. 서울시 침수흔적도를 확보하면 대조해야 한다."}, "features": [{"type": "Feature", "properties": {"band": 0, "depth_min_m": 0.3, "depth_max_m": 1.0, "depth_mean_m": 0.499, "depth_p90_m": 0.782, "area_m2": 2146400.0}, "geometry": {"type": "MultiPolygon", "coordinates": [[[[956880.0, 1939280.0], [956860.0, 1939280.0], [956860.0, 1939300.0], [956880.0, 1939300.0], [956880.0, 1939280.0]]], [[[957160.0, 1939520.0], [957200.0, 1939520.0], [957200.0, 1939500.0], [957160.0, 1939500.0], [957160.0, 1939520.0]]], [[[957420.0, 1939560.0], [957460.0, 1939540.0], [957460.0, 1939480.0], [957420.0, 1939480.0], [957420.0, 1939560.0]]], [[[957100.0, 1939560.0], [957060.0, 1939560.0], [957060.0, 1939600.0], [957100.0, 1939580.0], [957100.0, 1939560.0]]], [[[956680.0, 1939680.0], [956680.0, 1939660.0], [956660.0, 1939660.0], [956660.0, 1939680.0], [956680.0, 1939680.0]]], [[[957140.0, 1939680.0], [957140.0, 1939700.0], [957160.0, 1939700.0], [957160.0, 1939680.0], [957140.0, 1939680.0]]], [[[956720.0, 1939680.0], [956680.0, 1939680.0], [956680.0, 1939700.0], [956720.0, 1939700.0], [956720.0, 1939680.0]]], [[[957300.0, 1939680.0], [957220.0, 1939680.0], [957220.0, 1939700.0], [957260.0, 1939700.0], [957260.0, 1939720.0], [957320.0, 1939720.0], [957320.0, 1939700.0], [957300.0, 1939700.0], [957300.0, 1939680.0]]], [[[957460.0, 1939740.0], [957500.0, 1939740.0], [957500.0, 1939720.0], [957460.0, 1939720.0], [957460.0, 1939740.0]]], [[[956720.0, 1939760.0], [956740.0, 1939760.0], [956740.0, 1939720.0], [956720.0, 1939720.0], [956720.0, 1939760.0]]], [[[957040.0, 1939820.0], [957080.0, 1939820.0], [957080.0, 1939780.0], [957040.0, 1939780.0], [957040.0, 1939820.0]]], [[[956960.0, 1939820.0], [956980.0, 1939820.0], [956980.0, 1939800.0], [956960.0, 1939800.0], [956960.0, 1939820.0]]], [[[956960.0, 1939860.0], [956980.0, 1939860.0], [956980.0, 1939840.0], [956960.0, 1939840.0], [956960.0, 1939860.0]]], [[[957280.0, 1939860.0], [957260.0, 1939860.0], [957260.0, 1939880.0], [957280.0, 1939880.0], [957280.0, 1939860.0]]], [[[957000.0, 1939960.0], [957020.0, 1939960.0], [957020.0, 1939940.0], [957000.0, 1939940.0], [957000.0, 1939960.0]]], [[[957040.0, 1939980.0], [957100.0, 1939980.0], [957120.0, 1939940.0], [957040.0, 1939940.0], [957040.0, 1939980.0]]], [[[957320.0, 1940080.0], [957280.0, 1940080.0], [957280.0, 1940120.0], [957300.0, 1940120.0], [957300.0, 1940100.0], [957340.0, 1940100.0], [957340.0, 1940080.0], [957380.0, 1940080.0], [957380.0, 1940040.0], [957340.0, 1940040.0], [957320.0, 1940080.0]]], [[[957280.0, 1940120.0], [957260.0, 1940120.0], [957260.0, 1940140.0], [957280.0, 1940140.0], [957280.0, 1940120.0]]], [[[957240.0, 1940180.0], [957260.0, 1940180.0], [957260.0, 1940160.0], [957240.0, 1940160.0], [957240.0, 1940180.0]]], [[[957240.0, 1940180.0], [957200.0, 1940180.0], [957200.0, 1940200.0], [957180.0, 1940200.0], [957180.0, 1940220.0], [957220.0, 1940220.0], [957240.0, 1940180.0]]], [[[957120.0, 1940240.0], [957100.0, 1940240.0], [957100.0, 1940260.0], [957120.0, 1940260.0], [957120.0, 1940240.0]]], [[[957060.0, 1940300.0], [957080.0, 1940300.0], [957080.0, 1940260.0], [957060.0, 1940260.0], [957060.0, 1940300.0]]], [[[957460.0, 1940380.0], [957480.0, 1940380.0], [957480.0, 1940360.0], [957460.0, 1940360.0], [957460.0, 1940380.0]]], [[[956880.0, 1940520.0], [956860.0, 1940520.0], [956860.0, 1940540.0], [956800.0, 1940540.0], [956780.0, 1940580.0], [956820.0, 1940580.0], [956820.0, 1940560.0], [956880.0, 1940560.0], [956880.0, 1940540.0], [956900.0, 1940540.0], [956900.0, 1940480.0], [957000.0, 1940480.0], [957000.0, 1940400.0], [957020.0, 1940400.0], [957020.0, 1940380.0], [957060.0, 1940360.0], [957060.0, 1940300.0], [957040.0, 1940300.0], [957040.0, 1940340.0], [957020.0, 1940340.0], [957020.0, 1940360.0], [956980.0, 1940380.0], [956980.0, 1940460.0], [956880.0, 1940460.0], [956880.0, 1940520.0]]], [[[957460.0, 1941040.0], [957480.0, 1941040.0], [957500.0, 1941000.0], [957460.0, 1941000.0], [957460.0, 1941040.0]]], [[[957460.0, 1941040.0], [957440.0, 1941040.0], [957440.0, 1941060.0], [957420.0, 1941060.0], [957420.0, 1941080.0], [957460.0, 1941080.0], [957460.0, 1941040.0]]], [[[957380.0, 1941120.0], [957400.0, 1941120.0], [957400.0, 1941100.0], [957420.0, 1941100.0], [957420.0, 1941080.0], [957380.0, 1941080.0], [957380.0, 1941120.0]]], [[[957280.0, 1941260.0], [957260.0, 1941260.0], [957260.0, 1941280.0], [957280.0, 1941280.0], [957280.0, 1941260.0]]], [[[957240.0, 1941300.0], [957260.0, 1941300.0], [957260.0, 1941280.0], [957240.0, 1941280.0], [957240.0, 1941300.0]]], [[[956580.0, 1942140.0], [956600.0, 1942140.0], [956600.0, 1942100.0], [956580.0, 1942100.0], [956580.0, 1942140.0]]], [[[956500.0, 1942760.0], [956460.0, 1942760.0], [956460.0, 1942800.0], [956500.0, 1942800.0], [956500.0, 1942760.0]]], [[[957360.0, 1942800.0], [957380.0, 1942800.0], [957380.0, 1942780.0], [957360.0, 1942780.0], [957360.0, 1942800.0]]], [[[956740.0, 1942980.0], [956760.0, 1942980.0], [956760.0, 1942940.0], [956740.0, 1942940.0], [956740.0, 1942980.0]]], [[[957020.0, 1943280.0], [957000.0, 1943280.0], [957000.0, 1943300.0], [957020.0, 1943300.0], [957020.0, 1943280.0]]], [[[957040.0, 1943320.0], [957000.0, 1943320.0], [957000.0, 1943340.0], [957020.0, 1943340.0], [957020.0, 1943380.0], [957000.0, 1943380.0], [957000.0, 1943460.0], [956980.0, 1943460.0], [956980.0, 1943500.0], [957000.0, 1943500.0], [957000.0, 1943520.0], [956960.0, 1943540.0], [956960.0, 1943560.0], [956980.0, 1943560.0], [956980.0, 1943640.0], [957020.0, 1943620.0], [957020.0, 1943580.0], [957000.0, 1943580.0], [957000.0, 1943560.0], [957020.0, 1943560.0], [957020.0, 1943520.0], [957040.0, 1943520.0], [957040.0, 1943500.0], [957020.0, 1943500.0], [957020.0, 1943440.0], [957040.0, 1943440.0], [957040.0, 1943460.0], [957080.0, 1943460.0], [957080.0, 1943420.0], [957040.0, 1943420.0], [957060.0, 1943340.0], [957040.0, 1943340.0], [957040.0, 1943320.0]]], [[[956500.0, 1943520.0], [956560.0, 1943520.0], [956560.0, 1943480.0], [956500.0, 1943480.0], [956500.0, 1943520.0]]], [[[956460.0, 1943660.0], [956480.0, 1943660.0], [956480.0, 1943620.0], [956460.0, 1943620.0], [956460.0, 1943660.0]]], [[[956960.0, 1943680.0], [956980.0, 1943680.0], [956980.0, 1943660.0], [956960.0, 1943660.0], [956960.0, 1943680.0]]], [[[956780.0, 1943820.0], [956820.0, 1943820.0], [956820.0, 1943840.0], [956860.0, 1943840.0], [956860.0, 1943860.0], [956920.0, 1943860.0], [956920.0, 1943840.0], [956940.0, 1943840.0], [956940.0, 1943800.0], [956920.0, 1943800.0], [956920.0, 1943740.0], [956940.0, 1943740.0], [956940.0, 1943700.0], [956960.0, 1943700.0], [956960.0, 1943680.0], [956880.0, 1943680.0], [956880.0, 1943760.0], [956860.0, 1943760.0], [956860.0, 1943700.0], [956800.0, 1943700.0], [956800.0, 1943760.0], [956760.0, 1943760.0], [956760.0, 1943780.0], [956780.0, 1943780.0], [956780.0, 1943820.0]]], [[[957020.0, 1943760.0], [957000.0, 1943760.0], [957000.0, 1943800.0], [956960.0, 1943800.0], [956960.0, 1943860.0], [957020.0, 1943860.0], [957020.0, 1943760.0]]], [[[957200.0, 1943840.0], [957160.0, 1943840.0], [957160.0, 1943880.0], [957200.0, 1943880.0], [957200.0, 1943840.0]]], [[[957380.0, 1943980.0], [957400.0, 1943980.0], [957420.0, 1944020.0], [957480.0, 1944020.0], [957480.0, 1944040.0], [957520.0, 1944020.0], [957500.0, 1943980.0], [957440.0, 1943980.0], [957440.0, 1943960.0], [957380.0, 1943960.0], [957380.0, 1943980.0]]], [[[957280.0, 1944140.0], [957320.0, 1944140.0], [957320.0, 1944120.0], [957280.0, 1944120.0], [957280.0, 1944140.0]]], [[[956440.0, 1944480.0], [956460.0, 1944480.0], [956460.0, 1944460.0], [956440.0, 1944460.0], [956440.0, 1944480.0]]], [[[956440.0, 1944640.0], [956460.0, 1944640.0], [956460.0, 1944600.0], [956440.0, 1944600.0], [956440.0, 1944640.0]]], [[[957300.0, 1944760.0], [957280.0, 1944760.0], [957280.0, 1944780.0], [957240.0, 1944780.0], [957240.0, 1944820.0], [957280.0, 1944820.0], [957280.0, 1944800.0], [957300.0, 1944800.0], [957300.0, 1944760.0]]], [[[956880.0, 1944960.0], [956880.0, 1944940.0], [956860.0, 1944940.0], [956860.0, 1944920.0], [956800.0, 1944920.0], [956800.0, 1945000.0], [956840.0, 1945000.0], [956840.0, 1944960.0], [956880.0, 1944960.0]]], [[[957020.0, 1944940.0], [957020.0, 1944980.0], [957060.0, 1944980.0], [957060.0, 1944940.0], [957020.0, 1944940.0]]], [[[957420.0, 1945000.0], [957500.0, 1945000.0], [957500.0, 1944960.0], [957420.0, 1944960.0], [957420.0, 1945000.0]]], [[[956900.0, 1945060.0], [956920.0, 1945060.0], [956920.0, 1945040.0], [956960.0, 1945040.0], [956960.0, 1945060.0], [957000.0, 1945080.0], [957000.0, 1945120.0], [957080.0, 1945100.0], [957080.0, 1945080.0], [957100.0, 1945080.0], [957100.0, 1945020.0], [957080.0, 1945020.0], [957060.0, 1945060.0], [957020.0, 1945060.0], [957020.0, 1945040.0], [957000.0, 1945040.0], [957000.0, 1945020.0], [956980.0, 1945020.0], [956960.0, 1944980.0], [956940.0, 1944980.0], [956940.0, 1945000.0], [956900.0, 1945020.0], [956900.0, 1945060.0]]], [[[956920.0, 1945360.0], [956960.0, 1945340.0], [956960.0, 1945260.0], [956920.0, 1945260.0], [956920.0, 1945360.0]]], [[[956700.0, 1945300.0], [956660.0, 1945300.0], [956660.0, 1945340.0], [956640.0, 1945340.0], [956640.0, 1945400.0], [956680.0, 1945400.0], [956680.0, 1945380.0], [956700.0, 1945380.0], [956700.0, 1945300.0]]], [[[957340.0, 1945480.0], [957360.0, 1945480.0], [957360.0, 1945400.0], [957320.0, 1945420.0], [957320.0, 1945460.0], [957340.0, 1945460.0], [957340.0, 1945480.0]]], [[[957260.0, 1945460.0], [957280.0, 1945460.0], [957280.0, 1945440.0], [957260.0, 1945440.0], [957260.0, 1945460.0]]], [[[957300.0, 1945460.0], [957280.0, 1945460.0], [957280.0, 1945480.0], [957300.0, 1945480.0], [957300.0, 1945460.0]]], [[[957320.0, 1945500.0], [957340.0, 1945500.0], [957340.0, 1945480.0], [957320.0, 1945480.0], [957320.0, 1945500.0]]], [[[956760.0, 1945520.0], [956780.0, 1945520.0], [956780.0, 1945500.0], [956760.0, 1945500.0], [956760.0, 1945520.0]]], [[[956740.0, 1945980.0], [956720.0, 1945980.0], [956720.0, 1945960.0], [956680.0, 1945960.0], [956680.0, 1946000.0], [956720.0, 1946000.0], [956720.0, 1946020.0], [956740.0, 1946020.0], [956740.0, 1945980.0]]], [[[957200.0, 1946300.0], [957240.0, 1946300.0], [957240.0, 1946080.0], [957200.0, 1946080.0], [957200.0, 1946100.0], [957180.0, 1946100.0], [957180.0, 1946140.0], [957220.0, 1946140.0], [957220.0, 1946260.0], [957200.0, 1946260.0], [957200.0, 1946300.0]]], [[[956760.0, 1946280.0], [956800.0, 1946280.0], [956800.0, 1946260.0], [956760.0, 1946260.0], [956760.0, 1946280.0]]], [[[957120.0, 1946300.0], [957080.0, 1946300.0], [957080.0, 1946340.0], [957120.0, 1946320.0], [957120.0, 1946300.0]]], [[[957240.0, 1946400.0], [957260.0, 1946400.0], [957260.0, 1946380.0], [957240.0, 1946380.0], [957240.0, 1946400.0]]], [[[956620.0, 1946420.0], [956660.0, 1946420.0], [956660.0, 1946380.0], [956620.0, 1946380.0], [956620.0, 1946420.0]]], [[[956500.0, 1946560.0], [956540.0, 1946560.0], [956520.0, 1946520.0], [956500.0, 1946520.0], [956500.0, 1946560.0]]], [[[956720.0, 1946580.0], [956740.0, 1946580.0], [956740.0, 1946540.0], [956720.0, 1946540.0], [956720.0, 1946580.0]]], [[[957360.0, 1946600.0], [957320.0, 1946600.0], [957320.0, 1946580.0], [957300.0, 1946580.0], [957300.0, 1946640.0], [957340.0, 1946640.0], [957340.0, 1946620.0], [957360.0, 1946620.0], [957360.0, 1946600.0]]], [[[957160.0, 1946800.0], [957200.0, 1946800.0], [957180.0, 1946760.0], [957160.0, 1946760.0], [957160.0, 1946800.0]]], [[[957440.0, 1946840.0], [957420.0, 1946840.0], [957420.0, 1946880.0], [957440.0, 1946880.0], [957440.0, 1946840.0]]], [[[957160.0, 1946960.0], [957180.0, 1946960.0], [957200.0, 1947000.0], [957280.0, 1947000.0], [957260.0, 1946920.0], [957220.0, 1946920.0], [957220.0, 1946900.0], [957180.0, 1946900.0], [957180.0, 1946920.0], [957160.0, 1946920.0], [957160.0, 1946960.0]]], [[[957500.0, 1947020.0], [957560.0, 1947020.0], [957560.0, 1946960.0], [957600.0, 1946940.0], [957600.0, 1946880.0], [957560.0, 1946880.0], [957540.0, 1946920.0], [957500.0, 1946940.0], [957500.0, 1947020.0]], [[957520.0, 1947000.0], [957520.0, 1946960.0], [957540.0, 1946960.0], [957540.0, 1947000.0], [957520.0, 1947000.0]]], [[[957380.0, 1947060.0], [957340.0, 1946980.0], [957300.0, 1946980.0], [957300.0, 1947000.0], [957280.0, 1947000.0], [957280.0, 1947020.0], [957300.0, 1947020.0], [957300.0, 1947040.0], [957380.0, 1947060.0]]], [[[957480.0, 1947140.0], [957480.0, 1947120.0], [957500.0, 1947120.0], [957500.0, 1947080.0], [957460.0, 1947080.0], [957460.0, 1947060.0], [957380.0, 1947060.0], [957380.0, 1947080.0], [957400.0, 1947080.0], [957400.0, 1947100.0], [957420.0, 1947100.0], [957440.0, 1947140.0], [957480.0, 1947140.0]]], [[[957500.0, 1947520.0], [957520.0, 1947520.0], [957520.0, 1947500.0], [957500.0, 1947500.0], [957500.0, 1947520.0]]], [[[956540.0, 1947900.0], [956500.0, 1947900.0], [956500.0, 1947960.0], [956540.0, 1947960.0], [956540.0, 1947980.0], [956560.0, 1947980.0], [956560.0, 1947920.0], [956540.0, 1947920.0], [956540.0, 1947900.0]]], [[[956460.0, 1947940.0], [956440.0, 1947940.0], [956440.0, 1948000.0], [956460.0, 1948000.0], [956460.0, 1947940.0]]], [[[956520.0, 1948040.0], [956500.0, 1948040.0], [956500.0, 1948060.0], [956480.0, 1948060.0], [956480.0, 1948080.0], [956520.0, 1948080.0], [956520.0, 1948040.0]]], [[[956580.0, 1948220.0], [956600.0, 1948220.0], [956600.0, 1948180.0], [956580.0, 1948180.0], [956580.0, 1948220.0]]], [[[956500.0, 1948420.0], [956520.0, 1948420.0], [956520.0, 1948380.0], [956500.0, 1948380.0], [956500.0, 1948420.0]]], [[[956460.0, 1948460.0], [956480.0, 1948460.0], [956480.0, 1948400.0], [956440.0, 1948400.0], [956440.0, 1948500.0], [956460.0, 1948500.0], [956460.0, 1948460.0]]], [[[956560.0, 1948480.0], [956580.0, 1948480.0], [956580.0, 1948460.0], [956560.0, 1948460.0], [956560.0, 1948480.0]]], [[[956580.0, 1948540.0], [956640.0, 1948540.0], [956640.0, 1948480.0], [956620.0, 1948480.0], [956620.0, 1948500.0], [956600.0, 1948500.0], [956580.0, 1948540.0]]], [[[956720.0, 1948540.0], [956680.0, 1948540.0], [956680.0, 1948580.0], [956720.0, 1948580.0], [956720.0, 1948540.0]]], [[[956820.0, 1948740.0], [956840.0, 1948740.0], [956840.0, 1948700.0], [956820.0, 1948700.0], [956820.0, 1948740.0]]], [[[956440.0, 1948980.0], [956460.0, 1948980.0], [956460.0, 1948960.0], [956440.0, 1948960.0], [956440.0, 1948980.0]]], [[[956460.0, 1949020.0], [956440.0, 1949020.0], [956440.0, 1949040.0], [956460.0, 1949040.0], [956460.0, 1949020.0]]], [[[957280.0, 1949120.0], [957320.0, 1949120.0], [957320.0, 1949100.0], [957280.0, 1949100.0], [957280.0, 1949120.0]]], [[[956980.0, 1949120.0], [957020.0, 1949120.0], [957020.0, 1949100.0], [956980.0, 1949100.0], [956980.0, 1949120.0]]], [[[958220.0, 1939340.0], [958240.0, 1939340.0], [958240.0, 1939320.0], [958260.0, 1939320.0], [958280.0, 1939280.0], [958240.0, 1939280.0], [958240.0, 1939300.0], [958220.0, 1939300.0], [958220.0, 1939340.0]]], [[[957700.0, 1939740.0], [957740.0, 1939740.0], [957740.0, 1939720.0], [957700.0, 1939720.0], [957700.0, 1939740.0]]], [[[957660.0, 1939780.0], [957620.0, 1939780.0], [957620.0, 1939760.0], [957600.0, 1939760.0], [957600.0, 1939800.0], [957660.0, 1939800.0], [957660.0, 1939780.0]]], [[[958180.0, 1939800.0], [958220.0, 1939800.0], [958220.0, 1939760.0], [958180.0, 1939760.0], [958180.0, 1939800.0]]], [[[958440.0, 1939800.0], [958460.0, 1939800.0], [958460.0, 1939840.0], [958440.0, 1939840.0], [958440.0, 1939880.0], [958480.0, 1939880.0], [958480.0, 1939860.0], [958500.0, 1939860.0], [958500.0, 1939760.0], [958480.0, 1939760.0], [958480.0, 1939740.0], [958440.0, 1939740.0], [958440.0, 1939800.0]]], [[[957880.0, 1939840.0], [957900.0, 1939840.0], [957900.0, 1939800.0], [957880.0, 1939800.0], [957880.0, 1939840.0]]], [[[957800.0, 1939900.0], [957840.0, 1939900.0], [957840.0, 1939920.0], [957880.0, 1939920.0], [957880.0, 1939940.0], [957900.0, 1939940.0], [957900.0, 1939900.0], [957880.0, 1939900.0], [957880.0, 1939880.0], [957840.0, 1939880.0], [957840.0, 1939860.0], [957780.0, 1939860.0], [957760.0, 1939820.0], [957720.0, 1939820.0], [957720.0, 1939800.0], [957660.0, 1939800.0], [957660.0, 1939820.0], [957680.0, 1939820.0], [957680.0, 1939840.0], [957720.0, 1939840.0], [957740.0, 1939880.0], [957800.0, 1939880.0], [957800.0, 1939900.0]]], [[[957920.0, 1939900.0], [957920.0, 1939920.0], [957940.0, 1939920.0], [957940.0, 1939900.0], [957920.0, 1939900.0]]], [[[957940.0, 1939940.0], [957960.0, 1939940.0], [957960.0, 1939920.0], [957940.0, 1939920.0], [957940.0, 1939940.0]]], [[[957940.0, 1939940.0], [957920.0, 1939940.0], [957920.0, 1939960.0], [957940.0, 1939960.0], [957940.0, 1939940.0]]], [[[957560.0, 1939880.0], [957560.0, 1939940.0], [957580.0, 1939940.0], [957580.0, 1939960.0], [957560.0, 1939960.0], [957560.0, 1939980.0], [957540.0, 1939980.0], [957520.0, 1940020.0], [957480.0, 1940020.0], [957460.0, 1940060.0], [957420.0, 1940060.0], [957420.0, 1940100.0], [957460.0, 1940100.0], [957480.0, 1940060.0], [957520.0, 1940060.0], [957540.0, 1940020.0], [957580.0, 1940020.0], [957580.0, 1940000.0], [957620.0, 1939980.0], [957620.0, 1939940.0], [957640.0, 1939940.0], [957640.0, 1939920.0], [957700.0, 1939920.0], [957700.0, 1939900.0], [957740.0, 1939900.0], [957740.0, 1939880.0], [957640.0, 1939880.0], [957640.0, 1939840.0], [957600.0, 1939840.0], [957600.0, 1939860.0], [957620.0, 1939860.0], [957620.0, 1939920.0], [957600.0, 1939920.0], [957600.0, 1939880.0], [957560.0, 1939880.0]]], [[[957580.0, 1940020.0], [957580.0, 1940060.0], [957600.0, 1940060.0], [957600.0, 1940020.0], [957580.0, 1940020.0]]], [[[957920.0, 1940080.0], [957960.0, 1940080.0], [957960.0, 1940040.0], [957920.0, 1940040.0], [957920.0, 1940080.0]]], [[[958040.0, 1939960.0], [958000.0, 1939960.0], [958000.0, 1939940.0], [957980.0, 1939940.0], [957980.0, 1939980.0], [958060.0, 1940020.0], [958060.0, 1940060.0], [958100.0, 1940080.0], [958100.0, 1940120.0], [958140.0, 1940140.0], [958140.0, 1940180.0], [958160.0, 1940180.0], [958180.0, 1940260.0], [958200.0, 1940260.0], [958200.0, 1940280.0], [958220.0, 1940280.0], [958220.0, 1940320.0], [958240.0, 1940320.0], [958260.0, 1940280.0], [958240.0, 1940280.0], [958240.0, 1940240.0], [958200.0, 1940220.0], [958200.0, 1940180.0], [958160.0, 1940160.0], [958160.0, 1940120.0], [958140.0, 1940120.0], [958120.0, 1940040.0], [958100.0, 1940040.0], [958100.0, 1940020.0], [958080.0, 1940020.0], [958080.0, 1940000.0], [958060.0, 1940000.0], [958040.0, 1939960.0]]], [[[957720.0, 1940120.0], [957700.0, 1940120.0], [957700.0, 1940160.0], [957720.0, 1940160.0], [957720.0, 1940120.0]]], [[[958320.0, 1940240.0], [958360.0, 1940240.0], [958360.0, 1940200.0], [958320.0, 1940200.0], [958320.0, 1940240.0]]], [[[958140.0, 1940280.0], [958160.0, 1940280.0], [958160.0, 1940260.0], [958140.0, 1940260.0], [958140.0, 1940280.0]]], [[[957980.0, 1940280.0], [958000.0, 1940280.0], [958000.0, 1940260.0], [957980.0, 1940260.0], [957980.0, 1940280.0]]], [[[958080.0, 1940300.0], [958140.0, 1940300.0], [958140.0, 1940280.0], [958080.0, 1940280.0], [958080.0, 1940300.0]]], [[[957960.0, 1940340.0], [957980.0, 1940340.0], [957980.0, 1940280.0], [957960.0, 1940280.0], [957960.0, 1940340.0]]], [[[958260.0, 1940320.0], [958280.0, 1940320.0], [958280.0, 1940300.0], [958260.0, 1940300.0], [958260.0, 1940320.0]]], [[[958020.0, 1940320.0], [958000.0, 1940320.0], [958000.0, 1940340.0], [958020.0, 1940340.0], [958020.0, 1940320.0]]], [[[958260.0, 1940380.0], [958320.0, 1940380.0], [958320.0, 1940360.0], [958280.0, 1940340.0], [958260.0, 1940380.0]]], [[[957780.0, 1940360.0], [957820.0, 1940360.0], [957820.0, 1940340.0], [957940.0, 1940340.0], [957940.0, 1940320.0], [957800.0, 1940320.0], [957800.0, 1940340.0], [957760.0, 1940340.0], [957760.0, 1940360.0], [957720.0, 1940360.0], [957720.0, 1940380.0], [957680.0, 1940380.0], [957680.0, 1940400.0], [957740.0, 1940400.0], [957740.0, 1940380.0], [957780.0, 1940380.0], [957780.0, 1940360.0]]], [[[958340.0, 1940400.0], [958320.0, 1940400.0], [958320.0, 1940420.0], [958340.0, 1940420.0], [958340.0, 1940400.0]]], [[[958280.0, 1940420.0], [958300.0, 1940420.0], [958300.0, 1940400.0], [958280.0, 1940400.0], [958280.0, 1940420.0]]], [[[957660.0, 1940420.0], [957680.0, 1940420.0], [957680.0, 1940400.0], [957640.0, 1940400.0], [957640.0, 1940420.0], [957620.0, 1940420.0], [957620.0, 1940540.0], [957640.0, 1940540.0], [957640.0, 1940580.0], [957660.0, 1940580.0], [957660.0, 1940500.0], [957640.0, 1940500.0], [957640.0, 1940460.0], [957660.0, 1940460.0], [957660.0, 1940420.0]]], [[[958540.0, 1940500.0], [958580.0, 1940520.0], [958580.0, 1940480.0], [958540.0, 1940480.0], [958540.0, 1940500.0]]], [[[958520.0, 1940520.0], [958500.0, 1940520.0], [958500.0, 1940540.0], [958480.0, 1940540.0], [958480.0, 1940560.0], [958520.0, 1940560.0], [958520.0, 1940520.0]]], [[[957660.0, 1940600.0], [957620.0, 1940600.0], [957620.0, 1940620.0], [957540.0, 1940640.0], [957540.0, 1940660.0], [957520.0, 1940660.0], [957520.0, 1940700.0], [957540.0, 1940700.0], [957560.0, 1940660.0], [957640.0, 1940640.0], [957660.0, 1940600.0]]], [[[958120.0, 1940860.0], [958140.0, 1940860.0], [958140.0, 1940840.0], [958120.0, 1940840.0], [958120.0, 1940860.0]]], [[[958160.0, 1940900.0], [958180.0, 1940900.0], [958180.0, 1940880.0], [958160.0, 1940880.0], [958160.0, 1940900.0]]], [[[958580.0, 1940940.0], [958620.0, 1940940.0], [958620.0, 1940880.0], [958580.0, 1940880.0], [958580.0, 1940940.0]]], [[[958180.0, 1940920.0], [958200.0, 1940920.0], [958200.0, 1940900.0], [958180.0, 1940900.0], [958180.0, 1940920.0]]], [[[958280.0, 1940980.0], [958260.0, 1940980.0], [958260.0, 1941040.0], [958280.0, 1941040.0], [958280.0, 1940980.0]]], [[[958460.0, 1941580.0], [958500.0, 1941560.0], [958500.0, 1941500.0], [958460.0, 1941500.0], [958460.0, 1941580.0]]], [[[957720.0, 1941780.0], [957740.0, 1941780.0], [957740.0, 1941760.0], [957720.0, 1941760.0], [957720.0, 1941780.0]]], [[[958400.0, 1941900.0], [958420.0, 1941900.0], [958440.0, 1941860.0], [958400.0, 1941860.0], [958400.0, 1941900.0]]], [[[958320.0, 1942100.0], [958340.0, 1942100.0], [958340.0, 1942080.0], [958320.0, 1942080.0], [958320.0, 1942100.0]]], [[[958320.0, 1942260.0], [958340.0, 1942260.0], [958340.0, 1942220.0], [958320.0, 1942220.0], [958320.0, 1942260.0]]], [[[957740.0, 1942480.0], [957760.0, 1942480.0], [957760.0, 1942460.0], [957740.0, 1942460.0], [957740.0, 1942480.0]]], [[[957780.0, 1942480.0], [957760.0, 1942480.0], [957760.0, 1942500.0], [957780.0, 1942500.0], [957780.0, 1942480.0]]], [[[957860.0, 1942600.0], [957880.0, 1942600.0], [957880.0, 1942580.0], [957860.0, 1942580.0], [957860.0, 1942600.0]]], [[[957980.0, 1942660.0], [958020.0, 1942660.0], [958020.0, 1942620.0], [957980.0, 1942620.0], [957980.0, 1942660.0]]], [[[958020.0, 1942980.0], [958000.0, 1942980.0], [958000.0, 1942960.0], [957960.0, 1942960.0], [957960.0, 1943040.0], [958000.0, 1943040.0], [958000.0, 1943000.0], [958020.0, 1943000.0], [958020.0, 1942980.0]]], [[[957900.0, 1943240.0], [957960.0, 1943240.0], [957940.0, 1943200.0], [957900.0, 1943200.0], [957900.0, 1943240.0]]], [[[958240.0, 1943280.0], [958260.0, 1943280.0], [958260.0, 1943260.0], [958240.0, 1943260.0], [958240.0, 1943280.0]]], [[[958440.0, 1943420.0], [958480.0, 1943400.0], [958480.0, 1943360.0], [958440.0, 1943360.0], [958440.0, 1943420.0]]], [[[958440.0, 1943440.0], [958420.0, 1943440.0], [958420.0, 1943460.0], [958440.0, 1943460.0], [958440.0, 1943440.0]]], [[[958340.0, 1943660.0], [958400.0, 1943660.0], [958400.0, 1943600.0], [958420.0, 1943600.0], [958420.0, 1943520.0], [958380.0, 1943540.0], [958360.0, 1943620.0], [958340.0, 1943620.0], [958340.0, 1943660.0]]], [[[957800.0, 1943640.0], [957860.0, 1943640.0], [957840.0, 1943600.0], [957800.0, 1943600.0], [957800.0, 1943640.0]]], [[[957880.0, 1943640.0], [957860.0, 1943640.0], [957860.0, 1943660.0], [957880.0, 1943660.0], [957880.0, 1943640.0]]], [[[958100.0, 1943840.0], [958180.0, 1943840.0], [958180.0, 1943820.0], [958220.0, 1943820.0], [958220.0, 1943800.0], [958240.0, 1943800.0], [958240.0, 1943740.0], [958220.0, 1943740.0], [958220.0, 1943700.0], [958200.0, 1943700.0], [958200.0, 1943680.0], [958160.0, 1943660.0], [958160.0, 1943680.0], [958120.0, 1943680.0], [958120.0, 1943700.0], [958060.0, 1943700.0], [958060.0, 1943740.0], [958080.0, 1943740.0], [958080.0, 1943780.0], [958100.0, 1943780.0], [958100.0, 1943840.0]], [[958180.0, 1943720.0], [958180.0, 1943760.0], [958200.0, 1943760.0], [958200.0, 1943780.0], [958140.0, 1943780.0], [958140.0, 1943720.0], [958180.0, 1943720.0]]], [[[958500.0, 1943920.0], [958540.0, 1943920.0], [958540.0, 1943880.0], [958500.0, 1943880.0], [958500.0, 1943920.0]]], [[[957540.0, 1944060.0], [957600.0, 1944060.0], [957600.0, 1944040.0], [957580.0, 1944040.0], [957580.0, 1944020.0], [957540.0, 1944020.0], [957540.0, 1944060.0]]], [[[958300.0, 1944080.0], [958320.0, 1944080.0], [958320.0, 1944040.0], [958340.0, 1944040.0], [958340.0, 1943980.0], [958300.0, 1943980.0], [958300.0, 1943960.0], [958240.0, 1943960.0], [958240.0, 1943980.0], [958220.0, 1943980.0], [958220.0, 1944040.0], [958260.0, 1944040.0], [958260.0, 1944020.0], [958280.0, 1944020.0], [958260.0, 1944140.0], [958300.0, 1944120.0], [958300.0, 1944080.0]]], [[[957600.0, 1944140.0], [957620.0, 1944140.0], [957620.0, 1944120.0], [957600.0, 1944120.0], [957600.0, 1944140.0]]], [[[958220.0, 1944200.0], [958260.0, 1944200.0], [958260.0, 1944160.0], [958220.0, 1944160.0], [958220.0, 1944200.0]]], [[[957540.0, 1944260.0], [957560.0, 1944260.0], [957560.0, 1944220.0], [957540.0, 1944220.0], [957540.0, 1944260.0]]], [[[957580.0, 1944280.0], [957600.0, 1944280.0], [957600.0, 1944260.0], [957580.0, 1944260.0], [957580.0, 1944280.0]]], [[[957800.0, 1944300.0], [957800.0, 1944320.0], [957880.0, 1944320.0], [957880.0, 1944360.0], [957900.0, 1944360.0], [957900.0, 1944380.0], [957920.0, 1944380.0], [957940.0, 1944420.0], [958000.0, 1944420.0], [958000.0, 1944380.0], [958020.0, 1944380.0], [958020.0, 1944360.0], [958060.0, 1944340.0], [958060.0, 1944300.0], [958040.0, 1944300.0], [958040.0, 1944260.0], [958020.0, 1944260.0], [958020.0, 1944220.0], [958000.0, 1944220.0], [958000.0, 1944200.0], [957960.0, 1944200.0], [957940.0, 1944240.0], [957840.0, 1944240.0], [957840.0, 1944220.0], [957820.0, 1944220.0], [957800.0, 1944180.0], [957680.0, 1944180.0], [957680.0, 1944160.0], [957640.0, 1944140.0], [957640.0, 1944200.0], [957680.0, 1944200.0], [957680.0, 1944220.0], [957700.0, 1944220.0], [957700.0, 1944240.0], [957720.0, 1944240.0], [957720.0, 1944260.0], [957740.0, 1944260.0], [957760.0, 1944300.0], [957800.0, 1944300.0]], [[957840.0, 1944260.0], [957860.0, 1944260.0], [957860.0, 1944280.0], [957780.0, 1944280.0], [957780.0, 1944260.0], [957760.0, 1944260.0], [957760.0, 1944220.0], [957800.0, 1944220.0], [957800.0, 1944240.0], [957840.0, 1944240.0], [957840.0, 1944260.0]], [[957960.0, 1944400.0], [957960.0, 1944380.0], [957980.0, 1944380.0], [957980.0, 1944400.0], [957960.0, 1944400.0]], [[957940.0, 1944320.0], [957940.0, 1944260.0], [957960.0, 1944260.0], [957960.0, 1944240.0], [957980.0, 1944240.0], [958000.0, 1944320.0], [957940.0, 1944320.0]]], [[[957840.0, 1944640.0], [957820.0, 1944640.0], [957840.0, 1944600.0], [957820.0, 1944600.0], [957820.0, 1944580.0], [957780.0, 1944580.0], [957780.0, 1944600.0], [957760.0, 1944600.0], [957780.0, 1944680.0], [957820.0, 1944680.0], [957820.0, 1944660.0], [957840.0, 1944660.0], [957840.0, 1944640.0]]], [[[957760.0, 1944780.0], [957800.0, 1944780.0], [957800.0, 1944740.0], [957760.0, 1944740.0], [957760.0, 1944780.0]]], [[[957940.0, 1944800.0], [957920.0, 1944800.0], [957920.0, 1944820.0], [957900.0, 1944820.0], [957900.0, 1944840.0], [957940.0, 1944840.0], [957940.0, 1944800.0]]], [[[957740.0, 1944840.0], [957760.0, 1944840.0], [957760.0, 1944820.0], [957700.0, 1944820.0], [957700.0, 1944880.0], [957740.0, 1944880.0], [957740.0, 1944840.0]]], [[[957620.0, 1945100.0], [957600.0, 1945100.0], [957600.0, 1945080.0], [957580.0, 1945080.0], [957560.0, 1945040.0], [957540.0, 1945040.0], [957540.0, 1945020.0], [957500.0, 1945040.0], [957500.0, 1945120.0], [957540.0, 1945120.0], [957540.0, 1945140.0], [957640.0, 1945140.0], [957640.0, 1945120.0], [957620.0, 1945120.0], [957620.0, 1945100.0]]], [[[957660.0, 1945140.0], [957640.0, 1945140.0], [957640.0, 1945180.0], [957660.0, 1945180.0], [957660.0, 1945200.0], [957680.0, 1945200.0], [957680.0, 1945160.0], [957660.0, 1945160.0], [957660.0, 1945140.0]]], [[[958320.0, 1945440.0], [958340.0, 1945440.0], [958340.0, 1945420.0], [958320.0, 1945420.0], [958320.0, 1945440.0]]], [[[958500.0, 1945460.0], [958480.0, 1945460.0], [958480.0, 1945480.0], [958500.0, 1945480.0], [958500.0, 1945460.0]]], [[[957900.0, 1945580.0], [958000.0, 1945580.0], [958000.0, 1945600.0], [958080.0, 1945600.0], [958080.0, 1945560.0], [958060.0, 1945560.0], [958060.0, 1945540.0], [958040.0, 1945540.0], [958040.0, 1945520.0], [958000.0, 1945500.0], [958000.0, 1945460.0], [957960.0, 1945440.0], [957960.0, 1945400.0], [957860.0, 1945400.0], [957860.0, 1945500.0], [957840.0, 1945500.0], [957840.0, 1945520.0], [957860.0, 1945520.0], [957860.0, 1945540.0], [957880.0, 1945540.0], [957900.0, 1945580.0]], [[957960.0, 1945480.0], [957960.0, 1945520.0], [957980.0, 1945520.0], [957980.0, 1945540.0], [957900.0, 1945540.0], [957900.0, 1945480.0], [957960.0, 1945480.0]]], [[[958280.0, 1945880.0], [958300.0, 1945880.0], [958300.0, 1945840.0], [958260.0, 1945820.0], [958260.0, 1945780.0], [958240.0, 1945780.0], [958240.0, 1945760.0], [958200.0, 1945760.0], [958200.0, 1945780.0], [958180.0, 1945780.0], [958180.0, 1945840.0], [958200.0, 1945840.0], [958200.0, 1945860.0], [958220.0, 1945860.0], [958240.0, 1945900.0], [958280.0, 1945900.0], [958280.0, 1945880.0]]], [[[957640.0, 1946800.0], [957700.0, 1946800.0], [957700.0, 1946780.0], [957680.0, 1946780.0], [957680.0, 1946740.0], [957640.0, 1946760.0], [957640.0, 1946800.0]]], [[[958580.0, 1947020.0], [958600.0, 1947020.0], [958600.0, 1947000.0], [958580.0, 1947000.0], [958580.0, 1947020.0]]], [[[958020.0, 1947200.0], [958060.0, 1947200.0], [958060.0, 1947160.0], [958020.0, 1947160.0], [958020.0, 1947200.0]]], [[[957560.0, 1947200.0], [957600.0, 1947200.0], [957600.0, 1947220.0], [957620.0, 1947220.0], [957620.0, 1947240.0], [957640.0, 1947240.0], [957640.0, 1947260.0], [957660.0, 1947260.0], [957680.0, 1947300.0], [957740.0, 1947300.0], [957760.0, 1947340.0], [957800.0, 1947340.0], [957780.0, 1947260.0], [957720.0, 1947260.0], [957720.0, 1947240.0], [957700.0, 1947240.0], [957700.0, 1947220.0], [957660.0, 1947220.0], [957660.0, 1947200.0], [957640.0, 1947200.0], [957640.0, 1947180.0], [957600.0, 1947180.0], [957600.0, 1947160.0], [957560.0, 1947160.0], [957560.0, 1947140.0], [957500.0, 1947140.0], [957500.0, 1947180.0], [957560.0, 1947180.0], [957560.0, 1947200.0]]], [[[958420.0, 1947320.0], [958440.0, 1947320.0], [958440.0, 1947340.0], [958460.0, 1947340.0], [958460.0, 1947300.0], [958480.0, 1947300.0], [958480.0, 1947280.0], [958440.0, 1947280.0], [958440.0, 1947300.0], [958420.0, 1947300.0], [958420.0, 1947320.0]]], [[[958120.0, 1947380.0], [958180.0, 1947380.0], [958180.0, 1947340.0], [958120.0, 1947340.0], [958120.0, 1947380.0]]], [[[958000.0, 1947380.0], [958020.0, 1947380.0], [958020.0, 1947340.0], [958000.0, 1947340.0], [958000.0, 1947320.0], [957920.0, 1947340.0], [957920.0, 1947400.0], [958000.0, 1947400.0], [958000.0, 1947380.0]]], [[[957680.0, 1947500.0], [957720.0, 1947500.0], [957720.0, 1947440.0], [957700.0, 1947440.0], [957700.0, 1947480.0], [957680.0, 1947480.0], [957680.0, 1947500.0]]], [[[957600.0, 1947640.0], [957620.0, 1947640.0], [957620.0, 1947620.0], [957600.0, 1947620.0], [957600.0, 1947640.0]]], [[[957960.0, 1947980.0], [957920.0, 1947980.0], [957920.0, 1948000.0], [957940.0, 1948000.0], [957940.0, 1948020.0], [957960.0, 1948020.0], [957960.0, 1947980.0]]], [[[958520.0, 1948060.0], [958580.0, 1948060.0], [958580.0, 1948040.0], [958560.0, 1948040.0], [958560.0, 1948020.0], [958520.0, 1948020.0], [958520.0, 1948060.0]]], [[[957740.0, 1948100.0], [957760.0, 1948100.0], [957780.0, 1948140.0], [957820.0, 1948140.0], [957820.0, 1948120.0], [957800.0, 1948120.0], [957800.0, 1948100.0], [957780.0, 1948100.0], [957780.0, 1948080.0], [957760.0, 1948080.0], [957740.0, 1948040.0], [957720.0, 1948040.0], [957720.0, 1948020.0], [957680.0, 1948000.0], [957680.0, 1948040.0], [957700.0, 1948040.0], [957700.0, 1948060.0], [957720.0, 1948060.0], [957720.0, 1948080.0], [957740.0, 1948080.0], [957740.0, 1948100.0]]], [[[958580.0, 1948080.0], [958540.0, 1948080.0], [958540.0, 1948100.0], [958520.0, 1948100.0], [958520.0, 1948140.0], [958580.0, 1948140.0], [958580.0, 1948080.0]]], [[[958340.0, 1948320.0], [958360.0, 1948320.0], [958360.0, 1948280.0], [958340.0, 1948280.0], [958340.0, 1948320.0]]], [[[958240.0, 1948320.0], [958260.0, 1948320.0], [958260.0, 1948300.0], [958240.0, 1948300.0], [958240.0, 1948320.0]]], [[[958540.0, 1948340.0], [958560.0, 1948340.0], [958560.0, 1948300.0], [958540.0, 1948300.0], [958540.0, 1948340.0]]], [[[958780.0, 1939260.0], [958800.0, 1939260.0], [958800.0, 1939240.0], [958780.0, 1939240.0], [958780.0, 1939260.0]]], [[[959580.0, 1939360.0], [959620.0, 1939360.0], [959620.0, 1939340.0], [959600.0, 1939340.0], [959600.0, 1939320.0], [959580.0, 1939320.0], [959580.0, 1939360.0]]], [[[959600.0, 1939500.0], [959580.0, 1939500.0], [959580.0, 1939520.0], [959560.0, 1939520.0], [959560.0, 1939540.0], [959520.0, 1939560.0], [959520.0, 1939600.0], [959540.0, 1939600.0], [959540.0, 1939580.0], [959560.0, 1939580.0], [959560.0, 1939560.0], [959600.0, 1939540.0], [959600.0, 1939500.0]]], [[[959640.0, 1940000.0], [959680.0, 1940000.0], [959680.0, 1939980.0], [959640.0, 1939980.0], [959640.0, 1940000.0]]], [[[959840.0, 1940040.0], [959860.0, 1940040.0], [959860.0, 1940020.0], [959840.0, 1940020.0], [959840.0, 1940040.0]]], [[[958700.0, 1940040.0], [958620.0, 1940040.0], [958620.0, 1940100.0], [958640.0, 1940100.0], [958640.0, 1940120.0], [958680.0, 1940120.0], [958680.0, 1940100.0], [958700.0, 1940100.0], [958700.0, 1940040.0]]], [[[959620.0, 1940120.0], [959640.0, 1940120.0], [959640.0, 1940100.0], [959620.0, 1940100.0], [959620.0, 1940120.0]]], [[[959580.0, 1940320.0], [959600.0, 1940320.0], [959600.0, 1940280.0], [959580.0, 1940280.0], [959580.0, 1940320.0]]], [[[959720.0, 1940380.0], [959680.0, 1940380.0], [959680.0, 1940400.0], [959720.0, 1940400.0], [959720.0, 1940380.0]]], [[[959460.0, 1940420.0], [959480.0, 1940420.0], [959480.0, 1940400.0], [959460.0, 1940400.0], [959460.0, 1940420.0]]], [[[959520.0, 1940420.0], [959540.0, 1940420.0], [959540.0, 1940400.0], [959520.0, 1940400.0], [959520.0, 1940420.0]]], [[[959460.0, 1940500.0], [959480.0, 1940500.0], [959480.0, 1940480.0], [959460.0, 1940480.0], [959460.0, 1940500.0]]], [[[959420.0, 1940540.0], [959440.0, 1940540.0], [959440.0, 1940460.0], [959420.0, 1940460.0], [959420.0, 1940540.0]]], [[[959360.0, 1940580.0], [959380.0, 1940580.0], [959380.0, 1940560.0], [959360.0, 1940560.0], [959360.0, 1940580.0]]], [[[959360.0, 1940580.0], [959340.0, 1940580.0], [959340.0, 1940600.0], [959360.0, 1940600.0], [959360.0, 1940580.0]]], [[[959340.0, 1940680.0], [959320.0, 1940680.0], [959320.0, 1940700.0], [959340.0, 1940700.0], [959340.0, 1940680.0]]], [[[959240.0, 1940740.0], [959300.0, 1940740.0], [959300.0, 1940720.0], [959240.0, 1940720.0], [959240.0, 1940740.0]]], [[[959660.0, 1940760.0], [959680.0, 1940760.0], [959680.0, 1940720.0], [959660.0, 1940720.0], [959660.0, 1940760.0]]], [[[959620.0, 1940760.0], [959640.0, 1940760.0], [959640.0, 1940740.0], [959620.0, 1940740.0], [959620.0, 1940760.0]]], [[[958960.0, 1940820.0], [958980.0, 1940820.0], [958980.0, 1940840.0], [959040.0, 1940840.0], [959040.0, 1940800.0], [959000.0, 1940800.0], [958980.0, 1940760.0], [958940.0, 1940760.0], [958940.0, 1940800.0], [958960.0, 1940800.0], [958960.0, 1940820.0]]], [[[959580.0, 1940860.0], [959620.0, 1940860.0], [959620.0, 1940820.0], [959580.0, 1940820.0], [959580.0, 1940860.0]]], [[[959180.0, 1940960.0], [959200.0, 1940960.0], [959200.0, 1940860.0], [959220.0, 1940860.0], [959240.0, 1940780.0], [959200.0, 1940800.0], [959200.0, 1940840.0], [959180.0, 1940840.0], [959180.0, 1940960.0]]], [[[959540.0, 1940900.0], [959520.0, 1940900.0], [959520.0, 1940920.0], [959540.0, 1940920.0], [959540.0, 1940900.0]]], [[[959180.0, 1941040.0], [959200.0, 1941040.0], [959200.0, 1940980.0], [959180.0, 1940980.0], [959180.0, 1941040.0]]], [[[959160.0, 1941160.0], [959180.0, 1941160.0], [959180.0, 1941040.0], [959160.0, 1941040.0], [959160.0, 1941160.0]]], [[[958920.0, 1941100.0], [958940.0, 1941100.0], [958960.0, 1941140.0], [959000.0, 1941140.0], [959000.0, 1941120.0], [958980.0, 1941120.0], [958980.0, 1941100.0], [958960.0, 1941100.0], [958940.0, 1941060.0], [958920.0, 1941060.0], [958920.0, 1941100.0]]], [[[958600.0, 1941260.0], [958620.0, 1941260.0], [958620.0, 1941240.0], [958600.0, 1941240.0], [958600.0, 1941260.0]]], [[[959140.0, 1941340.0], [959160.0, 1941340.0], [959160.0, 1941300.0], [959140.0, 1941300.0], [959140.0, 1941340.0]]], [[[959140.0, 1941420.0], [959160.0, 1941420.0], [959160.0, 1941380.0], [959140.0, 1941380.0], [959140.0, 1941420.0]]], [[[959360.0, 1941460.0], [959380.0, 1941460.0], [959380.0, 1941480.0], [959340.0, 1941480.0], [959340.0, 1941520.0], [959400.0, 1941520.0], [959400.0, 1941480.0], [959440.0, 1941480.0], [959440.0, 1941420.0], [959420.0, 1941420.0], [959420.0, 1941380.0], [959400.0, 1941380.0], [959400.0, 1941360.0], [959420.0, 1941360.0], [959420.0, 1941320.0], [959400.0, 1941320.0], [959400.0, 1941300.0], [959340.0, 1941300.0], [959340.0, 1941320.0], [959320.0, 1941320.0], [959320.0, 1941360.0], [959360.0, 1941380.0], [959360.0, 1941460.0]]], [[[959120.0, 1941520.0], [959140.0, 1941520.0], [959140.0, 1941480.0], [959120.0, 1941480.0], [959120.0, 1941520.0]]], [[[959020.0, 1941580.0], [959000.0, 1941580.0], [959000.0, 1941540.0], [958980.0, 1941540.0], [958980.0, 1941620.0], [959000.0, 1941620.0], [959000.0, 1941600.0], [959020.0, 1941600.0], [959020.0, 1941580.0]]], [[[960160.0, 1942740.0], [960120.0, 1942740.0], [960100.0, 1942700.0], [960060.0, 1942700.0], [960040.0, 1942660.0], [960000.0, 1942660.0], [960000.0, 1942640.0], [959980.0, 1942640.0], [959960.0, 1942600.0], [959920.0, 1942600.0], [959920.0, 1942580.0], [959900.0, 1942580.0], [959880.0, 1942540.0], [959840.0, 1942540.0], [959840.0, 1942520.0], [959820.0, 1942520.0], [959820.0, 1942500.0], [959800.0, 1942500.0], [959800.0, 1942480.0], [959780.0, 1942480.0], [959780.0, 1942460.0], [959740.0, 1942440.0], [959740.0, 1942400.0], [959720.0, 1942400.0], [959720.0, 1942380.0], [959700.0, 1942380.0], [959700.0, 1942360.0], [959660.0, 1942340.0], [959660.0, 1942280.0], [959640.0, 1942280.0], [959640.0, 1942260.0], [959600.0, 1942240.0], [959580.0, 1942160.0], [959560.0, 1942160.0], [959560.0, 1942140.0], [959520.0, 1942120.0], [959500.0, 1942040.0], [959480.0, 1942040.0], [959480.0, 1942020.0], [959440.0, 1942000.0], [959440.0, 1941960.0], [959420.0, 1941960.0], [959420.0, 1941940.0], [959400.0, 1941940.0], [959400.0, 1941920.0], [959380.0, 1941920.0], [959380.0, 1941900.0], [959340.0, 1941880.0], [959340.0, 1941840.0], [959320.0, 1941840.0], [959300.0, 1941800.0], [959240.0, 1941800.0], [959240.0, 1941780.0], [959200.0, 1941780.0], [959200.0, 1941760.0], [959180.0, 1941760.0], [959180.0, 1941740.0], [959140.0, 1941720.0], [959140.0, 1941680.0], [959100.0, 1941680.0], [959100.0, 1941700.0], [958940.0, 1941680.0], [958940.0, 1941660.0], [958880.0, 1941660.0], [958880.0, 1941640.0], [958840.0, 1941640.0], [958840.0, 1941620.0], [958780.0, 1941620.0], [958760.0, 1941580.0], [958720.0, 1941580.0], [958720.0, 1941560.0], [958700.0, 1941560.0], [958700.0, 1941520.0], [958680.0, 1941520.0], [958680.0, 1941500.0], [958660.0, 1941500.0], [958660.0, 1941480.0], [958620.0, 1941460.0], [958620.0, 1941420.0], [958600.0, 1941420.0], [958600.0, 1941400.0], [958560.0, 1941380.0], [958560.0, 1941340.0], [958540.0, 1941340.0], [958540.0, 1941320.0], [958520.0, 1941320.0], [958520.0, 1941280.0], [958480.0, 1941260.0], [958480.0, 1941220.0], [958460.0, 1941220.0], [958440.0, 1941140.0], [958420.0, 1941140.0], [958420.0, 1941120.0], [958380.0, 1941100.0], [958380.0, 1940980.0], [958400.0, 1940980.0], [958400.0, 1940940.0], [958420.0, 1940940.0], [958420.0, 1940880.0], [958440.0, 1940880.0], [958440.0, 1940820.0], [958460.0, 1940820.0], [958460.0, 1940720.0], [958480.0, 1940720.0], [958480.0, 1940680.0], [958460.0, 1940680.0], [958460.0, 1940620.0], [958440.0, 1940620.0], [958440.0, 1940580.0], [958420.0, 1940580.0], [958420.0, 1940540.0], [958400.0, 1940540.0], [958380.0, 1940460.0], [958360.0, 1940460.0], [958360.0, 1940440.0], [958320.0, 1940440.0], [958320.0, 1940480.0], [958360.0, 1940500.0], [958380.0, 1940580.0], [958400.0, 1940580.0], [958400.0, 1940600.0], [958420.0, 1940600.0], [958420.0, 1940640.0], [958440.0, 1940640.0], [958440.0, 1940720.0], [958420.0, 1940720.0], [958420.0, 1940780.0], [958400.0, 1940780.0], [958400.0, 1940860.0], [958380.0, 1940860.0], [958380.0, 1940920.0], [958360.0, 1940920.0], [958360.0, 1940980.0], [958340.0, 1940980.0], [958340.0, 1941120.0], [958380.0, 1941140.0], [958380.0, 1941180.0], [958400.0, 1941180.0], [958400.0, 1941200.0], [958420.0, 1941200.0], [958420.0, 1941240.0], [958460.0, 1941260.0], [958460.0, 1941300.0], [958480.0, 1941300.0], [958480.0, 1941340.0], [958520.0, 1941360.0], [958520.0, 1941400.0], [958540.0, 1941400.0], [958540.0, 1941420.0], [958560.0, 1941420.0], [958560.0, 1941440.0], [958580.0, 1941440.0], [958580.0, 1941460.0], [958620.0, 1941480.0], [958620.0, 1941520.0], [958640.0, 1941520.0], [958640.0, 1941540.0], [958660.0, 1941540.0], [958660.0, 1941560.0], [958680.0, 1941560.0], [958680.0, 1941580.0], [958700.0, 1941580.0], [958700.0, 1941600.0], [958720.0, 1941600.0], [958720.0, 1941620.0], [958740.0, 1941620.0], [958760.0, 1941660.0], [958800.0, 1941660.0], [958800.0, 1941680.0], [958860.0, 1941680.0], [958860.0, 1941700.0], [958940.0, 1941700.0], [958940.0, 1941720.0], [959020.0, 1941720.0], [959020.0, 1941740.0], [959080.0, 1941740.0], [959080.0, 1941760.0], [959120.0, 1941760.0], [959120.0, 1941780.0], [959180.0, 1941780.0], [959200.0, 1941820.0], [959240.0, 1941820.0], [959240.0, 1941840.0], [959260.0, 1941840.0], [959280.0, 1941880.0], [959320.0, 1941880.0], [959320.0, 1941900.0], [959360.0, 1941920.0], [959380.0, 1942000.0], [959400.0, 1942000.0], [959400.0, 1942020.0], [959420.0, 1942020.0], [959420.0, 1942040.0], [959460.0, 1942060.0], [959480.0, 1942140.0], [959500.0, 1942140.0], [959500.0, 1942160.0], [959520.0, 1942160.0], [959520.0, 1942180.0], [959560.0, 1942200.0], [959560.0, 1942240.0], [959600.0, 1942260.0], [959600.0, 1942300.0], [959620.0, 1942300.0], [959620.0, 1942340.0], [959660.0, 1942360.0], [959660.0, 1942400.0], [959700.0, 1942420.0], [959700.0, 1942460.0], [959720.0, 1942460.0], [959720.0, 1942480.0], [959740.0, 1942480.0], [959740.0, 1942500.0], [959760.0, 1942500.0], [959780.0, 1942540.0], [959820.0, 1942540.0], [959820.0, 1942560.0], [959840.0, 1942560.0], [959860.0, 1942600.0], [959900.0, 1942600.0], [959900.0, 1942620.0], [959920.0, 1942620.0], [959940.0, 1942660.0], [959980.0, 1942660.0], [960000.0, 1942700.0], [960040.0, 1942700.0], [960060.0, 1942740.0], [960100.0, 1942740.0], [960100.0, 1942760.0], [960120.0, 1942760.0], [960120.0, 1942780.0], [960140.0, 1942780.0], [960140.0, 1942800.0], [960160.0, 1942800.0], [960180.0, 1942840.0], [960220.0, 1942840.0], [960220.0, 1942860.0], [960240.0, 1942860.0], [960260.0, 1942900.0], [960300.0, 1942900.0], [960300.0, 1942920.0], [960320.0, 1942920.0], [960320.0, 1942940.0], [960360.0, 1942940.0], [960380.0, 1942980.0], [960440.0, 1942980.0], [960440.0, 1942960.0], [960420.0, 1942960.0], [960420.0, 1942940.0], [960380.0, 1942940.0], [960380.0, 1942920.0], [960360.0, 1942920.0], [960340.0, 1942880.0], [960300.0, 1942880.0], [960280.0, 1942840.0], [960240.0, 1942840.0], [960240.0, 1942820.0], [960220.0, 1942820.0], [960220.0, 1942800.0], [960200.0, 1942800.0], [960200.0, 1942780.0], [960180.0, 1942780.0], [960160.0, 1942740.0]]], [[[959080.0, 1942140.0], [959120.0, 1942140.0], [959120.0, 1942100.0], [959080.0, 1942100.0], [959080.0, 1942140.0]]], [[[959240.0, 1942100.0], [959200.0, 1942100.0], [959200.0, 1942180.0], [959240.0, 1942200.0], [959240.0, 1942100.0]]], [[[959780.0, 1942120.0], [959740.0, 1942120.0], [959740.0, 1942160.0], [959720.0, 1942160.0], [959720.0, 1942200.0], [959780.0, 1942200.0], [959780.0, 1942120.0]]], [[[959160.0, 1942160.0], [959140.0, 1942160.0], [959140.0, 1942180.0], [959160.0, 1942180.0], [959160.0, 1942160.0]]], [[[959580.0, 1942420.0], [959620.0, 1942420.0], [959620.0, 1942380.0], [959580.0, 1942380.0], [959580.0, 1942420.0]]], [[[959340.0, 1942460.0], [959400.0, 1942460.0], [959380.0, 1942420.0], [959340.0, 1942420.0], [959340.0, 1942460.0]]], [[[959420.0, 1942620.0], [959500.0, 1942620.0], [959500.0, 1942660.0], [959540.0, 1942660.0], [959540.0, 1942620.0], [959500.0, 1942600.0], [959500.0, 1942560.0], [959480.0, 1942560.0], [959480.0, 1942520.0], [959460.0, 1942520.0], [959460.0, 1942500.0], [959420.0, 1942500.0], [959420.0, 1942580.0], [959380.0, 1942580.0], [959380.0, 1942660.0], [959420.0, 1942660.0], [959420.0, 1942620.0]]], [[[959380.0, 1942720.0], [959400.0, 1942720.0], [959400.0, 1942740.0], [959440.0, 1942740.0], [959440.0, 1942760.0], [959480.0, 1942740.0], [959480.0, 1942720.0], [959460.0, 1942720.0], [959440.0, 1942680.0], [959380.0, 1942680.0], [959380.0, 1942720.0]]], [[[959760.0, 1942820.0], [959720.0, 1942820.0], [959720.0, 1942840.0], [959740.0, 1942840.0], [959740.0, 1942860.0], [959760.0, 1942860.0], [959760.0, 1942820.0]]], [[[958760.0, 1942880.0], [958800.0, 1942880.0], [958800.0, 1942840.0], [958760.0, 1942840.0], [958760.0, 1942880.0]]], [[[959860.0, 1943220.0], [959820.0, 1943220.0], [959820.0, 1943280.0], [959860.0, 1943280.0], [959860.0, 1943220.0]]], [[[959380.0, 1943700.0], [959420.0, 1943700.0], [959420.0, 1943660.0], [959380.0, 1943660.0], [959380.0, 1943700.0]]], [[[958600.0, 1943920.0], [958620.0, 1943920.0], [958620.0, 1943900.0], [958600.0, 1943900.0], [958600.0, 1943920.0]]], [[[958860.0, 1943920.0], [958840.0, 1943920.0], [958840.0, 1943960.0], [958860.0, 1943960.0], [958860.0, 1943920.0]]], [[[958860.0, 1943980.0], [958820.0, 1943960.0], [958820.0, 1943920.0], [958780.0, 1943920.0], [958780.0, 1943940.0], [958660.0, 1943920.0], [958660.0, 1944000.0], [958780.0, 1944000.0], [958780.0, 1944020.0], [958840.0, 1944020.0], [958840.0, 1944040.0], [958880.0, 1944040.0], [958880.0, 1944000.0], [958860.0, 1944000.0], [958860.0, 1943980.0]]], [[[959360.0, 1944100.0], [959320.0, 1944100.0], [959320.0, 1944140.0], [959340.0, 1944140.0], [959340.0, 1944160.0], [959380.0, 1944160.0], [959380.0, 1944120.0], [959360.0, 1944120.0], [959360.0, 1944100.0]]], [[[958720.0, 1944340.0], [958700.0, 1944340.0], [958700.0, 1944380.0], [958720.0, 1944380.0], [958720.0, 1944340.0]]], [[[958760.0, 1944720.0], [958800.0, 1944720.0], [958800.0, 1944700.0], [958760.0, 1944700.0], [958760.0, 1944720.0]]], [[[959040.0, 1944760.0], [959080.0, 1944760.0], [959060.0, 1944720.0], [959040.0, 1944720.0], [959040.0, 1944760.0]]], [[[959180.0, 1944820.0], [959220.0, 1944820.0], [959220.0, 1944780.0], [959180.0, 1944780.0], [959180.0, 1944820.0]]], [[[959700.0, 1944880.0], [959720.0, 1944880.0], [959720.0, 1944860.0], [959700.0, 1944860.0], [959700.0, 1944880.0]]], [[[959820.0, 1945060.0], [959880.0, 1945060.0], [959880.0, 1945020.0], [959840.0, 1945000.0], [959840.0, 1945020.0], [959820.0, 1945020.0], [959820.0, 1945060.0]]], [[[959680.0, 1945160.0], [959700.0, 1945160.0], [959700.0, 1945120.0], [959680.0, 1945120.0], [959680.0, 1945160.0]]], [[[959880.0, 1945500.0], [959840.0, 1945500.0], [959840.0, 1945520.0], [959880.0, 1945520.0], [959880.0, 1945500.0]]], [[[958860.0, 1945500.0], [958820.0, 1945500.0], [958800.0, 1945540.0], [958780.0, 1945540.0], [958780.0, 1945580.0], [958800.0, 1945580.0], [958800.0, 1945600.0], [958860.0, 1945600.0], [958860.0, 1945580.0], [958880.0, 1945580.0], [958880.0, 1945520.0], [958860.0, 1945520.0], [958860.0, 1945500.0]]], [[[959760.0, 1945600.0], [959780.0, 1945600.0], [959780.0, 1945580.0], [959760.0, 1945580.0], [959760.0, 1945600.0]]], [[[959060.0, 1946040.0], [959080.0, 1946040.0], [959080.0, 1946020.0], [959060.0, 1946020.0], [959060.0, 1946040.0]]], [[[959200.0, 1946340.0], [959220.0, 1946340.0], [959220.0, 1946320.0], [959200.0, 1946320.0], [959200.0, 1946340.0]]], [[[959080.0, 1946660.0], [959120.0, 1946660.0], [959100.0, 1946620.0], [959080.0, 1946620.0], [959080.0, 1946660.0]]], [[[959140.0, 1947000.0], [959160.0, 1947000.0], [959160.0, 1946960.0], [959140.0, 1946960.0], [959140.0, 1947000.0]]], [[[958700.0, 1947080.0], [958740.0, 1947080.0], [958740.0, 1947040.0], [958680.0, 1947040.0], [958700.0, 1947080.0]]], [[[958760.0, 1947240.0], [958800.0, 1947240.0], [958800.0, 1947220.0], [958760.0, 1947220.0], [958760.0, 1947240.0]]], [[[959340.0, 1947260.0], [959280.0, 1947260.0], [959280.0, 1947300.0], [959300.0, 1947300.0], [959300.0, 1947320.0], [959340.0, 1947320.0], [959340.0, 1947260.0]]], [[[959240.0, 1947380.0], [959260.0, 1947380.0], [959260.0, 1947320.0], [959220.0, 1947300.0], [959220.0, 1947360.0], [959240.0, 1947360.0], [959240.0, 1947380.0]]], [[[959160.0, 1947320.0], [959140.0, 1947320.0], [959140.0, 1947300.0], [959100.0, 1947300.0], [959100.0, 1947380.0], [959160.0, 1947380.0], [959160.0, 1947320.0]]], [[[959200.0, 1947440.0], [959240.0, 1947440.0], [959240.0, 1947400.0], [959200.0, 1947400.0], [959200.0, 1947440.0]]], [[[959120.0, 1947460.0], [959140.0, 1947460.0], [959140.0, 1947420.0], [959120.0, 1947420.0], [959120.0, 1947460.0]]], [[[959180.0, 1947420.0], [959160.0, 1947420.0], [959160.0, 1947460.0], [959180.0, 1947460.0], [959180.0, 1947420.0]]], [[[959140.0, 1947480.0], [959160.0, 1947480.0], [959160.0, 1947460.0], [959140.0, 1947460.0], [959140.0, 1947480.0]]], [[[959040.0, 1947560.0], [959080.0, 1947560.0], [959080.0, 1947500.0], [959100.0, 1947500.0], [959100.0, 1947400.0], [959040.0, 1947400.0], [959040.0, 1947480.0], [959060.0, 1947480.0], [959060.0, 1947500.0], [959040.0, 1947500.0], [959040.0, 1947560.0]]], [[[959220.0, 1947480.0], [959200.0, 1947480.0], [959200.0, 1947500.0], [959220.0, 1947500.0], [959220.0, 1947480.0]]], [[[959220.0, 1947540.0], [959200.0, 1947540.0], [959200.0, 1947520.0], [959180.0, 1947520.0], [959180.0, 1947580.0], [959220.0, 1947580.0], [959220.0, 1947540.0]]], [[[959020.0, 1947560.0], [958980.0, 1947560.0], [958980.0, 1947540.0], [958960.0, 1947540.0], [958960.0, 1947620.0], [959020.0, 1947620.0], [959020.0, 1947560.0]]], [[[958980.0, 1947680.0], [959040.0, 1947680.0], [959040.0, 1947640.0], [959000.0, 1947640.0], [958980.0, 1947680.0]]], [[[958900.0, 1947820.0], [958980.0, 1947820.0], [958980.0, 1947800.0], [958900.0, 1947800.0], [958900.0, 1947820.0]]], [[[958900.0, 1947820.0], [958880.0, 1947820.0], [958880.0, 1947860.0], [958900.0, 1947860.0], [958900.0, 1947820.0]]], [[[959620.0, 1947940.0], [959640.0, 1947940.0], [959640.0, 1947900.0], [959620.0, 1947900.0], [959620.0, 1947940.0]]], [[[959640.0, 1947980.0], [959660.0, 1947980.0], [959660.0, 1947960.0], [959640.0, 1947960.0], [959640.0, 1947980.0]]], [[[959540.0, 1948000.0], [959500.0, 1948000.0], [959500.0, 1948020.0], [959480.0, 1948020.0], [959480.0, 1948040.0], [959540.0, 1948040.0], [959540.0, 1948000.0]]], [[[959100.0, 1948040.0], [959140.0, 1948040.0], [959140.0, 1948000.0], [959100.0, 1948000.0], [959100.0, 1948040.0]]], [[[958800.0, 1948140.0], [958740.0, 1948140.0], [958740.0, 1948160.0], [958780.0, 1948180.0], [958800.0, 1948140.0]]], [[[958840.0, 1948400.0], [958800.0, 1948400.0], [958800.0, 1948420.0], [958780.0, 1948420.0], [958780.0, 1948440.0], [958840.0, 1948440.0], [958840.0, 1948400.0]]], [[[958700.0, 1948480.0], [958740.0, 1948480.0], [958760.0, 1948440.0], [958700.0, 1948440.0], [958700.0, 1948480.0]]], [[[959340.0, 1949020.0], [959360.0, 1949020.0], [959380.0, 1948980.0], [959340.0, 1948980.0], [959340.0, 1949020.0]]], [[[960260.0, 1939260.0], [960280.0, 1939260.0], [960280.0, 1939240.0], [960260.0, 1939240.0], [960260.0, 1939260.0]]], [[[960860.0, 1939300.0], [960880.0, 1939300.0], [960880.0, 1939280.0], [960900.0, 1939280.0], [960900.0, 1939260.0], [960840.0, 1939260.0], [960860.0, 1939300.0]]], [[[960540.0, 1939440.0], [960500.0, 1939440.0], [960500.0, 1939460.0], [960480.0, 1939460.0], [960480.0, 1939500.0], [960500.0, 1939500.0], [960500.0, 1939480.0], [960540.0, 1939480.0], [960540.0, 1939440.0]]], [[[960100.0, 1939460.0], [960080.0, 1939460.0], [960080.0, 1939500.0], [960100.0, 1939500.0], [960100.0, 1939460.0]]], [[[960040.0, 1939560.0], [960080.0, 1939560.0], [960060.0, 1939520.0], [960040.0, 1939520.0], [960040.0, 1939560.0]]], [[[961040.0, 1939620.0], [961060.0, 1939620.0], [961060.0, 1939540.0], [961040.0, 1939540.0], [961040.0, 1939620.0]]], [[[960960.0, 1939600.0], [960980.0, 1939600.0], [960980.0, 1939580.0], [960960.0, 1939580.0], [960960.0, 1939600.0]]], [[[961000.0, 1939640.0], [961040.0, 1939640.0], [961040.0, 1939620.0], [961000.0, 1939620.0], [961000.0, 1939640.0]]], [[[960940.0, 1939680.0], [960960.0, 1939680.0], [960960.0, 1939600.0], [960940.0, 1939600.0], [960940.0, 1939680.0]]], [[[960580.0, 1939640.0], [960580.0, 1939660.0], [960600.0, 1939660.0], [960600.0, 1939640.0], [960580.0, 1939640.0]]], [[[960980.0, 1939640.0], [960980.0, 1939660.0], [961000.0, 1939660.0], [961000.0, 1939640.0], [960980.0, 1939640.0]]], [[[960540.0, 1939680.0], [960560.0, 1939680.0], [960560.0, 1939660.0], [960540.0, 1939660.0], [960540.0, 1939680.0]]], [[[960720.0, 1939720.0], [960780.0, 1939720.0], [960780.0, 1939700.0], [960720.0, 1939700.0], [960720.0, 1939720.0]]], [[[961020.0, 1939720.0], [961020.0, 1939700.0], [960980.0, 1939700.0], [960980.0, 1939740.0], [961000.0, 1939740.0], [961000.0, 1939760.0], [961040.0, 1939760.0], [961040.0, 1939720.0], [961020.0, 1939720.0]]], [[[960300.0, 1939820.0], [960340.0, 1939820.0], [960340.0, 1939800.0], [960360.0, 1939800.0], [960360.0, 1939740.0], [960380.0, 1939740.0], [960380.0, 1939660.0], [960360.0, 1939660.0], [960360.0, 1939700.0], [960340.0, 1939700.0], [960340.0, 1939760.0], [960320.0, 1939760.0], [960320.0, 1939780.0], [960300.0, 1939780.0], [960300.0, 1939800.0], [960280.0, 1939800.0], [960260.0, 1939840.0], [960300.0, 1939840.0], [960300.0, 1939820.0]]], [[[961060.0, 1939800.0], [961120.0, 1939800.0], [961120.0, 1939780.0], [961080.0, 1939780.0], [961080.0, 1939760.0], [961040.0, 1939760.0], [961060.0, 1939800.0]]], [[[959880.0, 1939780.0], [959840.0, 1939780.0], [959840.0, 1939800.0], [959880.0, 1939800.0], [959880.0, 1939780.0]]], [[[960220.0, 1939900.0], [960260.0, 1939880.0], [960260.0, 1939840.0], [960220.0, 1939840.0], [960220.0, 1939900.0]]], [[[960180.0, 1939940.0], [960200.0, 1939940.0], [960200.0, 1939920.0], [960180.0, 1939920.0], [960180.0, 1939940.0]]], [[[960040.0, 1939960.0], [960100.0, 1939960.0], [960100.0, 1939920.0], [960040.0, 1939920.0], [960040.0, 1939960.0]]], [[[959900.0, 1940020.0], [959920.0, 1940020.0], [959920.0, 1940000.0], [959900.0, 1940000.0], [959900.0, 1940020.0]]], [[[959880.0, 1940060.0], [959900.0, 1940060.0], [959900.0, 1940040.0], [959880.0, 1940040.0], [959880.0, 1940060.0]]], [[[959840.0, 1940100.0], [959880.0, 1940100.0], [959880.0, 1940080.0], [959840.0, 1940080.0], [959840.0, 1940100.0]]], [[[960080.0, 1940140.0], [960080.0, 1940120.0], [960100.0, 1940120.0], [960100.0, 1940080.0], [960140.0, 1940060.0], [960140.0, 1940020.0], [960160.0, 1940020.0], [960180.0, 1939940.0], [960160.0, 1939940.0], [960160.0, 1939960.0], [960120.0, 1939980.0], [960120.0, 1940040.0], [960100.0, 1940040.0], [960100.0, 1940060.0], [960080.0, 1940060.0], [960080.0, 1940080.0], [960040.0, 1940100.0], [960040.0, 1940140.0], [960020.0, 1940140.0], [960020.0, 1940180.0], [960000.0, 1940180.0], [960000.0, 1940220.0], [959980.0, 1940220.0], [959980.0, 1940240.0], [960020.0, 1940240.0], [960020.0, 1940220.0], [960040.0, 1940220.0], [960040.0, 1940280.0], [960020.0, 1940280.0], [960020.0, 1940300.0], [959980.0, 1940320.0], [959980.0, 1940400.0], [960020.0, 1940400.0], [960020.0, 1940380.0], [960060.0, 1940380.0], [960060.0, 1940360.0], [960080.0, 1940360.0], [960080.0, 1940320.0], [960060.0, 1940320.0], [960060.0, 1940220.0], [960100.0, 1940220.0], [960100.0, 1940160.0], [960060.0, 1940160.0], [960060.0, 1940140.0], [960080.0, 1940140.0]], [[960060.0, 1940180.0], [960060.0, 1940200.0], [960040.0, 1940200.0], [960040.0, 1940180.0], [960060.0, 1940180.0]]], [[[960400.0, 1940260.0], [960440.0, 1940260.0], [960440.0, 1940220.0], [960400.0, 1940220.0], [960400.0, 1940260.0]]], [[[960000.0, 1940280.0], [960020.0, 1940280.0], [960020.0, 1940260.0], [960000.0, 1940260.0], [960000.0, 1940280.0]]], [[[959720.0, 1940380.0], [959800.0, 1940380.0], [959800.0, 1940360.0], [959880.0, 1940360.0], [959880.0, 1940340.0], [959940.0, 1940340.0], [959940.0, 1940320.0], [959980.0, 1940320.0], [960000.0, 1940280.0], [959960.0, 1940260.0], [959940.0, 1940300.0], [959900.0, 1940300.0], [959900.0, 1940320.0], [959840.0, 1940320.0], [959840.0, 1940340.0], [959760.0, 1940340.0], [959760.0, 1940360.0], [959720.0, 1940360.0], [959720.0, 1940380.0]]], [[[960120.0, 1940340.0], [960140.0, 1940340.0], [960140.0, 1940320.0], [960120.0, 1940320.0], [960120.0, 1940340.0]]], [[[960180.0, 1940380.0], [960220.0, 1940380.0], [960220.0, 1940360.0], [960180.0, 1940360.0], [960180.0, 1940380.0]]], [[[960180.0, 1940380.0], [960160.0, 1940380.0], [960160.0, 1940400.0], [960180.0, 1940400.0], [960180.0, 1940380.0]]], [[[960220.0, 1940440.0], [960260.0, 1940440.0], [960260.0, 1940400.0], [960240.0, 1940400.0], [960240.0, 1940420.0], [960220.0, 1940420.0], [960220.0, 1940440.0]]], [[[960180.0, 1940440.0], [960200.0, 1940440.0], [960200.0, 1940420.0], [960180.0, 1940420.0], [960180.0, 1940440.0]]], [[[960920.0, 1942040.0], [960940.0, 1942040.0], [960940.0, 1942020.0], [960920.0, 1942020.0], [960920.0, 1942040.0]]], [[[959880.0, 1942340.0], [959820.0, 1942340.0], [959820.0, 1942380.0], [959840.0, 1942380.0], [959840.0, 1942420.0], [959900.0, 1942420.0], [959900.0, 1942380.0], [959940.0, 1942380.0], [959940.0, 1942340.0], [959920.0, 1942340.0], [959920.0, 1942360.0], [959880.0, 1942360.0], [959880.0, 1942340.0]]], [[[959920.0, 1942440.0], [959860.0, 1942440.0], [959860.0, 1942460.0], [959880.0, 1942460.0], [959880.0, 1942480.0], [959920.0, 1942480.0], [959920.0, 1942440.0]]], [[[960260.0, 1942740.0], [960320.0, 1942740.0], [960320.0, 1942680.0], [960300.0, 1942680.0], [960300.0, 1942660.0], [960260.0, 1942660.0], [960260.0, 1942680.0], [960240.0, 1942680.0], [960240.0, 1942720.0], [960260.0, 1942720.0], [960260.0, 1942740.0]]], [[[960880.0, 1942680.0], [960840.0, 1942680.0], [960840.0, 1942700.0], [960860.0, 1942700.0], [960860.0, 1942720.0], [960880.0, 1942720.0], [960880.0, 1942680.0]]], [[[960360.0, 1942740.0], [960340.0, 1942740.0], [960340.0, 1942760.0], [960360.0, 1942760.0], [960360.0, 1942740.0]]], [[[960460.0, 1942760.0], [960440.0, 1942760.0], [960440.0, 1942780.0], [960420.0, 1942780.0], [960420.0, 1942840.0], [960460.0, 1942840.0], [960460.0, 1942760.0]]], [[[959920.0, 1942880.0], [959860.0, 1942880.0], [959860.0, 1942900.0], [959880.0, 1942900.0], [959880.0, 1942920.0], [959920.0, 1942920.0], [959920.0, 1942880.0]]], [[[960840.0, 1942860.0], [960860.0, 1942860.0], [960860.0, 1943020.0], [960820.0, 1943040.0], [960820.0, 1943100.0], [960840.0, 1943100.0], [960840.0, 1943120.0], [960860.0, 1943120.0], [960860.0, 1943100.0], [960900.0, 1943100.0], [960920.0, 1943060.0], [960960.0, 1943060.0], [960960.0, 1942920.0], [960980.0, 1942920.0], [960980.0, 1942880.0], [961000.0, 1942880.0], [960980.0, 1942840.0], [960940.0, 1942840.0], [960940.0, 1942820.0], [960900.0, 1942820.0], [960900.0, 1942800.0], [960840.0, 1942800.0], [960840.0, 1942860.0]], [[960940.0, 1942920.0], [960940.0, 1942960.0], [960920.0, 1942960.0], [960920.0, 1942980.0], [960880.0, 1942980.0], [960900.0, 1942900.0], [960940.0, 1942920.0]]], [[[960500.0, 1943060.0], [960520.0, 1943060.0], [960520.0, 1943040.0], [960500.0, 1943040.0], [960500.0, 1943060.0]]], [[[960540.0, 1943100.0], [960580.0, 1943100.0], [960580.0, 1943120.0], [960620.0, 1943120.0], [960620.0, 1943100.0], [960540.0, 1943060.0], [960540.0, 1943100.0]]], [[[961100.0, 1943140.0], [961060.0, 1943140.0], [961060.0, 1943180.0], [961100.0, 1943180.0], [961100.0, 1943140.0]]], [[[960680.0, 1943200.0], [960720.0, 1943200.0], [960720.0, 1943180.0], [960700.0, 1943180.0], [960680.0, 1943140.0], [960640.0, 1943140.0], [960660.0, 1943180.0], [960680.0, 1943180.0], [960680.0, 1943200.0]]], [[[960520.0, 1943240.0], [960560.0, 1943240.0], [960560.0, 1943220.0], [960520.0, 1943220.0], [960520.0, 1943240.0]]], [[[960200.0, 1943280.0], [960220.0, 1943280.0], [960220.0, 1943240.0], [960200.0, 1943240.0], [960200.0, 1943280.0]]], [[[960160.0, 1943320.0], [960200.0, 1943320.0], [960200.0, 1943300.0], [960160.0, 1943300.0], [960160.0, 1943320.0]]], [[[960740.0, 1943320.0], [960760.0, 1943320.0], [960760.0, 1943300.0], [960740.0, 1943300.0], [960740.0, 1943320.0]]], [[[960600.0, 1943640.0], [960540.0, 1943640.0], [960540.0, 1943680.0], [960560.0, 1943680.0], [960560.0, 1943700.0], [960600.0, 1943700.0], [960600.0, 1943640.0]]], [[[960020.0, 1943760.0], [960000.0, 1943760.0], [960000.0, 1943800.0], [960020.0, 1943800.0], [960020.0, 1943760.0]]], [[[960160.0, 1944060.0], [960180.0, 1944060.0], [960180.0, 1944020.0], [960160.0, 1944020.0], [960160.0, 1944060.0]]], [[[960040.0, 1944240.0], [960020.0, 1944240.0], [960020.0, 1944220.0], [959980.0, 1944220.0], [959980.0, 1944280.0], [960040.0, 1944280.0], [960040.0, 1944240.0]]], [[[960640.0, 1944420.0], [960680.0, 1944420.0], [960680.0, 1944440.0], [960720.0, 1944440.0], [960720.0, 1944460.0], [960820.0, 1944460.0], [960820.0, 1944480.0], [960880.0, 1944480.0], [960880.0, 1944440.0], [960860.0, 1944440.0], [960840.0, 1944400.0], [960800.0, 1944400.0], [960800.0, 1944380.0], [960720.0, 1944380.0], [960720.0, 1944360.0], [960660.0, 1944360.0], [960660.0, 1944340.0], [960580.0, 1944340.0], [960580.0, 1944360.0], [960560.0, 1944360.0], [960560.0, 1944420.0], [960580.0, 1944420.0], [960580.0, 1944440.0], [960640.0, 1944440.0], [960640.0, 1944420.0]]], [[[960520.0, 1944660.0], [960540.0, 1944660.0], [960540.0, 1944640.0], [960520.0, 1944640.0], [960520.0, 1944660.0]]], [[[960240.0, 1944740.0], [960240.0, 1944720.0], [960200.0, 1944720.0], [960200.0, 1944740.0], [960240.0, 1944740.0]]], [[[960240.0, 1944740.0], [960240.0, 1944780.0], [960260.0, 1944780.0], [960260.0, 1944740.0], [960240.0, 1944740.0]]], [[[960240.0, 1944780.0], [960200.0, 1944780.0], [960200.0, 1944800.0], [960240.0, 1944800.0], [960240.0, 1944780.0]]], [[[960200.0, 1945160.0], [960140.0, 1945160.0], [960140.0, 1945180.0], [960180.0, 1945180.0], [960180.0, 1945200.0], [960200.0, 1945200.0], [960200.0, 1945160.0]]], [[[960280.0, 1945240.0], [960340.0, 1945240.0], [960340.0, 1945200.0], [960280.0, 1945200.0], [960280.0, 1945240.0]]], [[[960200.0, 1945360.0], [960220.0, 1945360.0], [960220.0, 1945340.0], [960200.0, 1945340.0], [960200.0, 1945360.0]]], [[[960140.0, 1945400.0], [960160.0, 1945400.0], [960160.0, 1945380.0], [960140.0, 1945380.0], [960140.0, 1945400.0]]], [[[959980.0, 1945440.0], [960040.0, 1945440.0], [960040.0, 1945420.0], [960100.0, 1945420.0], [960120.0, 1945380.0], [960020.0, 1945380.0], [960000.0, 1945420.0], [959980.0, 1945420.0], [959980.0, 1945440.0]]], [[[959980.0, 1945440.0], [959940.0, 1945440.0], [959940.0, 1945460.0], [959980.0, 1945460.0], [959980.0, 1945440.0]]], [[[960240.0, 1945380.0], [960280.0, 1945380.0], [960280.0, 1945400.0], [960400.0, 1945400.0], [960400.0, 1945420.0], [960420.0, 1945420.0], [960440.0, 1945460.0], [960480.0, 1945460.0], [960480.0, 1945600.0], [960520.0, 1945600.0], [960520.0, 1945560.0], [960540.0, 1945560.0], [960540.0, 1945520.0], [960560.0, 1945520.0], [960560.0, 1945420.0], [960520.0, 1945400.0], [960520.0, 1945380.0], [960500.0, 1945380.0], [960500.0, 1945360.0], [960480.0, 1945360.0], [960460.0, 1945320.0], [960340.0, 1945320.0], [960320.0, 1945360.0], [960240.0, 1945360.0], [960240.0, 1945380.0]]], [[[960840.0, 1945460.0], [960780.0, 1945460.0], [960780.0, 1945480.0], [960760.0, 1945480.0], [960760.0, 1945520.0], [960820.0, 1945520.0], [960820.0, 1945500.0], [960840.0, 1945500.0], [960840.0, 1945520.0], [960900.0, 1945520.0], [960900.0, 1945480.0], [960840.0, 1945480.0], [960840.0, 1945460.0]]], [[[960820.0, 1945600.0], [960800.0, 1945600.0], [960780.0, 1945560.0], [960720.0, 1945560.0], [960720.0, 1945600.0], [960740.0, 1945600.0], [960740.0, 1945620.0], [960820.0, 1945620.0], [960820.0, 1945600.0]]], [[[959900.0, 1945740.0], [959880.0, 1945740.0], [959880.0, 1945760.0], [959900.0, 1945760.0], [959900.0, 1945740.0]]], [[[960060.0, 1945860.0], [960100.0, 1945860.0], [960100.0, 1945820.0], [960060.0, 1945820.0], [960060.0, 1945860.0]]], [[[961060.0, 1946120.0], [961120.0, 1946120.0], [961120.0, 1946100.0], [961060.0, 1946100.0], [961060.0, 1946120.0]]], [[[961060.0, 1946120.0], [961040.0, 1946120.0], [961040.0, 1946160.0], [961060.0, 1946160.0], [961060.0, 1946120.0]]], [[[960240.0, 1946420.0], [960280.0, 1946420.0], [960280.0, 1946380.0], [960240.0, 1946380.0], [960240.0, 1946420.0]]], [[[960060.0, 1946960.0], [960100.0, 1946960.0], [960100.0, 1946900.0], [960060.0, 1946900.0], [960060.0, 1946960.0]]], [[[961020.0, 1946960.0], [961040.0, 1946960.0], [961040.0, 1946940.0], [961020.0, 1946940.0], [961020.0, 1946960.0]]], [[[959940.0, 1947020.0], [959980.0, 1947020.0], [959980.0, 1946980.0], [959940.0, 1946980.0], [959940.0, 1947020.0]]], [[[961080.0, 1947100.0], [961120.0, 1947100.0], [961120.0, 1947080.0], [961080.0, 1947080.0], [961080.0, 1947100.0]]], [[[961040.0, 1947180.0], [961060.0, 1947180.0], [961060.0, 1947140.0], [961040.0, 1947140.0], [961040.0, 1947180.0]]], [[[960820.0, 1947200.0], [960840.0, 1947200.0], [960840.0, 1947120.0], [960800.0, 1947120.0], [960800.0, 1947200.0], [960780.0, 1947200.0], [960780.0, 1947240.0], [960820.0, 1947240.0], [960820.0, 1947200.0]]], [[[960120.0, 1947160.0], [960080.0, 1947160.0], [960080.0, 1947220.0], [960100.0, 1947220.0], [960100.0, 1947260.0], [960120.0, 1947260.0], [960120.0, 1947280.0], [960180.0, 1947280.0], [960180.0, 1947240.0], [960140.0, 1947220.0], [960140.0, 1947180.0], [960120.0, 1947180.0], [960120.0, 1947160.0]]], [[[960940.0, 1947260.0], [960960.0, 1947260.0], [960960.0, 1947240.0], [960940.0, 1947240.0], [960940.0, 1947260.0]]], [[[960120.0, 1947440.0], [960140.0, 1947440.0], [960140.0, 1947520.0], [960160.0, 1947520.0], [960160.0, 1947580.0], [960180.0, 1947580.0], [960180.0, 1947600.0], [960160.0, 1947600.0], [960180.0, 1947640.0], [960220.0, 1947640.0], [960220.0, 1947580.0], [960200.0, 1947580.0], [960200.0, 1947520.0], [960180.0, 1947520.0], [960180.0, 1947460.0], [960160.0, 1947460.0], [960160.0, 1947440.0], [960200.0, 1947440.0], [960200.0, 1947380.0], [960180.0, 1947380.0], [960180.0, 1947340.0], [960160.0, 1947340.0], [960160.0, 1947320.0], [960120.0, 1947320.0], [960120.0, 1947340.0], [960100.0, 1947340.0], [960100.0, 1947360.0], [960120.0, 1947360.0], [960120.0, 1947440.0]]], [[[960820.0, 1947540.0], [960780.0, 1947540.0], [960780.0, 1947580.0], [960760.0, 1947580.0], [960760.0, 1947600.0], [960800.0, 1947600.0], [960800.0, 1947560.0], [960820.0, 1947560.0], [960820.0, 1947540.0]]], [[[960360.0, 1947720.0], [960380.0, 1947720.0], [960380.0, 1947660.0], [960300.0, 1947660.0], [960300.0, 1947680.0], [960240.0, 1947680.0], [960220.0, 1947720.0], [960180.0, 1947720.0], [960180.0, 1947780.0], [960260.0, 1947780.0], [960260.0, 1947760.0], [960320.0, 1947760.0], [960320.0, 1947740.0], [960360.0, 1947740.0], [960360.0, 1947720.0]]], [[[960540.0, 1948400.0], [960520.0, 1948400.0], [960520.0, 1948360.0], [960380.0, 1948360.0], [960380.0, 1948380.0], [960360.0, 1948380.0], [960360.0, 1948480.0], [960380.0, 1948480.0], [960380.0, 1948500.0], [960440.0, 1948500.0], [960440.0, 1948480.0], [960480.0, 1948480.0], [960480.0, 1948460.0], [960540.0, 1948460.0], [960540.0, 1948400.0]]], [[[960700.0, 1948520.0], [960740.0, 1948540.0], [960740.0, 1948500.0], [960700.0, 1948500.0], [960700.0, 1948520.0]]], [[[960340.0, 1948800.0], [960320.0, 1948800.0], [960320.0, 1948820.0], [960300.0, 1948820.0], [960300.0, 1948840.0], [960340.0, 1948840.0], [960340.0, 1948800.0]]], [[[960600.0, 1948860.0], [960620.0, 1948860.0], [960620.0, 1948820.0], [960600.0, 1948820.0], [960600.0, 1948860.0]]], [[[962100.0, 1939400.0], [962120.0, 1939400.0], [962120.0, 1939360.0], [962100.0, 1939360.0], [962100.0, 1939400.0]]], [[[961320.0, 1939460.0], [961360.0, 1939460.0], [961360.0, 1939440.0], [961320.0, 1939440.0], [961320.0, 1939460.0]]], [[[961280.0, 1939480.0], [961300.0, 1939480.0], [961300.0, 1939440.0], [961280.0, 1939440.0], [961280.0, 1939480.0]]], [[[961380.0, 1939540.0], [961400.0, 1939540.0], [961400.0, 1939480.0], [961380.0, 1939480.0], [961380.0, 1939460.0], [961360.0, 1939460.0], [961360.0, 1939500.0], [961300.0, 1939500.0], [961300.0, 1939520.0], [961380.0, 1939520.0], [961380.0, 1939540.0]]], [[[961480.0, 1939500.0], [961420.0, 1939500.0], [961420.0, 1939540.0], [961480.0, 1939540.0], [961480.0, 1939500.0]]], [[[961360.0, 1939620.0], [961380.0, 1939620.0], [961380.0, 1939600.0], [961360.0, 1939600.0], [961360.0, 1939620.0]]], [[[961180.0, 1940040.0], [961200.0, 1940040.0], [961200.0, 1940060.0], [961280.0, 1940060.0], [961280.0, 1939980.0], [961260.0, 1939980.0], [961260.0, 1939960.0], [961240.0, 1939960.0], [961240.0, 1939940.0], [961200.0, 1939920.0], [961200.0, 1939860.0], [961180.0, 1939860.0], [961180.0, 1939840.0], [961140.0, 1939840.0], [961140.0, 1939920.0], [961180.0, 1939920.0], [961180.0, 1939960.0], [961200.0, 1939960.0], [961200.0, 1940020.0], [961180.0, 1940020.0], [961180.0, 1940040.0]]], [[[962320.0, 1940040.0], [962320.0, 1940060.0], [962380.0, 1940060.0], [962380.0, 1940040.0], [962320.0, 1940040.0]]], [[[962400.0, 1940040.0], [962400.0, 1940060.0], [962420.0, 1940060.0], [962420.0, 1940040.0], [962400.0, 1940040.0]]], [[[962460.0, 1940080.0], [962500.0, 1940080.0], [962500.0, 1940060.0], [962460.0, 1940060.0], [962460.0, 1940080.0]]], [[[962260.0, 1940060.0], [962220.0, 1940060.0], [962220.0, 1940100.0], [962260.0, 1940100.0], [962260.0, 1940060.0]]], [[[962500.0, 1940100.0], [962520.0, 1940100.0], [962520.0, 1940080.0], [962500.0, 1940080.0], [962500.0, 1940100.0]]], [[[962540.0, 1940100.0], [962560.0, 1940100.0], [962560.0, 1940080.0], [962540.0, 1940080.0], [962540.0, 1940100.0]]], [[[962200.0, 1940120.0], [962220.0, 1940120.0], [962220.0, 1940100.0], [962200.0, 1940100.0], [962200.0, 1940120.0]]], [[[961320.0, 1940160.0], [961340.0, 1940160.0], [961340.0, 1940100.0], [961320.0, 1940100.0], [961320.0, 1940160.0]]], [[[961940.0, 1940200.0], [961960.0, 1940200.0], [961960.0, 1940180.0], [961940.0, 1940180.0], [961940.0, 1940200.0]]], [[[961340.0, 1940260.0], [961360.0, 1940260.0], [961360.0, 1940240.0], [961340.0, 1940240.0], [961340.0, 1940260.0]]], [[[961460.0, 1940400.0], [961440.0, 1940400.0], [961440.0, 1940420.0], [961460.0, 1940420.0], [961460.0, 1940400.0]]], [[[961460.0, 1940500.0], [961480.0, 1940500.0], [961480.0, 1940480.0], [961460.0, 1940480.0], [961460.0, 1940500.0]]], [[[961500.0, 1940540.0], [961520.0, 1940540.0], [961520.0, 1940520.0], [961500.0, 1940520.0], [961500.0, 1940540.0]]], [[[961900.0, 1940760.0], [961940.0, 1940780.0], [961940.0, 1940740.0], [961900.0, 1940740.0], [961900.0, 1940760.0]]], [[[961900.0, 1940760.0], [961880.0, 1940760.0], [961880.0, 1940780.0], [961900.0, 1940780.0], [961900.0, 1940760.0]]], [[[961860.0, 1941920.0], [961880.0, 1941920.0], [961880.0, 1941900.0], [961860.0, 1941900.0], [961860.0, 1941920.0]]], [[[961860.0, 1941920.0], [961840.0, 1941920.0], [961840.0, 1941940.0], [961860.0, 1941940.0], [961860.0, 1941920.0]]], [[[961840.0, 1941960.0], [961800.0, 1941960.0], [961800.0, 1941980.0], [961840.0, 1941980.0], [961840.0, 1941960.0]]], [[[961600.0, 1942040.0], [961620.0, 1942040.0], [961620.0, 1942020.0], [961600.0, 1942020.0], [961600.0, 1942040.0]]], [[[961560.0, 1942080.0], [961580.0, 1942080.0], [961580.0, 1942060.0], [961560.0, 1942060.0], [961560.0, 1942080.0]]], [[[961340.0, 1942200.0], [961360.0, 1942200.0], [961360.0, 1942220.0], [961440.0, 1942220.0], [961440.0, 1942200.0], [961400.0, 1942200.0], [961400.0, 1942180.0], [961440.0, 1942180.0], [961440.0, 1942160.0], [961480.0, 1942160.0], [961480.0, 1942140.0], [961540.0, 1942140.0], [961540.0, 1942160.0], [961560.0, 1942160.0], [961560.0, 1942080.0], [961520.0, 1942080.0], [961520.0, 1942100.0], [961480.0, 1942100.0], [961480.0, 1942120.0], [961420.0, 1942120.0], [961400.0, 1942160.0], [961340.0, 1942160.0], [961340.0, 1942200.0]]], [[[962260.0, 1942880.0], [962320.0, 1942880.0], [962320.0, 1942860.0], [962260.0, 1942860.0], [962260.0, 1942880.0]]], [[[962340.0, 1942880.0], [962320.0, 1942880.0], [962320.0, 1942900.0], [962300.0, 1942900.0], [962300.0, 1942920.0], [962340.0, 1942920.0], [962340.0, 1942880.0]]], [[[962380.0, 1943020.0], [962400.0, 1943020.0], [962400.0, 1942980.0], [962380.0, 1942980.0], [962380.0, 1943020.0]]], [[[961420.0, 1943140.0], [961380.0, 1943140.0], [961380.0, 1943120.0], [961320.0, 1943120.0], [961320.0, 1943160.0], [961340.0, 1943160.0], [961340.0, 1943180.0], [961420.0, 1943180.0], [961420.0, 1943140.0]]], [[[962060.0, 1943180.0], [962120.0, 1943180.0], [962120.0, 1943140.0], [962060.0, 1943140.0], [962060.0, 1943180.0]]], [[[961960.0, 1943300.0], [961980.0, 1943300.0], [961980.0, 1943280.0], [962000.0, 1943280.0], [962000.0, 1943240.0], [961960.0, 1943260.0], [961960.0, 1943300.0]]], [[[961500.0, 1943320.0], [961480.0, 1943320.0], [961480.0, 1943360.0], [961500.0, 1943360.0], [961500.0, 1943320.0]]], [[[961700.0, 1943420.0], [961740.0, 1943420.0], [961720.0, 1943380.0], [961700.0, 1943380.0], [961700.0, 1943420.0]]], [[[961900.0, 1943360.0], [961840.0, 1943360.0], [961840.0, 1943380.0], [961780.0, 1943380.0], [961780.0, 1943440.0], [961800.0, 1943440.0], [961800.0, 1943460.0], [961920.0, 1943460.0], [961920.0, 1943420.0], [961900.0, 1943420.0], [961920.0, 1943380.0], [961900.0, 1943380.0], [961900.0, 1943360.0]]], [[[961420.0, 1943460.0], [961360.0, 1943460.0], [961360.0, 1943480.0], [961420.0, 1943480.0], [961420.0, 1943460.0]]], [[[961880.0, 1943600.0], [961840.0, 1943600.0], [961840.0, 1943620.0], [961860.0, 1943620.0], [961860.0, 1943640.0], [961880.0, 1943640.0], [961880.0, 1943600.0]]], [[[962560.0, 1943820.0], [962580.0, 1943820.0], [962580.0, 1943780.0], [962560.0, 1943780.0], [962560.0, 1943760.0], [962600.0, 1943740.0], [962600.0, 1943660.0], [962560.0, 1943660.0], [962540.0, 1943740.0], [962460.0, 1943740.0], [962460.0, 1943780.0], [962480.0, 1943780.0], [962480.0, 1943820.0], [962500.0, 1943820.0], [962500.0, 1943840.0], [962560.0, 1943840.0], [962560.0, 1943820.0]]], [[[962020.0, 1943780.0], [962040.0, 1943780.0], [962040.0, 1943760.0], [962020.0, 1943760.0], [962020.0, 1943780.0]]], [[[961560.0, 1944040.0], [961600.0, 1944040.0], [961600.0, 1943980.0], [961560.0, 1943980.0], [961560.0, 1944040.0]]], [[[961600.0, 1944100.0], [961660.0, 1944100.0], [961660.0, 1944060.0], [961600.0, 1944060.0], [961600.0, 1944100.0]]], [[[961500.0, 1944100.0], [961540.0, 1944100.0], [961540.0, 1944060.0], [961500.0, 1944060.0], [961500.0, 1944100.0]]], [[[961340.0, 1944000.0], [961340.0, 1944020.0], [961360.0, 1944020.0], [961360.0, 1944060.0], [961340.0, 1944060.0], [961340.0, 1944120.0], [961320.0, 1944120.0], [961320.0, 1944160.0], [961300.0, 1944160.0], [961300.0, 1944240.0], [961340.0, 1944240.0], [961340.0, 1944200.0], [961360.0, 1944200.0], [961360.0, 1944100.0], [961380.0, 1944100.0], [961380.0, 1944060.0], [961420.0, 1944060.0], [961420.0, 1944020.0], [961400.0, 1944020.0], [961400.0, 1944000.0], [961380.0, 1944000.0], [961360.0, 1943960.0], [961300.0, 1943960.0], [961300.0, 1943980.0], [961280.0, 1943980.0], [961280.0, 1944020.0], [961300.0, 1944020.0], [961300.0, 1944000.0], [961340.0, 1944000.0]]], [[[961740.0, 1944120.0], [961740.0, 1944080.0], [961680.0, 1944080.0], [961700.0, 1944120.0], [961740.0, 1944120.0]]], [[[962300.0, 1944240.0], [962320.0, 1944240.0], [962320.0, 1944200.0], [962300.0, 1944200.0], [962300.0, 1944240.0]]], [[[962520.0, 1944280.0], [962500.0, 1944280.0], [962500.0, 1944260.0], [962460.0, 1944260.0], [962460.0, 1944320.0], [962500.0, 1944320.0], [962500.0, 1944300.0], [962520.0, 1944300.0], [962520.0, 1944280.0]]], [[[962220.0, 1944660.0], [962260.0, 1944660.0], [962260.0, 1944620.0], [962220.0, 1944620.0], [962220.0, 1944660.0]]], [[[961400.0, 1944680.0], [961380.0, 1944680.0], [961380.0, 1944720.0], [961420.0, 1944720.0], [961420.0, 1944680.0], [961480.0, 1944680.0], [961480.0, 1944660.0], [961460.0, 1944660.0], [961460.0, 1944640.0], [961420.0, 1944640.0], [961400.0, 1944680.0]]], [[[961620.0, 1944700.0], [961640.0, 1944700.0], [961640.0, 1944680.0], [961620.0, 1944680.0], [961620.0, 1944700.0]]], [[[961500.0, 1944680.0], [961480.0, 1944680.0], [961480.0, 1944720.0], [961500.0, 1944720.0], [961500.0, 1944680.0]]], [[[962280.0, 1944740.0], [962300.0, 1944740.0], [962300.0, 1944700.0], [962280.0, 1944700.0], [962280.0, 1944740.0]]], [[[961940.0, 1944840.0], [961980.0, 1944840.0], [961980.0, 1944780.0], [961940.0, 1944780.0], [961940.0, 1944840.0]]], [[[962140.0, 1945040.0], [962180.0, 1945040.0], [962180.0, 1945020.0], [962140.0, 1945020.0], [962140.0, 1945040.0]]], [[[961760.0, 1945080.0], [961800.0, 1945060.0], [961800.0, 1945020.0], [961760.0, 1945020.0], [961760.0, 1945080.0]]], [[[961780.0, 1945200.0], [961800.0, 1945200.0], [961800.0, 1945160.0], [961780.0, 1945160.0], [961780.0, 1945200.0]]], [[[961420.0, 1945320.0], [961460.0, 1945320.0], [961460.0, 1945280.0], [961420.0, 1945280.0], [961420.0, 1945320.0]]], [[[961160.0, 1945500.0], [961100.0, 1945500.0], [961100.0, 1945540.0], [961160.0, 1945540.0], [961160.0, 1945500.0]]], [[[961320.0, 1945500.0], [961260.0, 1945500.0], [961260.0, 1945540.0], [961280.0, 1945540.0], [961280.0, 1945560.0], [961320.0, 1945560.0], [961320.0, 1945500.0]]], [[[961700.0, 1945560.0], [961720.0, 1945560.0], [961720.0, 1945540.0], [961700.0, 1945540.0], [961700.0, 1945560.0]]], [[[961920.0, 1945780.0], [961900.0, 1945780.0], [961900.0, 1945760.0], [961880.0, 1945760.0], [961880.0, 1945820.0], [961920.0, 1945820.0], [961920.0, 1945780.0]]], [[[961620.0, 1945840.0], [961660.0, 1945840.0], [961660.0, 1945780.0], [961620.0, 1945780.0], [961620.0, 1945840.0]]], [[[961380.0, 1945840.0], [961400.0, 1945840.0], [961400.0, 1945800.0], [961380.0, 1945800.0], [961380.0, 1945840.0]]], [[[961480.0, 1945860.0], [961520.0, 1945860.0], [961520.0, 1945820.0], [961480.0, 1945820.0], [961480.0, 1945860.0]]], [[[961620.0, 1946020.0], [961600.0, 1946020.0], [961600.0, 1946060.0], [961620.0, 1946060.0], [961620.0, 1946020.0]]], [[[961260.0, 1946080.0], [961240.0, 1946040.0], [961200.0, 1946060.0], [961200.0, 1946120.0], [961220.0, 1946120.0], [961220.0, 1946160.0], [961260.0, 1946160.0], [961260.0, 1946140.0], [961280.0, 1946140.0], [961300.0, 1946100.0], [961280.0, 1946100.0], [961280.0, 1946080.0], [961260.0, 1946080.0]]], [[[961300.0, 1946120.0], [961300.0, 1946140.0], [961340.0, 1946160.0], [961340.0, 1946120.0], [961300.0, 1946120.0]]], [[[962040.0, 1946260.0], [962080.0, 1946260.0], [962080.0, 1946220.0], [962040.0, 1946220.0], [962040.0, 1946260.0]]], [[[961300.0, 1946420.0], [961320.0, 1946420.0], [961320.0, 1946400.0], [961300.0, 1946400.0], [961300.0, 1946420.0]]], [[[962200.0, 1946460.0], [962220.0, 1946460.0], [962220.0, 1946420.0], [962200.0, 1946420.0], [962200.0, 1946460.0]]], [[[961540.0, 1946940.0], [961520.0, 1946940.0], [961520.0, 1947000.0], [961600.0, 1946980.0], [961600.0, 1946960.0], [961620.0, 1946960.0], [961620.0, 1946900.0], [961580.0, 1946900.0], [961580.0, 1946920.0], [961540.0, 1946920.0], [961540.0, 1946940.0]]], [[[961120.0, 1947000.0], [961100.0, 1947000.0], [961100.0, 1947020.0], [961120.0, 1947020.0], [961120.0, 1947000.0]]], [[[961180.0, 1947080.0], [961200.0, 1947080.0], [961200.0, 1947060.0], [961180.0, 1947060.0], [961180.0, 1947080.0]]], [[[961860.0, 1947740.0], [961840.0, 1947740.0], [961840.0, 1947780.0], [961860.0, 1947780.0], [961860.0, 1947760.0], [961920.0, 1947760.0], [961920.0, 1947740.0], [961980.0, 1947740.0], [961980.0, 1947720.0], [962040.0, 1947720.0], [962040.0, 1947700.0], [962120.0, 1947700.0], [962120.0, 1947680.0], [962140.0, 1947680.0], [962140.0, 1947660.0], [962100.0, 1947660.0], [962100.0, 1947680.0], [962000.0, 1947680.0], [962000.0, 1947700.0], [961920.0, 1947700.0], [961920.0, 1947720.0], [961860.0, 1947720.0], [961860.0, 1947740.0]]], [[[961200.0, 1948100.0], [961240.0, 1948100.0], [961240.0, 1948080.0], [961260.0, 1948080.0], [961260.0, 1948060.0], [961220.0, 1948060.0], [961200.0, 1948100.0]]], [[[961760.0, 1948220.0], [961780.0, 1948220.0], [961780.0, 1948160.0], [961760.0, 1948160.0], [961760.0, 1948220.0]]], [[[961940.0, 1948240.0], [961960.0, 1948240.0], [961960.0, 1948220.0], [961940.0, 1948220.0], [961940.0, 1948240.0]]], [[[961780.0, 1948300.0], [961800.0, 1948300.0], [961800.0, 1948280.0], [961780.0, 1948280.0], [961780.0, 1948300.0]]], [[[962460.0, 1948460.0], [962440.0, 1948460.0], [962440.0, 1948500.0], [962460.0, 1948500.0], [962460.0, 1948460.0]]], [[[962060.0, 1948580.0], [962080.0, 1948580.0], [962080.0, 1948540.0], [962060.0, 1948540.0], [962060.0, 1948580.0]]], [[[962500.0, 1948580.0], [962480.0, 1948580.0], [962480.0, 1948600.0], [962460.0, 1948600.0], [962460.0, 1948620.0], [962500.0, 1948620.0], [962500.0, 1948580.0]]], [[[961220.0, 1948620.0], [961260.0, 1948620.0], [961260.0, 1948600.0], [961220.0, 1948600.0], [961220.0, 1948620.0]]], [[[962460.0, 1948860.0], [962480.0, 1948860.0], [962480.0, 1948820.0], [962460.0, 1948820.0], [962460.0, 1948860.0]]], [[[962420.0, 1949060.0], [962420.0, 1949040.0], [962400.0, 1949040.0], [962400.0, 1949060.0], [962420.0, 1949060.0]]], [[[962420.0, 1949060.0], [962420.0, 1949080.0], [962440.0, 1949080.0], [962440.0, 1949060.0], [962420.0, 1949060.0]]], [[[962100.0, 1949100.0], [962080.0, 1949100.0], [962080.0, 1949120.0], [962100.0, 1949120.0], [962100.0, 1949100.0]]], [[[963320.0, 1939260.0], [963360.0, 1939260.0], [963360.0, 1939240.0], [963320.0, 1939240.0], [963320.0, 1939260.0]]], [[[962660.0, 1939340.0], [962640.0, 1939340.0], [962640.0, 1939360.0], [962580.0, 1939360.0], [962580.0, 1939400.0], [962600.0, 1939400.0], [962600.0, 1939380.0], [962660.0, 1939380.0], [962660.0, 1939340.0]]], [[[963460.0, 1939400.0], [963500.0, 1939400.0], [963500.0, 1939420.0], [963520.0, 1939420.0], [963520.0, 1939380.0], [963440.0, 1939340.0], [963440.0, 1939380.0], [963460.0, 1939380.0], [963460.0, 1939400.0]]], [[[962620.0, 1939460.0], [962640.0, 1939460.0], [962640.0, 1939440.0], [962620.0, 1939440.0], [962620.0, 1939460.0]]], [[[962800.0, 1939540.0], [962820.0, 1939540.0], [962820.0, 1939520.0], [962800.0, 1939520.0], [962800.0, 1939540.0]]], [[[962580.0, 1939600.0], [962620.0, 1939600.0], [962620.0, 1939560.0], [962600.0, 1939560.0], [962600.0, 1939540.0], [962580.0, 1939540.0], [962580.0, 1939600.0]]], [[[962840.0, 1939580.0], [962860.0, 1939580.0], [962860.0, 1939560.0], [962840.0, 1939560.0], [962840.0, 1939580.0]]], [[[963640.0, 1939740.0], [963660.0, 1939740.0], [963660.0, 1939720.0], [963640.0, 1939720.0], [963640.0, 1939740.0]]], [[[963060.0, 1939840.0], [963100.0, 1939860.0], [963100.0, 1939820.0], [963080.0, 1939820.0], [963080.0, 1939800.0], [963040.0, 1939800.0], [963040.0, 1939780.0], [962960.0, 1939760.0], [962960.0, 1939700.0], [962920.0, 1939680.0], [962920.0, 1939720.0], [962940.0, 1939720.0], [962940.0, 1939780.0], [962980.0, 1939780.0], [962980.0, 1939800.0], [963020.0, 1939800.0], [963020.0, 1939820.0], [963060.0, 1939820.0], [963060.0, 1939840.0]]], [[[963600.0, 1939820.0], [963620.0, 1939820.0], [963620.0, 1939800.0], [963600.0, 1939800.0], [963600.0, 1939820.0]]], [[[963560.0, 1939860.0], [963580.0, 1939860.0], [963580.0, 1939840.0], [963560.0, 1939840.0], [963560.0, 1939860.0]]], [[[962720.0, 1940060.0], [962760.0, 1940060.0], [962760.0, 1940040.0], [962720.0, 1940040.0], [962720.0, 1940060.0]]], [[[963000.0, 1940060.0], [962980.0, 1940060.0], [962980.0, 1940080.0], [963000.0, 1940080.0], [963000.0, 1940060.0]]], [[[963160.0, 1940060.0], [963140.0, 1940060.0], [963140.0, 1940140.0], [963160.0, 1940140.0], [963160.0, 1940200.0], [963200.0, 1940220.0], [963200.0, 1940280.0], [963240.0, 1940280.0], [963220.0, 1940200.0], [963180.0, 1940180.0], [963180.0, 1940020.0], [963160.0, 1940020.0], [963160.0, 1939960.0], [963140.0, 1939960.0], [963140.0, 1939920.0], [963120.0, 1939920.0], [963120.0, 1939880.0], [963100.0, 1939880.0], [963100.0, 1939960.0], [963140.0, 1939980.0], [963140.0, 1940040.0], [963160.0, 1940040.0], [963160.0, 1940060.0]]], [[[963520.0, 1940300.0], [963540.0, 1940300.0], [963540.0, 1940280.0], [963520.0, 1940280.0], [963520.0, 1940300.0]]], [[[963260.0, 1940300.0], [963280.0, 1940300.0], [963280.0, 1940280.0], [963260.0, 1940280.0], [963260.0, 1940300.0]]], [[[963560.0, 1940340.0], [963600.0, 1940340.0], [963600.0, 1940300.0], [963540.0, 1940300.0], [963540.0, 1940380.0], [963560.0, 1940380.0], [963560.0, 1940340.0]]], [[[963560.0, 1940460.0], [963580.0, 1940460.0], [963580.0, 1940420.0], [963560.0, 1940420.0], [963560.0, 1940460.0]]], [[[963360.0, 1940560.0], [963340.0, 1940560.0], [963340.0, 1940540.0], [963300.0, 1940520.0], [963300.0, 1940480.0], [963320.0, 1940480.0], [963320.0, 1940420.0], [963300.0, 1940420.0], [963300.0, 1940300.0], [963280.0, 1940300.0], [963280.0, 1940440.0], [963300.0, 1940440.0], [963300.0, 1940460.0], [963280.0, 1940460.0], [963280.0, 1940560.0], [963300.0, 1940560.0], [963300.0, 1940580.0], [963340.0, 1940580.0], [963340.0, 1940620.0], [963360.0, 1940620.0], [963360.0, 1940660.0], [963340.0, 1940660.0], [963340.0, 1940680.0], [963360.0, 1940680.0], [963360.0, 1940700.0], [963480.0, 1940700.0], [963480.0, 1940680.0], [963540.0, 1940680.0], [963540.0, 1940660.0], [963600.0, 1940660.0], [963600.0, 1940640.0], [963680.0, 1940640.0], [963680.0, 1940620.0], [963640.0, 1940620.0], [963640.0, 1940600.0], [963600.0, 1940600.0], [963600.0, 1940620.0], [963540.0, 1940620.0], [963540.0, 1940640.0], [963480.0, 1940640.0], [963480.0, 1940660.0], [963380.0, 1940660.0], [963380.0, 1940580.0], [963360.0, 1940580.0], [963360.0, 1940560.0]]], [[[963680.0, 1940540.0], [963660.0, 1940540.0], [963660.0, 1940560.0], [963680.0, 1940560.0], [963680.0, 1940540.0]]], [[[963780.0, 1940580.0], [963800.0, 1940580.0], [963800.0, 1940560.0], [963780.0, 1940560.0], [963780.0, 1940580.0]]], [[[963720.0, 1940580.0], [963740.0, 1940580.0], [963740.0, 1940560.0], [963720.0, 1940560.0], [963720.0, 1940580.0]]], [[[963840.0, 1940600.0], [963860.0, 1940600.0], [963860.0, 1940580.0], [963840.0, 1940580.0], [963840.0, 1940600.0]]], [[[963660.0, 1940600.0], [963680.0, 1940600.0], [963680.0, 1940580.0], [963660.0, 1940580.0], [963660.0, 1940600.0]]], [[[963700.0, 1940620.0], [963720.0, 1940620.0], [963720.0, 1940580.0], [963700.0, 1940580.0], [963700.0, 1940620.0]]], [[[963800.0, 1940620.0], [963820.0, 1940620.0], [963820.0, 1940600.0], [963800.0, 1940600.0], [963800.0, 1940620.0]]], [[[963900.0, 1940600.0], [963880.0, 1940600.0], [963880.0, 1940620.0], [963900.0, 1940620.0], [963900.0, 1940600.0]]], [[[963220.0, 1940620.0], [963240.0, 1940620.0], [963240.0, 1940600.0], [963220.0, 1940600.0], [963220.0, 1940620.0]]], [[[963840.0, 1940640.0], [963860.0, 1940640.0], [963860.0, 1940620.0], [963840.0, 1940620.0], [963840.0, 1940640.0]]], [[[963260.0, 1940660.0], [963300.0, 1940680.0], [963300.0, 1940640.0], [963260.0, 1940640.0], [963260.0, 1940660.0]]], [[[963800.0, 1940680.0], [963820.0, 1940680.0], [963820.0, 1940660.0], [963800.0, 1940660.0], [963800.0, 1940680.0]]], [[[962920.0, 1940700.0], [962940.0, 1940700.0], [962940.0, 1940680.0], [962920.0, 1940680.0], [962920.0, 1940700.0]]], [[[963100.0, 1940680.0], [963060.0, 1940680.0], [963060.0, 1940720.0], [963100.0, 1940720.0], [963100.0, 1940680.0]]], [[[962900.0, 1940720.0], [962920.0, 1940720.0], [962920.0, 1940700.0], [962900.0, 1940700.0], [962900.0, 1940720.0]]], [[[963340.0, 1940780.0], [963400.0, 1940780.0], [963400.0, 1940760.0], [963420.0, 1940760.0], [963400.0, 1940720.0], [963340.0, 1940720.0], [963340.0, 1940780.0]]], [[[962820.0, 1940800.0], [962860.0, 1940800.0], [962860.0, 1940760.0], [962820.0, 1940760.0], [962820.0, 1940800.0]]], [[[963860.0, 1941160.0], [963880.0, 1941160.0], [963880.0, 1941120.0], [963860.0, 1941120.0], [963860.0, 1941160.0]]], [[[963820.0, 1941200.0], [963840.0, 1941200.0], [963840.0, 1941180.0], [963820.0, 1941180.0], [963820.0, 1941200.0]]], [[[963780.0, 1941220.0], [963800.0, 1941220.0], [963800.0, 1941200.0], [963780.0, 1941200.0], [963780.0, 1941220.0]]], [[[963820.0, 1941300.0], [963860.0, 1941300.0], [963860.0, 1941280.0], [963840.0, 1941280.0], [963840.0, 1941260.0], [963820.0, 1941260.0], [963820.0, 1941300.0]]], [[[963780.0, 1941300.0], [963780.0, 1941260.0], [963760.0, 1941260.0], [963760.0, 1941300.0], [963780.0, 1941300.0]]], [[[963780.0, 1941300.0], [963780.0, 1941320.0], [963820.0, 1941320.0], [963820.0, 1941300.0], [963780.0, 1941300.0]]], [[[963640.0, 1941460.0], [963660.0, 1941460.0], [963660.0, 1941440.0], [963640.0, 1941440.0], [963640.0, 1941460.0]]], [[[962700.0, 1942680.0], [962720.0, 1942680.0], [962720.0, 1942700.0], [962780.0, 1942700.0], [962780.0, 1942660.0], [962640.0, 1942660.0], [962620.0, 1942700.0], [962700.0, 1942700.0], [962700.0, 1942680.0]]], [[[963320.0, 1942820.0], [963340.0, 1942820.0], [963340.0, 1942780.0], [963320.0, 1942780.0], [963320.0, 1942820.0]]], [[[963940.0, 1943000.0], [963960.0, 1943000.0], [963960.0, 1942980.0], [963980.0, 1942980.0], [963980.0, 1942960.0], [964000.0, 1942960.0], [964020.0, 1942920.0], [963960.0, 1942920.0], [963960.0, 1942940.0], [963940.0, 1942940.0], [963920.0, 1942980.0], [963720.0, 1942980.0], [963720.0, 1943000.0], [963760.0, 1943000.0], [963760.0, 1943020.0], [963940.0, 1943020.0], [963940.0, 1943000.0]]], [[[963580.0, 1943000.0], [963700.0, 1943000.0], [963700.0, 1942960.0], [963600.0, 1942960.0], [963600.0, 1942980.0], [963540.0, 1942980.0], [963540.0, 1943000.0], [963480.0, 1943000.0], [963480.0, 1943020.0], [963440.0, 1943020.0], [963440.0, 1943040.0], [963520.0, 1943040.0], [963520.0, 1943020.0], [963580.0, 1943020.0], [963580.0, 1943000.0]]], [[[963200.0, 1943020.0], [963240.0, 1943020.0], [963240.0, 1943040.0], [963420.0, 1943040.0], [963420.0, 1943020.0], [963280.0, 1943020.0], [963280.0, 1943000.0], [963220.0, 1943000.0], [963220.0, 1942980.0], [963180.0, 1942980.0], [963200.0, 1943020.0]]], [[[963220.0, 1943200.0], [963260.0, 1943200.0], [963280.0, 1943160.0], [963220.0, 1943160.0], [963220.0, 1943200.0]]], [[[963260.0, 1943220.0], [963300.0, 1943220.0], [963300.0, 1943200.0], [963260.0, 1943200.0], [963260.0, 1943220.0]]], [[[963100.0, 1943260.0], [963140.0, 1943260.0], [963140.0, 1943240.0], [963100.0, 1943240.0], [963100.0, 1943260.0]]], [[[963480.0, 1943320.0], [963500.0, 1943320.0], [963500.0, 1943280.0], [963480.0, 1943280.0], [963480.0, 1943320.0]]], [[[963500.0, 1943400.0], [963520.0, 1943400.0], [963520.0, 1943380.0], [963500.0, 1943380.0], [963500.0, 1943400.0]]], [[[963640.0, 1943820.0], [963620.0, 1943820.0], [963620.0, 1943860.0], [963640.0, 1943860.0], [963640.0, 1943820.0]]], [[[963860.0, 1944100.0], [963920.0, 1944100.0], [963920.0, 1944080.0], [963880.0, 1944060.0], [963860.0, 1944100.0]]], [[[962860.0, 1944120.0], [962900.0, 1944120.0], [962900.0, 1944080.0], [962860.0, 1944080.0], [962860.0, 1944120.0]]], [[[963580.0, 1944120.0], [963600.0, 1944120.0], [963600.0, 1944060.0], [963560.0, 1944060.0], [963560.0, 1944080.0], [963540.0, 1944080.0], [963540.0, 1944140.0], [963580.0, 1944140.0], [963580.0, 1944120.0]]], [[[962800.0, 1944260.0], [962840.0, 1944260.0], [962840.0, 1944240.0], [962820.0, 1944240.0], [962840.0, 1944200.0], [962800.0, 1944200.0], [962800.0, 1944260.0]]], [[[963120.0, 1944300.0], [963140.0, 1944300.0], [963140.0, 1944320.0], [963160.0, 1944320.0], [963160.0, 1944340.0], [963200.0, 1944340.0], [963200.0, 1944320.0], [963220.0, 1944320.0], [963220.0, 1944300.0], [963200.0, 1944300.0], [963200.0, 1944260.0], [963120.0, 1944260.0], [963120.0, 1944300.0]]], [[[963040.0, 1944340.0], [963020.0, 1944340.0], [963020.0, 1944380.0], [963040.0, 1944380.0], [963040.0, 1944340.0]]], [[[962820.0, 1944440.0], [962820.0, 1944420.0], [962800.0, 1944420.0], [962800.0, 1944440.0], [962820.0, 1944440.0]]], [[[962860.0, 1944440.0], [962860.0, 1944420.0], [962820.0, 1944440.0], [962820.0, 1944460.0], [962900.0, 1944480.0], [962900.0, 1944440.0], [962860.0, 1944440.0]]], [[[962800.0, 1944540.0], [962820.0, 1944540.0], [962820.0, 1944520.0], [962800.0, 1944520.0], [962800.0, 1944540.0]]], [[[962800.0, 1944940.0], [962820.0, 1944940.0], [962820.0, 1944920.0], [962800.0, 1944920.0], [962800.0, 1944940.0]]], [[[963640.0, 1945660.0], [963660.0, 1945660.0], [963660.0, 1945640.0], [963640.0, 1945640.0], [963640.0, 1945660.0]]], [[[963760.0, 1945720.0], [963780.0, 1945720.0], [963780.0, 1945700.0], [963760.0, 1945700.0], [963760.0, 1945720.0]]], [[[962600.0, 1945940.0], [962560.0, 1945940.0], [962560.0, 1945980.0], [962600.0, 1945980.0], [962600.0, 1945940.0]]], [[[962640.0, 1946060.0], [962660.0, 1946060.0], [962660.0, 1946020.0], [962640.0, 1946020.0], [962640.0, 1946060.0]]], [[[963780.0, 1946160.0], [963800.0, 1946160.0], [963800.0, 1946140.0], [963780.0, 1946140.0], [963780.0, 1946160.0]]], [[[963320.0, 1946580.0], [963340.0, 1946580.0], [963340.0, 1946560.0], [963320.0, 1946560.0], [963320.0, 1946580.0]]], [[[963520.0, 1947760.0], [963560.0, 1947760.0], [963560.0, 1947780.0], [963600.0, 1947780.0], [963600.0, 1947760.0], [963520.0, 1947720.0], [963520.0, 1947760.0]]], [[[963660.0, 1947800.0], [963660.0, 1947780.0], [963640.0, 1947780.0], [963640.0, 1947800.0], [963660.0, 1947800.0]]], [[[963680.0, 1947820.0], [963680.0, 1947800.0], [963660.0, 1947800.0], [963660.0, 1947840.0], [963700.0, 1947860.0], [963720.0, 1947820.0], [963680.0, 1947820.0]]], [[[962700.0, 1947820.0], [962680.0, 1947820.0], [962680.0, 1947860.0], [962700.0, 1947860.0], [962700.0, 1947820.0]]], [[[963520.0, 1947880.0], [963560.0, 1947880.0], [963560.0, 1947860.0], [963520.0, 1947860.0], [963520.0, 1947880.0]]], [[[963740.0, 1947880.0], [963760.0, 1947880.0], [963760.0, 1947860.0], [963740.0, 1947860.0], [963740.0, 1947880.0]]], [[[962640.0, 1947880.0], [962680.0, 1947880.0], [962680.0, 1947860.0], [962640.0, 1947860.0], [962640.0, 1947880.0]]], [[[963560.0, 1947920.0], [963580.0, 1947920.0], [963600.0, 1947880.0], [963560.0, 1947880.0], [963560.0, 1947920.0]]], [[[963220.0, 1948080.0], [963240.0, 1948080.0], [963220.0, 1948000.0], [963180.0, 1948000.0], [963180.0, 1948020.0], [963160.0, 1948020.0], [963180.0, 1948060.0], [963220.0, 1948060.0], [963220.0, 1948080.0]]], [[[962840.0, 1948220.0], [962880.0, 1948220.0], [962880.0, 1948160.0], [962840.0, 1948160.0], [962840.0, 1948220.0]]], [[[963540.0, 1948380.0], [963520.0, 1948380.0], [963520.0, 1948400.0], [963540.0, 1948400.0], [963540.0, 1948380.0]]], [[[963880.0, 1948440.0], [963840.0, 1948440.0], [963840.0, 1948460.0], [963820.0, 1948460.0], [963820.0, 1948500.0], [963840.0, 1948500.0], [963840.0, 1948520.0], [963860.0, 1948520.0], [963880.0, 1948440.0]]], [[[963500.0, 1948620.0], [963540.0, 1948620.0], [963540.0, 1948580.0], [963500.0, 1948580.0], [963500.0, 1948620.0]]], [[[963160.0, 1948760.0], [963120.0, 1948760.0], [963120.0, 1948780.0], [963160.0, 1948780.0], [963160.0, 1948760.0]]], [[[963340.0, 1948780.0], [963300.0, 1948780.0], [963280.0, 1948740.0], [963220.0, 1948740.0], [963220.0, 1948780.0], [963260.0, 1948780.0], [963260.0, 1948840.0], [963280.0, 1948840.0], [963280.0, 1948800.0], [963300.0, 1948800.0], [963300.0, 1948820.0], [963340.0, 1948820.0], [963340.0, 1948780.0]]], [[[963780.0, 1948900.0], [963820.0, 1948900.0], [963820.0, 1948880.0], [963780.0, 1948880.0], [963780.0, 1948900.0]]], [[[962860.0, 1949100.0], [962820.0, 1949100.0], [962820.0, 1949120.0], [962860.0, 1949120.0], [962860.0, 1949100.0]]], [[[964480.0, 1939260.0], [964500.0, 1939260.0], [964500.0, 1939240.0], [964480.0, 1939240.0], [964480.0, 1939260.0]]], [[[964580.0, 1939260.0], [964620.0, 1939260.0], [964620.0, 1939240.0], [964580.0, 1939240.0], [964580.0, 1939260.0]]], [[[964980.0, 1940440.0], [964840.0, 1940440.0], [964840.0, 1940460.0], [964900.0, 1940460.0], [964900.0, 1940480.0], [965020.0, 1940480.0], [965020.0, 1940460.0], [964980.0, 1940460.0], [964980.0, 1940440.0]]], [[[964800.0, 1940480.0], [964820.0, 1940480.0], [964820.0, 1940460.0], [964800.0, 1940460.0], [964800.0, 1940480.0]]], [[[964780.0, 1940520.0], [964800.0, 1940520.0], [964800.0, 1940500.0], [964780.0, 1940500.0], [964780.0, 1940520.0]]], [[[964820.0, 1940520.0], [964840.0, 1940520.0], [964840.0, 1940500.0], [964820.0, 1940500.0], [964820.0, 1940520.0]]], [[[964780.0, 1940540.0], [964760.0, 1940540.0], [964760.0, 1940560.0], [964780.0, 1940560.0], [964780.0, 1940540.0]]], [[[964800.0, 1940560.0], [964820.0, 1940560.0], [964820.0, 1940540.0], [964800.0, 1940540.0], [964800.0, 1940560.0]]], [[[964740.0, 1940600.0], [964760.0, 1940600.0], [964760.0, 1940580.0], [964740.0, 1940580.0], [964740.0, 1940600.0]]], [[[964780.0, 1940600.0], [964800.0, 1940600.0], [964800.0, 1940580.0], [964780.0, 1940580.0], [964780.0, 1940600.0]]], [[[964760.0, 1940640.0], [964780.0, 1940640.0], [964780.0, 1940620.0], [964760.0, 1940620.0], [964760.0, 1940640.0]]], [[[964720.0, 1940640.0], [964740.0, 1940640.0], [964740.0, 1940620.0], [964720.0, 1940620.0], [964720.0, 1940640.0]]], [[[963940.0, 1940680.0], [964000.0, 1940680.0], [964000.0, 1940700.0], [964040.0, 1940700.0], [964040.0, 1940660.0], [963960.0, 1940640.0], [963940.0, 1940680.0]]], [[[964740.0, 1940660.0], [964740.0, 1940680.0], [964760.0, 1940680.0], [964760.0, 1940660.0], [964740.0, 1940660.0]]], [[[964700.0, 1940680.0], [964720.0, 1940680.0], [964720.0, 1940660.0], [964700.0, 1940660.0], [964700.0, 1940680.0]]], [[[964080.0, 1940680.0], [964060.0, 1940680.0], [964060.0, 1940700.0], [964040.0, 1940700.0], [964040.0, 1940720.0], [964080.0, 1940720.0], [964080.0, 1940680.0]]], [[[964720.0, 1940720.0], [964740.0, 1940720.0], [964740.0, 1940700.0], [964720.0, 1940700.0], [964720.0, 1940720.0]]], [[[964120.0, 1940720.0], [964140.0, 1940720.0], [964140.0, 1940700.0], [964120.0, 1940700.0], [964120.0, 1940720.0]]], [[[964080.0, 1940740.0], [964100.0, 1940740.0], [964100.0, 1940720.0], [964080.0, 1940720.0], [964080.0, 1940740.0]]], [[[964140.0, 1940760.0], [964160.0, 1940760.0], [964160.0, 1940780.0], [964240.0, 1940780.0], [964240.0, 1940760.0], [964220.0, 1940760.0], [964220.0, 1940740.0], [964180.0, 1940740.0], [964180.0, 1940720.0], [964160.0, 1940720.0], [964140.0, 1940760.0]]], [[[964700.0, 1940800.0], [964700.0, 1940700.0], [964680.0, 1940700.0], [964680.0, 1940760.0], [964660.0, 1940760.0], [964660.0, 1940780.0], [964640.0, 1940780.0], [964640.0, 1940800.0], [964380.0, 1940800.0], [964360.0, 1940840.0], [964640.0, 1940840.0], [964640.0, 1940820.0], [964680.0, 1940820.0], [964680.0, 1940800.0], [964700.0, 1940800.0]]], [[[964280.0, 1940760.0], [964280.0, 1940780.0], [964300.0, 1940780.0], [964300.0, 1940760.0], [964280.0, 1940760.0]]], [[[964340.0, 1940780.0], [964340.0, 1940800.0], [964380.0, 1940800.0], [964380.0, 1940780.0], [964340.0, 1940780.0]]], [[[964240.0, 1940780.0], [964240.0, 1940800.0], [964260.0, 1940800.0], [964260.0, 1940780.0], [964240.0, 1940780.0]]], [[[964280.0, 1940820.0], [964320.0, 1940820.0], [964320.0, 1940800.0], [964280.0, 1940800.0], [964280.0, 1940820.0]]], [[[964300.0, 1940860.0], [964340.0, 1940860.0], [964340.0, 1940840.0], [964300.0, 1940840.0], [964300.0, 1940860.0]]], [[[964900.0, 1940820.0], [964860.0, 1940820.0], [964860.0, 1940880.0], [964900.0, 1940880.0], [964900.0, 1940820.0]]], [[[964320.0, 1940900.0], [964320.0, 1940880.0], [964300.0, 1940880.0], [964300.0, 1940900.0], [964320.0, 1940900.0]]], [[[964320.0, 1940900.0], [964320.0, 1940920.0], [964340.0, 1940920.0], [964340.0, 1940900.0], [964320.0, 1940900.0]]], [[[964880.0, 1941000.0], [964940.0, 1941000.0], [964940.0, 1940960.0], [964880.0, 1940960.0], [964880.0, 1941000.0]]], [[[964660.0, 1941660.0], [964700.0, 1941660.0], [964700.0, 1941640.0], [964660.0, 1941640.0], [964660.0, 1941660.0]]], [[[964760.0, 1941680.0], [964780.0, 1941680.0], [964780.0, 1941640.0], [964760.0, 1941640.0], [964760.0, 1941680.0]]], [[[964760.0, 1941680.0], [964740.0, 1941680.0], [964740.0, 1941700.0], [964760.0, 1941700.0], [964760.0, 1941680.0]]], [[[964820.0, 1941740.0], [964860.0, 1941740.0], [964860.0, 1941760.0], [964880.0, 1941760.0], [964880.0, 1941780.0], [964900.0, 1941780.0], [964900.0, 1941800.0], [964920.0, 1941800.0], [964940.0, 1941840.0], [964980.0, 1941840.0], [964980.0, 1941860.0], [965060.0, 1941880.0], [965060.0, 1941840.0], [965020.0, 1941840.0], [965020.0, 1941820.0], [964980.0, 1941820.0], [964980.0, 1941800.0], [964940.0, 1941800.0], [964940.0, 1941780.0], [964920.0, 1941780.0], [964920.0, 1941740.0], [964900.0, 1941740.0], [964900.0, 1941720.0], [964860.0, 1941720.0], [964860.0, 1941700.0], [964760.0, 1941700.0], [964760.0, 1941720.0], [964820.0, 1941720.0], [964820.0, 1941740.0]]], [[[964060.0, 1942540.0], [964060.0, 1942520.0], [964020.0, 1942520.0], [964020.0, 1942540.0], [964060.0, 1942540.0]]], [[[964060.0, 1942540.0], [964060.0, 1942560.0], [964100.0, 1942560.0], [964100.0, 1942540.0], [964060.0, 1942540.0]]], [[[964140.0, 1942600.0], [964180.0, 1942600.0], [964160.0, 1942560.0], [964140.0, 1942560.0], [964140.0, 1942600.0]]], [[[965040.0, 1942600.0], [965020.0, 1942600.0], [965020.0, 1942640.0], [965040.0, 1942640.0], [965040.0, 1942660.0], [965060.0, 1942660.0], [965060.0, 1942620.0], [965040.0, 1942620.0], [965040.0, 1942600.0]]], [[[965000.0, 1942720.0], [965020.0, 1942720.0], [965020.0, 1942700.0], [965000.0, 1942700.0], [965000.0, 1942720.0]]], [[[964080.0, 1942900.0], [964100.0, 1942900.0], [964100.0, 1942880.0], [964080.0, 1942880.0], [964080.0, 1942900.0]]], [[[964360.0, 1942980.0], [964400.0, 1942980.0], [964400.0, 1943000.0], [964420.0, 1943000.0], [964420.0, 1942940.0], [964380.0, 1942940.0], [964380.0, 1942920.0], [964360.0, 1942920.0], [964360.0, 1942900.0], [964320.0, 1942880.0], [964320.0, 1942860.0], [964280.0, 1942860.0], [964280.0, 1942900.0], [964300.0, 1942900.0], [964300.0, 1942920.0], [964320.0, 1942920.0], [964320.0, 1942940.0], [964340.0, 1942940.0], [964360.0, 1942980.0]]], [[[964980.0, 1943080.0], [965020.0, 1943080.0], [965020.0, 1943040.0], [964980.0, 1943040.0], [964980.0, 1943080.0]]], [[[964480.0, 1943100.0], [964520.0, 1943100.0], [964520.0, 1943160.0], [964540.0, 1943160.0], [964560.0, 1943200.0], [964640.0, 1943200.0], [964640.0, 1943180.0], [964700.0, 1943180.0], [964700.0, 1943160.0], [964780.0, 1943160.0], [964780.0, 1943140.0], [964740.0, 1943140.0], [964740.0, 1943120.0], [964680.0, 1943120.0], [964680.0, 1943100.0], [964560.0, 1943080.0], [964560.0, 1943040.0], [964500.0, 1943040.0], [964480.0, 1943000.0], [964440.0, 1943000.0], [964440.0, 1943020.0], [964420.0, 1943020.0], [964420.0, 1943080.0], [964480.0, 1943080.0], [964480.0, 1943100.0]]], [[[964720.0, 1943200.0], [964740.0, 1943200.0], [964740.0, 1943180.0], [964720.0, 1943180.0], [964720.0, 1943200.0]]], [[[964920.0, 1943340.0], [964860.0, 1943340.0], [964860.0, 1943320.0], [964840.0, 1943320.0], [964840.0, 1943380.0], [964920.0, 1943380.0], [964920.0, 1943340.0]]], [[[964640.0, 1943380.0], [964660.0, 1943380.0], [964660.0, 1943340.0], [964640.0, 1943340.0], [964640.0, 1943380.0]]], [[[964640.0, 1943380.0], [964620.0, 1943380.0], [964620.0, 1943400.0], [964640.0, 1943400.0], [964640.0, 1943380.0]]], [[[964520.0, 1943520.0], [964480.0, 1943520.0], [964480.0, 1943560.0], [964460.0, 1943560.0], [964460.0, 1943600.0], [964440.0, 1943600.0], [964440.0, 1943640.0], [964460.0, 1943640.0], [964460.0, 1943620.0], [964480.0, 1943620.0], [964480.0, 1943580.0], [964500.0, 1943580.0], [964500.0, 1943640.0], [964480.0, 1943640.0], [964480.0, 1943680.0], [964520.0, 1943680.0], [964520.0, 1943660.0], [964540.0, 1943660.0], [964540.0, 1943560.0], [964560.0, 1943560.0], [964560.0, 1943500.0], [964580.0, 1943500.0], [964580.0, 1943460.0], [964600.0, 1943460.0], [964600.0, 1943440.0], [964620.0, 1943440.0], [964620.0, 1943400.0], [964580.0, 1943400.0], [964580.0, 1943440.0], [964540.0, 1943460.0], [964540.0, 1943500.0], [964520.0, 1943500.0], [964520.0, 1943520.0]], [[964520.0, 1943540.0], [964520.0, 1943560.0], [964500.0, 1943560.0], [964500.0, 1943540.0], [964520.0, 1943540.0]]], [[[964440.0, 1943680.0], [964460.0, 1943680.0], [964460.0, 1943660.0], [964440.0, 1943660.0], [964440.0, 1943680.0]]], [[[964400.0, 1943680.0], [964420.0, 1943680.0], [964420.0, 1943660.0], [964400.0, 1943660.0], [964400.0, 1943680.0]]], [[[964440.0, 1943700.0], [964420.0, 1943700.0], [964420.0, 1943720.0], [964440.0, 1943720.0], [964440.0, 1943700.0]]], [[[964040.0, 1943760.0], [964120.0, 1943760.0], [964120.0, 1943740.0], [964140.0, 1943740.0], [964140.0, 1943700.0], [964100.0, 1943700.0], [964100.0, 1943680.0], [964020.0, 1943680.0], [964020.0, 1943740.0], [964040.0, 1943740.0], [964040.0, 1943760.0]]], [[[964420.0, 1943720.0], [964400.0, 1943720.0], [964400.0, 1943700.0], [964380.0, 1943700.0], [964380.0, 1943760.0], [964420.0, 1943760.0], [964420.0, 1943720.0]]], [[[964700.0, 1943780.0], [964680.0, 1943780.0], [964680.0, 1943800.0], [964700.0, 1943800.0], [964700.0, 1943780.0]]], [[[964660.0, 1943820.0], [964680.0, 1943820.0], [964680.0, 1943800.0], [964660.0, 1943800.0], [964660.0, 1943820.0]]], [[[964360.0, 1943840.0], [964380.0, 1943840.0], [964380.0, 1943820.0], [964360.0, 1943820.0], [964360.0, 1943840.0]]], [[[964400.0, 1943780.0], [964380.0, 1943780.0], [964380.0, 1943820.0], [964400.0, 1943820.0], [964400.0, 1943860.0], [964440.0, 1943880.0], [964460.0, 1943840.0], [964440.0, 1943840.0], [964440.0, 1943820.0], [964420.0, 1943820.0], [964400.0, 1943780.0]]], [[[964540.0, 1943880.0], [964580.0, 1943880.0], [964580.0, 1943860.0], [964540.0, 1943860.0], [964540.0, 1943880.0]]], [[[964360.0, 1943900.0], [964420.0, 1943900.0], [964420.0, 1943880.0], [964360.0, 1943880.0], [964360.0, 1943900.0]]], [[[964320.0, 1943940.0], [964340.0, 1943940.0], [964340.0, 1943920.0], [964320.0, 1943920.0], [964320.0, 1943940.0]]], [[[964140.0, 1943980.0], [964100.0, 1943980.0], [964100.0, 1944000.0], [964140.0, 1944000.0], [964140.0, 1943980.0]]], [[[964360.0, 1944100.0], [964380.0, 1944100.0], [964380.0, 1944080.0], [964360.0, 1944080.0], [964360.0, 1944100.0]]], [[[964400.0, 1944920.0], [964420.0, 1944920.0], [964420.0, 1944900.0], [964400.0, 1944900.0], [964400.0, 1944920.0]]], [[[964720.0, 1944940.0], [964760.0, 1944940.0], [964760.0, 1944920.0], [964720.0, 1944920.0], [964720.0, 1944940.0]]], [[[964940.0, 1945020.0], [964960.0, 1945020.0], [964960.0, 1945000.0], [964940.0, 1945000.0], [964940.0, 1945020.0]]], [[[964960.0, 1945040.0], [964980.0, 1945040.0], [964980.0, 1945020.0], [964960.0, 1945020.0], [964960.0, 1945040.0]]], [[[964860.0, 1945280.0], [964880.0, 1945280.0], [964880.0, 1945240.0], [964860.0, 1945240.0], [964860.0, 1945280.0]]], [[[964540.0, 1945720.0], [964500.0, 1945720.0], [964500.0, 1945740.0], [964540.0, 1945740.0], [964540.0, 1945720.0]]], [[[964020.0, 1945900.0], [964040.0, 1945900.0], [964040.0, 1945880.0], [964020.0, 1945880.0], [964020.0, 1945900.0]]], [[[963960.0, 1946000.0], [963980.0, 1946000.0], [963980.0, 1945960.0], [963960.0, 1945960.0], [963960.0, 1946000.0]]], [[[964820.0, 1946060.0], [964780.0, 1946060.0], [964780.0, 1946080.0], [964800.0, 1946080.0], [964800.0, 1946100.0], [964820.0, 1946100.0], [964820.0, 1946060.0]]], [[[965000.0, 1946160.0], [965040.0, 1946160.0], [965040.0, 1946140.0], [965000.0, 1946140.0], [965000.0, 1946160.0]]], [[[965020.0, 1946260.0], [964980.0, 1946260.0], [964980.0, 1946300.0], [965020.0, 1946320.0], [965020.0, 1946260.0]]], [[[964800.0, 1946600.0], [964820.0, 1946600.0], [964820.0, 1946580.0], [964800.0, 1946580.0], [964800.0, 1946600.0]]], [[[963980.0, 1946820.0], [963960.0, 1946820.0], [963960.0, 1946800.0], [963900.0, 1946800.0], [963900.0, 1946840.0], [963960.0, 1946840.0], [963960.0, 1946860.0], [963980.0, 1946860.0], [963980.0, 1946820.0]]], [[[964160.0, 1947000.0], [964200.0, 1947000.0], [964200.0, 1947020.0], [964240.0, 1947020.0], [964240.0, 1946980.0], [964220.0, 1946980.0], [964220.0, 1946960.0], [964140.0, 1946940.0], [964140.0, 1946980.0], [964160.0, 1946980.0], [964160.0, 1947000.0]]], [[[964900.0, 1947260.0], [964920.0, 1947260.0], [964920.0, 1947240.0], [964900.0, 1947240.0], [964900.0, 1947260.0]]], [[[963980.0, 1948140.0], [963960.0, 1948140.0], [963960.0, 1948180.0], [964020.0, 1948180.0], [964020.0, 1948140.0], [963980.0, 1948120.0], [963980.0, 1948140.0]]], [[[963940.0, 1948360.0], [963960.0, 1948360.0], [963960.0, 1948320.0], [963940.0, 1948320.0], [963940.0, 1948360.0]]], [[[964280.0, 1948480.0], [964300.0, 1948480.0], [964320.0, 1948440.0], [964280.0, 1948440.0], [964280.0, 1948480.0]]], [[[963980.0, 1948540.0], [963940.0, 1948520.0], [963940.0, 1948560.0], [963960.0, 1948560.0], [963960.0, 1948600.0], [964000.0, 1948620.0], [963980.0, 1948540.0]]], [[[964320.0, 1948620.0], [964340.0, 1948620.0], [964340.0, 1948600.0], [964320.0, 1948600.0], [964320.0, 1948620.0]]], [[[964320.0, 1948620.0], [964280.0, 1948620.0], [964280.0, 1948640.0], [964320.0, 1948640.0], [964320.0, 1948620.0]]], [[[964100.0, 1948880.0], [964120.0, 1948880.0], [964120.0, 1948840.0], [964100.0, 1948840.0], [964100.0, 1948880.0]]], [[[964380.0, 1948920.0], [964400.0, 1948920.0], [964400.0, 1948900.0], [964380.0, 1948900.0], [964380.0, 1948920.0]]], [[[964300.0, 1949040.0], [964240.0, 1949040.0], [964240.0, 1949060.0], [964260.0, 1949060.0], [964260.0, 1949080.0], [964300.0, 1949080.0], [964300.0, 1949040.0]]], [[[964860.0, 1949120.0], [964900.0, 1949120.0], [964900.0, 1949100.0], [964860.0, 1949100.0], [964860.0, 1949120.0]]], [[[965260.0, 1940040.0], [965240.0, 1940040.0], [965240.0, 1940080.0], [965260.0, 1940080.0], [965260.0, 1940120.0], [965240.0, 1940120.0], [965240.0, 1940200.0], [965220.0, 1940200.0], [965240.0, 1940280.0], [965160.0, 1940260.0], [965160.0, 1940360.0], [965220.0, 1940360.0], [965220.0, 1940380.0], [965260.0, 1940360.0], [965260.0, 1940380.0], [965300.0, 1940380.0], [965300.0, 1940240.0], [965260.0, 1940220.0], [965260.0, 1940180.0], [965300.0, 1940180.0], [965300.0, 1940200.0], [965320.0, 1940200.0], [965320.0, 1940000.0], [965300.0, 1940000.0], [965300.0, 1939940.0], [965260.0, 1939960.0], [965260.0, 1940040.0]]], [[[965820.0, 1940300.0], [965840.0, 1940300.0], [965840.0, 1940260.0], [965780.0, 1940260.0], [965780.0, 1940280.0], [965820.0, 1940280.0], [965820.0, 1940300.0]]], [[[965780.0, 1940280.0], [965760.0, 1940280.0], [965760.0, 1940300.0], [965780.0, 1940300.0], [965780.0, 1940280.0]]], [[[965780.0, 1940320.0], [965800.0, 1940320.0], [965800.0, 1940300.0], [965780.0, 1940300.0], [965780.0, 1940320.0]]], [[[965840.0, 1940320.0], [965860.0, 1940320.0], [965860.0, 1940300.0], [965840.0, 1940300.0], [965840.0, 1940320.0]]], [[[965760.0, 1940300.0], [965720.0, 1940300.0], [965720.0, 1940320.0], [965740.0, 1940320.0], [965740.0, 1940340.0], [965760.0, 1940340.0], [965760.0, 1940300.0]]], [[[965680.0, 1940320.0], [965680.0, 1940340.0], [965700.0, 1940340.0], [965700.0, 1940320.0], [965680.0, 1940320.0]]], [[[965860.0, 1940320.0], [965860.0, 1940340.0], [965880.0, 1940340.0], [965880.0, 1940320.0], [965860.0, 1940320.0]]], [[[965540.0, 1940360.0], [965600.0, 1940360.0], [965600.0, 1940340.0], [965540.0, 1940340.0], [965540.0, 1940360.0]]], [[[965720.0, 1940360.0], [965740.0, 1940360.0], [965740.0, 1940340.0], [965720.0, 1940340.0], [965720.0, 1940360.0]]], [[[965600.0, 1940380.0], [965660.0, 1940380.0], [965660.0, 1940360.0], [965600.0, 1940360.0], [965600.0, 1940380.0]]], [[[965460.0, 1940380.0], [965360.0, 1940380.0], [965360.0, 1940400.0], [965320.0, 1940400.0], [965320.0, 1940420.0], [965440.0, 1940420.0], [965440.0, 1940400.0], [965540.0, 1940400.0], [965540.0, 1940380.0], [965480.0, 1940380.0], [965480.0, 1940360.0], [965460.0, 1940360.0], [965460.0, 1940380.0]]], [[[965260.0, 1940420.0], [965280.0, 1940420.0], [965280.0, 1940400.0], [965260.0, 1940400.0], [965260.0, 1940420.0]]], [[[965080.0, 1940380.0], [965060.0, 1940380.0], [965060.0, 1940440.0], [965100.0, 1940440.0], [965100.0, 1940460.0], [965120.0, 1940460.0], [965120.0, 1940400.0], [965080.0, 1940400.0], [965080.0, 1940380.0]]], [[[965840.0, 1940420.0], [965860.0, 1940420.0], [965860.0, 1940460.0], [965880.0, 1940460.0], [965880.0, 1940400.0], [965840.0, 1940380.0], [965840.0, 1940420.0]]], [[[965180.0, 1940440.0], [965200.0, 1940440.0], [965200.0, 1940420.0], [965180.0, 1940420.0], [965180.0, 1940440.0]]], [[[965240.0, 1940460.0], [965260.0, 1940460.0], [965260.0, 1940440.0], [965240.0, 1940440.0], [965240.0, 1940460.0]]], [[[965060.0, 1940480.0], [965080.0, 1940480.0], [965080.0, 1940460.0], [965060.0, 1940460.0], [965060.0, 1940480.0]]], [[[965160.0, 1940480.0], [965180.0, 1940480.0], [965180.0, 1940460.0], [965160.0, 1940460.0], [965160.0, 1940480.0]]], [[[965540.0, 1940480.0], [965520.0, 1940480.0], [965520.0, 1940500.0], [965480.0, 1940500.0], [965480.0, 1940540.0], [965540.0, 1940540.0], [965540.0, 1940480.0]]], [[[965880.0, 1941440.0], [965920.0, 1941440.0], [965920.0, 1941400.0], [965880.0, 1941400.0], [965880.0, 1941440.0]]], [[[965380.0, 1941520.0], [965360.0, 1941520.0], [965360.0, 1941540.0], [965380.0, 1941540.0], [965380.0, 1941520.0]]], [[[965800.0, 1941560.0], [965840.0, 1941560.0], [965840.0, 1941520.0], [965800.0, 1941520.0], [965800.0, 1941560.0]]], [[[965720.0, 1941580.0], [965700.0, 1941580.0], [965700.0, 1941600.0], [965680.0, 1941600.0], [965680.0, 1941620.0], [965720.0, 1941620.0], [965720.0, 1941580.0]]], [[[965240.0, 1941680.0], [965300.0, 1941680.0], [965300.0, 1941640.0], [965240.0, 1941640.0], [965240.0, 1941680.0]]], [[[965500.0, 1941700.0], [965540.0, 1941700.0], [965540.0, 1941680.0], [965500.0, 1941680.0], [965500.0, 1941700.0]]], [[[965140.0, 1941880.0], [965160.0, 1941880.0], [965160.0, 1941860.0], [965140.0, 1941860.0], [965140.0, 1941880.0]]], [[[965480.0, 1941840.0], [965440.0, 1941840.0], [965440.0, 1941860.0], [965420.0, 1941860.0], [965420.0, 1941920.0], [965440.0, 1941920.0], [965440.0, 1941940.0], [965500.0, 1941940.0], [965520.0, 1941900.0], [965560.0, 1941900.0], [965560.0, 1941820.0], [965480.0, 1941820.0], [965480.0, 1941840.0]]], [[[965700.0, 1941980.0], [965680.0, 1941980.0], [965680.0, 1942000.0], [965700.0, 1942000.0], [965700.0, 1941980.0]]], [[[965080.0, 1942040.0], [965100.0, 1942040.0], [965100.0, 1942020.0], [965080.0, 1942020.0], [965080.0, 1942040.0]]], [[[965220.0, 1942100.0], [965240.0, 1942100.0], [965240.0, 1942120.0], [965300.0, 1942120.0], [965300.0, 1942100.0], [965340.0, 1942100.0], [965340.0, 1942080.0], [965300.0, 1942080.0], [965300.0, 1942060.0], [965240.0, 1942060.0], [965220.0, 1942100.0]]], [[[965220.0, 1942360.0], [965240.0, 1942360.0], [965240.0, 1942340.0], [965220.0, 1942340.0], [965220.0, 1942360.0]]], [[[965320.0, 1942380.0], [965400.0, 1942400.0], [965400.0, 1942340.0], [965420.0, 1942340.0], [965420.0, 1942320.0], [965320.0, 1942320.0], [965320.0, 1942380.0]]], [[[965180.0, 1942460.0], [965160.0, 1942460.0], [965160.0, 1942440.0], [965120.0, 1942440.0], [965120.0, 1942500.0], [965180.0, 1942500.0], [965180.0, 1942460.0]]], [[[965360.0, 1942540.0], [965380.0, 1942540.0], [965380.0, 1942520.0], [965360.0, 1942520.0], [965360.0, 1942540.0]]], [[[965220.0, 1942540.0], [965180.0, 1942540.0], [965180.0, 1942580.0], [965220.0, 1942580.0], [965220.0, 1942540.0]]], [[[965320.0, 1942600.0], [965340.0, 1942600.0], [965340.0, 1942580.0], [965320.0, 1942580.0], [965320.0, 1942600.0]]], [[[965140.0, 1942620.0], [965180.0, 1942620.0], [965180.0, 1942600.0], [965140.0, 1942600.0], [965140.0, 1942620.0]]], [[[965320.0, 1942660.0], [965300.0, 1942660.0], [965300.0, 1942700.0], [965360.0, 1942700.0], [965360.0, 1942680.0], [965380.0, 1942680.0], [965380.0, 1942580.0], [965340.0, 1942600.0], [965340.0, 1942640.0], [965320.0, 1942640.0], [965320.0, 1942660.0]]], [[[965900.0, 1942700.0], [965920.0, 1942700.0], [965920.0, 1942680.0], [965900.0, 1942680.0], [965900.0, 1942700.0]]], [[[965840.0, 1942800.0], [965860.0, 1942800.0], [965860.0, 1942780.0], [965840.0, 1942780.0], [965840.0, 1942800.0]]], [[[965800.0, 1942860.0], [965840.0, 1942860.0], [965840.0, 1942840.0], [965800.0, 1942840.0], [965800.0, 1942860.0]]], [[[965180.0, 1942880.0], [965200.0, 1942880.0], [965200.0, 1942960.0], [965160.0, 1942980.0], [965160.0, 1943060.0], [965200.0, 1943060.0], [965200.0, 1943040.0], [965240.0, 1943060.0], [965240.0, 1943020.0], [965260.0, 1943020.0], [965260.0, 1942960.0], [965280.0, 1942960.0], [965280.0, 1942920.0], [965240.0, 1942920.0], [965240.0, 1942900.0], [965220.0, 1942900.0], [965220.0, 1942880.0], [965240.0, 1942880.0], [965240.0, 1942840.0], [965180.0, 1942840.0], [965180.0, 1942880.0]]], [[[965740.0, 1943000.0], [965760.0, 1943000.0], [965760.0, 1942980.0], [965740.0, 1942980.0], [965740.0, 1943000.0]]], [[[965640.0, 1943020.0], [965660.0, 1943020.0], [965660.0, 1943000.0], [965640.0, 1943000.0], [965640.0, 1943020.0]]], [[[965340.0, 1943000.0], [965340.0, 1943040.0], [965360.0, 1943040.0], [965360.0, 1943000.0], [965340.0, 1943000.0]]], [[[965080.0, 1943000.0], [965080.0, 1943040.0], [965120.0, 1943040.0], [965120.0, 1943000.0], [965080.0, 1943000.0]]], [[[965820.0, 1943040.0], [965840.0, 1943040.0], [965840.0, 1943020.0], [965820.0, 1943020.0], [965820.0, 1943040.0]]], [[[965920.0, 1943040.0], [965860.0, 1943040.0], [965860.0, 1943060.0], [965920.0, 1943060.0], [965920.0, 1943040.0]]], [[[965480.0, 1943540.0], [965500.0, 1943540.0], [965500.0, 1943520.0], [965480.0, 1943520.0], [965480.0, 1943540.0]]], [[[965520.0, 1943560.0], [965540.0, 1943560.0], [965540.0, 1943520.0], [965520.0, 1943520.0], [965520.0, 1943560.0]]], [[[965660.0, 1943520.0], [965600.0, 1943520.0], [965600.0, 1943540.0], [965620.0, 1943540.0], [965620.0, 1943580.0], [965660.0, 1943580.0], [965660.0, 1943520.0]]], [[[965780.0, 1943600.0], [965800.0, 1943600.0], [965800.0, 1943580.0], [965780.0, 1943580.0], [965780.0, 1943600.0]]], [[[965900.0, 1943640.0], [965920.0, 1943640.0], [965920.0, 1943620.0], [965900.0, 1943620.0], [965900.0, 1943640.0]]], [[[965360.0, 1944140.0], [965380.0, 1944140.0], [965380.0, 1944100.0], [965360.0, 1944100.0], [965360.0, 1944140.0]]], [[[965420.0, 1944120.0], [965400.0, 1944120.0], [965400.0, 1944140.0], [965420.0, 1944140.0], [965420.0, 1944120.0]]], [[[965460.0, 1944160.0], [965500.0, 1944160.0], [965500.0, 1944140.0], [965460.0, 1944140.0], [965460.0, 1944160.0]]], [[[965820.0, 1944380.0], [965840.0, 1944380.0], [965840.0, 1944360.0], [965820.0, 1944360.0], [965820.0, 1944380.0]]], [[[965860.0, 1944400.0], [965880.0, 1944400.0], [965880.0, 1944380.0], [965860.0, 1944380.0], [965860.0, 1944400.0]]], [[[965800.0, 1944420.0], [965820.0, 1944420.0], [965820.0, 1944400.0], [965800.0, 1944400.0], [965800.0, 1944420.0]]], [[[965800.0, 1944460.0], [965820.0, 1944460.0], [965820.0, 1944440.0], [965800.0, 1944440.0], [965800.0, 1944460.0]]], [[[965080.0, 1944680.0], [965100.0, 1944680.0], [965100.0, 1944660.0], [965080.0, 1944660.0], [965080.0, 1944680.0]]], [[[965140.0, 1944760.0], [965120.0, 1944760.0], [965120.0, 1944780.0], [965140.0, 1944780.0], [965140.0, 1944760.0]]], [[[965280.0, 1944860.0], [965320.0, 1944860.0], [965320.0, 1944820.0], [965280.0, 1944820.0], [965280.0, 1944860.0]]], [[[965540.0, 1945260.0], [965580.0, 1945260.0], [965580.0, 1945240.0], [965540.0, 1945240.0], [965540.0, 1945260.0]]], [[[965400.0, 1945340.0], [965420.0, 1945340.0], [965420.0, 1945300.0], [965400.0, 1945300.0], [965400.0, 1945340.0]]], [[[965940.0, 1946100.0], [965900.0, 1946100.0], [965900.0, 1946140.0], [965940.0, 1946160.0], [965940.0, 1946100.0]]], [[[965080.0, 1946160.0], [965040.0, 1946160.0], [965040.0, 1946180.0], [965060.0, 1946180.0], [965060.0, 1946200.0], [965080.0, 1946200.0], [965080.0, 1946160.0]]], [[[965440.0, 1946760.0], [965480.0, 1946760.0], [965480.0, 1946780.0], [965540.0, 1946780.0], [965540.0, 1946760.0], [965520.0, 1946760.0], [965520.0, 1946740.0], [965480.0, 1946740.0], [965480.0, 1946720.0], [965460.0, 1946720.0], [965440.0, 1946760.0]]], [[[965640.0, 1947140.0], [965640.0, 1947160.0], [965680.0, 1947160.0], [965680.0, 1947140.0], [965640.0, 1947140.0]]], [[[965280.0, 1947140.0], [965280.0, 1947160.0], [965300.0, 1947160.0], [965300.0, 1947140.0], [965280.0, 1947140.0]]], [[[965280.0, 1947260.0], [965300.0, 1947260.0], [965300.0, 1947240.0], [965280.0, 1947240.0], [965280.0, 1947260.0]]], [[[965180.0, 1947240.0], [965140.0, 1947240.0], [965140.0, 1947260.0], [965180.0, 1947260.0], [965180.0, 1947240.0]]], [[[965480.0, 1947260.0], [965500.0, 1947260.0], [965500.0, 1947240.0], [965480.0, 1947240.0], [965480.0, 1947260.0]]], [[[965580.0, 1947240.0], [965580.0, 1947260.0], [965620.0, 1947260.0], [965620.0, 1947240.0], [965580.0, 1947240.0]]], [[[965880.0, 1947240.0], [965880.0, 1947260.0], [965920.0, 1947260.0], [965920.0, 1947240.0], [965880.0, 1947240.0]]], [[[965060.0, 1947280.0], [965080.0, 1947280.0], [965080.0, 1947240.0], [965060.0, 1947240.0], [965060.0, 1947280.0]]], [[[965440.0, 1947380.0], [965500.0, 1947380.0], [965480.0, 1947340.0], [965440.0, 1947340.0], [965440.0, 1947380.0]]], [[[965660.0, 1947340.0], [965620.0, 1947340.0], [965620.0, 1947360.0], [965640.0, 1947360.0], [965640.0, 1947380.0], [965660.0, 1947380.0], [965660.0, 1947340.0]]], [[[965700.0, 1947660.0], [965740.0, 1947660.0], [965740.0, 1947640.0], [965700.0, 1947640.0], [965700.0, 1947660.0]]], [[[965360.0, 1947700.0], [965400.0, 1947700.0], [965380.0, 1947660.0], [965360.0, 1947660.0], [965360.0, 1947700.0]]], [[[965400.0, 1947780.0], [965440.0, 1947780.0], [965440.0, 1947760.0], [965400.0, 1947760.0], [965400.0, 1947780.0]]], [[[965500.0, 1947840.0], [965480.0, 1947840.0], [965480.0, 1947860.0], [965500.0, 1947860.0], [965500.0, 1947840.0]]], [[[965520.0, 1947900.0], [965540.0, 1947900.0], [965540.0, 1947880.0], [965520.0, 1947880.0], [965520.0, 1947900.0]]], [[[965800.0, 1947920.0], [965820.0, 1947920.0], [965820.0, 1947900.0], [965800.0, 1947900.0], [965800.0, 1947920.0]]], [[[965640.0, 1948180.0], [965660.0, 1948180.0], [965660.0, 1948160.0], [965640.0, 1948160.0], [965640.0, 1948180.0]]], [[[965720.0, 1948220.0], [965740.0, 1948220.0], [965740.0, 1948180.0], [965720.0, 1948180.0], [965720.0, 1948220.0]]], [[[966180.0, 1939540.0], [966200.0, 1939540.0], [966200.0, 1939460.0], [966160.0, 1939460.0], [966160.0, 1939580.0], [966180.0, 1939580.0], [966180.0, 1939540.0]]], [[[966280.0, 1940000.0], [966320.0, 1940000.0], [966320.0, 1939960.0], [966280.0, 1939960.0], [966280.0, 1940000.0]]], [[[966460.0, 1940640.0], [966460.0, 1940600.0], [966440.0, 1940600.0], [966440.0, 1940560.0], [966420.0, 1940560.0], [966420.0, 1940520.0], [966400.0, 1940520.0], [966400.0, 1940460.0], [966380.0, 1940460.0], [966380.0, 1940420.0], [966360.0, 1940420.0], [966360.0, 1940380.0], [966340.0, 1940380.0], [966340.0, 1940340.0], [966320.0, 1940340.0], [966320.0, 1940280.0], [966300.0, 1940280.0], [966300.0, 1940240.0], [966280.0, 1940240.0], [966280.0, 1940200.0], [966260.0, 1940200.0], [966260.0, 1940140.0], [966240.0, 1940140.0], [966240.0, 1940060.0], [966220.0, 1940060.0], [966220.0, 1939940.0], [966200.0, 1939940.0], [966200.0, 1939920.0], [966160.0, 1939920.0], [966160.0, 1940080.0], [966200.0, 1940100.0], [966180.0, 1940140.0], [966200.0, 1940140.0], [966200.0, 1940180.0], [966220.0, 1940180.0], [966220.0, 1940240.0], [966240.0, 1940240.0], [966240.0, 1940280.0], [966260.0, 1940280.0], [966260.0, 1940320.0], [966280.0, 1940320.0], [966280.0, 1940380.0], [966300.0, 1940380.0], [966320.0, 1940500.0], [966340.0, 1940500.0], [966340.0, 1940540.0], [966360.0, 1940540.0], [966360.0, 1940560.0], [966300.0, 1940560.0], [966300.0, 1940540.0], [966240.0, 1940540.0], [966240.0, 1940520.0], [966200.0, 1940520.0], [966200.0, 1940560.0], [966240.0, 1940560.0], [966240.0, 1940580.0], [966300.0, 1940580.0], [966300.0, 1940600.0], [966380.0, 1940600.0], [966380.0, 1940620.0], [966400.0, 1940620.0], [966400.0, 1940640.0], [966420.0, 1940640.0], [966420.0, 1940660.0], [966440.0, 1940660.0], [966460.0, 1940700.0], [966480.0, 1940700.0], [966480.0, 1940740.0], [966540.0, 1940740.0], [966540.0, 1940720.0], [966520.0, 1940720.0], [966520.0, 1940680.0], [966500.0, 1940680.0], [966500.0, 1940660.0], [966460.0, 1940640.0]], [[966380.0, 1940580.0], [966400.0, 1940580.0], [966400.0, 1940600.0], [966380.0, 1940600.0], [966380.0, 1940580.0]]], [[[965940.0, 1940360.0], [965940.0, 1940340.0], [965920.0, 1940340.0], [965920.0, 1940360.0], [965940.0, 1940360.0]]], [[[965940.0, 1940360.0], [965940.0, 1940380.0], [965960.0, 1940380.0], [965960.0, 1940360.0], [965940.0, 1940360.0]]], [[[965920.0, 1940420.0], [965940.0, 1940420.0], [965940.0, 1940400.0], [965920.0, 1940400.0], [965920.0, 1940420.0]]], [[[965980.0, 1940480.0], [966000.0, 1940480.0], [966000.0, 1940460.0], [965980.0, 1940460.0], [965980.0, 1940480.0]]], [[[966500.0, 1940500.0], [966520.0, 1940500.0], [966520.0, 1940480.0], [966500.0, 1940480.0], [966500.0, 1940500.0]]], [[[966140.0, 1940480.0], [966060.0, 1940480.0], [966060.0, 1940460.0], [966020.0, 1940460.0], [966020.0, 1940500.0], [966100.0, 1940500.0], [966100.0, 1940520.0], [966120.0, 1940520.0], [966140.0, 1940480.0]]], [[[966200.0, 1940500.0], [966180.0, 1940500.0], [966180.0, 1940520.0], [966200.0, 1940520.0], [966200.0, 1940500.0]]], [[[966140.0, 1940540.0], [966160.0, 1940540.0], [966160.0, 1940520.0], [966140.0, 1940520.0], [966140.0, 1940540.0]]], [[[966060.0, 1940560.0], [966100.0, 1940560.0], [966100.0, 1940540.0], [966060.0, 1940540.0], [966060.0, 1940560.0]]], [[[966300.0, 1940720.0], [966280.0, 1940720.0], [966280.0, 1940740.0], [966300.0, 1940740.0], [966300.0, 1940720.0]]], [[[966380.0, 1940900.0], [966400.0, 1940900.0], [966400.0, 1940880.0], [966380.0, 1940880.0], [966380.0, 1940900.0]]], [[[966500.0, 1941000.0], [966540.0, 1941000.0], [966540.0, 1940960.0], [966500.0, 1940960.0], [966500.0, 1941000.0]]], [[[966080.0, 1941180.0], [966120.0, 1941180.0], [966120.0, 1941120.0], [966100.0, 1941120.0], [966100.0, 1941160.0], [966080.0, 1941160.0], [966080.0, 1941180.0]]], [[[965940.0, 1941340.0], [965960.0, 1941340.0], [965960.0, 1941300.0], [965940.0, 1941300.0], [965940.0, 1941340.0]]], [[[966520.0, 1941360.0], [966540.0, 1941360.0], [966540.0, 1941320.0], [966560.0, 1941320.0], [966580.0, 1941280.0], [966500.0, 1941300.0], [966500.0, 1941340.0], [966460.0, 1941360.0], [966460.0, 1941400.0], [966420.0, 1941400.0], [966420.0, 1941440.0], [966400.0, 1941440.0], [966400.0, 1941460.0], [966380.0, 1941460.0], [966380.0, 1941500.0], [966340.0, 1941520.0], [966340.0, 1941560.0], [966320.0, 1941560.0], [966300.0, 1941640.0], [966260.0, 1941660.0], [966260.0, 1941740.0], [966280.0, 1941740.0], [966280.0, 1941780.0], [966300.0, 1941780.0], [966300.0, 1941760.0], [966320.0, 1941760.0], [966320.0, 1941720.0], [966360.0, 1941700.0], [966360.0, 1941600.0], [966380.0, 1941600.0], [966380.0, 1941580.0], [966420.0, 1941560.0], [966420.0, 1941480.0], [966460.0, 1941480.0], [966460.0, 1941460.0], [966480.0, 1941460.0], [966480.0, 1941420.0], [966500.0, 1941420.0], [966480.0, 1941380.0], [966520.0, 1941380.0], [966520.0, 1941360.0]]], [[[966220.0, 1941560.0], [966240.0, 1941560.0], [966260.0, 1941520.0], [966220.0, 1941520.0], [966220.0, 1941560.0]]], [[[966080.0, 1941820.0], [966100.0, 1941820.0], [966100.0, 1941780.0], [966080.0, 1941780.0], [966080.0, 1941820.0]]], [[[966520.0, 1941840.0], [966540.0, 1941840.0], [966540.0, 1941820.0], [966520.0, 1941820.0], [966520.0, 1941840.0]]], [[[966000.0, 1941900.0], [966020.0, 1941900.0], [966020.0, 1941880.0], [966000.0, 1941880.0], [966000.0, 1941900.0]]], [[[966220.0, 1941900.0], [966200.0, 1941900.0], [966200.0, 1941920.0], [966220.0, 1941920.0], [966220.0, 1941900.0]]], [[[966480.0, 1941960.0], [966500.0, 1941960.0], [966500.0, 1941920.0], [966480.0, 1941920.0], [966480.0, 1941960.0]]], [[[966420.0, 1941980.0], [966440.0, 1941980.0], [966440.0, 1941940.0], [966420.0, 1941940.0], [966420.0, 1941980.0]]], [[[965920.0, 1942040.0], [965940.0, 1942040.0], [965960.0, 1942000.0], [965920.0, 1942000.0], [965920.0, 1942040.0]]], [[[966080.0, 1942080.0], [966100.0, 1942080.0], [966100.0, 1942060.0], [966080.0, 1942060.0], [966080.0, 1942080.0]]], [[[966480.0, 1942120.0], [966500.0, 1942120.0], [966500.0, 1942100.0], [966480.0, 1942100.0], [966480.0, 1942120.0]]], [[[966480.0, 1942160.0], [966520.0, 1942160.0], [966520.0, 1942140.0], [966480.0, 1942140.0], [966480.0, 1942160.0]]], [[[966040.0, 1942200.0], [966020.0, 1942200.0], [966020.0, 1942220.0], [966040.0, 1942220.0], [966040.0, 1942200.0]]], [[[965980.0, 1942320.0], [966020.0, 1942320.0], [966020.0, 1942260.0], [965980.0, 1942260.0], [965980.0, 1942320.0]]], [[[966340.0, 1942380.0], [966360.0, 1942380.0], [966360.0, 1942340.0], [966340.0, 1942340.0], [966340.0, 1942380.0]]], [[[966480.0, 1942460.0], [966500.0, 1942460.0], [966500.0, 1942420.0], [966480.0, 1942420.0], [966480.0, 1942460.0]]], [[[966140.0, 1942480.0], [966160.0, 1942480.0], [966160.0, 1942460.0], [966140.0, 1942460.0], [966140.0, 1942480.0]]], [[[966080.0, 1942620.0], [966120.0, 1942620.0], [966120.0, 1942580.0], [966080.0, 1942580.0], [966080.0, 1942620.0]]], [[[965940.0, 1942640.0], [965960.0, 1942640.0], [965960.0, 1942620.0], [965940.0, 1942620.0], [965940.0, 1942640.0]]], [[[966580.0, 1942620.0], [966560.0, 1942620.0], [966560.0, 1942640.0], [966540.0, 1942640.0], [966540.0, 1942700.0], [966620.0, 1942740.0], [966640.0, 1942700.0], [966620.0, 1942700.0], [966620.0, 1942680.0], [966580.0, 1942680.0], [966580.0, 1942620.0]]], [[[966000.0, 1942780.0], [966020.0, 1942780.0], [966020.0, 1942740.0], [966000.0, 1942740.0], [966000.0, 1942780.0]]], [[[966300.0, 1942800.0], [966320.0, 1942800.0], [966320.0, 1942760.0], [966300.0, 1942760.0], [966300.0, 1942800.0]]], [[[966500.0, 1942840.0], [966460.0, 1942840.0], [966460.0, 1942880.0], [966440.0, 1942880.0], [966440.0, 1942920.0], [966500.0, 1942920.0], [966500.0, 1942840.0]]], [[[965960.0, 1942980.0], [965980.0, 1942980.0], [965980.0, 1942960.0], [965960.0, 1942960.0], [965960.0, 1942980.0]]], [[[966480.0, 1942960.0], [966440.0, 1942960.0], [966440.0, 1942940.0], [966420.0, 1942940.0], [966400.0, 1943020.0], [966440.0, 1943020.0], [966440.0, 1943040.0], [966460.0, 1943040.0], [966460.0, 1943020.0], [966520.0, 1943020.0], [966520.0, 1943000.0], [966500.0, 1943000.0], [966480.0, 1942960.0]]], [[[966200.0, 1943060.0], [966240.0, 1943060.0], [966240.0, 1943040.0], [966200.0, 1943040.0], [966200.0, 1943060.0]]], [[[966360.0, 1943040.0], [966340.0, 1943080.0], [966380.0, 1943080.0], [966380.0, 1943100.0], [966440.0, 1943100.0], [966440.0, 1943080.0], [966420.0, 1943080.0], [966420.0, 1943060.0], [966380.0, 1943060.0], [966380.0, 1943040.0], [966360.0, 1943040.0]]], [[[966580.0, 1943060.0], [966540.0, 1943060.0], [966540.0, 1943080.0], [966560.0, 1943080.0], [966560.0, 1943100.0], [966580.0, 1943100.0], [966580.0, 1943060.0]]], [[[966560.0, 1943100.0], [966440.0, 1943100.0], [966440.0, 1943120.0], [966480.0, 1943120.0], [966480.0, 1943140.0], [966540.0, 1943140.0], [966560.0, 1943100.0]]], [[[966260.0, 1943100.0], [966220.0, 1943080.0], [966240.0, 1943200.0], [966280.0, 1943220.0], [966280.0, 1943180.0], [966260.0, 1943180.0], [966260.0, 1943100.0]]], [[[966360.0, 1943200.0], [966380.0, 1943200.0], [966380.0, 1943100.0], [966340.0, 1943120.0], [966340.0, 1943140.0], [966360.0, 1943140.0], [966360.0, 1943200.0]]], [[[966320.0, 1943160.0], [966340.0, 1943160.0], [966340.0, 1943140.0], [966320.0, 1943140.0], [966320.0, 1943160.0]]], [[[966320.0, 1943220.0], [966360.0, 1943220.0], [966360.0, 1943200.0], [966320.0, 1943200.0], [966320.0, 1943220.0]]], [[[965960.0, 1943300.0], [965940.0, 1943300.0], [965940.0, 1943340.0], [965960.0, 1943340.0], [965960.0, 1943300.0]]], [[[966080.0, 1943360.0], [966100.0, 1943360.0], [966100.0, 1943340.0], [966080.0, 1943340.0], [966080.0, 1943360.0]]], [[[966000.0, 1943420.0], [966020.0, 1943420.0], [966020.0, 1943380.0], [966000.0, 1943380.0], [966000.0, 1943420.0]]], [[[966360.0, 1943840.0], [966380.0, 1943840.0], [966380.0, 1943820.0], [966360.0, 1943820.0], [966360.0, 1943840.0]]], [[[966160.0, 1943820.0], [966140.0, 1943820.0], [966140.0, 1943900.0], [966160.0, 1943900.0], [966160.0, 1943880.0], [966200.0, 1943860.0], [966200.0, 1943820.0], [966180.0, 1943820.0], [966180.0, 1943800.0], [966160.0, 1943800.0], [966160.0, 1943820.0]]], [[[966040.0, 1943900.0], [966000.0, 1943900.0], [966000.0, 1943940.0], [966020.0, 1943940.0], [966020.0, 1943980.0], [966040.0, 1943980.0], [966040.0, 1943900.0]]], [[[966020.0, 1944100.0], [966000.0, 1944100.0], [966000.0, 1944120.0], [965980.0, 1944120.0], [965980.0, 1944140.0], [966020.0, 1944140.0], [966020.0, 1944100.0]]], [[[966140.0, 1944160.0], [966100.0, 1944160.0], [966100.0, 1944200.0], [966140.0, 1944200.0], [966140.0, 1944160.0]]], [[[966260.0, 1944180.0], [966240.0, 1944180.0], [966240.0, 1944200.0], [966220.0, 1944200.0], [966220.0, 1944220.0], [966260.0, 1944220.0], [966260.0, 1944180.0]]], [[[966040.0, 1944240.0], [966080.0, 1944240.0], [966080.0, 1944220.0], [966040.0, 1944220.0], [966040.0, 1944240.0]]], [[[965920.0, 1944300.0], [965940.0, 1944300.0], [965940.0, 1944260.0], [965920.0, 1944260.0], [965920.0, 1944300.0]]], [[[965960.0, 1944980.0], [965980.0, 1944980.0], [965980.0, 1944960.0], [965960.0, 1944960.0], [965960.0, 1944980.0]]], [[[966100.0, 1945480.0], [966140.0, 1945480.0], [966160.0, 1945440.0], [966100.0, 1945440.0], [966100.0, 1945480.0]]], [[[965960.0, 1946220.0], [965980.0, 1946220.0], [965980.0, 1946200.0], [965960.0, 1946200.0], [965960.0, 1946220.0]]], [[[966080.0, 1946280.0], [966040.0, 1946280.0], [966040.0, 1946320.0], [966080.0, 1946300.0], [966080.0, 1946280.0]]], [[[966460.0, 1946320.0], [966480.0, 1946320.0], [966480.0, 1946300.0], [966460.0, 1946300.0], [966460.0, 1946320.0]]], [[[966280.0, 1946460.0], [966300.0, 1946460.0], [966300.0, 1946420.0], [966280.0, 1946420.0], [966280.0, 1946460.0]]], [[[966120.0, 1946480.0], [966160.0, 1946480.0], [966160.0, 1946460.0], [966140.0, 1946460.0], [966140.0, 1946440.0], [966120.0, 1946440.0], [966120.0, 1946480.0]]], [[[966180.0, 1946500.0], [966200.0, 1946500.0], [966200.0, 1946480.0], [966180.0, 1946480.0], [966180.0, 1946500.0]]], [[[965960.0, 1946640.0], [966000.0, 1946640.0], [966000.0, 1946600.0], [965960.0, 1946600.0], [965960.0, 1946640.0]]], [[[966060.0, 1946880.0], [966020.0, 1946880.0], [966020.0, 1946900.0], [966060.0, 1946900.0], [966060.0, 1946880.0]]], [[[966200.0, 1947080.0], [966220.0, 1947080.0], [966220.0, 1947040.0], [966200.0, 1947040.0], [966200.0, 1947080.0]]], [[[966120.0, 1947260.0], [966160.0, 1947260.0], [966160.0, 1947220.0], [966120.0, 1947220.0], [966120.0, 1947260.0]]], [[[966040.0, 1947260.0], [966080.0, 1947260.0], [966080.0, 1947240.0], [966040.0, 1947240.0], [966040.0, 1947260.0]]], [[[966300.0, 1947260.0], [966340.0, 1947260.0], [966340.0, 1947240.0], [966300.0, 1947240.0], [966300.0, 1947260.0]]], [[[966400.0, 1947340.0], [966440.0, 1947340.0], [966420.0, 1947300.0], [966400.0, 1947300.0], [966400.0, 1947340.0]]], [[[966320.0, 1947380.0], [966320.0, 1947400.0], [966360.0, 1947400.0], [966360.0, 1947380.0], [966320.0, 1947380.0]]], [[[966260.0, 1947380.0], [966260.0, 1947400.0], [966280.0, 1947400.0], [966280.0, 1947380.0], [966260.0, 1947380.0]]], [[[966360.0, 1947560.0], [966400.0, 1947560.0], [966400.0, 1947540.0], [966360.0, 1947540.0], [966360.0, 1947560.0]]], [[[966540.0, 1947620.0], [966560.0, 1947620.0], [966560.0, 1947600.0], [966540.0, 1947600.0], [966540.0, 1947620.0]]], [[[966080.0, 1947720.0], [966040.0, 1947720.0], [966040.0, 1947760.0], [966060.0, 1947760.0], [966060.0, 1947800.0], [966080.0, 1947800.0], [966080.0, 1947720.0]]], [[[966000.0, 1947880.0], [965960.0, 1947880.0], [965960.0, 1947900.0], [965940.0, 1947900.0], [965940.0, 1947940.0], [965980.0, 1947940.0], [965980.0, 1947920.0], [966000.0, 1947920.0], [966000.0, 1947880.0]]], [[[966160.0, 1947940.0], [966140.0, 1947940.0], [966140.0, 1947880.0], [966080.0, 1947880.0], [966080.0, 1947900.0], [966120.0, 1947920.0], [966120.0, 1947960.0], [966160.0, 1947980.0], [966160.0, 1947940.0]]], [[[966520.0, 1948060.0], [966540.0, 1948060.0], [966540.0, 1948040.0], [966520.0, 1948040.0], [966520.0, 1948060.0]]], [[[965960.0, 1948140.0], [965940.0, 1948140.0], [965940.0, 1948180.0], [965960.0, 1948180.0], [965960.0, 1948140.0]]], [[[965960.0, 1948540.0], [965920.0, 1948540.0], [965920.0, 1948580.0], [965940.0, 1948580.0], [965940.0, 1948600.0], [965980.0, 1948600.0], [965980.0, 1948560.0], [965960.0, 1948560.0], [965960.0, 1948540.0]]], [[[966180.0, 1948920.0], [966200.0, 1948920.0], [966200.0, 1948880.0], [966180.0, 1948880.0], [966180.0, 1948920.0]]], [[[966840.0, 1939320.0], [966860.0, 1939320.0], [966860.0, 1939300.0], [966840.0, 1939300.0], [966840.0, 1939320.0]]], [[[966840.0, 1939320.0], [966820.0, 1939320.0], [966820.0, 1939340.0], [966840.0, 1939340.0], [966840.0, 1939320.0]]], [[[966860.0, 1939400.0], [966840.0, 1939400.0], [966840.0, 1939380.0], [966820.0, 1939380.0], [966820.0, 1939440.0], [966860.0, 1939440.0], [966860.0, 1939400.0]]], [[[966820.0, 1939680.0], [966840.0, 1939680.0], [966840.0, 1939640.0], [966820.0, 1939640.0], [966820.0, 1939680.0]]], [[[966820.0, 1940020.0], [966800.0, 1940020.0], [966800.0, 1940080.0], [966820.0, 1940080.0], [966820.0, 1940020.0]]], [[[966920.0, 1941020.0], [966960.0, 1941020.0], [966960.0, 1941000.0], [967000.0, 1941020.0], [967000.0, 1940920.0], [966980.0, 1940920.0], [966980.0, 1940900.0], [967000.0, 1940900.0], [967000.0, 1940840.0], [966980.0, 1940840.0], [966980.0, 1940780.0], [966960.0, 1940780.0], [966960.0, 1940800.0], [966920.0, 1940800.0], [966920.0, 1940960.0], [966940.0, 1940960.0], [966940.0, 1940980.0], [966900.0, 1940980.0], [966920.0, 1941020.0]]], [[[966820.0, 1940920.0], [966840.0, 1940920.0], [966840.0, 1940900.0], [966820.0, 1940900.0], [966820.0, 1940920.0]]], [[[966800.0, 1940900.0], [966780.0, 1940900.0], [966780.0, 1940920.0], [966800.0, 1940920.0], [966800.0, 1940900.0]]], [[[966780.0, 1940960.0], [966800.0, 1940960.0], [966800.0, 1940940.0], [966780.0, 1940940.0], [966780.0, 1940960.0]]], [[[966840.0, 1940980.0], [966880.0, 1940980.0], [966880.0, 1940940.0], [966840.0, 1940940.0], [966840.0, 1940980.0]]], [[[966560.0, 1940840.0], [966580.0, 1940840.0], [966580.0, 1940900.0], [966620.0, 1940900.0], [966620.0, 1941140.0], [966580.0, 1941140.0], [966580.0, 1941160.0], [966560.0, 1941160.0], [966560.0, 1941200.0], [966540.0, 1941200.0], [966540.0, 1941260.0], [966580.0, 1941260.0], [966580.0, 1941240.0], [966620.0, 1941220.0], [966620.0, 1941180.0], [966640.0, 1941180.0], [966640.0, 1941120.0], [966660.0, 1941120.0], [966660.0, 1941060.0], [966680.0, 1941060.0], [966680.0, 1940940.0], [966660.0, 1940940.0], [966660.0, 1940900.0], [966640.0, 1940900.0], [966640.0, 1940840.0], [966560.0, 1940800.0], [966560.0, 1940840.0]]], [[[966760.0, 1941040.0], [966780.0, 1941040.0], [966780.0, 1941020.0], [966760.0, 1941020.0], [966760.0, 1941040.0]]], [[[967180.0, 1941040.0], [967220.0, 1941040.0], [967220.0, 1941020.0], [967180.0, 1941020.0], [967180.0, 1941040.0]]], [[[967160.0, 1941060.0], [967180.0, 1941060.0], [967180.0, 1941040.0], [967160.0, 1941040.0], [967160.0, 1941060.0]]], [[[966980.0, 1941120.0], [967020.0, 1941120.0], [967020.0, 1941100.0], [967040.0, 1941100.0], [967040.0, 1941080.0], [967000.0, 1941080.0], [966980.0, 1941120.0]]], [[[966860.0, 1941220.0], [966900.0, 1941220.0], [966900.0, 1941200.0], [966940.0, 1941180.0], [966940.0, 1941140.0], [966920.0, 1941140.0], [966900.0, 1941180.0], [966880.0, 1941180.0], [966860.0, 1941220.0]]], [[[967100.0, 1941200.0], [967140.0, 1941200.0], [967140.0, 1941160.0], [967100.0, 1941160.0], [967100.0, 1941200.0]]], [[[966820.0, 1941300.0], [966800.0, 1941300.0], [966800.0, 1941340.0], [966820.0, 1941340.0], [966820.0, 1941300.0]]], [[[967160.0, 1941340.0], [967180.0, 1941340.0], [967180.0, 1941300.0], [967160.0, 1941300.0], [967160.0, 1941340.0]]], [[[966820.0, 1941400.0], [966840.0, 1941400.0], [966840.0, 1941380.0], [966820.0, 1941380.0], [966820.0, 1941400.0]]], [[[966700.0, 1941700.0], [966720.0, 1941700.0], [966720.0, 1941680.0], [966760.0, 1941660.0], [966760.0, 1941620.0], [966740.0, 1941620.0], [966720.0, 1941660.0], [966700.0, 1941660.0], [966700.0, 1941700.0]]], [[[967180.0, 1941780.0], [967200.0, 1941780.0], [967200.0, 1941760.0], [967180.0, 1941760.0], [967180.0, 1941780.0]]], [[[966620.0, 1941800.0], [966640.0, 1941800.0], [966640.0, 1941760.0], [966620.0, 1941760.0], [966620.0, 1941800.0]]], [[[966660.0, 1941840.0], [966680.0, 1941840.0], [966680.0, 1941820.0], [966660.0, 1941820.0], [966660.0, 1941840.0]]], [[[967120.0, 1941860.0], [967080.0, 1941860.0], [967080.0, 1941880.0], [967120.0, 1941880.0], [967120.0, 1941860.0]]], [[[966640.0, 1941900.0], [966660.0, 1941900.0], [966660.0, 1941860.0], [966640.0, 1941860.0], [966640.0, 1941900.0]]], [[[967060.0, 1941900.0], [967080.0, 1941900.0], [967080.0, 1941880.0], [967060.0, 1941880.0], [967060.0, 1941900.0]]], [[[966980.0, 1941980.0], [967000.0, 1941980.0], [967000.0, 1941940.0], [966980.0, 1941940.0], [966980.0, 1941980.0]]], [[[966820.0, 1941980.0], [966860.0, 1941980.0], [966860.0, 1941960.0], [966820.0, 1941960.0], [966820.0, 1941980.0]]], [[[966720.0, 1942000.0], [966740.0, 1942000.0], [966740.0, 1941980.0], [966720.0, 1941980.0], [966720.0, 1942000.0]]], [[[966660.0, 1942200.0], [966700.0, 1942200.0], [966700.0, 1942160.0], [966660.0, 1942160.0], [966660.0, 1942200.0]]], [[[966920.0, 1942180.0], [966900.0, 1942180.0], [966900.0, 1942200.0], [966920.0, 1942200.0], [966920.0, 1942180.0]]], [[[966800.0, 1942220.0], [966840.0, 1942220.0], [966840.0, 1942200.0], [966800.0, 1942200.0], [966800.0, 1942220.0]]], [[[967060.0, 1942460.0], [967080.0, 1942460.0], [967080.0, 1942440.0], [967060.0, 1942440.0], [967060.0, 1942460.0]]], [[[966720.0, 1944220.0], [966680.0, 1944220.0], [966680.0, 1944240.0], [966720.0, 1944240.0], [966720.0, 1944220.0]]], [[[967260.0, 1944240.0], [967280.0, 1944240.0], [967280.0, 1944220.0], [967260.0, 1944220.0], [967260.0, 1944240.0]]], [[[966600.0, 1944780.0], [966620.0, 1944780.0], [966620.0, 1944760.0], [966600.0, 1944760.0], [966600.0, 1944780.0]]], [[[967080.0, 1945080.0], [967020.0, 1945080.0], [967020.0, 1945100.0], [967080.0, 1945100.0], [967080.0, 1945080.0]]], [[[967060.0, 1945140.0], [967060.0, 1945120.0], [967040.0, 1945120.0], [967040.0, 1945140.0], [967060.0, 1945140.0]]], [[[967060.0, 1945140.0], [967060.0, 1945160.0], [967100.0, 1945180.0], [967100.0, 1945140.0], [967060.0, 1945140.0]]], [[[967000.0, 1945280.0], [967020.0, 1945280.0], [967020.0, 1945240.0], [967000.0, 1945240.0], [967000.0, 1945280.0]]], [[[966660.0, 1945380.0], [966680.0, 1945380.0], [966680.0, 1945360.0], [966660.0, 1945360.0], [966660.0, 1945380.0]]], [[[967000.0, 1945740.0], [967020.0, 1945740.0], [967040.0, 1945820.0], [967120.0, 1945860.0], [967120.0, 1945800.0], [967080.0, 1945780.0], [967080.0, 1945720.0], [967060.0, 1945720.0], [967060.0, 1945680.0], [967040.0, 1945680.0], [967040.0, 1945660.0], [967020.0, 1945660.0], [967020.0, 1945620.0], [967000.0, 1945620.0], [967000.0, 1945600.0], [966960.0, 1945620.0], [966960.0, 1945660.0], [966980.0, 1945660.0], [966980.0, 1945700.0], [967000.0, 1945700.0], [967000.0, 1945740.0]]], [[[966900.0, 1945760.0], [966940.0, 1945760.0], [966940.0, 1945740.0], [966900.0, 1945740.0], [966900.0, 1945760.0]]], [[[966940.0, 1945780.0], [966920.0, 1945780.0], [966920.0, 1945800.0], [966940.0, 1945800.0], [966940.0, 1945780.0]]], [[[967060.0, 1946260.0], [967080.0, 1946260.0], [967080.0, 1946220.0], [967060.0, 1946220.0], [967060.0, 1946260.0]]], [[[967260.0, 1946320.0], [967280.0, 1946320.0], [967280.0, 1946300.0], [967260.0, 1946300.0], [967260.0, 1946320.0]]], [[[966820.0, 1946420.0], [966880.0, 1946420.0], [966900.0, 1946380.0], [966820.0, 1946380.0], [966820.0, 1946420.0]]], [[[966700.0, 1946440.0], [966720.0, 1946440.0], [966720.0, 1946400.0], [966700.0, 1946400.0], [966700.0, 1946440.0]]], [[[967020.0, 1946500.0], [967060.0, 1946520.0], [967060.0, 1946480.0], [967040.0, 1946480.0], [967020.0, 1946440.0], [966980.0, 1946440.0], [967000.0, 1946480.0], [967020.0, 1946480.0], [967020.0, 1946500.0]]], [[[966760.0, 1946500.0], [966760.0, 1946540.0], [966780.0, 1946540.0], [966780.0, 1946500.0], [966760.0, 1946500.0]]], [[[966640.0, 1946500.0], [966640.0, 1946540.0], [966680.0, 1946540.0], [966660.0, 1946500.0], [966640.0, 1946500.0]]], [[[966960.0, 1946580.0], [967000.0, 1946580.0], [967000.0, 1946560.0], [966960.0, 1946560.0], [966960.0, 1946580.0]]], [[[967240.0, 1946660.0], [967260.0, 1946660.0], [967260.0, 1946620.0], [967240.0, 1946620.0], [967240.0, 1946660.0]]], [[[966820.0, 1946740.0], [966880.0, 1946740.0], [966880.0, 1946680.0], [966820.0, 1946680.0], [966820.0, 1946740.0]]], [[[967180.0, 1946900.0], [967200.0, 1946900.0], [967200.0, 1946860.0], [967180.0, 1946860.0], [967180.0, 1946900.0]]], [[[967160.0, 1946940.0], [967180.0, 1946940.0], [967180.0, 1946900.0], [967160.0, 1946900.0], [967160.0, 1946940.0]]], [[[967160.0, 1946940.0], [967140.0, 1946940.0], [967140.0, 1946980.0], [967160.0, 1946980.0], [967160.0, 1946940.0]]], [[[966880.0, 1947020.0], [966860.0, 1947020.0], [966860.0, 1947040.0], [966880.0, 1947040.0], [966880.0, 1947020.0]]], [[[967040.0, 1947200.0], [967000.0, 1947200.0], [967000.0, 1947220.0], [966980.0, 1947220.0], [966980.0, 1947260.0], [967020.0, 1947260.0], [967020.0, 1947240.0], [967040.0, 1947240.0], [967040.0, 1947200.0]]], [[[966800.0, 1947260.0], [966820.0, 1947260.0], [966820.0, 1947220.0], [966800.0, 1947220.0], [966800.0, 1947260.0]]], [[[966460.0, 1947380.0], [966540.0, 1947400.0], [966540.0, 1947380.0], [966680.0, 1947380.0], [966680.0, 1947360.0], [966740.0, 1947360.0], [966740.0, 1947340.0], [966660.0, 1947340.0], [966660.0, 1947360.0], [966460.0, 1947360.0], [966460.0, 1947380.0]]], [[[967060.0, 1947420.0], [967080.0, 1947420.0], [967080.0, 1947400.0], [967060.0, 1947400.0], [967060.0, 1947420.0]]], [[[966940.0, 1947420.0], [966960.0, 1947420.0], [966960.0, 1947400.0], [966940.0, 1947400.0], [966940.0, 1947420.0]]], [[[966620.0, 1947460.0], [966660.0, 1947460.0], [966660.0, 1947440.0], [966620.0, 1947440.0], [966620.0, 1947460.0]]], [[[966900.0, 1947440.0], [966860.0, 1947440.0], [966860.0, 1947480.0], [966900.0, 1947480.0], [966900.0, 1947440.0]]], [[[966840.0, 1947480.0], [966800.0, 1947480.0], [966800.0, 1947500.0], [966820.0, 1947500.0], [966820.0, 1947520.0], [966840.0, 1947520.0], [966840.0, 1947480.0]]], [[[966980.0, 1947600.0], [967000.0, 1947600.0], [967000.0, 1947580.0], [966980.0, 1947580.0], [966980.0, 1947600.0]]], [[[966920.0, 1947600.0], [966940.0, 1947600.0], [966940.0, 1947580.0], [966920.0, 1947580.0], [966920.0, 1947600.0]]], [[[966740.0, 1947700.0], [966760.0, 1947700.0], [966760.0, 1947660.0], [966740.0, 1947660.0], [966740.0, 1947700.0]]], [[[966660.0, 1947720.0], [966660.0, 1947680.0], [966620.0, 1947680.0], [966620.0, 1947720.0], [966660.0, 1947720.0]]], [[[966660.0, 1947720.0], [966660.0, 1947760.0], [966700.0, 1947760.0], [966700.0, 1947720.0], [966660.0, 1947720.0]]], [[[967040.0, 1947800.0], [967060.0, 1947800.0], [967060.0, 1947760.0], [967020.0, 1947760.0], [967020.0, 1947780.0], [967000.0, 1947780.0], [967000.0, 1947820.0], [967040.0, 1947820.0], [967040.0, 1947800.0]]], [[[966880.0, 1947980.0], [966900.0, 1947980.0], [966900.0, 1947940.0], [966880.0, 1947940.0], [966880.0, 1947980.0]]], [[[967020.0, 1948080.0], [967080.0, 1948080.0], [967080.0, 1948040.0], [967020.0, 1948040.0], [967020.0, 1948080.0]]], [[[966960.0, 1948120.0], [967000.0, 1948120.0], [967020.0, 1948080.0], [966960.0, 1948080.0], [966960.0, 1948120.0]]], [[[967060.0, 1948540.0], [967100.0, 1948540.0], [967100.0, 1948500.0], [967060.0, 1948500.0], [967060.0, 1948540.0]]], [[[966660.0, 1948580.0], [966700.0, 1948580.0], [966700.0, 1948540.0], [966660.0, 1948540.0], [966660.0, 1948580.0]]], [[[967080.0, 1948800.0], [967100.0, 1948800.0], [967100.0, 1948780.0], [967080.0, 1948780.0], [967080.0, 1948800.0]]], [[[966840.0, 1948840.0], [966820.0, 1948840.0], [966820.0, 1948860.0], [966840.0, 1948860.0], [966840.0, 1948840.0]]], [[[966760.0, 1948880.0], [966780.0, 1948880.0], [966780.0, 1948860.0], [966760.0, 1948860.0], [966760.0, 1948880.0]]], [[[966800.0, 1948880.0], [966820.0, 1948880.0], [966820.0, 1948860.0], [966800.0, 1948860.0], [966800.0, 1948880.0]]], [[[967180.0, 1948880.0], [967220.0, 1948880.0], [967220.0, 1948860.0], [967180.0, 1948860.0], [967180.0, 1948880.0]]], [[[966620.0, 1948940.0], [966660.0, 1948940.0], [966680.0, 1948900.0], [966620.0, 1948900.0], [966620.0, 1948940.0]]], [[[966700.0, 1948960.0], [966720.0, 1948960.0], [966720.0, 1948940.0], [966700.0, 1948940.0], [966700.0, 1948960.0]]], [[[966820.0, 1948940.0], [966800.0, 1948940.0], [966800.0, 1948960.0], [966780.0, 1948960.0], [966780.0, 1948980.0], [966820.0, 1948980.0], [966820.0, 1948940.0]]]]}}, {"type": "Feature", "properties": {"band": 1, "depth_min_m": 1.0, "depth_max_m": 2.0, "depth_mean_m": 1.284, "depth_p90_m": 1.7, "area_m2": 182800.0}, "geometry": {"type": "MultiPolygon", "coordinates": [[[[958740.0, 1939260.0], [958780.0, 1939260.0], [958780.0, 1939240.0], [958740.0, 1939240.0], [958740.0, 1939260.0]]], [[[956920.0, 1939800.0], [956920.0, 1939820.0], [956960.0, 1939820.0], [956960.0, 1939800.0], [956920.0, 1939800.0]]], [[[956980.0, 1939840.0], [956980.0, 1939820.0], [956960.0, 1939820.0], [956960.0, 1939840.0], [956980.0, 1939840.0]]], [[[956960.0, 1939840.0], [956920.0, 1939840.0], [956920.0, 1939860.0], [956960.0, 1939860.0], [956960.0, 1939840.0]]], [[[957900.0, 1939940.0], [957940.0, 1939940.0], [957940.0, 1939920.0], [957900.0, 1939900.0], [957900.0, 1939940.0]]], [[[957940.0, 1939960.0], [957980.0, 1939980.0], [957980.0, 1939940.0], [957940.0, 1939940.0], [957940.0, 1939960.0]]], [[[957760.0, 1940260.0], [957720.0, 1940260.0], [957720.0, 1940280.0], [957760.0, 1940280.0], [957760.0, 1940260.0]]], [[[958000.0, 1940280.0], [958080.0, 1940300.0], [958080.0, 1940280.0], [958140.0, 1940280.0], [958140.0, 1940260.0], [958000.0, 1940260.0], [958000.0, 1940280.0]]], [[[957760.0, 1940300.0], [957720.0, 1940300.0], [957720.0, 1940320.0], [957760.0, 1940320.0], [957760.0, 1940300.0]]], [[[958040.0, 1940300.0], [958000.0, 1940300.0], [958000.0, 1940320.0], [958040.0, 1940320.0], [958040.0, 1940300.0]]], [[[958000.0, 1940320.0], [957980.0, 1940320.0], [957980.0, 1940340.0], [958000.0, 1940340.0], [958000.0, 1940320.0]]], [[[958260.0, 1940360.0], [958280.0, 1940360.0], [958280.0, 1940320.0], [958240.0, 1940300.0], [958240.0, 1940340.0], [958260.0, 1940340.0], [958260.0, 1940360.0]]], [[[958280.0, 1940400.0], [958300.0, 1940400.0], [958300.0, 1940440.0], [958340.0, 1940440.0], [958340.0, 1940420.0], [958320.0, 1940420.0], [958320.0, 1940380.0], [958280.0, 1940380.0], [958280.0, 1940400.0]]], [[[959340.0, 1940620.0], [959320.0, 1940620.0], [959320.0, 1940640.0], [959340.0, 1940640.0], [959340.0, 1940620.0]]], [[[959300.0, 1940680.0], [959320.0, 1940680.0], [959320.0, 1940660.0], [959300.0, 1940660.0], [959300.0, 1940680.0]]], [[[959280.0, 1940680.0], [959280.0, 1940700.0], [959300.0, 1940700.0], [959300.0, 1940680.0], [959280.0, 1940680.0]]], [[[959320.0, 1940720.0], [959320.0, 1940700.0], [959300.0, 1940700.0], [959300.0, 1940720.0], [959320.0, 1940720.0]]], [[[959280.0, 1940740.0], [959240.0, 1940740.0], [959240.0, 1940760.0], [959280.0, 1940760.0], [959280.0, 1940740.0]]], [[[958200.0, 1943760.0], [958180.0, 1943760.0], [958180.0, 1943720.0], [958140.0, 1943720.0], [958140.0, 1943780.0], [958200.0, 1943780.0], [958200.0, 1943760.0]]], [[[957760.0, 1944260.0], [957780.0, 1944260.0], [957780.0, 1944280.0], [957860.0, 1944280.0], [957840.0, 1944240.0], [957760.0, 1944220.0], [957760.0, 1944260.0]]], [[[957980.0, 1944240.0], [957940.0, 1944260.0], [957940.0, 1944320.0], [958000.0, 1944320.0], [957980.0, 1944240.0]]], [[[957980.0, 1944380.0], [957960.0, 1944380.0], [957960.0, 1944400.0], [957980.0, 1944400.0], [957980.0, 1944380.0]]], [[[957340.0, 1945460.0], [957320.0, 1945460.0], [957320.0, 1945480.0], [957340.0, 1945480.0], [957340.0, 1945460.0]]], [[[957980.0, 1945520.0], [957960.0, 1945520.0], [957960.0, 1945480.0], [957900.0, 1945480.0], [957900.0, 1945540.0], [957980.0, 1945540.0], [957980.0, 1945520.0]]], [[[957540.0, 1946960.0], [957520.0, 1946960.0], [957520.0, 1947000.0], [957540.0, 1947000.0], [957540.0, 1946960.0]]], [[[959160.0, 1947420.0], [959140.0, 1947420.0], [959140.0, 1947460.0], [959160.0, 1947460.0], [959160.0, 1947420.0]]], [[[958980.0, 1947820.0], [958900.0, 1947820.0], [958900.0, 1947860.0], [958980.0, 1947860.0], [958980.0, 1947820.0]]], [[[956460.0, 1948980.0], [956440.0, 1948980.0], [956440.0, 1949020.0], [956460.0, 1949020.0], [956460.0, 1948980.0]]], [[[956460.0, 1949100.0], [956440.0, 1949100.0], [956440.0, 1949120.0], [956460.0, 1949120.0], [956460.0, 1949100.0]]], [[[957040.0, 1949120.0], [957080.0, 1949120.0], [957080.0, 1949100.0], [957040.0, 1949100.0], [957040.0, 1949120.0]]], [[[962620.0, 1939400.0], [962660.0, 1939400.0], [962660.0, 1939380.0], [962600.0, 1939380.0], [962600.0, 1939420.0], [962620.0, 1939420.0], [962620.0, 1939400.0]]], [[[961360.0, 1939460.0], [961320.0, 1939460.0], [961320.0, 1939440.0], [961300.0, 1939440.0], [961300.0, 1939500.0], [961360.0, 1939500.0], [961360.0, 1939460.0]]], [[[960980.0, 1939600.0], [960960.0, 1939600.0], [960960.0, 1939700.0], [961000.0, 1939700.0], [961000.0, 1939660.0], [960980.0, 1939660.0], [961000.0, 1939620.0], [961040.0, 1939620.0], [961040.0, 1939540.0], [961000.0, 1939540.0], [961000.0, 1939560.0], [960980.0, 1939560.0], [960980.0, 1939600.0]], [[961020.0, 1939560.0], [961020.0, 1939600.0], [961000.0, 1939600.0], [961000.0, 1939560.0], [961020.0, 1939560.0]]], [[[959640.0, 1940000.0], [959620.0, 1940000.0], [959620.0, 1940020.0], [959640.0, 1940020.0], [959640.0, 1940000.0]]], [[[959880.0, 1940000.0], [959860.0, 1940000.0], [959860.0, 1940020.0], [959880.0, 1940020.0], [959880.0, 1940000.0]]], [[[959840.0, 1940080.0], [959880.0, 1940080.0], [959880.0, 1940040.0], [959860.0, 1940040.0], [959840.0, 1940080.0]]], [[[962520.0, 1940100.0], [962540.0, 1940100.0], [962540.0, 1940080.0], [962520.0, 1940080.0], [962520.0, 1940100.0]]], [[[960000.0, 1940260.0], [960020.0, 1940260.0], [960020.0, 1940240.0], [959980.0, 1940240.0], [959980.0, 1940280.0], [960000.0, 1940280.0], [960000.0, 1940260.0]]], [[[959500.0, 1940380.0], [959540.0, 1940380.0], [959540.0, 1940400.0], [959680.0, 1940400.0], [959680.0, 1940380.0], [959720.0, 1940380.0], [959720.0, 1940360.0], [959500.0, 1940360.0], [959500.0, 1940380.0]]], [[[959500.0, 1940380.0], [959480.0, 1940380.0], [959480.0, 1940400.0], [959500.0, 1940400.0], [959500.0, 1940380.0]]], [[[960180.0, 1940420.0], [960200.0, 1940420.0], [960200.0, 1940440.0], [960220.0, 1940440.0], [960220.0, 1940420.0], [960240.0, 1940420.0], [960240.0, 1940380.0], [960180.0, 1940380.0], [960180.0, 1940420.0]]], [[[959520.0, 1940420.0], [959500.0, 1940420.0], [959500.0, 1940440.0], [959520.0, 1940440.0], [959520.0, 1940420.0]]], [[[959440.0, 1940460.0], [959460.0, 1940460.0], [959460.0, 1940480.0], [959480.0, 1940480.0], [959500.0, 1940440.0], [959460.0, 1940420.0], [959460.0, 1940440.0], [959440.0, 1940440.0], [959440.0, 1940460.0]]], [[[959440.0, 1940500.0], [959460.0, 1940500.0], [959460.0, 1940480.0], [959440.0, 1940480.0], [959440.0, 1940500.0]]], [[[959400.0, 1940580.0], [959420.0, 1940580.0], [959420.0, 1940520.0], [959400.0, 1940520.0], [959400.0, 1940540.0], [959380.0, 1940540.0], [959380.0, 1940580.0], [959360.0, 1940580.0], [959380.0, 1940620.0], [959400.0, 1940620.0], [959400.0, 1940580.0]]], [[[959340.0, 1940620.0], [959360.0, 1940620.0], [959360.0, 1940600.0], [959340.0, 1940600.0], [959340.0, 1940620.0]]], [[[959380.0, 1940620.0], [959360.0, 1940620.0], [959360.0, 1940640.0], [959380.0, 1940640.0], [959380.0, 1940620.0]]], [[[959660.0, 1940720.0], [959640.0, 1940720.0], [959640.0, 1940760.0], [959660.0, 1940760.0], [959660.0, 1940720.0]]], [[[961880.0, 1940800.0], [961920.0, 1940800.0], [961920.0, 1940760.0], [961900.0, 1940760.0], [961880.0, 1940800.0]]], [[[959520.0, 1940900.0], [959540.0, 1940900.0], [959540.0, 1940860.0], [959500.0, 1940860.0], [959500.0, 1940920.0], [959520.0, 1940920.0], [959520.0, 1940900.0]]], [[[961060.0, 1941860.0], [961020.0, 1941860.0], [961020.0, 1941880.0], [961060.0, 1941880.0], [961060.0, 1941860.0]]], [[[961060.0, 1941900.0], [961040.0, 1941900.0], [961040.0, 1941920.0], [961060.0, 1941920.0], [961060.0, 1941900.0]]], [[[961420.0, 1942180.0], [961400.0, 1942180.0], [961400.0, 1942200.0], [961420.0, 1942200.0], [961420.0, 1942180.0]]], [[[962320.0, 1942880.0], [962280.0, 1942880.0], [962280.0, 1942900.0], [962320.0, 1942900.0], [962320.0, 1942880.0]]], [[[960940.0, 1942920.0], [960900.0, 1942900.0], [960900.0, 1942940.0], [960880.0, 1942940.0], [960880.0, 1942980.0], [960920.0, 1942980.0], [960920.0, 1942960.0], [960940.0, 1942960.0], [960940.0, 1942920.0]]], [[[961480.0, 1944680.0], [961420.0, 1944680.0], [961420.0, 1944720.0], [961480.0, 1944720.0], [961480.0, 1944680.0]]], [[[960240.0, 1944740.0], [960200.0, 1944740.0], [960200.0, 1944780.0], [960240.0, 1944780.0], [960240.0, 1944740.0]]], [[[961780.0, 1945160.0], [961760.0, 1945160.0], [961760.0, 1945200.0], [961780.0, 1945200.0], [961780.0, 1945160.0]]], [[[961060.0, 1946160.0], [961080.0, 1946160.0], [961080.0, 1946120.0], [961060.0, 1946120.0], [961060.0, 1946160.0]]], [[[961120.0, 1946120.0], [961100.0, 1946120.0], [961100.0, 1946160.0], [961120.0, 1946160.0], [961120.0, 1946120.0]]], [[[964400.0, 1939240.0], [964380.0, 1939240.0], [964380.0, 1939260.0], [964400.0, 1939260.0], [964400.0, 1939240.0]]], [[[964580.0, 1939240.0], [964560.0, 1939240.0], [964560.0, 1939260.0], [964580.0, 1939260.0], [964580.0, 1939240.0]]], [[[964660.0, 1939240.0], [964620.0, 1939240.0], [964620.0, 1939260.0], [964660.0, 1939260.0], [964660.0, 1939240.0]]], [[[964760.0, 1939240.0], [964740.0, 1939240.0], [964740.0, 1939260.0], [964760.0, 1939260.0], [964760.0, 1939240.0]]], [[[962660.0, 1939420.0], [962620.0, 1939420.0], [962620.0, 1939440.0], [962660.0, 1939440.0], [962660.0, 1939420.0]]], [[[962580.0, 1940040.0], [962680.0, 1940040.0], [962680.0, 1940000.0], [962620.0, 1940000.0], [962620.0, 1940020.0], [962580.0, 1940020.0], [962580.0, 1940040.0]]], [[[963220.0, 1940320.0], [963260.0, 1940320.0], [963260.0, 1940340.0], [963280.0, 1940340.0], [963280.0, 1940300.0], [963260.0, 1940300.0], [963260.0, 1940280.0], [963220.0, 1940280.0], [963220.0, 1940320.0]]], [[[963300.0, 1940440.0], [963280.0, 1940440.0], [963280.0, 1940460.0], [963300.0, 1940460.0], [963300.0, 1940440.0]]], [[[965060.0, 1940460.0], [965020.0, 1940460.0], [965020.0, 1940480.0], [965060.0, 1940480.0], [965060.0, 1940460.0]]], [[[964820.0, 1940480.0], [964800.0, 1940480.0], [964800.0, 1940520.0], [964780.0, 1940520.0], [964780.0, 1940560.0], [964760.0, 1940560.0], [964760.0, 1940600.0], [964740.0, 1940600.0], [964740.0, 1940640.0], [964720.0, 1940640.0], [964720.0, 1940680.0], [964700.0, 1940680.0], [964700.0, 1940740.0], [964720.0, 1940740.0], [964720.0, 1940700.0], [964740.0, 1940700.0], [964740.0, 1940660.0], [964760.0, 1940660.0], [964760.0, 1940620.0], [964780.0, 1940620.0], [964780.0, 1940580.0], [964800.0, 1940580.0], [964820.0, 1940500.0], [964860.0, 1940480.0], [964840.0, 1940440.0], [964820.0, 1940440.0], [964820.0, 1940480.0]]], [[[963700.0, 1940580.0], [963680.0, 1940580.0], [963680.0, 1940600.0], [963640.0, 1940600.0], [963640.0, 1940620.0], [963700.0, 1940620.0], [963700.0, 1940580.0]]], [[[963720.0, 1940600.0], [963820.0, 1940600.0], [963820.0, 1940620.0], [963860.0, 1940620.0], [963860.0, 1940640.0], [963900.0, 1940640.0], [963900.0, 1940660.0], [963960.0, 1940660.0], [963940.0, 1940620.0], [963880.0, 1940620.0], [963880.0, 1940600.0], [963840.0, 1940600.0], [963840.0, 1940580.0], [963780.0, 1940580.0], [963780.0, 1940560.0], [963740.0, 1940560.0], [963740.0, 1940580.0], [963720.0, 1940580.0], [963720.0, 1940600.0]]], [[[964040.0, 1940700.0], [964060.0, 1940700.0], [964060.0, 1940680.0], [964040.0, 1940680.0], [964040.0, 1940700.0]]], [[[964100.0, 1940740.0], [964160.0, 1940740.0], [964160.0, 1940720.0], [964080.0, 1940700.0], [964080.0, 1940720.0], [964100.0, 1940720.0], [964100.0, 1940740.0]]], [[[964280.0, 1940760.0], [964240.0, 1940760.0], [964260.0, 1940800.0], [964380.0, 1940820.0], [964380.0, 1940800.0], [964340.0, 1940800.0], [964340.0, 1940780.0], [964280.0, 1940780.0], [964280.0, 1940760.0]]], [[[964300.0, 1940880.0], [964340.0, 1940900.0], [964340.0, 1940860.0], [964300.0, 1940860.0], [964300.0, 1940880.0]]], [[[963860.0, 1941200.0], [963820.0, 1941200.0], [963820.0, 1941180.0], [963800.0, 1941180.0], [963800.0, 1941240.0], [963860.0, 1941240.0], [963860.0, 1941200.0]]], [[[963820.0, 1941260.0], [963780.0, 1941260.0], [963780.0, 1941300.0], [963820.0, 1941300.0], [963820.0, 1941260.0]]], [[[963320.0, 1942780.0], [963300.0, 1942780.0], [963300.0, 1942820.0], [963320.0, 1942820.0], [963320.0, 1942780.0]]], [[[963240.0, 1942860.0], [963200.0, 1942860.0], [963200.0, 1942900.0], [963240.0, 1942900.0], [963240.0, 1942860.0]]], [[[963300.0, 1943180.0], [963260.0, 1943180.0], [963260.0, 1943200.0], [963300.0, 1943200.0], [963300.0, 1943180.0]]], [[[963120.0, 1943260.0], [963100.0, 1943260.0], [963100.0, 1943280.0], [963120.0, 1943280.0], [963120.0, 1943260.0]]], [[[964440.0, 1943660.0], [964460.0, 1943660.0], [964460.0, 1943640.0], [964420.0, 1943640.0], [964420.0, 1943680.0], [964400.0, 1943680.0], [964400.0, 1943720.0], [964420.0, 1943720.0], [964420.0, 1943700.0], [964440.0, 1943700.0], [964440.0, 1943660.0]]], [[[964360.0, 1943880.0], [964420.0, 1943880.0], [964420.0, 1943860.0], [964400.0, 1943860.0], [964400.0, 1943820.0], [964360.0, 1943840.0], [964360.0, 1943880.0]]], [[[962840.0, 1944220.0], [962820.0, 1944220.0], [962820.0, 1944240.0], [962840.0, 1944240.0], [962840.0, 1944220.0]]], [[[962840.0, 1944420.0], [962820.0, 1944420.0], [962820.0, 1944440.0], [962840.0, 1944440.0], [962840.0, 1944420.0]]], [[[964760.0, 1944940.0], [964720.0, 1944940.0], [964720.0, 1944960.0], [964760.0, 1944960.0], [964760.0, 1944940.0]]], [[[964940.0, 1945040.0], [964960.0, 1945040.0], [964960.0, 1945020.0], [964940.0, 1945020.0], [964940.0, 1945040.0]]], [[[965140.0, 1947380.0], [965160.0, 1947380.0], [965160.0, 1947360.0], [965120.0, 1947360.0], [965120.0, 1947400.0], [965140.0, 1947400.0], [965140.0, 1947380.0]]], [[[962660.0, 1947840.0], [962680.0, 1947840.0], [962680.0, 1947820.0], [962640.0, 1947820.0], [962640.0, 1947860.0], [962660.0, 1947860.0], [962660.0, 1947840.0]]], [[[966860.0, 1939320.0], [966840.0, 1939320.0], [966840.0, 1939340.0], [966860.0, 1939340.0], [966860.0, 1939320.0]]], [[[966860.0, 1939380.0], [966840.0, 1939380.0], [966840.0, 1939400.0], [966860.0, 1939400.0], [966860.0, 1939380.0]]], [[[966200.0, 1940100.0], [966180.0, 1940100.0], [966180.0, 1940120.0], [966200.0, 1940120.0], [966200.0, 1940100.0]]], [[[965820.0, 1940280.0], [965780.0, 1940280.0], [965780.0, 1940300.0], [965820.0, 1940300.0], [965820.0, 1940280.0]]], [[[965780.0, 1940300.0], [965760.0, 1940300.0], [965760.0, 1940320.0], [965780.0, 1940320.0], [965780.0, 1940300.0]]], [[[965600.0, 1940360.0], [965720.0, 1940360.0], [965740.0, 1940320.0], [965700.0, 1940320.0], [965700.0, 1940340.0], [965600.0, 1940340.0], [965600.0, 1940360.0]]], [[[965600.0, 1940360.0], [965480.0, 1940360.0], [965480.0, 1940380.0], [965600.0, 1940380.0], [965600.0, 1940360.0]]], [[[965840.0, 1940300.0], [965880.0, 1940320.0], [965880.0, 1940360.0], [965900.0, 1940360.0], [965900.0, 1940380.0], [965940.0, 1940400.0], [965940.0, 1940440.0], [966020.0, 1940480.0], [966020.0, 1940440.0], [966000.0, 1940440.0], [966000.0, 1940420.0], [965960.0, 1940400.0], [965960.0, 1940380.0], [965920.0, 1940360.0], [965920.0, 1940320.0], [965900.0, 1940320.0], [965880.0, 1940280.0], [965840.0, 1940280.0], [965840.0, 1940300.0]]], [[[965160.0, 1940460.0], [965320.0, 1940440.0], [965320.0, 1940400.0], [965280.0, 1940400.0], [965280.0, 1940420.0], [965120.0, 1940440.0], [965120.0, 1940460.0], [965080.0, 1940460.0], [965080.0, 1940480.0], [965160.0, 1940480.0], [965160.0, 1940460.0]]], [[[966160.0, 1940540.0], [966200.0, 1940540.0], [966180.0, 1940500.0], [966120.0, 1940500.0], [966120.0, 1940520.0], [966160.0, 1940520.0], [966160.0, 1940540.0]]], [[[966400.0, 1940580.0], [966380.0, 1940580.0], [966380.0, 1940600.0], [966400.0, 1940600.0], [966400.0, 1940580.0]]], [[[966800.0, 1940960.0], [966840.0, 1940960.0], [966840.0, 1940920.0], [966820.0, 1940920.0], [966820.0, 1940900.0], [966780.0, 1940920.0], [966800.0, 1940960.0]]], [[[966600.0, 1941800.0], [966620.0, 1941800.0], [966620.0, 1941760.0], [966600.0, 1941760.0], [966600.0, 1941800.0]]], [[[966860.0, 1942160.0], [966860.0, 1942180.0], [966880.0, 1942180.0], [966880.0, 1942160.0], [966860.0, 1942160.0]]], [[[966880.0, 1942180.0], [966880.0, 1942220.0], [966920.0, 1942220.0], [966920.0, 1942200.0], [966880.0, 1942180.0]]], [[[965340.0, 1942600.0], [965380.0, 1942580.0], [965380.0, 1942540.0], [965340.0, 1942540.0], [965340.0, 1942560.0], [965320.0, 1942560.0], [965340.0, 1942600.0]]], [[[965200.0, 1943080.0], [965240.0, 1943080.0], [965240.0, 1943060.0], [965200.0, 1943040.0], [965200.0, 1943080.0]]], [[[966560.0, 1943080.0], [966540.0, 1943080.0], [966540.0, 1943100.0], [966560.0, 1943100.0], [966560.0, 1943080.0]]], [[[966360.0, 1943140.0], [966340.0, 1943140.0], [966340.0, 1943160.0], [966320.0, 1943160.0], [966320.0, 1943200.0], [966360.0, 1943200.0], [966360.0, 1943140.0]]], [[[965520.0, 1943520.0], [965500.0, 1943520.0], [965500.0, 1943560.0], [965520.0, 1943560.0], [965520.0, 1943520.0]]], [[[966020.0, 1943940.0], [966000.0, 1943940.0], [966000.0, 1943980.0], [966020.0, 1943980.0], [966020.0, 1943940.0]]], [[[965400.0, 1944100.0], [965380.0, 1944100.0], [965380.0, 1944140.0], [965400.0, 1944140.0], [965400.0, 1944100.0]]], [[[965920.0, 1944280.0], [965900.0, 1944280.0], [965900.0, 1944320.0], [965920.0, 1944320.0], [965920.0, 1944280.0]]], [[[965840.0, 1944420.0], [965800.0, 1944420.0], [965800.0, 1944440.0], [965840.0, 1944440.0], [965840.0, 1944420.0]]], [[[967040.0, 1945120.0], [967080.0, 1945140.0], [967080.0, 1945100.0], [967040.0, 1945100.0], [967040.0, 1945120.0]]], [[[966660.0, 1946480.0], [966640.0, 1946480.0], [966640.0, 1946500.0], [966660.0, 1946500.0], [966660.0, 1946480.0]]], [[[966800.0, 1948860.0], [966820.0, 1948860.0], [966820.0, 1948840.0], [966780.0, 1948840.0], [966780.0, 1948880.0], [966800.0, 1948880.0], [966800.0, 1948860.0]]]]}}, {"type": "Feature", "properties": {"band": 2, "depth_min_m": 2.0, "depth_max_m": 5.0, "depth_mean_m": 2.375, "depth_p90_m": 2.928, "area_m2": 20000.0}, "geometry": {"type": "MultiPolygon", "coordinates": [[[[956920.0, 1939840.0], [956960.0, 1939840.0], [956960.0, 1939820.0], [956920.0, 1939820.0], [956920.0, 1939840.0]]], [[[959640.0, 1940020.0], [959680.0, 1940020.0], [959680.0, 1940000.0], [959640.0, 1940000.0], [959640.0, 1940020.0]]], [[[959840.0, 1940060.0], [959860.0, 1940060.0], [959860.0, 1940040.0], [959840.0, 1940040.0], [959840.0, 1940060.0]]], [[[957760.0, 1940280.0], [957720.0, 1940280.0], [957720.0, 1940300.0], [957760.0, 1940300.0], [957760.0, 1940280.0]]], [[[958040.0, 1940280.0], [957980.0, 1940280.0], [957980.0, 1940320.0], [958000.0, 1940320.0], [958000.0, 1940300.0], [958040.0, 1940300.0], [958040.0, 1940280.0]]], [[[959500.0, 1940400.0], [959480.0, 1940400.0], [959480.0, 1940440.0], [959500.0, 1940440.0], [959520.0, 1940400.0], [959540.0, 1940400.0], [959540.0, 1940380.0], [959500.0, 1940380.0], [959500.0, 1940400.0]]], [[[959460.0, 1940460.0], [959440.0, 1940460.0], [959440.0, 1940480.0], [959460.0, 1940480.0], [959460.0, 1940460.0]]], [[[959380.0, 1940600.0], [959360.0, 1940600.0], [959360.0, 1940620.0], [959380.0, 1940620.0], [959380.0, 1940600.0]]], [[[959360.0, 1940620.0], [959320.0, 1940640.0], [959320.0, 1940680.0], [959360.0, 1940660.0], [959360.0, 1940620.0]]], [[[959320.0, 1940680.0], [959300.0, 1940680.0], [959300.0, 1940700.0], [959320.0, 1940700.0], [959320.0, 1940680.0]]], [[[959280.0, 1940720.0], [959300.0, 1940720.0], [959300.0, 1940700.0], [959280.0, 1940700.0], [959280.0, 1940720.0]]], [[[964400.0, 1939260.0], [964440.0, 1939260.0], [964440.0, 1939240.0], [964400.0, 1939240.0], [964400.0, 1939260.0]]], [[[964500.0, 1939260.0], [964560.0, 1939260.0], [964560.0, 1939240.0], [964500.0, 1939240.0], [964500.0, 1939260.0]]], [[[962620.0, 1939420.0], [962660.0, 1939420.0], [962660.0, 1939400.0], [962620.0, 1939400.0], [962620.0, 1939420.0]]], [[[961020.0, 1939560.0], [961000.0, 1939560.0], [961000.0, 1939600.0], [961020.0, 1939600.0], [961020.0, 1939560.0]]], [[[959860.0, 1940040.0], [959920.0, 1940040.0], [959920.0, 1940020.0], [959880.0, 1940000.0], [959860.0, 1940040.0]]], [[[961060.0, 1941880.0], [961020.0, 1941880.0], [961020.0, 1941920.0], [961040.0, 1941920.0], [961060.0, 1941880.0]]], [[[966880.0, 1942180.0], [966860.0, 1942180.0], [966860.0, 1942200.0], [966880.0, 1942200.0], [966880.0, 1942180.0]]], [[[963140.0, 1943260.0], [963120.0, 1943260.0], [963120.0, 1943280.0], [963140.0, 1943280.0], [963140.0, 1943260.0]]], [[[965860.0, 1944360.0], [965840.0, 1944360.0], [965840.0, 1944380.0], [965820.0, 1944380.0], [965820.0, 1944420.0], [965860.0, 1944420.0], [965860.0, 1944360.0]]], [[[961100.0, 1946120.0], [961080.0, 1946120.0], [961080.0, 1946160.0], [961100.0, 1946160.0], [961100.0, 1946120.0]]], [[[962680.0, 1947840.0], [962660.0, 1947840.0], [962660.0, 1947860.0], [962680.0, 1947860.0], [962680.0, 1947840.0]]]]}}]}