{
"type": "FeatureCollection",
"name": "gangnam_trace2022_gangnam",
"crs": { "type": "name", "properties": { "name": "urn:ogc:def:crs:EPSG::5179" } },
"features": [
{ "type": "Feature", "properties": { "GU_NAM": "강남구", "F_SHIM": 0.5, "F_AREA": 44306.0, "F_DISA_NM": "8.8.~ 17. 호우", "F_RSN_DTL": "내수침수", "TYPE": "도로", "F_SAT_YMD": "20220808" }, "geometry": { "type": "Polygon", "coordinates": [ [ [ 958266.754853739519604, 1944412.821693934500217 ], [ 958294.078183115809225, 1944339.874127257848158 ], [ 958333.801883907523006, 1944233.89318479062058 ], [ 958336.611196630867198, 1944226.411091000307351 ], [ 958402.209333719802089, 1944051.358839152147993 ], [ 958405.018594786408357, 1944043.866750474553555 ], [ 958466.033418060862459, 1943881.074231930542737 ], [ 958478.009632787317969, 1943849.11270932899788 ], [ 958532.00627197814174, 1943705.040410239482298 ], [ 958534.815535469679162, 1943697.548323650145903 ], [ 958593.395595544250682, 1943541.226333769969642 ], [ 958596.204913122928701, 1943533.744244157802314 ], [ 958608.841553759644739, 1943500.019889985909685 ], [ 958616.589152926928364, 1943479.346564355306327 ], [ 958593.220923497108743, 1943470.483656744705513 ], [ 958243.376557708834298, 1944403.948863661382347 ], [ 957971.56076234113425, 1945129.228834812296554 ], [ 957994.967388044693507, 1945137.974546538665891 ], [ 958003.534170061233453, 1945115.134659759700298 ], [ 958004.688409025431611, 1945112.052691612159833 ], [ 958004.95947075879667, 1945111.328525036340579 ], [ 958009.992428161320277, 1945097.89785899524577 ], [ 958011.658258431591094, 1945093.453687469242141 ], [ 958013.730178902158514, 1945087.922768968390301 ], [ 958014.394484293996356, 1945086.139913041610271 ], [ 958016.185505893547088, 1945081.363202063366771 ], [ 958016.750313096912578, 1945079.85677040158771 ], [ 958017.836575210792944, 1945076.963092399295419 ], [ 958019.936018612235785, 1945071.344060957897455 ], [ 958027.437234949669801, 1945051.341764573240653 ], [ 958034.829978231806308, 1945031.619938803836703 ], [ 958041.058513105264865, 1945014.985132190398872 ], [ 958041.616423802450299, 1945013.49773006211035 ], [ 958041.783005276927724, 1945013.053013058612123 ], [ 958041.81553671695292, 1945012.966872772667557 ], [ 958041.86383407714311, 1945012.837664992781356 ], [ 958047.192553306813352, 1944998.627723165089265 ], [ 958063.040674271644093, 1944956.358495726250112 ], [ 958071.862666093511507, 1944932.820520119508728 ], [ 958073.962110256077722, 1944927.201489328872412 ], [ 958081.897011346649379, 1944906.037330222548917 ], [ 958084.410511049209163, 1944899.32551277265884 ], [ 958084.796900634886697, 1944898.293849814217538 ], [ 958086.935863032587804, 1944892.586642639013007 ], [ 958088.874728776398115, 1944887.41329682036303 ], [ 958089.125090274494141, 1944886.744219535263255 ], [ 958090.929932437604293, 1944881.934448416111991 ], [ 958091.980701899039559, 1944879.133924233959988 ], [ 958094.097980295773596, 1944873.484810399822891 ], [ 958109.01648193388246, 1944833.674596653319895 ], [ 958110.861704339040443, 1944828.750654324656352 ], [ 958111.852334904368035, 1944826.108389943139628 ], [ 958112.192389316856861, 1944825.198927019024268 ], [ 958112.361932599917054, 1944824.74719700566493 ], [ 958112.86462840589229, 1944823.404033919097856 ], [ 958113.677835379727185, 1944821.235533109167591 ], [ 958114.252485399600118, 1944819.700060430215672 ], [ 958118.153885037638247, 1944809.292266785167158 ], [ 958129.583045367035083, 1944778.797072324203327 ], [ 958130.177422721870244, 1944777.211513838963583 ], [ 958130.996537374448963, 1944775.025988147594035 ], [ 958131.073415476828814, 1944774.819657697109506 ], [ 958131.135516660287976, 1944774.654390235897154 ], [ 958131.696384137030691, 1944773.158975716214627 ], [ 958132.746148992329836, 1944770.357457475969568 ], [ 958137.993111824267544, 1944756.375866529531777 ], [ 958138.034417313872837, 1944756.247695435537025 ], [ 958142.569623028626665, 1944744.149174159858376 ], [ 958143.246802021400072, 1944742.343259109649807 ], [ 958146.677017174079083, 1944733.188495729118586 ], [ 958146.729260023450479, 1944733.049270804272965 ], [ 958146.756851725629531, 1944732.974152602488175 ], [ 958146.84851204988081, 1944732.727758764754981 ], [ 958147.213228270178661, 1944731.75618838518858 ], [ 958149.602563752210699, 1944725.381903978530318 ], [ 958150.298465149709955, 1944723.524908792460337 ], [ 958158.302331005455926, 1944702.169459061231464 ], [ 958159.491080648615025, 1944698.997342684771866 ], [ 958159.800587014295161, 1944698.171010732883587 ], [ 958160.32892313983757, 1944696.76173657248728 ], [ 958165.172652194858529, 1944683.839888023212552 ], [ 958166.227346448926255, 1944681.025348718743771 ], [ 958166.504321363638155, 1944680.285157039761543 ], [ 958167.278089967789128, 1944678.219826989807189 ], [ 958174.868953629862517, 1944657.967155302409083 ], [ 958180.803843851317652, 1944642.132611310342327 ], [ 958185.960031139664352, 1944628.375419147079811 ], [ 958187.624874352710322, 1944623.93325379374437 ], [ 958200.959397269878536, 1944588.354863255284727 ], [ 958203.058843245147727, 1944582.735834025312215 ], [ 958211.071554783266038, 1944561.35135068022646 ], [ 958215.00547252909746, 1944550.854420146439224 ], [ 958215.063628291129135, 1944550.699169888859615 ], [ 958215.219362601987086, 1944550.282500066794455 ], [ 958225.30601326667238, 1944523.370089505100623 ], [ 958231.021107794018462, 1944508.124492243630812 ], [ 958236.737207430764101, 1944492.879889473086223 ], [ 958239.473522112704813, 1944485.582112168660387 ], [ 958241.006299028173089, 1944481.495514499023557 ], [ 958242.002848634263501, 1944478.838225102983415 ], [ 958244.110286689130589, 1944473.218154410133138 ], [ 958244.782542255474254, 1944471.426260617328808 ], [ 958249.819495508563705, 1944457.993581112241372 ], [ 958255.49819873389788, 1944442.860135657479987 ], [ 958257.988023315090686, 1944436.207424124935642 ], [ 958266.754853739519604, 1944412.821693934500217 ] ] ] } },
{ "type": "Feature", "properties": { "GU_NAM": "강남구", "F_SHIM": 0.3, "F_AREA": 2356.73, "F_DISA_NM": "8.8.~ 17. 호우", "F_RSN_DTL": "산지 유출수 침수", "TYPE": "상가", "F_SAT_YMD": "20220808" }, "geometry": { "type": "Polygon", "coordinates": [ [ [ 961656.4046361586079, 1941847.951360239181668 ], [ 961667.439063648576848, 1941863.923915378283709 ], [ 961689.675361410016194, 1941879.346358658745885 ], [ 961699.935320087708533, 1941880.445614002645016 ], [ 961708.700667559751309, 1941882.078582957619801 ], [ 961712.659335552132688, 1941883.996897845994681 ], [ 961716.148616868071258, 1941885.99766727280803 ], [ 961718.057580017135479, 1941885.937581125181168 ], [ 961719.719655694323592, 1941884.559298697859049 ], [ 961723.81863283587154, 1941884.657555879326537 ], [ 961729.713288637809455, 1941885.955852308310568 ], [ 961732.541196463746019, 1941887.650239313021302 ], [ 961764.251282414305024, 1941910.69364309636876 ], [ 961774.156504383077845, 1941919.937709201360121 ], [ 961777.461519447388127, 1941921.119762458605692 ], [ 961780.902929264004342, 1941922.386061710771173 ], [ 961783.802929057506844, 1941913.150183138437569 ], [ 961795.91589899873361, 1941912.11742841033265 ], [ 961806.469060387928039, 1941884.949776764726266 ], [ 961813.562938636518084, 1941883.731670457636937 ], [ 961818.400900336797349, 1941887.467644277960062 ], [ 961811.725931655266322, 1941905.883055198704824 ], [ 961817.188042177353054, 1941900.627110486151651 ], [ 961820.615736961131915, 1941892.881876530125737 ], [ 961824.385256644105539, 1941887.393982300767675 ], [ 961829.630266772350296, 1941883.047844726359472 ], [ 961837.650184005033225, 1941877.937300832709298 ], [ 961841.230689199874178, 1941876.398920021951199 ], [ 961848.792957303347066, 1941869.811356048332527 ], [ 961852.696079946588725, 1941866.901783400448039 ], [ 961856.751624269643798, 1941862.571938633453101 ], [ 961860.618149491259828, 1941860.302318775327876 ], [ 961867.914023515419103, 1941856.265204987023026 ], [ 961870.548246404156089, 1941855.361596131231636 ], [ 961874.677209576591849, 1941850.549544366309419 ], [ 961874.621189899276942, 1941850.54184391326271 ], [ 961862.46090071008075, 1941849.055797126377001 ], [ 961836.720511987572536, 1941871.134786084992811 ], [ 961833.837842781096697, 1941869.103815980721265 ], [ 961788.962958428659476, 1941880.8530218815431 ], [ 961785.722328407689929, 1941883.33624717942439 ], [ 961776.346487500239164, 1941894.596655588364229 ], [ 961776.830255712964572, 1941903.651683723786846 ], [ 961774.870558434980921, 1941910.934318588813767 ], [ 961751.310206823167391, 1941896.162643872667104 ], [ 961736.80850846436806, 1941885.935287845088169 ], [ 961737.004189058206975, 1941882.867406856035814 ], [ 961707.673954504192807, 1941877.149875605478883 ], [ 961679.847706120926887, 1941863.794255451066419 ], [ 961656.4046361586079, 1941847.951360239181668 ] ] ] } },
{ "type": "Feature", "properties": { "GU_NAM": "강남구", "F_SHIM": 0.3, "F_AREA": 2015.54, "F_DISA_NM": "8.8.~ 17. 호우", "F_RSN_DTL": "산지 유출수 침수", "TYPE": "상가", "F_SAT_YMD": "20220808" }, "geometry": { "type": "Polygon", "coordinates": [ [ [ 961469.084363171947189, 1942206.137323901057243 ], [ 961474.144441014388576, 1942206.700315025867894 ], [ 961492.726510284235701, 1942213.887204181170091 ], [ 961501.23622675659135, 1942215.004718040581793 ], [ 961509.971323204925284, 1942214.32171586737968 ], [ 961511.283113099983893, 1942219.09597230493091 ], [ 961515.503429643809795, 1942219.644416008377448 ], [ 961520.569756174925715, 1942219.310711387777701 ], [ 961542.529643770190887, 1942211.219461534405127 ], [ 961543.473140047048219, 1942209.114257270237431 ], [ 961541.58211487357039, 1942204.820887504843995 ], [ 961540.544584201299585, 1942201.81451346189715 ], [ 961537.54570140352007, 1942201.812395654851571 ], [ 961533.090093185077421, 1942199.115006655454636 ], [ 961527.960964302299544, 1942194.760807945858687 ], [ 961527.413517116103321, 1942192.182677319040522 ], [ 961526.133202728698961, 1942187.878077494213358 ], [ 961526.020256023388356, 1942182.970522479619831 ], [ 961521.801850342424586, 1942182.971861598081887 ], [ 961515.14668190991506, 1942180.390077275456861 ], [ 961507.268256879411638, 1942175.973461429355666 ], [ 961503.118377910810523, 1942171.736032673856243 ], [ 961499.881974979070947, 1942168.975210709730163 ], [ 961499.279019764042459, 1942167.807843083748594 ], [ 961469.084363171947189, 1942206.137323901057243 ] ] ] } },
{ "type": "Feature", "properties": { "GU_NAM": "강남구", "F_SHIM": 0.3, "F_AREA": 2177.61, "F_DISA_NM": "8.8.~ 17. 호우", "F_RSN_DTL": "산지 유출수 침수", "TYPE": "농경지", "F_SAT_YMD": "20220808" }, "geometry": { "type": "Polygon", "coordinates": [ [ [ 961540.544584201299585, 1942201.81451346189715 ], [ 961541.129312356002629, 1942200.482918011955917 ], [ 961543.485968999331817, 1942195.109459980158135 ], [ 961544.222371809883043, 1942190.139430619310588 ], [ 961550.705996343283914, 1942181.465359430760145 ], [ 961554.876952920807526, 1942174.766792153473943 ], [ 961560.069377347244881, 1942168.984470675466582 ], [ 961552.927964262198657, 1942167.454865382984281 ], [ 961547.674262248445302, 1942165.249517569551244 ], [ 961544.6198570583947, 1942159.479864274850115 ], [ 961513.714297986822203, 1942149.436311141820624 ], [ 961510.903786344686523, 1942148.573519486468285 ], [ 961505.281779827084392, 1942147.039869141066447 ], [ 961484.033946072100662, 1942141.218581983586773 ], [ 961479.393517668941058, 1942140.241523969685659 ], [ 961476.705001177731901, 1942144.107306964695454 ], [ 961478.229834571480751, 1942146.072492442792282 ], [ 961476.086962105007842, 1942148.776822910411283 ], [ 961471.928424785612151, 1942152.1565736385528 ], [ 961480.593205833691172, 1942159.151055538794026 ], [ 961489.391369335004129, 1942163.205937086837366 ], [ 961492.808447462739423, 1942162.896957434015349 ], [ 961495.306881076190621, 1942162.589841972105205 ], [ 961497.571749328402802, 1942164.803015036508441 ], [ 961499.279019764042459, 1942167.807843083748594 ], [ 961499.881974979070947, 1942168.975210709730163 ], [ 961503.118377910810523, 1942171.736032673856243 ], [ 961507.268256879411638, 1942175.973461429355666 ], [ 961515.14668190991506, 1942180.390077275456861 ], [ 961521.801850342424586, 1942182.971861598081887 ], [ 961526.020256023388356, 1942182.970522479619831 ], [ 961526.133202728698961, 1942187.878077494213358 ], [ 961527.413517116103321, 1942192.182677319040522 ], [ 961527.960964302299544, 1942194.760807945858687 ], [ 961533.090093185077421, 1942199.115006655454636 ], [ 961537.54570140352007, 1942201.812395654851571 ], [ 961540.544584201299585, 1942201.81451346189715 ] ] ] } },
{ "type": "Feature", "properties": { "GU_NAM": "강남구", "F_SHIM": 0.3, "F_AREA": 3.01, "F_DISA_NM": "8.8.~ 17. 호우", "F_RSN_DTL": "산지 유출수 침수", "TYPE": "주택", "F_SAT_YMD": "20220808" }, "geometry": { "type": "Polygon", "coordinates": [ [ [ 961394.097364029265009, 1942081.091478479094803 ], [ 961393.182659399230033, 1942079.005107282660902 ], [ 961391.289361759321764, 1942081.269281761953607 ], [ 961394.097364029265009, 1942081.091478479094803 ] ] ] } },
{ "type": "Feature", "properties": { "GU_NAM": "강남구", "F_SHIM": 0.3, "F_AREA": 767.99, "F_DISA_NM": "8.8.~ 17. 호우", "F_RSN_DTL": "산지 유출수 침수", "TYPE": "상가", "F_SAT_YMD": "20220808" }, "geometry": { "type": "Polygon", "coordinates": [ [ [ 961480.74502086546272, 1942051.49176137521863 ], [ 961485.630609313491732, 1942050.439285241765901 ], [ 961493.220724616432562, 1942047.790087844710797 ], [ 961491.513123198645189, 1942037.358056085417047 ], [ 961492.798944823560305, 1942032.317143746186048 ], [ 961493.413306761765853, 1942022.798472134862095 ], [ 961498.065782240591943, 1942013.210442535579205 ], [ 961500.882479274878278, 1942004.855670425342396 ], [ 961501.681998155429028, 1942001.044870531186461 ], [ 961479.805869193864055, 1941980.771345196524635 ], [ 961478.885859970934689, 1941980.704242382897064 ], [ 961478.703273986466229, 1941983.413189961574972 ], [ 961479.852319094585255, 1941994.455950020812452 ], [ 961480.89528885204345, 1942006.798782592872158 ], [ 961486.38571534154471, 1942015.200546260923147 ], [ 961487.115714984247461, 1942022.805818752618507 ], [ 961486.438226912752725, 1942030.974332763813436 ], [ 961482.519252526573837, 1942042.03092565946281 ], [ 961479.954843414132483, 1942047.625400664983317 ], [ 961480.74502086546272, 1942051.49176137521863 ] ] ] } },
{ "type": "Feature", "properties": { "GU_NAM": "강남구", "F_SHIM": 0.3, "F_AREA": 46.51, "F_DISA_NM": "8.8.~ 17. 호우", "F_RSN_DTL": "산지 유출수 침수", "TYPE": "농경지", "F_SAT_YMD": "20220808" }, "geometry": { "type": "Polygon", "coordinates": [ [ [ 961608.007477070204914, 1942036.827349203173071 ], [ 961612.165536214131862, 1942036.756356541533023 ], [ 961613.519263945054263, 1942034.723952793050557 ], [ 961610.646231285412796, 1942033.191743947099894 ], [ 961606.126597752678208, 1942028.785336696309969 ], [ 961602.450710508506745, 1942033.643973826430738 ], [ 961603.973950238781981, 1942035.119352026609704 ], [ 961608.007477070204914, 1942036.827349203173071 ] ] ] } },
{ "type": "Feature", "properties": { "GU_NAM": "강남구", "F_SHIM": 0.3, "F_AREA": 166.68, "F_DISA_NM": "8.8.~ 17. 호우", "F_RSN_DTL": "산지 유출수 침수", "TYPE": "주택", "F_SAT_YMD": "20220808" }, "geometry": { "type": "Polygon", "coordinates": [ [ [ 961380.414016189752147, 1942093.272358497837558 ], [ 961393.359963600174524, 1942093.04888531146571 ], [ 961389.271341805579141, 1942089.430898244958371 ], [ 961389.147488496382721, 1942083.973607041174546 ], [ 961391.289361759321764, 1942081.269281761953607 ], [ 961382.733233101316728, 1942081.581474508624524 ], [ 961381.757398559246212, 1942083.05408822116442 ], [ 961376.631740944925696, 1942087.475568667519838 ], [ 961366.7400336060673, 1942093.059851108118892 ], [ 961378.95569554856047, 1942093.297071960987523 ], [ 961380.414016189752147, 1942093.272358497837558 ] ] ] } },
{ "type": "Feature", "properties": { "GU_NAM": "강남구", "F_SHIM": 0.3, "F_AREA": 347.28, "F_DISA_NM": "8.8.~ 17. 호우", "F_RSN_DTL": "산지 유출수 침수", "TYPE": "주택", "F_SAT_YMD": "20220808" }, "geometry": { "type": "Polygon", "coordinates": [ [ [ 961461.056996147846803, 1942068.027799647068605 ], [ 961461.482730087940581, 1942066.497121050488204 ], [ 961464.357024953467771, 1942061.091933618532494 ], [ 961464.056817606091499, 1942060.84261720860377 ], [ 961462.527839652146213, 1942057.527961258310825 ], [ 961436.504052300937474, 1942033.436837008688599 ], [ 961432.407042007311247, 1942037.675938233034685 ], [ 961430.446059524081647, 1942040.750166203826666 ], [ 961431.735507067060098, 1942040.926271552685648 ], [ 961461.056996147846803, 1942068.027799647068605 ] ] ] } },
{ "type": "Feature", "properties": { "GU_NAM": "강남구", "F_SHIM": 0.5, "F_AREA": 44306.0, "F_DISA_NM": "2022년 8.8.~8.17. 호우", "F_RSN_DTL": "내수침수", "TYPE": "도로", "F_SAT_YMD": "20220808" }, "geometry": { "type": "Polygon", "coordinates": [ [ [ 958266.754853739519604, 1944412.821693934500217 ], [ 958294.078183115809225, 1944339.874127257848158 ], [ 958333.801883907523006, 1944233.89318479062058 ], [ 958336.611196630867198, 1944226.411091000307351 ], [ 958402.209333719802089, 1944051.358839152147993 ], [ 958405.018594786408357, 1944043.866750474553555 ], [ 958466.033418060862459, 1943881.074231930542737 ], [ 958478.009632787317969, 1943849.11270932899788 ], [ 958532.00627197814174, 1943705.040410239482298 ], [ 958534.815535469679162, 1943697.548323650145903 ], [ 958593.395595544250682, 1943541.226333769969642 ], [ 958596.204913122928701, 1943533.744244157802314 ], [ 958608.841553759644739, 1943500.019889985909685 ], [ 958616.589152926928364, 1943479.346564355306327 ], [ 958593.220923497108743, 1943470.483656744705513 ], [ 958243.376557708834298, 1944403.948863661382347 ], [ 957971.56076234113425, 1945129.228834812296554 ], [ 957994.967388044693507, 1945137.974546538665891 ], [ 958003.534170061233453, 1945115.134659759700298 ], [ 958004.688409025431611, 1945112.052691612159833 ], [ 958004.95947075879667, 1945111.328525036340579 ], [ 958009.992428161320277, 1945097.89785899524577 ], [ 958011.658258431591094, 1945093.453687469242141 ], [ 958013.730178902158514, 1945087.922768968390301 ], [ 958014.394484293996356, 1945086.139913041610271 ], [ 958016.185505893547088, 1945081.363202063366771 ], [ 958016.750313096912578, 1945079.85677040158771 ], [ 958017.836575210792944, 1945076.963092399295419 ], [ 958019.936018612235785, 1945071.344060957897455 ], [ 958027.437234949669801, 1945051.341764573240653 ], [ 958034.829978231806308, 1945031.619938803836703 ], [ 958041.058513105264865, 1945014.985132190398872 ], [ 958041.616423802450299, 1945013.49773006211035 ], [ 958041.783005276927724, 1945013.053013058612123 ], [ 958041.81553671695292, 1945012.966872772667557 ], [ 958041.86383407714311, 1945012.837664992781356 ], [ 958047.192553306813352, 1944998.627723165089265 ], [ 958063.040674271644093, 1944956.358495726250112 ], [ 958071.862666093511507, 1944932.820520119508728 ], [ 958073.962110256077722, 1944927.201489328872412 ], [ 958081.897011346649379, 1944906.037330222548917 ], [ 958084.410511049209163, 1944899.32551277265884 ], [ 958084.796900634886697, 1944898.293849814217538 ], [ 958086.935863032587804, 1944892.586642639013007 ], [ 958088.874728776398115, 1944887.41329682036303 ], [ 958089.125090274494141, 1944886.744219535263255 ], [ 958090.929932437604293, 1944881.934448416111991 ], [ 958091.980701899039559, 1944879.133924233959988 ], [ 958094.097980295773596, 1944873.484810399822891 ], [ 958109.01648193388246, 1944833.674596653319895 ], [ 958110.861704339040443, 1944828.750654324656352 ], [ 958111.852334904368035, 1944826.108389943139628 ], [ 958112.192389316856861, 1944825.198927019024268 ], [ 958112.361932599917054, 1944824.74719700566493 ], [ 958112.86462840589229, 1944823.404033919097856 ], [ 958113.677835379727185, 1944821.235533109167591 ], [ 958114.252485399600118, 1944819.700060430215672 ], [ 958118.153885037638247, 1944809.292266785167158 ], [ 958129.583045367035083, 1944778.797072324203327 ], [ 958130.177422721870244, 1944777.211513838963583 ], [ 958130.996537374448963, 1944775.025988147594035 ], [ 958131.073415476828814, 1944774.819657697109506 ], [ 958131.135516660287976, 1944774.654390235897154 ], [ 958131.696384137030691, 1944773.158975716214627 ], [ 958132.746148992329836, 1944770.357457475969568 ], [ 958137.993111824267544, 1944756.375866529531777 ], [ 958138.034417313872837, 1944756.247695435537025 ], [ 958142.569623028626665, 1944744.149174159858376 ], [ 958143.246802021400072, 1944742.343259109649807 ], [ 958146.677017174079083, 1944733.188495729118586 ], [ 958146.729260023450479, 1944733.049270804272965 ], [ 958146.756851725629531, 1944732.974152602488175 ], [ 958146.84851204988081, 1944732.727758764754981 ], [ 958147.213228270178661, 1944731.75618838518858 ], [ 958149.602563752210699, 1944725.381903978530318 ], [ 958150.298465149709955, 1944723.524908792460337 ], [ 958158.302331005455926, 1944702.169459061231464 ], [ 958159.491080648615025, 1944698.997342684771866 ], [ 958159.800587014295161, 1944698.171010732883587 ], [ 958160.32892313983757, 1944696.76173657248728 ], [ 958165.172652194858529, 1944683.839888023212552 ], [ 958166.227346448926255, 1944681.025348718743771 ], [ 958166.504321363638155, 1944680.285157039761543 ], [ 958167.278089967789128, 1944678.219826989807189 ], [ 958174.868953629862517, 1944657.967155302409083 ], [ 958180.803843851317652, 1944642.132611310342327 ], [ 958185.960031139664352, 1944628.375419147079811 ], [ 958187.624874352710322, 1944623.93325379374437 ], [ 958200.959397269878536, 1944588.354863255284727 ], [ 958203.058843245147727, 1944582.735834025312215 ], [ 958211.071554783266038, 1944561.35135068022646 ], [ 958215.00547252909746, 1944550.854420146439224 ], [ 958215.063628291129135, 1944550.699169888859615 ], [ 958215.219362601987086, 1944550.282500066794455 ], [ 958225.30601326667238, 1944523.370089505100623 ], [ 958231.021107794018462, 1944508.124492243630812 ], [ 958236.737207430764101, 1944492.879889473086223 ], [ 958239.473522112704813, 1944485.582112168660387 ], [ 958241.006299028173089, 1944481.495514499023557 ], [ 958242.002848634263501, 1944478.838225102983415 ], [ 958244.110286689130589, 1944473.218154410133138 ], [ 958244.782542255474254, 1944471.426260617328808 ], [ 958249.819495508563705, 1944457.993581112241372 ], [ 958255.49819873389788, 1944442.860135657479987 ], [ 958257.988023315090686, 1944436.207424124935642 ], [ 958266.754853739519604, 1944412.821693934500217 ] ] ] } },
{ "type": "Feature", "properties": { "GU_NAM": "강남구", "F_SHIM": 0.3, "F_AREA": 767.99, "F_DISA_NM": "2022년 8.8.~8.17. 호우", "F_RSN_DTL": "산지 유출수 침수", "TYPE": "상가", "F_SAT_YMD": "20220808" }, "geometry": { "type": "Polygon", "coordinates": [ [ [ 961480.74502086546272, 1942051.49176137521863 ], [ 961485.630609313491732, 1942050.439285241765901 ], [ 961493.220724616432562, 1942047.790087844710797 ], [ 961491.513123198645189, 1942037.358056085417047 ], [ 961492.798944823560305, 1942032.317143746186048 ], [ 961493.413306761765853, 1942022.798472134862095 ], [ 961498.065782240591943, 1942013.210442535579205 ], [ 961500.882479274878278, 1942004.855670425342396 ], [ 961501.681998155429028, 1942001.044870531186461 ], [ 961479.805869193864055, 1941980.771345196524635 ], [ 961478.885859970934689, 1941980.704242382897064 ], [ 961478.703273986466229, 1941983.413189961574972 ], [ 961479.852319094585255, 1941994.455950020812452 ], [ 961480.89528885204345, 1942006.798782592872158 ], [ 961486.38571534154471, 1942015.200546260923147 ], [ 961487.115714984247461, 1942022.805818752618507 ], [ 961486.438226912752725, 1942030.974332763813436 ], [ 961482.519252526573837, 1942042.03092565946281 ], [ 961479.954843414132483, 1942047.625400664983317 ], [ 961480.74502086546272, 1942051.49176137521863 ] ] ] } },
{ "type": "Feature", "properties": { "GU_NAM": "강남구", "F_SHIM": 0.3, "F_AREA": 46.51, "F_DISA_NM": "2022년 8.8.~8.17. 호우", "F_RSN_DTL": "산지 유출수 침수", "TYPE": "농경지", "F_SAT_YMD": "20220808" }, "geometry": { "type": "Polygon", "coordinates": [ [ [ 961608.007477070204914, 1942036.827349203173071 ], [ 961612.165536214131862, 1942036.756356541533023 ], [ 961613.519263945054263, 1942034.723952793050557 ], [ 961610.646231285412796, 1942033.191743947099894 ], [ 961606.126597752678208, 1942028.785336696309969 ], [ 961602.450710508506745, 1942033.643973826430738 ], [ 961603.973950238781981, 1942035.119352026609704 ], [ 961608.007477070204914, 1942036.827349203173071 ] ] ] } },
{ "type": "Feature", "properties": { "GU_NAM": "강남구", "F_SHIM": 0.3, "F_AREA": 2356.73, "F_DISA_NM": "2022년 8.8.~8.17. 호우", "F_RSN_DTL": "산지 유출수 침수", "TYPE": "상가", "F_SAT_YMD": "20220808" }, "geometry": { "type": "Polygon", "coordinates": [ [ [ 961656.4046361586079, 1941847.951360239181668 ], [ 961667.439063648576848, 1941863.923915378283709 ], [ 961689.675361410016194, 1941879.346358658745885 ], [ 961699.935320087708533, 1941880.445614002645016 ], [ 961708.700667559751309, 1941882.078582957619801 ], [ 961712.659335552132688, 1941883.996897845994681 ], [ 961716.148616868071258, 1941885.99766727280803 ], [ 961718.057580017135479, 1941885.937581125181168 ], [ 961719.719655694323592, 1941884.559298697859049 ], [ 961723.81863283587154, 1941884.657555879326537 ], [ 961729.713288637809455, 1941885.955852308310568 ], [ 961732.541196463746019, 1941887.650239313021302 ], [ 961764.251282414305024, 1941910.69364309636876 ], [ 961774.156504383077845, 1941919.937709201360121 ], [ 961777.461519447388127, 1941921.119762458605692 ], [ 961780.902929264004342, 1941922.386061710771173 ], [ 961783.802929057506844, 1941913.150183138437569 ], [ 961795.91589899873361, 1941912.11742841033265 ], [ 961806.469060387928039, 1941884.949776764726266 ], [ 961813.562938636518084, 1941883.731670457636937 ], [ 961818.400900336797349, 1941887.467644277960062 ], [ 961811.725931655266322, 1941905.883055198704824 ], [ 961817.188042177353054, 1941900.627110486151651 ], [ 961820.615736961131915, 1941892.881876530125737 ], [ 961824.385256644105539, 1941887.393982300767675 ], [ 961829.630266772350296, 1941883.047844726359472 ], [ 961837.650184005033225, 1941877.937300832709298 ], [ 961841.230689199874178, 1941876.398920021951199 ], [ 961848.792957303347066, 1941869.811356048332527 ], [ 961852.696079946588725, 1941866.901783400448039 ], [ 961856.751624269643798, 1941862.571938633453101 ], [ 961860.618149491259828, 1941860.302318775327876 ], [ 961867.914023515419103, 1941856.265204987023026 ], [ 961870.548246404156089, 1941855.361596131231636 ], [ 961874.677209576591849, 1941850.549544366309419 ], [ 961874.621189899276942, 1941850.54184391326271 ], [ 961862.46090071008075, 1941849.055797126377001 ], [ 961836.720511987572536, 1941871.134786084992811 ], [ 961833.837842781096697, 1941869.103815980721265 ], [ 961788.962958428659476, 1941880.8530218815431 ], [ 961785.722328407689929, 1941883.33624717942439 ], [ 961776.346487500239164, 1941894.596655588364229 ], [ 961776.830255712964572, 1941903.651683723786846 ], [ 961774.870558434980921, 1941910.934318588813767 ], [ 961751.310206823167391, 1941896.162643872667104 ], [ 961736.80850846436806, 1941885.935287845088169 ], [ 961737.004189058206975, 1941882.867406856035814 ], [ 961707.673954504192807, 1941877.149875605478883 ], [ 961679.847706120926887, 1941863.794255451066419 ], [ 961656.4046361586079, 1941847.951360239181668 ] ] ] } },
{ "type": "Feature", "properties": { "GU_NAM": "강남구", "F_SHIM": 0.3, "F_AREA": 3.01, "F_DISA_NM": "2022년 8.8.~8.17. 호우", "F_RSN_DTL": "산지 유출수 침수", "TYPE": "주택", "F_SAT_YMD": "20220808" }, "geometry": { "type": "Polygon", "coordinates": [ [ [ 961394.097364029265009, 1942081.091478479094803 ], [ 961393.182659399230033, 1942079.005107282660902 ], [ 961391.289361759321764, 1942081.269281761953607 ], [ 961394.097364029265009, 1942081.091478479094803 ] ] ] } },
{ "type": "Feature", "properties": { "GU_NAM": "강남구", "F_SHIM": 0.3, "F_AREA": 2015.54, "F_DISA_NM": "2022년 8.8.~8.17. 호우", "F_RSN_DTL": "산지 유출수 침수", "TYPE": "상가", "F_SAT_YMD": "20220808" }, "geometry": { "type": "Polygon", "coordinates": [ [ [ 961469.084363171947189, 1942206.137323901057243 ], [ 961474.144441014388576, 1942206.700315025867894 ], [ 961492.726510284235701, 1942213.887204181170091 ], [ 961501.23622675659135, 1942215.004718040581793 ], [ 961509.971323204925284, 1942214.32171586737968 ], [ 961511.283113099983893, 1942219.09597230493091 ], [ 961515.503429643809795, 1942219.644416008377448 ], [ 961520.569756174925715, 1942219.310711387777701 ], [ 961542.529643770190887, 1942211.219461534405127 ], [ 961543.473140047048219, 1942209.114257270237431 ], [ 961541.58211487357039, 1942204.820887504843995 ], [ 961540.544584201299585, 1942201.81451346189715 ], [ 961537.54570140352007, 1942201.812395654851571 ], [ 961533.090093185077421, 1942199.115006655454636 ], [ 961527.960964302299544, 1942194.760807945858687 ], [ 961527.413517116103321, 1942192.182677319040522 ], [ 961526.133202728698961, 1942187.878077494213358 ], [ 961526.020256023388356, 1942182.970522479619831 ], [ 961521.801850342424586, 1942182.971861598081887 ], [ 961515.14668190991506, 1942180.390077275456861 ], [ 961507.268256879411638, 1942175.973461429355666 ], [ 961503.118377910810523, 1942171.736032673856243 ], [ 961499.881974979070947, 1942168.975210709730163 ], [ 961499.279019764042459, 1942167.807843083748594 ], [ 961469.084363171947189, 1942206.137323901057243 ] ] ] } },
{ "type": "Feature", "properties": { "GU_NAM": "강남구", "F_SHIM": 0.3, "F_AREA": 2177.61, "F_DISA_NM": "2022년 8.8.~8.17. 호우", "F_RSN_DTL": "산지 유출수 침수", "TYPE": "농경지", "F_SAT_YMD": "20220808" }, "geometry": { "type": "Polygon", "coordinates": [ [ [ 961540.544584201299585, 1942201.81451346189715 ], [ 961541.129312356002629, 1942200.482918011955917 ], [ 961543.485968999331817, 1942195.109459980158135 ], [ 961544.222371809883043, 1942190.139430619310588 ], [ 961550.705996343283914, 1942181.465359430760145 ], [ 961554.876952920807526, 1942174.766792153473943 ], [ 961560.069377347244881, 1942168.984470675466582 ], [ 961552.927964262198657, 1942167.454865382984281 ], [ 961547.674262248445302, 1942165.249517569551244 ], [ 961544.6198570583947, 1942159.479864274850115 ], [ 961513.714297986822203, 1942149.436311141820624 ], [ 961510.903786344686523, 1942148.573519486468285 ], [ 961505.281779827084392, 1942147.039869141066447 ], [ 961484.033946072100662, 1942141.218581983586773 ], [ 961479.393517668941058, 1942140.241523969685659 ], [ 961476.705001177731901, 1942144.107306964695454 ], [ 961478.229834571480751, 1942146.072492442792282 ], [ 961476.086962105007842, 1942148.776822910411283 ], [ 961471.928424785612151, 1942152.1565736385528 ], [ 961480.593205833691172, 1942159.151055538794026 ], [ 961489.391369335004129, 1942163.205937086837366 ], [ 961492.808447462739423, 1942162.896957434015349 ], [ 961495.306881076190621, 1942162.589841972105205 ], [ 961497.571749328402802, 1942164.803015036508441 ], [ 961499.279019764042459, 1942167.807843083748594 ], [ 961499.881974979070947, 1942168.975210709730163 ], [ 961503.118377910810523, 1942171.736032673856243 ], [ 961507.268256879411638, 1942175.973461429355666 ], [ 961515.14668190991506, 1942180.390077275456861 ], [ 961521.801850342424586, 1942182.971861598081887 ], [ 961526.020256023388356, 1942182.970522479619831 ], [ 961526.133202728698961, 1942187.878077494213358 ], [ 961527.413517116103321, 1942192.182677319040522 ], [ 961527.960964302299544, 1942194.760807945858687 ], [ 961533.090093185077421, 1942199.115006655454636 ], [ 961537.54570140352007, 1942201.812395654851571 ], [ 961540.544584201299585, 1942201.81451346189715 ] ] ] } },
{ "type": "Feature", "properties": { "GU_NAM": "강남구", "F_SHIM": 0.3, "F_AREA": 166.68, "F_DISA_NM": "2022년 8.8.~8.17. 호우", "F_RSN_DTL": "산지 유출수 침수", "TYPE": "주택", "F_SAT_YMD": "20220808" }, "geometry": { "type": "Polygon", "coordinates": [ [ [ 961380.414016189752147, 1942093.272358497837558 ], [ 961393.359963600174524, 1942093.04888531146571 ], [ 961389.271341805579141, 1942089.430898244958371 ], [ 961389.147488496382721, 1942083.973607041174546 ], [ 961391.289361759321764, 1942081.269281761953607 ], [ 961382.733233101316728, 1942081.581474508624524 ], [ 961381.757398559246212, 1942083.05408822116442 ], [ 961376.631740944925696, 1942087.475568667519838 ], [ 961366.7400336060673, 1942093.059851108118892 ], [ 961378.95569554856047, 1942093.297071960987523 ], [ 961380.414016189752147, 1942093.272358497837558 ] ] ] } },
{ "type": "Feature", "properties": { "GU_NAM": "강남구", "F_SHIM": 0.3, "F_AREA": 347.28, "F_DISA_NM": "2022년 8.8.~8.17. 호우", "F_RSN_DTL": "산지 유출수 침수", "TYPE": "주택", "F_SAT_YMD": "20220808" }, "geometry": { "type": "Polygon", "coordinates": [ [ [ 961461.056996147846803, 1942068.027799647068605 ], [ 961461.482730087940581, 1942066.497121050488204 ], [ 961464.357024953467771, 1942061.091933618532494 ], [ 961464.056817606091499, 1942060.84261720860377 ], [ 961462.527839652146213, 1942057.527961258310825 ], [ 961436.504052300937474, 1942033.436837008688599 ], [ 961432.407042007311247, 1942037.675938233034685 ], [ 961430.446059524081647, 1942040.750166203826666 ], [ 961431.735507067060098, 1942040.926271552685648 ], [ 961461.056996147846803, 1942068.027799647068605 ] ] ] } },
{ "type": "Feature", "properties": { "GU_NAM": "강남구", "F_SHIM": 0.6, "F_AREA": 46057.5, "F_DISA_NM": "2022?? 8?? 吏묒쨷?몄슦", "F_RSN_DTL": "배수용량초과", "TYPE": null, "F_SAT_YMD": "20220808" }, "geometry": { "type": "Polygon", "coordinates": [ [ [ 960689.30525086983107, 1943636.836266371654347 ], [ 960700.551705253776163, 1943643.571161031257361 ], [ 960708.407116998219863, 1943640.996515139006078 ], [ 961365.932210623053834, 1944014.228955702623352 ], [ 961367.130105584859848, 1944021.65581519715488 ], [ 961253.889946043025702, 1944290.488616750808433 ], [ 961279.68562644883059, 1944312.266758235637099 ], [ 961384.27064876339864, 1944066.831701173679903 ], [ 961414.881426286068745, 1944036.12488492554985 ], [ 961422.43046109599527, 1943990.729485901771113 ], [ 961364.40681796555873, 1943965.157499944558367 ], [ 960707.201830031350255, 1943589.321305898018181 ], [ 960689.30525086983107, 1943636.836266371654347 ] ] ] } },
{ "type": "Feature", "properties": { "GU_NAM": "강남구", "F_SHIM": 0.3, "F_AREA": 5919.6, "F_DISA_NM": "2022?? 8?? 吏묒쨷?몄슦", "F_RSN_DTL": "배수용량초과", "TYPE": null, "F_SAT_YMD": "20220808" }, "geometry": { "type": "Polygon", "coordinates": [ [ [ 958608.857063543633558, 1943926.415002912981436 ], [ 958898.866823176387697, 1944035.525871791178361 ], [ 958906.803017399273813, 1944017.812445209827274 ], [ 958616.031437382102013, 1943909.058474313933402 ], [ 958608.857063543633558, 1943926.415002912981436 ] ] ] } },
{ "type": "Feature", "properties": { "GU_NAM": "강남구", "F_SHIM": 0.3, "F_AREA": 206.6, "F_DISA_NM": "2022?? 8?? 吏묒쨷?몄슦", "F_RSN_DTL": "배수용량초과", "TYPE": null, "F_SAT_YMD": "20220808" }, "geometry": { "type": "Polygon", "coordinates": [ [ [ 958779.140831678523682, 1943969.55278916307725 ], [ 958785.194162773783319, 1943953.17708590417169 ], [ 958784.866656235302798, 1943953.046795060392469 ], [ 958772.744551611482166, 1943948.609886532882228 ], [ 958769.13634639326483, 1943958.258115906268358 ], [ 958773.270930138649419, 1943967.315274043707177 ], [ 958779.140831678523682, 1943969.55278916307725 ] ] ] } },
{ "type": "Feature", "properties": { "GU_NAM": "강남구", "F_SHIM": 0.3, "F_AREA": 210.0, "F_DISA_NM": "2022?? 8?? 吏묒쨷?몄슦", "F_RSN_DTL": "배수용량초과", "TYPE": null, "F_SAT_YMD": "20220808" }, "geometry": { "type": "Polygon", "coordinates": [ [ [ 958803.126374577404931, 1943942.994640397140756 ], [ 958808.065230166190304, 1943929.913361587096006 ], [ 958806.821166519075632, 1943927.170976427616552 ], [ 958796.439527704962529, 1943923.298420976148918 ], [ 958790.81632094271481, 1943938.34159267693758 ], [ 958803.126374577404931, 1943942.994640397140756 ] ] ] } },
{ "type": "Feature", "properties": { "GU_NAM": "강남구", "F_SHIM": 0.3, "F_AREA": 179.2, "F_DISA_NM": "2022?? 8?? 吏묒쨷?몄슦", "F_RSN_DTL": "배수용량초과", "TYPE": null, "F_SAT_YMD": "20220808" }, "geometry": { "type": "Polygon", "coordinates": [ [ [ 958809.258016992360353, 1943938.073994772974402 ], [ 958821.698918116395362, 1943942.896285998634994 ], [ 958825.247396268183365, 1943933.421026348369196 ], [ 958826.440077163162641, 1943930.23589758342132 ], [ 958813.970088113215752, 1943925.583696782123297 ], [ 958809.258016992360353, 1943938.073994772974402 ] ] ] } },
{ "type": "Feature", "properties": { "GU_NAM": "강남구", "F_SHIM": 0.3, "F_AREA": 203.9, "F_DISA_NM": "2022?? 8?? 吏묒쨷?몄슦", "F_RSN_DTL": "배수용량초과", "TYPE": null, "F_SAT_YMD": "20220808" }, "geometry": { "type": "Polygon", "coordinates": [ [ [ 958844.659876546473242, 1943969.234808557666838 ], [ 958848.613055011956021, 1943958.787768048932776 ], [ 958831.464935521478765, 1943952.271047379123047 ], [ 958827.551105626276694, 1943962.597924476256594 ], [ 958831.467688526259735, 1943964.116608408512548 ], [ 958844.659876546473242, 1943969.234808557666838 ] ] ] } },
{ "type": "Feature", "properties": { "GU_NAM": "강남구", "F_SHIM": 0.3, "F_AREA": 176.3, "F_DISA_NM": "2022?? 8?? 吏묒쨷?몄슦", "F_RSN_DTL": "배수용량초과", "TYPE": null, "F_SAT_YMD": "20220808" }, "geometry": { "type": "Polygon", "coordinates": [ [ [ 958807.680948917521164, 1943980.232604146469384 ], [ 958812.393844380858354, 1943967.709313872735947 ], [ 958799.801423088996671, 1943963.155725288437679 ], [ 958795.80484001536388, 1943973.90088497265242 ], [ 958796.801291810814291, 1943976.132772532757372 ], [ 958807.680948917521164, 1943980.232604146469384 ] ] ] } },
{ "type": "Feature", "properties": { "GU_NAM": "강남구", "F_SHIM": 0.3, "F_AREA": 193.8, "F_DISA_NM": "2022?? 8?? 吏묒쨷?몄슦", "F_RSN_DTL": "배수용량초과", "TYPE": null, "F_SAT_YMD": "20220808" }, "geometry": { "type": "Polygon", "coordinates": [ [ [ 958862.661262105335481, 1943921.687203627778217 ], [ 958866.003212471143343, 1943912.852799200918525 ], [ 958864.759148952784017, 1943910.110414186725393 ], [ 958852.729883822845295, 1943905.625815910520032 ], [ 958849.987498592119664, 1943906.869879350066185 ], [ 958846.625662012607791, 1943915.724381754174829 ], [ 958862.661262105335481, 1943921.687203627778217 ] ] ] } },
{ "type": "Feature", "properties": { "GU_NAM": "강남구", "F_SHIM": 0.3, "F_AREA": 320.7, "F_DISA_NM": "2022?? 8?? 吏묒쨷?몄슦", "F_RSN_DTL": "배수용량초과", "TYPE": null, "F_SAT_YMD": "20220808" }, "geometry": { "type": "Polygon", "coordinates": [ [ [ 958892.404517470044084, 1943913.072852568468079 ], [ 958897.895684368908405, 1943898.579176892992109 ], [ 958878.523057919810526, 1943891.05461650644429 ], [ 958873.091125613544136, 1943905.408031035447493 ], [ 958889.349230701802298, 1943911.859491631854326 ], [ 958892.404517470044084, 1943913.072852568468079 ] ] ] } },
{ "type": "Feature", "properties": { "GU_NAM": "강남구", "F_SHIM": 0.3, "F_AREA": 1029.2, "F_DISA_NM": "2022?? 8?? 吏묒쨷?몄슦", "F_RSN_DTL": "배수용량초과", "TYPE": null, "F_SAT_YMD": "20220808" }, "geometry": { "type": "Polygon", "coordinates": [ [ [ 958934.158200106699951, 1943946.454689474077895 ], [ 958939.951095033553429, 1943930.999487314606085 ], [ 958945.744177766609937, 1943915.562406157376245 ], [ 958932.785609149257652, 1943910.517881475854665 ], [ 958921.847343178000301, 1943906.254893482197076 ], [ 958915.554851631983183, 1943921.988704070448875 ], [ 958905.770264640101232, 1943918.373240788001567 ], [ 958900.29051630909089, 1943933.100141868228093 ], [ 958900.05239279626403, 1943933.748438104754314 ], [ 958910.714879760285839, 1943937.776848328532651 ], [ 958910.808778871549293, 1943937.52528674271889 ], [ 958918.343099461868405, 1943940.400112847797573 ], [ 958934.158200106699951, 1943946.454689474077895 ] ] ] } },
{ "type": "Feature", "properties": { "GU_NAM": "강남구", "F_SHIM": 0.3, "F_AREA": 1266.8, "F_DISA_NM": "2022?? 8?? 吏묒쨷?몄슦", "F_RSN_DTL": "배수용량초과", "TYPE": null, "F_SAT_YMD": "20220808" }, "geometry": { "type": "Polygon", "coordinates": [ [ [ 958850.969117123750038, 1943963.873386763734743 ], [ 958866.264855656307191, 1943969.810137071879581 ], [ 958861.679980547516607, 1943981.779955152887851 ], [ 958855.399140783818439, 1943998.167108085472137 ], [ 958873.217891136417165, 1944004.85021275607869 ], [ 958889.16358039341867, 1944010.823505324078724 ], [ 958899.270340665476397, 1943982.610502139432356 ], [ 958883.974655535072088, 1943976.683748235693201 ], [ 958867.476857980131172, 1943970.273543148534372 ], [ 958871.272165056900121, 1943960.217193308519199 ], [ 958856.747758624376729, 1943954.586242376593873 ], [ 958854.025206637335941, 1943955.80021212878637 ], [ 958850.969117123750038, 1943963.873386763734743 ] ] ] } },
{ "type": "Feature", "properties": { "GU_NAM": "강남구", "F_SHIM": 0.3, "F_AREA": 198.3, "F_DISA_NM": "2022?? 8?? 吏묒쨷?몄슦", "F_RSN_DTL": "배수용량초과", "TYPE": null, "F_SAT_YMD": "20220808" }, "geometry": { "type": "Polygon", "coordinates": [ [ [ 958921.11328077618964, 1943975.267527967458591 ], [ 958923.835832542157732, 1943974.053558247862384 ], [ 958926.802804833510891, 1943966.14079639967531 ], [ 958915.18279336753767, 1943961.544072943972424 ], [ 958909.122358583728783, 1943959.147074717795476 ], [ 958905.657289731898345, 1943969.271649157162756 ], [ 958921.11328077618964, 1943975.267527967458591 ] ] ] } },
{ "type": "Feature", "properties": { "GU_NAM": "강남구", "F_SHIM": 0.3, "F_AREA": 160.6, "F_DISA_NM": "2022?? 8?? 吏묒쨷?몄슦", "F_RSN_DTL": "배수용량초과", "TYPE": null, "F_SAT_YMD": "20220808" }, "geometry": { "type": "Polygon", "coordinates": [ [ [ 958855.87916079419665, 1943850.969548088032752 ], [ 958868.860691049485467, 1943855.948917551431805 ], [ 958872.951855926541612, 1943845.131285243434832 ], [ 958859.950598482973874, 1943840.20200144755654 ], [ 958855.87916079419665, 1943850.969548088032752 ] ] ] } },
{ "type": "Feature", "properties": { "GU_NAM": "강남구", "F_SHIM": 0.3, "F_AREA": 4773.2, "F_DISA_NM": "2022?? 8?? 吏묒쨷?몄슦", "F_RSN_DTL": "배수용량초과", "TYPE": null, "F_SAT_YMD": "20220808" }, "geometry": { "type": "Polygon", "coordinates": [ [ [ 958725.19740739907138, 1943949.279853547457606 ], [ 958734.843287017080002, 1943923.522572866408154 ], [ 958719.329463728587143, 1943917.668243783526123 ], [ 958724.951452186563984, 1943902.687611744971946 ], [ 958724.387256980058737, 1943902.495883088326082 ], [ 958677.443566660163924, 1943884.871850514551625 ], [ 958649.213027296820655, 1943874.392360370140523 ], [ 958631.698094427702017, 1943867.7296250408981 ], [ 958616.636673370259814, 1943908.501288456376642 ], [ 958633.379734962130897, 1943914.633049634750932 ], [ 958661.41721848945599, 1943925.173088417621329 ], [ 958709.687486427952535, 1943943.377842865418643 ], [ 958725.19740739907138, 1943949.279853547457606 ] ] ] } },
{ "type": "Feature", "properties": { "GU_NAM": "강남구", "F_SHIM": 0.3, "F_AREA": 251.0, "F_DISA_NM": "2022?? 8?? 吏묒쨷?몄슦", "F_RSN_DTL": "배수용량초과", "TYPE": null, "F_SAT_YMD": "20220808" }, "geometry": { "type": "Polygon", "coordinates": [ [ [ 960046.255722491536289, 1942031.28550451551564 ], [ 960055.353510704124346, 1942020.181488431058824 ], [ 960041.829987250268459, 1942009.117250358918682 ], [ 960032.732198772253469, 1942020.221266497392207 ], [ 960046.255722491536289, 1942031.28550451551564 ] ] ] } },
{ "type": "Feature", "properties": { "GU_NAM": "강남구", "F_SHIM": 0.3, "F_AREA": 1383.2, "F_DISA_NM": "2022?? 8?? 吏묒쨷?몄슦", "F_RSN_DTL": "배수용량초과", "TYPE": null, "F_SAT_YMD": "20220808" }, "geometry": { "type": "Polygon", "coordinates": [ [ [ 960037.225748696131632, 1942042.548102262429893 ], [ 960041.558795787277631, 1942046.073834664421156 ], [ 960098.861724300077185, 1941976.28054455597885 ], [ 960104.036950349574909, 1941975.745339618297294 ], [ 960126.003823652397841, 1941993.516350905178115 ], [ 960126.512622145237401, 1941998.990604208782315 ], [ 960068.923340773908421, 1942068.507513651857153 ], [ 960073.376271205721423, 1942072.208545243134722 ], [ 960145.678020292893052, 1941983.615877126110718 ], [ 960141.560158166685142, 1941980.517844951944426 ], [ 960132.054682784713805, 1941991.652007232187316 ], [ 960100.458387237158604, 1941965.566105969250202 ], [ 960037.225748696131632, 1942042.548102262429893 ] ] ] } },
{ "type": "Feature", "properties": { "GU_NAM": "강남구", "F_SHIM": 0.3, "F_AREA": 272.7, "F_DISA_NM": "2022?? 8?? 吏묒쨷?몄슦", "F_RSN_DTL": "배수용량초과", "TYPE": null, "F_SAT_YMD": "20220808" }, "geometry": { "type": "Polygon", "coordinates": [ [ [ 960104.662689318880439, 1941997.07902839500457 ], [ 960114.733733018045314, 1941984.770311069441959 ], [ 960103.900878601009026, 1941975.910998085979372 ], [ 960098.925423855893314, 1941976.417156022973359 ], [ 960091.089028255664743, 1941985.985067225061357 ], [ 960104.662689318880439, 1941997.07902839500457 ] ] ] } },
{ "type": "Feature", "properties": { "GU_NAM": "강남구", "F_SHIM": 0.3, "F_AREA": 818.6, "F_DISA_NM": "2022?? 8?? 吏묒쨷?몄슦", "F_RSN_DTL": "배수용량초과", "TYPE": null, "F_SAT_YMD": "20220808" }, "geometry": { "type": "Polygon", "coordinates": [ [ [ 960088.658729538554326, 1942044.296078278450295 ], [ 960097.1605686560506, 1942033.914947490906343 ], [ 960107.69845945504494, 1942021.043968219542876 ], [ 960080.561132752103731, 1941998.855993415927514 ], [ 960070.033184395520948, 1942011.71692392998375 ], [ 960083.596903016907163, 1942022.820933862356469 ], [ 960075.105059625231661, 1942033.202011783374473 ], [ 960088.658729538554326, 1942044.296078278450295 ] ] ] } },
{ "type": "Feature", "properties": { "GU_NAM": "강남구", "F_SHIM": 0.3, "F_AREA": 273.0, "F_DISA_NM": "2022?? 8?? 吏묒쨷?몄슦", "F_RSN_DTL": "배수용량초과", "TYPE": null, "F_SAT_YMD": "20220808" }, "geometry": { "type": "Polygon", "coordinates": [ [ [ 960065.252498862915672, 1942045.239674765150994 ], [ 960075.105059625231661, 1942033.202011783374473 ], [ 960061.541340754367411, 1942022.098001904785633 ], [ 960051.678783726412803, 1942034.135717864381149 ], [ 960065.252498862915672, 1942045.239674765150994 ] ] ] } },
{ "type": "Feature", "properties": { "GU_NAM": "강남구", "F_SHIM": 0.3, "F_AREA": 568.5, "F_DISA_NM": "2022?? 8?? 吏묒쨷?몄슦", "F_RSN_DTL": "배수용량초과", "TYPE": null, "F_SAT_YMD": "20220808" }, "geometry": { "type": "Polygon", "coordinates": [ [ [ 960108.280753749539144, 1942057.397256322670728 ], [ 960118.570332216797397, 1942044.827478983439505 ], [ 960128.849914768128656, 1942032.257754836697131 ], [ 960115.316343367332593, 1942021.183574760798365 ], [ 960105.036760510294698, 1942033.753298967145383 ], [ 960094.7471817440819, 1942046.32307636924088 ], [ 960108.280753749539144, 1942057.397256322670728 ] ] ] } },
{ "type": "Feature", "properties": { "GU_NAM": "강남구", "F_SHIM": 0.3, "F_AREA": 284.2, "F_DISA_NM": "2022?? 8?? 吏묒쨷?몄슦", "F_RSN_DTL": "배수용량초과", "TYPE": null, "F_SAT_YMD": "20220808" }, "geometry": { "type": "Polygon", "coordinates": [ [ [ 960139.139440437080339, 1942019.677982084685937 ], [ 960149.419023108202964, 1942007.108258503023535 ], [ 960135.885452306829393, 1941996.034078298835084 ], [ 960125.605869334773161, 1942008.603801947087049 ], [ 960139.139440437080339, 1942019.677982084685937 ] ] ] } },
{ "type": "Feature", "properties": { "GU_NAM": "강남구", "F_SHIM": 0.3, "F_AREA": 831.6, "F_DISA_NM": "2022?? 8?? 吏묒쨷?몄슦", "F_RSN_DTL": "배수용량초과", "TYPE": null, "F_SAT_YMD": "20220808" }, "geometry": { "type": "Polygon", "coordinates": [ [ [ 959871.102321776677854, 1942159.687942361924797 ], [ 959884.154741567093879, 1942162.578737231902778 ], [ 959882.655999025329947, 1942157.989393529715016 ], [ 959966.825118274311535, 1942055.198175781872123 ], [ 959971.375549478339963, 1942054.846210328163579 ], [ 959961.773601814289577, 1942047.000998386647552 ], [ 959962.208069197135046, 1942051.840883979341015 ], [ 959875.158927940297872, 1942158.201016712002456 ], [ 959871.102321776677854, 1942159.687942361924797 ] ] ] } },
{ "type": "Feature", "properties": { "GU_NAM": "강남구", "F_SHIM": 0.3, "F_AREA": 360.0, "F_DISA_NM": "2022?? 8?? 吏묒쨷?몄슦", "F_RSN_DTL": "배수용량초과", "TYPE": null, "F_SAT_YMD": "20220808" }, "geometry": { "type": "Polygon", "coordinates": [ [ [ 959949.214076997013763, 1942076.982274350477383 ], [ 959939.719148122705519, 1942088.598203577566892 ], [ 959930.214223328279331, 1942100.21418595709838 ], [ 959939.530756821623072, 1942107.772016756003723 ], [ 959941.109904111246578, 1942105.834380144486204 ], [ 959949.025738368858583, 1942096.166083306074142 ], [ 959950.287025265279226, 1942094.609987049130723 ], [ 959958.510671075200662, 1942084.550207036081702 ], [ 959949.214076997013763, 1942076.982274350477383 ] ] ] } },
{ "type": "Feature", "properties": { "GU_NAM": "강남구", "F_SHIM": 0.3, "F_AREA": 754.2, "F_DISA_NM": "2022?? 8?? 吏묒쨷?몄슦", "F_RSN_DTL": "배수용량초과", "TYPE": null, "F_SAT_YMD": "20220808" }, "geometry": { "type": "Polygon", "coordinates": [ [ [ 959903.745575116015971, 1942166.954349985346198 ], [ 959917.111048404476605, 1942169.877474686363712 ], [ 959915.475683288299479, 1942165.16090234881267 ], [ 959989.966093463706784, 1942074.392436819849536 ], [ 959994.87601450458169, 1942073.969594116555527 ], [ 959984.935128811746836, 1942065.923252834705636 ], [ 959985.429064143332653, 1942070.666859459830448 ], [ 959908.077498544473201, 1942165.358007346279919 ], [ 959903.745575116015971, 1942166.954349985346198 ] ] ] } },
{ "type": "Feature", "properties": { "GU_NAM": "강남구", "F_SHIM": 0.3, "F_AREA": 216.4, "F_DISA_NM": "2022?? 8?? 吏묒쨷?몄슦", "F_RSN_DTL": "배수용량초과", "TYPE": null, "F_SAT_YMD": "20220808" }, "geometry": { "type": "Polygon", "coordinates": [ [ [ 959968.82068868400529, 1942100.389673200435936 ], [ 959963.119669764651917, 1942107.347256696317345 ], [ 959957.428699753014371, 1942114.314783340785652 ], [ 959966.73550169065129, 1942121.922646562801674 ], [ 959971.790856642997824, 1942115.738192510791123 ], [ 959972.426524503272958, 1942114.96511591761373 ], [ 959977.481826556380838, 1942108.770665971329436 ], [ 959978.117494418751448, 1942107.997589383739978 ], [ 959968.82068868400529, 1942100.389673200435936 ] ] ] } },
{ "type": "Feature", "properties": { "GU_NAM": "강남구", "F_SHIM": 0.3, "F_AREA": 108.0, "F_DISA_NM": "2022?? 8?? 吏묒쨷?몄슦", "F_RSN_DTL": "배수용량초과", "TYPE": null, "F_SAT_YMD": "20220808" }, "geometry": { "type": "Polygon", "coordinates": [ [ [ 959943.315856649307534, 1942150.545944417594001 ], [ 959952.602561240782961, 1942158.133921270025894 ], [ 959958.29363678349182, 1942151.186386273475364 ], [ 959949.006826471188106, 1942143.578417445998639 ], [ 959943.941528523573652, 1942149.772920692106709 ], [ 959943.315856649307534, 1942150.545944417594001 ] ] ] } },
{ "type": "Feature", "properties": { "GU_NAM": "강남구", "F_SHIM": 0.3, "F_AREA": 108.0, "F_DISA_NM": "2022?? 8?? 吏묒쨷?몄슦", "F_RSN_DTL": "배수용량초과", "TYPE": null, "F_SAT_YMD": "20220808" }, "geometry": { "type": "Polygon", "coordinates": [ [ [ 959960.398815063410439, 1942129.653306820662692 ], [ 959955.333517084829509, 1942135.847809911007062 ], [ 959954.707845204509795, 1942136.62083362066187 ], [ 959963.994602483930066, 1942144.218806494958699 ], [ 959969.685572230839171, 1942137.251279718242586 ], [ 959960.398815063410439, 1942129.653306820662692 ] ] ] } },
{ "type": "Feature", "properties": { "GU_NAM": "강남구", "F_SHIM": 0.3, "F_AREA": 665.9, "F_DISA_NM": "2022?? 8?? 吏묒쨷?몄슦", "F_RSN_DTL": "배수용량초과", "TYPE": null, "F_SAT_YMD": "20220808" }, "geometry": { "type": "Polygon", "coordinates": [ [ [ 959936.607929702731781, 1942174.255583741003647 ], [ 959949.92430055339355, 1942177.155976787209511 ], [ 959948.33323576732073, 1942172.688076846301556 ], [ 960013.240067329141311, 1942093.407059906283394 ], [ 960018.040799291222356, 1942092.940811605658382 ], [ 960008.323871634202078, 1942085.091210995567963 ], [ 960008.797322988742962, 1942089.741960766259581 ], [ 959940.9191577474121, 1942172.715329705504701 ], [ 959936.607929702731781, 1942174.255583741003647 ] ] ] } },
{ "type": "Feature", "properties": { "GU_NAM": "강남구", "F_SHIM": 0.3, "F_AREA": 185.2, "F_DISA_NM": "2022?? 8?? 吏묒쨷?몄슦", "F_RSN_DTL": "배수용량초과", "TYPE": null, "F_SAT_YMD": "20220808" }, "geometry": { "type": "Polygon", "coordinates": [ [ [ 960005.917604591697454, 1942121.315377851715311 ], [ 960016.148163143312559, 1942129.698058276437223 ], [ 960025.007475810009055, 1942118.865202124696225 ], [ 960015.199594720266759, 1942110.829153386177495 ], [ 960014.77691745350603, 1942110.482521659694612 ], [ 960014.498829311458394, 1942110.823866395046934 ], [ 960005.917604591697454, 1942121.315377851715311 ] ] ] } },
{ "type": "Feature", "properties": { "GU_NAM": "강남구", "F_SHIM": 0.3, "F_AREA": 1695.0, "F_DISA_NM": "2022?? 8?? 吏묒쨷?몄슦", "F_RSN_DTL": "배수용량초과", "TYPE": null, "F_SAT_YMD": "20220808" }, "geometry": { "type": "Polygon", "coordinates": [ [ [ 959937.435002134530805, 1942249.104157977970317 ], [ 959942.839903040789068, 1942250.223115268396214 ], [ 959947.741825789096765, 1942228.651238756487146 ], [ 960067.037747183348984, 1942082.991070036543533 ], [ 960059.582575305481441, 1942076.9548125914298 ], [ 959975.703382931300439, 1942180.128343327203766 ], [ 959968.377056060591713, 1942194.654698229860514 ], [ 959946.205547555815428, 1942222.069840701064095 ], [ 959941.085414188797586, 1942233.578643502201885 ], [ 959937.435002134530805, 1942249.104157977970317 ] ] ] } },
{ "type": "Feature", "properties": { "GU_NAM": "강남구", "F_SHIM": 0.3, "F_AREA": 264.4, "F_DISA_NM": "2022?? 8?? 吏묒쨷?몄슦", "F_RSN_DTL": "배수용량초과", "TYPE": null, "F_SAT_YMD": "20220808" }, "geometry": { "type": "Polygon", "coordinates": [ [ [ 960027.712610596674494, 1942131.356194976717234 ], [ 960040.864697201992385, 1942142.122510109329596 ], [ 960050.707313894527033, 1942130.0948946706485 ], [ 960037.555227568955161, 1942119.32857947750017 ], [ 960027.712610596674494, 1942131.356194976717234 ] ] ] } },
{ "type": "Feature", "properties": { "GU_NAM": "강남구", "F_SHIM": 0.3, "F_AREA": 300.4, "F_DISA_NM": "2022?? 8?? 吏묒쨷?몄슦", "F_RSN_DTL": "배수용량초과", "TYPE": null, "F_SAT_YMD": "20220808" }, "geometry": { "type": "Polygon", "coordinates": [ [ [ 959963.572383491438814, 1942255.179462295724079 ], [ 959973.510345508344471, 1942257.386005606269464 ], [ 959986.20330650464166, 1942249.401777864200994 ], [ 959986.868163046776317, 1942246.589310880051926 ], [ 959987.9394149313448, 1942243.124936012318358 ], [ 959967.422267125220969, 1942238.435348517028615 ], [ 959963.572383491438814, 1942255.179462295724079 ] ] ] } },
{ "type": "Feature", "properties": { "GU_NAM": "강남구", "F_SHIM": 0.3, "F_AREA": 407.0, "F_DISA_NM": "2022?? 8?? 吏묒쨷?몄슦", "F_RSN_DTL": "배수용량초과", "TYPE": null, "F_SAT_YMD": "20220808" }, "geometry": { "type": "Polygon", "coordinates": [ [ [ 959997.422128140111454, 1942195.212673112982884 ], [ 960011.758820859482512, 1942206.93235696782358 ], [ 960025.673539734678343, 1942189.925041914684698 ], [ 960011.336900361580774, 1942178.215353938518092 ], [ 960001.49428388371598, 1942190.242970405612141 ], [ 959997.422128140111454, 1942195.212673112982884 ] ] ] } },
{ "type": "Feature", "properties": { "GU_NAM": "강남구", "F_SHIM": 0.3, "F_AREA": 273.0, "F_DISA_NM": "2022?? 8?? 吏묒쨷?몄슦", "F_RSN_DTL": "배수용량초과", "TYPE": null, "F_SAT_YMD": "20220808" }, "geometry": { "type": "Polygon", "coordinates": [ [ [ 960056.236295436276123, 1942203.937936322996393 ], [ 960057.159941399237141, 1942202.803470130776986 ], [ 960066.088801296893507, 1942191.890275570098311 ], [ 960052.505141369765624, 1942180.796369734453037 ], [ 960042.662631191313267, 1942192.843977630604059 ], [ 960056.236295436276123, 1942203.937936322996393 ] ] ] } },
{ "type": "Feature", "properties": { "GU_NAM": "강남구", "F_SHIM": 0.3, "F_AREA": 273.0, "F_DISA_NM": "2022?? 8?? 吏묒쨷?몄슦", "F_RSN_DTL": "배수용량초과", "TYPE": null, "F_SAT_YMD": "20220808" }, "geometry": { "type": "Polygon", "coordinates": [ [ [ 960075.941360126947984, 1942179.852611043956131 ], [ 960085.793866097694263, 1942167.804950803052634 ], [ 960072.220202719210647, 1942156.710991928819567 ], [ 960062.367696462781169, 1942168.758652230491862 ], [ 960075.941360126947984, 1942179.852611043956131 ] ] ] } },
{ "type": "Feature", "properties": { "GU_NAM": "강남구", "F_SHIM": 0.3, "F_AREA": 530.5, "F_DISA_NM": "2022?? 8?? 吏묒쨷?몄슦", "F_RSN_DTL": "배수용량초과", "TYPE": null, "F_SAT_YMD": "20220808" }, "geometry": { "type": "Polygon", "coordinates": [ [ [ 960128.53361634502653, 1942142.458114904118702 ], [ 960138.386069330386817, 1942130.400459779426455 ], [ 960148.238575288210995, 1942118.35280088102445 ], [ 960135.066392718115821, 1942107.566600532270968 ], [ 960125.213886482059024, 1942119.614259486319497 ], [ 960115.361380297341384, 1942131.661918703932315 ], [ 960128.53361634502653, 1942142.458114904118702 ] ] ] } },
{ "type": "Feature", "properties": { "GU_NAM": "강남구", "F_SHIM": 0.3, "F_AREA": 265.0, "F_DISA_NM": "2022?? 8?? 吏묒쨷?몄슦", "F_RSN_DTL": "배수용량초과", "TYPE": null, "F_SAT_YMD": "20220808" }, "geometry": { "type": "Polygon", "coordinates": [ [ [ 960187.668485765694641, 1942070.142070078989491 ], [ 960195.514716904028319, 1942060.544118345482275 ], [ 960195.008558547240682, 1942055.568664462771267 ], [ 960184.577289488050155, 1942047.037103546084836 ], [ 960174.496357236872427, 1942059.365865468047559 ], [ 960187.668485765694641, 1942070.142070078989491 ] ] ] } },
{ "type": "Feature", "properties": { "GU_NAM": "강남구", "F_SHIM": 0.3, "F_AREA": 1662.1, "F_DISA_NM": "2022?? 8?? 吏묒쨷?몄슦", "F_RSN_DTL": "배수용량초과", "TYPE": null, "F_SAT_YMD": "20220808" }, "geometry": { "type": "Polygon", "coordinates": [ [ [ 960044.999850985012017, 1942242.712908534798771 ], [ 960059.54280206002295, 1942244.299297031247988 ], [ 960058.063428533030674, 1942240.158683562884107 ], [ 960201.59853146225214, 1942065.094194537727162 ], [ 960205.803497739834711, 1942064.819029782665893 ], [ 960195.572000991203822, 1942056.636280352482572 ], [ 960196.100021504797041, 1942060.831910877488554 ], [ 960047.766749704023823, 1942241.75661397096701 ], [ 960044.999850985012017, 1942242.712908534798771 ] ] ] } },
{ "type": "Feature", "properties": { "GU_NAM": "강남구", "F_SHIM": 0.3, "F_AREA": 223.1, "F_DISA_NM": "2022?? 8?? 吏묒쨷?몄슦", "F_RSN_DTL": "배수용량초과", "TYPE": null, "F_SAT_YMD": "20220808" }, "geometry": { "type": "Polygon", "coordinates": [ [ [ 960060.55287378502544, 1942245.139632880454883 ], [ 960073.546745077939704, 1942246.79020091635175 ], [ 960080.072083433158696, 1942238.818632041104138 ], [ 960068.074771996238269, 1942229.03583461465314 ], [ 960058.699004186550155, 1942240.501189288217574 ], [ 960060.55287378502544, 1942245.139632880454883 ] ] ] } },
{ "type": "Feature", "properties": { "GU_NAM": "강남구", "F_SHIM": 0.3, "F_AREA": 774.4, "F_DISA_NM": "2022?? 8?? 吏묒쨷?몄슦", "F_RSN_DTL": "배수용량초과", "TYPE": null, "F_SAT_YMD": "20220808" }, "geometry": { "type": "Polygon", "coordinates": [ [ [ 960102.587343631428666, 1942235.740549250273034 ], [ 960113.135068763047457, 1942222.839526938740164 ], [ 960123.682846870622598, 1942209.948500891216099 ], [ 960134.230625041062012, 1942197.057475139852613 ], [ 960122.263091003405862, 1942187.234535097144544 ], [ 960111.715312560671009, 1942200.125560906017199 ], [ 960101.167534178239293, 1942213.016587008023635 ], [ 960090.619808774790727, 1942225.917609377531335 ], [ 960102.587343631428666, 1942235.740549250273034 ] ] ] } },
{ "type": "Feature", "properties": { "GU_NAM": "강남구", "F_SHIM": 0.3, "F_AREA": 258.5, "F_DISA_NM": "2022?? 8?? 吏묒쨷?몄슦", "F_RSN_DTL": "배수용량초과", "TYPE": null, "F_SAT_YMD": "20220808" }, "geometry": { "type": "Polygon", "coordinates": [ [ [ 960158.107524253660813, 1942143.401146406074986 ], [ 960168.65525005152449, 1942130.500125917838886 ], [ 960156.667725221021101, 1942120.6772912053857 ], [ 960146.120052061975002, 1942133.588307718979195 ], [ 960158.107524253660813, 1942143.401146406074986 ] ] ] } },
{ "type": "Feature", "properties": { "GU_NAM": "강남구", "F_SHIM": 0.3, "F_AREA": 1745.7, "F_DISA_NM": "2022?? 8?? 吏묒쨷?몄슦", "F_RSN_DTL": "배수용량초과", "TYPE": null, "F_SAT_YMD": "20220808" }, "geometry": { "type": "Polygon", "coordinates": [ [ [ 960089.550832900800742, 1942248.694732110248879 ], [ 960103.441792373196222, 1942250.425519139273092 ], [ 960101.642985354294069, 1942245.802778284065425 ], [ 960147.394439631723799, 1942190.023399853846058 ], [ 960152.620866982499138, 1942189.529906952055171 ], [ 960171.124508163658902, 1942205.123069329420105 ], [ 960171.529405337641947, 1942209.664222357561812 ], [ 960179.408891736296937, 1942200.117074111942202 ], [ 960174.600967695354484, 1942200.546374826692045 ], [ 960155.82635748013854, 1942185.31751081510447 ], [ 960155.456550587899983, 1942180.229376952163875 ], [ 960204.393648268771358, 1942120.453633425291628 ], [ 960209.463900056551211, 1942119.915984567953274 ], [ 960228.196159908547997, 1942135.076099084690213 ], [ 960228.584048196091317, 1942139.803272176301107 ], [ 960236.0179801058257, 1942130.686323305591941 ], [ 960231.842907167738304, 1942131.132266002474353 ], [ 960184.385856647510082, 1942092.262159360107034 ], [ 960183.950183698791079, 1942087.572225107112899 ], [ 960175.940510915708728, 1942097.264007537858561 ], [ 960180.700945941614918, 1942096.738994735991582 ], [ 960199.359499874175526, 1942111.760552475927398 ], [ 960199.988181390217505, 1942117.032246375922114 ], [ 960151.145696268300526, 1942176.930443050106987 ], [ 960146.007217585342005, 1942177.42047142283991 ], [ 960127.445003320579417, 1942162.281447995221242 ], [ 960126.885998009820469, 1942157.331264189444482 ], [ 960119.091222497052513, 1942166.829982166178524 ], [ 960123.985079935286194, 1942166.205299767898396 ], [ 960142.915120714344084, 1942181.715236192336306 ], [ 960143.330491575994529, 1942186.913087690947577 ], [ 960093.476495465729386, 1942247.020570068852976 ], [ 960089.550832900800742, 1942248.694732110248879 ] ] ] } },
{ "type": "Feature", "properties": { "GU_NAM": "강남구", "F_SHIM": 0.3, "F_AREA": 549.4, "F_DISA_NM": "2022?? 8?? 吏묒쨷?몄슦", "F_RSN_DTL": "배수용량초과", "TYPE": null, "F_SAT_YMD": "20220808" }, "geometry": { "type": "Polygon", "coordinates": [ [ [ 960116.839638498844579, 1942252.288867869181558 ], [ 960132.144219156121835, 1942254.237086977344006 ], [ 960136.792658614227548, 1942252.383164678467438 ], [ 960141.80834537697956, 1942246.258898569270968 ], [ 960129.810770084266551, 1942236.426122024888173 ], [ 960140.348604758735746, 1942223.545144948642701 ], [ 960128.301367319887504, 1942213.772608510218561 ], [ 960115.667928808485158, 1942229.223720025504008 ], [ 960127.675394349149428, 1942239.036451950203627 ], [ 960116.839638498844579, 1942252.288867869181558 ] ] ] } },
{ "type": "Feature", "properties": { "GU_NAM": "강남구", "F_SHIM": 0.3, "F_AREA": 258.0, "F_DISA_NM": "2022?? 8?? 吏묒쨷?몄슦", "F_RSN_DTL": "배수용량초과", "TYPE": null, "F_SAT_YMD": "20220808" }, "geometry": { "type": "Polygon", "coordinates": [ [ [ 960152.346126860240474, 1942233.367925578262657 ], [ 960162.874018264003098, 1942220.496997739421204 ], [ 960150.866500462405384, 1942210.674269971437752 ], [ 960140.348604758735746, 1942223.545144948642701 ], [ 960152.346126860240474, 1942233.367925578262657 ] ] ] } },
{ "type": "Feature", "properties": { "GU_NAM": "강남구", "F_SHIM": 0.3, "F_AREA": 258.7, "F_DISA_NM": "2022?? 8?? 吏묒쨷?몄슦", "F_RSN_DTL": "배수용량초과", "TYPE": null, "F_SAT_YMD": "20220808" }, "geometry": { "type": "Polygon", "coordinates": [ [ [ 960197.278542751679197, 1942153.919763617916033 ], [ 960207.836263930541463, 1942141.0186906484887 ], [ 960195.838690609904006, 1942131.185913429828361 ], [ 960185.290965130669065, 1942144.086933538550511 ], [ 960197.278542751679197, 1942153.919763617916033 ] ] ] } },
{ "type": "Feature", "properties": { "GU_NAM": "강남구", "F_SHIM": 0.3, "F_AREA": 257.4, "F_DISA_NM": "2022?? 8?? 吏묒쨷?몄슦", "F_RSN_DTL": "배수용량초과", "TYPE": null, "F_SAT_YMD": "20220808" }, "geometry": { "type": "Polygon", "coordinates": [ [ [ 960219.833731364808045, 1942150.831475669052452 ], [ 960228.355295442859642, 1942140.400259707588702 ], [ 960227.859132647281513, 1942135.424753129482269 ], [ 960218.602524769492447, 1942127.856611487455666 ], [ 960207.836263930541463, 1942141.0186906484887 ], [ 960219.833731364808045, 1942150.831475669052452 ] ] ] } },
{ "type": "Feature", "properties": { "GU_NAM": "강남구", "F_SHIM": 0.3, "F_AREA": 1724.3, "F_DISA_NM": "2022?? 8?? 吏묒쨷?몄슦", "F_RSN_DTL": "배수용량초과", "TYPE": null, "F_SAT_YMD": "20220808" }, "geometry": { "type": "Polygon", "coordinates": [ [ [ 960137.866552022285759, 1942251.683739748550579 ], [ 960148.432206852943636, 1942254.065892685437575 ], [ 960149.642723270924762, 1942251.794333671452478 ], [ 960264.184768633102067, 1942111.869217890780419 ], [ 960264.497142591164447, 1942110.828953813761473 ], [ 960254.357834091410041, 1942105.709568321239203 ], [ 960254.603553115855902, 1942108.884076495654881 ], [ 960137.866552022285759, 1942251.683739748550579 ] ] ] } },
{ "type": "Feature", "properties": { "GU_NAM": "강남구", "F_SHIM": 0.3, "F_AREA": 249.4, "F_DISA_NM": "2022?? 8?? 吏묒쨷?몄슦", "F_RSN_DTL": "배수용량초과", "TYPE": null, "F_SAT_YMD": "20220808" }, "geometry": { "type": "Polygon", "coordinates": [ [ [ 960210.822797178174369, 1942202.889673420460895 ], [ 960220.943499330780469, 1942190.520714882528409 ], [ 960211.305350677110255, 1942182.634713478619233 ], [ 960206.339839688618667, 1942183.130823573097587 ], [ 960198.453890618518926, 1942192.778967750724405 ], [ 960210.822797178174369, 1942202.889673420460895 ] ] ] } },
{ "type": "Feature", "properties": { "GU_NAM": "강남구", "F_SHIM": 0.3, "F_AREA": 239.7, "F_DISA_NM": "2022?? 8?? 吏묒쨷?몄슦", "F_RSN_DTL": "배수용량초과", "TYPE": null, "F_SAT_YMD": "20220808" }, "geometry": { "type": "Polygon", "coordinates": [ [ [ 960213.72671432455536, 1942224.606151244137436 ], [ 960223.201805489370599, 1942213.020317845279351 ], [ 960210.822797178174369, 1942202.889673420460895 ], [ 960201.337815622915514, 1942214.4955517295748 ], [ 960213.72671432455536, 1942224.606151244137436 ] ] ] } },
{ "type": "Feature", "properties": { "GU_NAM": "강남구", "F_SHIM": 0.3, "F_AREA": 2007.5, "F_DISA_NM": "2022?? 8?? 吏묒쨷?몄슦", "F_RSN_DTL": "배수용량초과", "TYPE": null, "F_SAT_YMD": "20220808" }, "geometry": { "type": "Polygon", "coordinates": [ [ [ 958049.488770502852276, 1945753.132594125112519 ], [ 958049.370229959837161, 1945753.022263462655246 ], [ 958059.6455963809276, 1945745.322677276562899 ], [ 958167.270769881899469, 1945657.63299465784803 ], [ 958174.103141783853061, 1945651.013254157267511 ], [ 958182.371633483911864, 1945641.497982495464385 ], [ 958189.978368778363802, 1945630.28385133924894 ], [ 958179.722236172179691, 1945625.470108246896416 ], [ 958170.66148881718982, 1945638.79955834383145 ], [ 958164.543147513060831, 1945645.214282739209011 ], [ 958041.976650141878054, 1945746.489556788932532 ], [ 958049.488770502852276, 1945753.132594125112519 ] ] ] } },
{ "type": "Feature", "properties": { "GU_NAM": "강남구", "F_SHIM": 0.3, "F_AREA": 1642.9, "F_DISA_NM": "2022?? 8?? 吏묒쨷?몄슦", "F_RSN_DTL": "배수용량초과", "TYPE": null, "F_SAT_YMD": "20220808" }, "geometry": { "type": "Polygon", "coordinates": [ [ [ 958266.865833468269557, 1945886.740754410624504 ], [ 958274.467987234587781, 1945904.663781116716564 ], [ 958266.601166935521178, 1945908.484049053862691 ], [ 958265.614052659831941, 1945908.959103411063552 ], [ 958258.654590474441648, 1945912.344724681228399 ], [ 958263.271956186858006, 1945921.606799794360995 ], [ 958261.03825549071189, 1945922.638253360753879 ], [ 958253.637024467578158, 1945919.998462823918089 ], [ 958247.717288881773129, 1945936.61364085925743 ], [ 958258.605227886117063, 1945940.764388904208317 ], [ 958267.399661849951372, 1945944.106533611891791 ], [ 958270.272417579079047, 1945942.94174283486791 ], [ 958275.342955974978395, 1945932.07892065262422 ], [ 958278.948821320547722, 1945933.439302913378924 ], [ 958273.988503666245379, 1945944.351522484095767 ], [ 958275.09236533078365, 1945947.04466790612787 ], [ 958283.756586475064978, 1945950.337520984234288 ], [ 958291.050909372861497, 1945934.684699551900849 ], [ 958290.322512944578193, 1945933.049169852398336 ], [ 958282.785789291723631, 1945916.155413094442338 ], [ 958300.70738671941217, 1945908.283367899712175 ], [ 958295.740572402952239, 1945897.213819161523134 ], [ 958290.733244657400064, 1945886.044522211421281 ], [ 958273.532046737032942, 1945894.04270206275396 ], [ 958269.284533073427156, 1945884.778667517704889 ], [ 958266.865833468269557, 1945886.740754410624504 ] ] ] } },
{ "type": "Feature", "properties": { "GU_NAM": "강남구", "F_SHIM": 0.3, "F_AREA": 578.0, "F_DISA_NM": "2022?? 8?? 吏묒쨷?몄슦", "F_RSN_DTL": "배수용량초과", "TYPE": null, "F_SAT_YMD": "20220808" }, "geometry": { "type": "Polygon", "coordinates": [ [ [ 958320.396913350443356, 1945964.298126384848729 ], [ 958321.939725353615358, 1945963.050415047910064 ], [ 958323.093515029526316, 1945958.18611431797035 ], [ 958315.405527376919053, 1945941.043252939358354 ], [ 958308.577367074554786, 1945925.815120263723657 ], [ 958291.050909372861497, 1945934.684699551900849 ], [ 958304.067198635078967, 1945946.221413024468347 ], [ 958300.103514854214154, 1945956.568561095744371 ], [ 958320.396913350443356, 1945964.298126384848729 ] ] ] } },
{ "type": "Feature", "properties": { "GU_NAM": "강남구", "F_SHIM": 0.3, "F_AREA": 237.8, "F_DISA_NM": "2022?? 8?? 吏묒쨷?몄슦", "F_RSN_DTL": "배수용량초과", "TYPE": null, "F_SAT_YMD": "20220808" }, "geometry": { "type": "Polygon", "coordinates": [ [ [ 958093.805340972845443, 1945908.439848132431507 ], [ 958101.64924524910748, 1945902.180609979201108 ], [ 958108.209014893393032, 1945896.937798714963719 ], [ 958109.851469538873062, 1945895.629581670509651 ], [ 958102.556553730741143, 1945886.641593140782788 ], [ 958086.530205069575459, 1945899.411769659025595 ], [ 958093.805340972845443, 1945908.439848132431507 ] ] ] } },
{ "type": "Feature", "properties": { "GU_NAM": "강남구", "F_SHIM": 0.3, "F_AREA": 250.1, "F_DISA_NM": "2022?? 8?? 吏묒쨷?몄슦", "F_RSN_DTL": "배수용량초과", "TYPE": null, "F_SAT_YMD": "20220808" }, "geometry": { "type": "Polygon", "coordinates": [ [ [ 958149.152956165606156, 1945870.37070812471211 ], [ 958149.152956165606156, 1945870.37070812471211 ], [ 958149.152956165606156, 1945870.37070812471211 ], [ 958134.706491865334101, 1945881.343180798226967 ], [ 958143.581581588718109, 1945892.362037456594408 ], [ 958156.083487046184018, 1945882.279538659844548 ], [ 958156.407622690545395, 1945879.308928197948262 ], [ 958149.152956165606156, 1945870.37070812471211 ] ] ] } },
{ "type": "Feature", "properties": { "GU_NAM": "강남구", "F_SHIM": 0.3, "F_AREA": 562.7, "F_DISA_NM": "2022?? 8?? 吏묒쨷?몄슦", "F_RSN_DTL": "배수용량초과", "TYPE": null, "F_SAT_YMD": "20220808" }, "geometry": { "type": "Polygon", "coordinates": [ [ [ 958172.305511510232463, 1945898.897370644612238 ], [ 958164.06452182889916, 1945905.678518200991675 ], [ 958155.186542296549305, 1945912.982846764381975 ], [ 958146.358330874470994, 1945920.246926712570712 ], [ 958152.344923626980744, 1945927.572468142025173 ], [ 958157.305199469672516, 1945933.633920006919652 ], [ 958169.056080842274241, 1945923.305492769926786 ], [ 958182.51843540801201, 1945911.488550259964541 ], [ 958172.305511510232463, 1945898.897370644612238 ] ] ] } },
{ "type": "Feature", "properties": { "GU_NAM": "강남구", "F_SHIM": 0.3, "F_AREA": 176.8, "F_DISA_NM": "2022?? 8?? 吏묒쨷?몄슦", "F_RSN_DTL": "배수용량초과", "TYPE": null, "F_SAT_YMD": "20220808" }, "geometry": { "type": "Polygon", "coordinates": [ [ [ 958167.697825984330848, 1945951.842053098138422 ], [ 958155.186457162373699, 1945946.930192414438352 ], [ 958150.48594191740267, 1945959.710340298013762 ], [ 958162.385119208367541, 1945964.165615567704663 ], [ 958167.697825984330848, 1945951.842053098138422 ] ] ] } },
{ "type": "Feature", "properties": { "GU_NAM": "강남구", "F_SHIM": 0.3, "F_AREA": 233.6, "F_DISA_NM": "2022?? 8?? 吏묒쨷?몄슦", "F_RSN_DTL": "배수용량초과", "TYPE": null, "F_SAT_YMD": "20220808" }, "geometry": { "type": "Polygon", "coordinates": [ [ [ 958215.919315865379758, 1945970.609489474911243 ], [ 958220.207095240242779, 1945959.171029633143917 ], [ 958204.560679304646328, 1945953.086221906822175 ], [ 958202.417035388411023, 1945952.247895434964448 ], [ 958198.10936977493111, 1945963.706453363643959 ], [ 958200.022576295188628, 1945964.446037909947336 ], [ 958215.919315865379758, 1945970.609489474911243 ] ] ] } },
{ "type": "Feature", "properties": { "GU_NAM": "강남구", "F_SHIM": 0.3, "F_AREA": 203.4, "F_DISA_NM": "2022?? 8?? 吏묒쨷?몄슦", "F_RSN_DTL": "배수용량초과", "TYPE": null, "F_SAT_YMD": "20220808" }, "geometry": { "type": "Polygon", "coordinates": [ [ [ 958224.524386098142713, 1945947.642447095597163 ], [ 958227.688456762465648, 1945939.19882628810592 ], [ 958225.615129690850154, 1945934.651510049588978 ], [ 958213.285278337541968, 1945930.038575978716835 ], [ 958208.858931558905169, 1945941.737672979244962 ], [ 958224.524386098142713, 1945947.642447095597163 ] ] ] } },
{ "type": "Feature", "properties": { "GU_NAM": "강남구", "F_SHIM": 0.3, "F_AREA": 794.0, "F_DISA_NM": "2022?? 8?? 吏묒쨷?몄슦", "F_RSN_DTL": "배수용량초과", "TYPE": null, "F_SAT_YMD": "20220808" }, "geometry": { "type": "Polygon", "coordinates": [ [ [ 958223.401323586818762, 1945967.740905410377309 ], [ 958223.401323586818762, 1945967.740905410377309 ], [ 958240.698560914141126, 1945974.096862530801445 ], [ 958245.832279495429248, 1945960.064886684762314 ], [ 958258.40240508550778, 1945964.746521153952926 ], [ 958263.419137418502942, 1945951.274956667562947 ], [ 958262.175067044445314, 1945948.532572658266872 ], [ 958237.855069922748953, 1945939.274916603462771 ], [ 958233.297651547589339, 1945941.32830451359041 ], [ 958223.401323586818762, 1945967.740905410377309 ] ] ] } },
{ "type": "Feature", "properties": { "GU_NAM": "강남구", "F_SHIM": 0.3, "F_AREA": 213.1, "F_DISA_NM": "2022?? 8?? 吏묒쨷?몄슦", "F_RSN_DTL": "배수용량초과", "TYPE": null, "F_SAT_YMD": "20220808" }, "geometry": { "type": "Polygon", "coordinates": [ [ [ 958280.134633927955292, 1945955.374838277930394 ], [ 958269.87776657496579, 1945951.47065397631377 ], [ 958267.155321445199661, 1945952.704622362041846 ], [ 958262.138589152367786, 1945966.176186803262681 ], [ 958274.577495663426816, 1945970.618605753174052 ], [ 958280.134633927955292, 1945955.374838277930394 ] ] ] } },
{ "type": "Feature", "properties": { "GU_NAM": "강남구", "F_SHIM": 0.3, "F_AREA": 410.8, "F_DISA_NM": "2022?? 8?? 吏묒쨷?몄슦", "F_RSN_DTL": "배수용량초과", "TYPE": null, "F_SAT_YMD": "20220808" }, "geometry": { "type": "Polygon", "coordinates": [ [ [ 958118.161516157328151, 1945720.740727770840749 ], [ 958120.998247788171284, 1945718.436553108505905 ], [ 958131.411725150188431, 1945731.146628249436617 ], [ 958141.64492512808647, 1945723.035419898573309 ], [ 958131.260376876103692, 1945710.125266067218035 ], [ 958126.761357257841155, 1945713.767751267412677 ], [ 958115.633186748251319, 1945700.121812257682905 ], [ 958107.13293470046483, 1945707.024287219392136 ], [ 958118.161516157328151, 1945720.740727770840749 ] ] ] } },
{ "type": "Feature", "properties": { "GU_NAM": "강남구", "F_SHIM": 0.3, "F_AREA": 211.0, "F_DISA_NM": "2022?? 8?? 吏묒쨷?몄슦", "F_RSN_DTL": "배수용량초과", "TYPE": null, "F_SAT_YMD": "20220808" }, "geometry": { "type": "Polygon", "coordinates": [ [ [ 958124.252914107288234, 1945693.12873802985996 ], [ 958135.341312252101488, 1945706.814872787334025 ], [ 958144.916630224324763, 1945699.057019509375095 ], [ 958136.041966444463469, 1945688.118128941627219 ], [ 958131.071044951560907, 1945687.594667745288461 ], [ 958124.252914107288234, 1945693.12873802985996 ] ] ] } },
{ "type": "Feature", "properties": { "GU_NAM": "강남구", "F_SHIM": 0.3, "F_AREA": 147.2, "F_DISA_NM": "2022?? 8?? 吏묒쨷?몄슦", "F_RSN_DTL": "배수용량초과", "TYPE": null, "F_SAT_YMD": "20220808" }, "geometry": { "type": "Polygon", "coordinates": [ [ [ 958102.672156702727079, 1945766.945593589683995 ], [ 958111.690558420261368, 1945759.730488568544388 ], [ 958103.820470824604854, 1945749.72592607117258 ], [ 958094.782977206166834, 1945757.11106886388734 ], [ 958102.672156702727079, 1945766.945593589683995 ] ] ] } },
{ "type": "Feature", "properties": { "GU_NAM": "강남구", "F_SHIM": 0.3, "F_AREA": 313.5, "F_DISA_NM": "2022?? 8?? 吏묒쨷?몄슦", "F_RSN_DTL": "배수용량초과", "TYPE": null, "F_SAT_YMD": "20220808" }, "geometry": { "type": "Polygon", "coordinates": [ [ [ 958124.11432330776006, 1945793.392100007738918 ], [ 958142.277631684672087, 1945778.311461947159842 ], [ 958133.945927947061136, 1945767.96947211958468 ], [ 958115.74337663827464, 1945783.190265848301351 ], [ 958122.595078438636847, 1945791.540841548936442 ], [ 958124.11432330776006, 1945793.392100007738918 ] ] ] } },
{ "type": "Feature", "properties": { "GU_NAM": "강남구", "F_SHIM": 0.3, "F_AREA": 1350.0, "F_DISA_NM": "2022?? 8?? 吏묒쨷?몄슦", "F_RSN_DTL": "배수용량초과", "TYPE": null, "F_SAT_YMD": "20220808" }, "geometry": { "type": "Polygon", "coordinates": [ [ [ 958192.274768782430328, 1945830.347094597527757 ], [ 958202.307782566989772, 1945822.186964844120666 ], [ 958210.091604643734172, 1945815.908053911989555 ], [ 958212.221638737246394, 1945814.177410632604733 ], [ 958219.979281233856454, 1945823.712742278818041 ], [ 958225.030261354986578, 1945829.913661552360281 ], [ 958227.757074619294144, 1945833.277955834520981 ], [ 958243.273202483076602, 1945820.430515247164294 ], [ 958235.716645103413612, 1945811.114036519313231 ], [ 958227.91859525104519, 1945801.498948808992282 ], [ 958220.090398585773073, 1945791.854031827766448 ], [ 958202.323754325276241, 1945806.332791081629694 ], [ 958194.264113828772679, 1945796.399208071175963 ], [ 958179.103921831469052, 1945808.505039064912125 ], [ 958178.580461295437999, 1945813.47596007050015 ], [ 958184.54716691817157, 1945820.821599843213335 ], [ 958192.274768782430328, 1945830.347094597527757 ] ] ] } },
{ "type": "Feature", "properties": { "GU_NAM": "강남구", "F_SHIM": 0.3, "F_AREA": 206.8, "F_DISA_NM": "2022?? 8?? 吏묒쨷?몄슦", "F_RSN_DTL": "배수용량초과", "TYPE": null, "F_SAT_YMD": "20220808" }, "geometry": { "type": "Polygon", "coordinates": [ [ [ 958228.095312802586704, 1945874.480800539022312 ], [ 958237.947656544158235, 1945866.181679955916479 ], [ 958227.615470397751778, 1945853.721083961194381 ], [ 958219.363743488211185, 1945860.362339770887047 ], [ 958219.049603797029704, 1945863.332897067535669 ], [ 958228.095312802586704, 1945874.480800539022312 ] ] ] } },
{ "type": "Feature", "properties": { "GU_NAM": "강남구", "F_SHIM": 0.3, "F_AREA": 581.0, "F_DISA_NM": "2022?? 8?? 吏묒쨷?몄슦", "F_RSN_DTL": "배수용량초과", "TYPE": null, "F_SAT_YMD": "20220808" }, "geometry": { "type": "Polygon", "coordinates": [ [ [ 958237.442808080464602, 1945885.986970801837742 ], [ 958247.854503556503914, 1945877.604916676180437 ], [ 958256.316631992696784, 1945888.036179727409035 ], [ 958265.921352634439245, 1945880.168210827047005 ], [ 958258.234158504172228, 1945870.722473356872797 ], [ 958273.690574165433645, 1945857.925330269848928 ], [ 958266.073617054964416, 1945848.529201960889623 ], [ 958250.687808563234285, 1945861.445926206419244 ], [ 958256.855651948018931, 1945869.020413781749085 ], [ 958247.190372636774555, 1945876.778744473820552 ], [ 958240.217448132112622, 1945868.188902196707204 ], [ 958229.986951316590421, 1945876.809906881535426 ], [ 958237.442808080464602, 1945885.986970801837742 ] ] ] } },
{ "type": "Feature", "properties": { "GU_NAM": "강남구", "F_SHIM": 0.3, "F_AREA": 246.0, "F_DISA_NM": "2022?? 8?? 吏묒쨷?몄슦", "F_RSN_DTL": "배수용량초과", "TYPE": null, "F_SAT_YMD": "20220808" }, "geometry": { "type": "Polygon", "coordinates": [ [ [ 958223.025035111932084, 1945900.487974993418902 ], [ 958234.032200683606789, 1945891.29306779592298 ], [ 958223.316300590056926, 1945878.104776947991922 ], [ 958212.127088611247018, 1945886.900797619251534 ], [ 958223.025035111932084, 1945900.487974993418902 ] ] ] } },
{ "type": "Feature", "properties": { "GU_NAM": "강남구", "F_SHIM": 0.3, "F_AREA": 182.3, "F_DISA_NM": "2022?? 8?? 吏묒쨷?몄슦", "F_RSN_DTL": "배수용량초과", "TYPE": null, "F_SAT_YMD": "20220808" }, "geometry": { "type": "Polygon", "coordinates": [ [ [ 958174.14641752501484, 1945891.65031592361629 ], [ 958188.401898082927801, 1945880.478929886827245 ], [ 958182.143084026873112, 1945872.714994577690959 ], [ 958167.767121787066571, 1945883.787056125234812 ], [ 958174.14641752501484, 1945891.65031592361629 ] ] ] } },
{ "type": "Feature", "properties": { "GU_NAM": "강남구", "F_SHIM": 0.3, "F_AREA": 234.9, "F_DISA_NM": "2022?? 8?? 吏묒쨷?몄슦", "F_RSN_DTL": "배수용량초과", "TYPE": null, "F_SAT_YMD": "20220808" }, "geometry": { "type": "Polygon", "coordinates": [ [ [ 958154.029939746949822, 1945783.347301532514393 ], [ 958165.277064115623944, 1945774.161120089003816 ], [ 958166.252540954155847, 1945773.37624299316667 ], [ 958157.143944037845358, 1945761.678875901736319 ], [ 958146.273860569344833, 1945770.333257327554747 ], [ 958145.94972457177937, 1945773.30386778851971 ], [ 958154.029939746949822, 1945783.347301532514393 ] ] ] } },
{ "type": "Feature", "properties": { "GU_NAM": "강남구", "F_SHIM": 0.3, "F_AREA": 481.2, "F_DISA_NM": "2022?? 8?? 吏묒쨷?몄슦", "F_RSN_DTL": "배수용량초과", "TYPE": null, "F_SAT_YMD": "20220808" }, "geometry": { "type": "Polygon", "coordinates": [ [ [ 958154.359696722356603, 1945758.794706552289426 ], [ 958165.30937746737618, 1945750.069929745281115 ], [ 958178.070809340686537, 1945739.916084319120273 ], [ 958167.908238373114727, 1945727.394609903916717 ], [ 958155.367406498058699, 1945737.677238166332245 ], [ 958154.212901969440281, 1945738.633000308880582 ], [ 958144.588345832657069, 1945746.531062598107383 ], [ 958154.359696722356603, 1945758.794706552289426 ] ] ] } },
{ "type": "Feature", "properties": { "GU_NAM": "강남구", "F_SHIM": 0.3, "F_AREA": 846.0, "F_DISA_NM": "2022?? 8?? 吏묒쨷?몄슦", "F_RSN_DTL": "배수용량초과", "TYPE": null, "F_SAT_YMD": "20220808" }, "geometry": { "type": "Polygon", "coordinates": [ [ [ 958194.133576358901337, 1945739.681045492878184 ], [ 958201.697857905761339, 1945733.473272154573351 ], [ 958192.790929227718152, 1945722.104713770095259 ], [ 958193.308496769401245, 1945721.682128418469802 ], [ 958202.564577694516629, 1945714.045921947108582 ], [ 958211.800772517337464, 1945706.429813519353047 ], [ 958208.500375314848498, 1945702.348825762746856 ], [ 958200.269692050642334, 1945692.206226286944002 ], [ 958190.993407114990987, 1945699.802554500056431 ], [ 958181.70712615433149, 1945707.398935821140185 ], [ 958173.436147156287916, 1945714.180240472313017 ], [ 958173.132108881603926, 1945717.170736902859062 ], [ 958183.415425902232528, 1945729.841515793465078 ], [ 958191.153128745732829, 1945739.386950355255976 ], [ 958194.133576358901337, 1945739.681045492878184 ] ] ] } },
{ "type": "Feature", "properties": { "GU_NAM": "강남구", "F_SHIM": 0.3, "F_AREA": 447.1, "F_DISA_NM": "2022?? 8?? 吏묒쨷?몄슦", "F_RSN_DTL": "배수용량초과", "TYPE": null, "F_SAT_YMD": "20220808" }, "geometry": { "type": "Polygon", "coordinates": [ [ [ 958234.624226928805001, 1945755.860428022919223 ], [ 958222.419019183143973, 1945740.810722393682227 ], [ 958204.263854310498573, 1945755.541445705341175 ], [ 958214.245332360034809, 1945767.843960685189813 ], [ 958219.216253449907526, 1945768.367421400733292 ], [ 958234.624226928805001, 1945755.860428022919223 ] ] ] } },
{ "type": "Feature", "properties": { "GU_NAM": "강남구", "F_SHIM": 0.3, "F_AREA": 690.5, "F_DISA_NM": "2022?? 8?? 吏묒쨷?몄슦", "F_RSN_DTL": "배수용량초과", "TYPE": null, "F_SAT_YMD": "20220808" }, "geometry": { "type": "Polygon", "coordinates": [ [ [ 958245.981551123666577, 1945807.101132008247077 ], [ 958258.970506076235324, 1945796.496249077143148 ], [ 958252.802981028915383, 1945788.981736981775612 ], [ 958246.585052393726073, 1945781.387521627359092 ], [ 958240.437572327558883, 1945773.882899415912107 ], [ 958241.492752253543586, 1945773.047618782846257 ], [ 958234.437107041012496, 1945763.938407712848857 ], [ 958223.050622016773559, 1945773.235285629052669 ], [ 958222.537157306098379, 1945778.206153425620869 ], [ 958227.44739887455944, 1945784.257874424802139 ], [ 958233.514752299524844, 1945791.732932342914864 ], [ 958239.763251601485536, 1945799.436944778077304 ], [ 958245.981551123666577, 1945807.101132008247077 ] ] ] } },
{ "type": "Feature", "properties": { "GU_NAM": "강남구", "F_SHIM": 0.3, "F_AREA": 184.1, "F_DISA_NM": "2022?? 8?? 吏묒쨷?몄슦", "F_RSN_DTL": "배수용량초과", "TYPE": null, "F_SAT_YMD": "20220808" }, "geometry": { "type": "Polygon", "coordinates": [ [ [ 958302.608928679139353, 1945850.214945968938991 ], [ 958314.343735936447047, 1945840.62633069884032 ], [ 958314.647826721076854, 1945837.645830678986385 ], [ 958309.224506402621046, 1945830.977059830911458 ], [ 958295.786474289838225, 1945841.724269577302039 ], [ 958302.608928679139353, 1945850.214945968938991 ] ] ] } },
{ "type": "Feature", "properties": { "GU_NAM": "강남구", "F_SHIM": 0.3, "F_AREA": 311.3, "F_DISA_NM": "2022?? 8?? 吏묒쨷?몄슦", "F_RSN_DTL": "배수용량초과", "TYPE": null, "F_SAT_YMD": "20220808" }, "geometry": { "type": "Polygon", "coordinates": [ [ [ 958191.538917453610338, 1945653.706848751055077 ], [ 958205.871932702604681, 1945642.075227290391922 ], [ 958195.629501322982833, 1945629.574167780112475 ], [ 958190.653879584278911, 1945630.050358524546027 ], [ 958187.254431522567756, 1945635.576313742203638 ], [ 958183.504170541651547, 1945640.924194521969184 ], [ 958182.213217008044012, 1945642.540433393092826 ], [ 958191.538917453610338, 1945653.706848751055077 ] ] ] } },
{ "type": "Feature", "properties": { "GU_NAM": "강남구", "F_SHIM": 0.3, "F_AREA": 500.2, "F_DISA_NM": "2022?? 8?? 吏묒쨷?몄슦", "F_RSN_DTL": "배수용량초과", "TYPE": null, "F_SAT_YMD": "20220808" }, "geometry": { "type": "Polygon", "coordinates": [ [ [ 958212.02955804974772, 1945640.17330401786603 ], [ 958201.515540422988124, 1945627.353802562691271 ], [ 958212.02955804974772, 1945640.17330401786603 ], [ 958224.983773884479888, 1945630.55823808349669 ], [ 958214.996843522763811, 1945617.226134529104456 ], [ 958213.742326055536978, 1945618.172430001432076 ], [ 958201.740152142010629, 1945601.822131135035306 ], [ 958200.722385769360699, 1945605.945987269515172 ], [ 958198.766173304291442, 1945612.184028465300798 ], [ 958195.62970460136421, 1945620.177669909084216 ], [ 958201.515540422988124, 1945627.353802562691271 ], [ 958212.02955804974772, 1945640.17330401786603 ] ] ] } },
{ "type": "Feature", "properties": { "GU_NAM": "강남구", "F_SHIM": 0.3, "F_AREA": 1444.0, "F_DISA_NM": "2022?? 8?? 吏묒쨷?몄슦", "F_RSN_DTL": "배수용량초과", "TYPE": null, "F_SAT_YMD": "20220808" }, "geometry": { "type": "Polygon", "coordinates": [ [ [ 958049.874602646217681, 1945753.055896836565807 ], [ 958054.555935589014553, 1945753.483641407452524 ], [ 958183.381885281763971, 1945911.822849519783631 ], [ 958192.922969358507544, 1945920.057213768130168 ], [ 958198.966922199469991, 1945923.869760567322373 ], [ 958204.107915346743539, 1945926.305606107227504 ], [ 958225.32586291001644, 1945934.392139820381999 ], [ 958227.337855923338793, 1945929.060464554000646 ], [ 958206.790431635337882, 1945921.497182007180527 ], [ 958200.803151309955865, 1945918.758934347424656 ], [ 958196.551932663773187, 1945916.154436000622809 ], [ 958190.304130701581016, 1945910.846526995068416 ], [ 958186.719782621716149, 1945907.509767301846296 ], [ 958137.472629976808093, 1945846.656450665788725 ], [ 958138.081956562702544, 1945841.855011178646237 ], [ 958134.452189961797558, 1945837.303944371175021 ], [ 958129.379261582973413, 1945836.772027736064047 ], [ 958059.323985693743452, 1945750.279534404864535 ], [ 958059.830835973611102, 1945745.569603554904461 ], [ 958049.874218739452772, 1945753.055580095620826 ], [ 958049.874602646217681, 1945753.055896836565807 ] ] ] } },
{ "type": "Feature", "properties": { "GU_NAM": "강남구", "F_SHIM": 0.4, "F_AREA": 4196.7, "F_DISA_NM": "2022?? 8?? 吏묒쨷?몄슦", "F_RSN_DTL": "배수용량초과", "TYPE": null, "F_SAT_YMD": "20220808" }, "geometry": { "type": "Polygon", "coordinates": [ [ [ 958144.42431901243981, 1945677.26375231728889 ], [ 958131.786529169883579, 1945687.358963854843751 ], [ 958136.24118078360334, 1945687.79519357229583 ], [ 958206.547827553469688, 1945774.566248427378014 ], [ 958205.990122253424488, 1945779.677298506721854 ], [ 958175.258001037291251, 1945804.286993722897023 ], [ 958169.981709400657564, 1945803.672185593983158 ], [ 958100.352928495500237, 1945716.924528397386894 ], [ 958100.901408551144414, 1945712.336331784026697 ], [ 958091.225173058919609, 1945720.102717210073024 ], [ 958096.003082069684751, 1945720.61020709387958 ], [ 958165.805613888893276, 1945807.322956609074026 ], [ 958165.29987731971778, 1945812.431732364697382 ], [ 958134.690151599119417, 1945837.124750037910417 ], [ 958138.266055055428296, 1945841.509164424380288 ], [ 958168.925843970733695, 1945816.642945951549336 ], [ 958174.002606356865726, 1945817.143853914225474 ], [ 958241.72087416134309, 1945900.451904476620257 ], [ 958243.481213518069126, 1945893.847037828527391 ], [ 958178.274176135542803, 1945813.400611376622692 ], [ 958178.874033897882327, 1945808.321325888624415 ], [ 958209.404169507673942, 1945784.077564653940499 ], [ 958214.503076412365772, 1945784.607344649732113 ], [ 958279.262686899513938, 1945864.565323387971148 ], [ 958286.978069279110059, 1945858.198808004846796 ], [ 958222.268111522542313, 1945778.178589551476762 ], [ 958222.774907364277169, 1945773.269733976572752 ], [ 958219.193402867298573, 1945768.771391881862655 ], [ 958213.936679845675826, 1945768.076509727165103 ], [ 958143.89949309383519, 1945681.410987714538351 ], [ 958144.42431901243981, 1945677.26375231728889 ], [ 958131.786529169883579, 1945687.358963854843751 ], [ 958144.42431901243981, 1945677.26375231728889 ] ] ] } },
{ "type": "Feature", "properties": { "GU_NAM": "강남구", "F_SHIM": 0.3, "F_AREA": 1176.2, "F_DISA_NM": "2022?? 8?? 吏묒쨷?몄슦", "F_RSN_DTL": "배수용량초과", "TYPE": null, "F_SAT_YMD": "20220808" }, "geometry": { "type": "Polygon", "coordinates": [ [ [ 958189.582045107148588, 1945656.046347039984539 ], [ 958180.306642306037247, 1945644.939642867073417 ], [ 958179.432766883750446, 1945646.03386605065316 ], [ 958175.050057677668519, 1945650.875287394039333 ], [ 958170.376034894608893, 1945655.448352650040761 ], [ 958170.157129169208929, 1945655.639441508101299 ], [ 958167.888368719140999, 1945657.600733705097809 ], [ 958177.607408224022947, 1945669.424819388659671 ], [ 958165.822193844709545, 1945678.933730759425089 ], [ 958165.758806615369394, 1945678.856459902133793 ], [ 958156.183704540599138, 1945667.219177311984822 ], [ 958144.707359540974721, 1945676.536523418268189 ], [ 958144.193894269876182, 1945681.507391582941636 ], [ 958151.428408163250424, 1945690.415731128538027 ], [ 958159.880486442707479, 1945700.837053956696764 ], [ 958167.94012622104492, 1945710.770638173446059 ], [ 958170.900634866440669, 1945711.074835315812379 ], [ 958178.922879078192636, 1945704.51476638391614 ], [ 958169.474737104494125, 1945692.879175177076831 ], [ 958174.132580450735986, 1945689.025927126640454 ], [ 958178.830195943359286, 1945685.132483324967325 ], [ 958188.086065498297103, 1945677.4562931235414 ], [ 958185.792098801932298, 1945674.659492780454457 ], [ 958178.01488919032272, 1945665.204233368160203 ], [ 958189.582045107148588, 1945656.046347039984539 ] ] ] } },
{ "type": "Feature", "properties": { "GU_NAM": "강남구", "F_SHIM": 0.3, "F_AREA": 2264.0, "F_DISA_NM": "2022?? 8?? 吏묒쨷?몄슦", "F_RSN_DTL": "배수용량초과", "TYPE": null, "F_SAT_YMD": "20220808" }, "geometry": { "type": "Polygon", "coordinates": [ [ [ 958281.929825728642754, 1945874.968308797338977 ], [ 958286.539022528915666, 1945876.08446492953226 ], [ 958323.322878675535321, 1945958.27086711442098 ], [ 958322.151382187148556, 1945963.189241519896314 ], [ 958320.426907922141254, 1945964.487896641949192 ], [ 958239.820249886019155, 1945933.786547927418724 ], [ 958237.631068676593713, 1945929.069908880162984 ], [ 958247.352565772598609, 1945902.299368833657354 ], [ 958292.923797571915202, 1945865.358627098146826 ], [ 958287.355474227340892, 1945858.301769462181255 ], [ 958279.27518115832936, 1945864.848151699174196 ], [ 958278.77202540577855, 1945869.87794263381511 ], [ 958248.723993743536994, 1945894.363059833645821 ], [ 958243.843253804021515, 1945893.880106764379889 ], [ 958241.87975476810243, 1945900.817925963550806 ], [ 958232.391636945307255, 1945927.11040753684938 ], [ 958227.953123170882463, 1945929.154168812092394 ], [ 958225.825082609546371, 1945934.657395141897723 ], [ 958227.922257079160772, 1945939.177595101064071 ], [ 958233.187403067830019, 1945941.084979536943138 ], [ 958237.845637984806672, 1945939.004067582078278 ], [ 958314.454401579685509, 1945968.123194283340126 ], [ 958316.49988412251696, 1945972.886576997581869 ], [ 958323.794417259981856, 1945974.821195420110598 ], [ 958329.136025527841412, 1945960.783121325774118 ], [ 958337.639647129923105, 1945953.762671838048846 ], [ 958336.15410928777419, 1945952.047184788389131 ], [ 958330.80203699611593, 1945951.090906592551619 ], [ 958293.937730666948482, 1945868.62503537372686 ], [ 958294.553674045018852, 1945864.695236556464806 ], [ 958281.929825728642754, 1945874.968308797338977 ] ] ] } },
{ "type": "Feature", "properties": { "GU_NAM": "강남구", "F_SHIM": 0.5, "F_AREA": 15558.7, "F_DISA_NM": "2022?? 8?? 吏묒쨷?몄슦", "F_RSN_DTL": "배수용량초과", "TYPE": null, "F_SAT_YMD": "20220808" }, "geometry": { "type": "Polygon", "coordinates": [ [ [ 958306.89157093653921, 1944454.503191566793248 ], [ 958324.949557927553542, 1944408.224350684555247 ], [ 958324.949557927553542, 1944408.224350684555247 ], [ 958308.862173646106385, 1944373.819128304254264 ], [ 958307.936800462426618, 1944376.045455268118531 ], [ 958284.13327138312161, 1944366.416193175828084 ], [ 958261.562167380237952, 1944358.112810911610723 ], [ 958109.769090944901109, 1944760.840517275501043 ], [ 958130.061046717339195, 1944777.081797322724015 ], [ 958132.661458212416619, 1944770.271532473620027 ], [ 958164.993836585781537, 1944683.57991009647958 ], [ 958239.448070877464488, 1944485.373692512046546 ], [ 958248.72730291064363, 1944481.206181470537558 ], [ 958248.72730291064363, 1944481.206181470537558 ], [ 958248.72730291064363, 1944481.206181470537558 ], [ 958306.89157093653921, 1944454.503191566793248 ], [ 958306.89157093653921, 1944454.503191566793248 ], [ 958306.89157093653921, 1944454.503191566793248 ], [ 958306.89157093653921, 1944454.503191566793248 ] ] ] } },
{ "type": "Feature", "properties": { "GU_NAM": "강남구", "F_SHIM": 0.3, "F_AREA": 463.0, "F_DISA_NM": "2022?? 8?? 吏묒쨷?몄슦", "F_RSN_DTL": "배수용량초과", "TYPE": null, "F_SAT_YMD": "20220808" }, "geometry": { "type": "Polygon", "coordinates": [ [ [ 963043.749024943099357, 1943536.362989494111389 ], [ 963048.71531119721476, 1943522.801809111610055 ], [ 963053.691593563533388, 1943509.240575946634635 ], [ 963038.658045019488782, 1943503.722297740634531 ], [ 963033.681762493331917, 1943517.283531101653352 ], [ 963028.715529010747559, 1943530.854707616847008 ], [ 963029.54683298128657, 1943531.160188532667235 ], [ 963043.749024943099357, 1943536.362989494111389 ] ] ] } },
{ "type": "Feature", "properties": { "GU_NAM": "강남구", "F_SHIM": 0.3, "F_AREA": 2778.7, "F_DISA_NM": "2022?? 8?? 吏묒쨷?몄슦", "F_RSN_DTL": "배수용량초과", "TYPE": null, "F_SAT_YMD": "20220808" }, "geometry": { "type": "Polygon", "coordinates": [ [ [ 963036.200959750800394, 1943556.955188158201054 ], [ 963042.598362077143975, 1943556.921312386635691 ], [ 963065.735210166079924, 1943493.792619382496923 ], [ 963078.101741642225534, 1943460.039873820496723 ], [ 963082.638885257067159, 1943457.93663521273993 ], [ 963105.905186569667421, 1943466.450171252246946 ], [ 963108.008425299776718, 1943470.987314434256405 ], [ 963076.654532774002291, 1943556.74097685306333 ], [ 963083.051934819086455, 1943556.707101086853072 ], [ 963113.647202095366083, 1943473.046666269889101 ], [ 963118.174349563545547, 1943470.943480614107102 ], [ 963141.58091083727777, 1943479.516250617802143 ], [ 963143.68414954689797, 1943484.053393595851958 ], [ 963117.178075608913787, 1943556.52639506245032 ], [ 963127.85373977990821, 1943556.469864889979362 ], [ 963133.066271575400606, 1943542.217642544303089 ], [ 963134.435858233249746, 1943538.461807868443429 ], [ 963152.379052981967106, 1943489.375322612468153 ], [ 963154.21555156679824, 1943475.63079238194041 ], [ 963150.459663896705024, 1943474.251209627371281 ], [ 963065.466908279573545, 1943443.123198290588334 ], [ 963065.512110256473534, 1943451.659731263993308 ], [ 963070.36972185166087, 1943453.44332550955005 ], [ 963072.472960600629449, 1943457.980468893423676 ], [ 963065.644223278854042, 1943476.609598109032959 ], [ 963036.200959750800394, 1943556.955188158201054 ] ] ] } },
{ "type": "Feature", "properties": { "GU_NAM": "강남구", "F_SHIM": 0.3, "F_AREA": 231.3, "F_DISA_NM": "2022?? 8?? 吏묒쨷?몄슦", "F_RSN_DTL": "배수용량초과", "TYPE": null, "F_SAT_YMD": "20220808" }, "geometry": { "type": "Polygon", "coordinates": [ [ [ 963069.199407781241462, 1943530.700314298737794 ], [ 963073.983596901176497, 1943516.730253522284329 ], [ 963059.212007394991815, 1943511.600441043730825 ], [ 963054.215997862396762, 1943525.211759704165161 ], [ 963069.199407781241462, 1943530.700314298737794 ] ] ] } },
{ "type": "Feature", "properties": { "GU_NAM": "강남구", "F_SHIM": 0.3, "F_AREA": 227.2, "F_DISA_NM": "2022?? 8?? 吏묒쨷?몄슦", "F_RSN_DTL": "배수용량초과", "TYPE": null, "F_SAT_YMD": "20220808" }, "geometry": { "type": "Polygon", "coordinates": [ [ [ 963064.30214058526326, 1943544.081196978921071 ], [ 963079.285391658660956, 1943549.539763386594132 ], [ 963084.172768617747352, 1943536.178925705142319 ], [ 963069.199407781241462, 1943530.700314298737794 ], [ 963064.30214058526326, 1943544.081196978921071 ] ] ] } },
{ "type": "Feature", "properties": { "GU_NAM": "강남구", "F_SHIM": 0.3, "F_AREA": 230.4, "F_DISA_NM": "2022?? 8?? 吏묒쨷?몄슦", "F_RSN_DTL": "배수용량초과", "TYPE": null, "F_SAT_YMD": "20220808" }, "geometry": { "type": "Polygon", "coordinates": [ [ [ 963099.179677122272551, 1943495.134950717445463 ], [ 963104.106403367826715, 1943481.653950608801097 ], [ 963089.301597983110696, 1943475.914544180501252 ], [ 963084.19563273480162, 1943489.526444436516613 ], [ 963099.179677122272551, 1943495.134950717445463 ] ] ] } },
{ "type": "Feature", "properties": { "GU_NAM": "강남구", "F_SHIM": 0.3, "F_AREA": 232.9, "F_DISA_NM": "2022?? 8?? 吏묒쨷?몄슦", "F_RSN_DTL": "배수용량초과", "TYPE": null, "F_SAT_YMD": "20220808" }, "geometry": { "type": "Polygon", "coordinates": [ [ [ 963104.923632005811669, 1943543.486240718048066 ], [ 963109.908586446545087, 1943529.675056844949722 ], [ 963094.866366021800786, 1943524.406730731483549 ], [ 963089.900185899343342, 1943537.987902323016897 ], [ 963104.923632005811669, 1943543.486240718048066 ] ] ] } },
{ "type": "Feature", "properties": { "GU_NAM": "강남구", "F_SHIM": 0.3, "F_AREA": 169.6, "F_DISA_NM": "2022?? 8?? 吏묒쨷?몄슦", "F_RSN_DTL": "배수용량초과", "TYPE": null, "F_SAT_YMD": "20220808" }, "geometry": { "type": "Polygon", "coordinates": [ [ [ 963106.063353578560054, 1943586.933774302247912 ], [ 963109.916082685929723, 1943576.397349585546181 ], [ 963095.783280865987763, 1943571.084223750513047 ], [ 963091.99935874005314, 1943581.400367410620674 ], [ 963091.920555701013654, 1943581.620701540261507 ], [ 963106.063353578560054, 1943586.933774302247912 ] ] ] } },
{ "type": "Feature", "properties": { "GU_NAM": "강남구", "F_SHIM": 0.3, "F_AREA": 231.5, "F_DISA_NM": "2022?? 8?? 吏묒쨷?몄슦", "F_RSN_DTL": "배수용량초과", "TYPE": null, "F_SAT_YMD": "20220808" }, "geometry": { "type": "Polygon", "coordinates": [ [ [ 963169.991750411572866, 1943604.408519117860124 ], [ 963158.441501169698313, 1943599.761461637215689 ], [ 963153.873946984997019, 1943601.784892046125606 ], [ 963150.011328268563375, 1943612.341361172264442 ], [ 963164.877485370496288, 1943618.340341866249219 ], [ 963169.991750411572866, 1943604.408519117860124 ] ] ] } },
{ "type": "Feature", "properties": { "GU_NAM": "강남구", "F_SHIM": 0.3, "F_AREA": 196.4, "F_DISA_NM": "2022?? 8?? 吏묒쨷?몄슦", "F_RSN_DTL": "배수용량초과", "TYPE": null, "F_SAT_YMD": "20220808" }, "geometry": { "type": "Polygon", "coordinates": [ [ [ 963200.039666555356234, 1943632.58868775353767 ], [ 963204.266841430799104, 1943621.03066677460447 ], [ 963189.460978175397031, 1943615.09134441963397 ], [ 963185.223754288628697, 1943626.639422550564632 ], [ 963200.039666555356234, 1943632.58868775353767 ] ] ] } },
{ "type": "Feature", "properties": { "GU_NAM": "강남구", "F_SHIM": 0.3, "F_AREA": 201.3, "F_DISA_NM": "2022?? 8?? 吏묒쨷?몄슦", "F_RSN_DTL": "배수용량초과", "TYPE": null, "F_SAT_YMD": "20220808" }, "geometry": { "type": "Polygon", "coordinates": [ [ [ 963275.603961723390967, 1943661.447481510927901 ], [ 963279.673582813469693, 1943650.340125464601442 ], [ 963263.718611087999307, 1943644.486858723452315 ], [ 963259.63904685084708, 1943655.604263806017116 ], [ 963275.603961723390967, 1943661.447481510927901 ] ] ] } },
{ "type": "Feature", "properties": { "GU_NAM": "강남구", "F_SHIM": 0.3, "F_AREA": 201.0, "F_DISA_NM": "2022?? 8?? 吏묒쨷?몄슦", "F_RSN_DTL": "배수용량초과", "TYPE": null, "F_SAT_YMD": "20220808" }, "geometry": { "type": "Polygon", "coordinates": [ [ [ 963287.479210710269399, 1943678.388164915842935 ], [ 963291.54883154341951, 1943667.280808942625299 ], [ 963275.603961723390967, 1943661.447481510927901 ], [ 963271.534340747864917, 1943672.554837652249262 ], [ 963287.479210710269399, 1943678.388164915842935 ] ] ] } },
{ "type": "Feature", "properties": { "GU_NAM": "강남구", "F_SHIM": 0.3, "F_AREA": 199.0, "F_DISA_NM": "2022?? 8?? 吏묒쨷?몄슦", "F_RSN_DTL": "배수용량초과", "TYPE": null, "F_SAT_YMD": "20220808" }, "geometry": { "type": "Polygon", "coordinates": [ [ [ 963319.100919125718065, 1943667.754676335258409 ], [ 963304.066950529580936, 1943662.156434770906344 ], [ 963299.790485047269613, 1943673.84466653643176 ], [ 963314.843969270936213, 1943679.352838628226891 ], [ 963319.100919125718065, 1943667.754676335258409 ] ] ] } },
{ "type": "Feature", "properties": { "GU_NAM": "강남구", "F_SHIM": 0.3, "F_AREA": 197.9, "F_DISA_NM": "2022?? 8?? 吏묒쨷?몄슦", "F_RSN_DTL": "배수용량초과", "TYPE": null, "F_SAT_YMD": "20220808" }, "geometry": { "type": "Polygon", "coordinates": [ [ [ 963325.610410008113831, 1943696.439339700620621 ], [ 963310.586966607253999, 1943690.94100509211421 ], [ 963306.320021063438617, 1943702.539220529841259 ], [ 963321.353460539365187, 1943708.03750204318203 ], [ 963325.610410008113831, 1943696.439339700620621 ] ] ] } },
{ "type": "Feature", "properties": { "GU_NAM": "강남구", "F_SHIM": 0.3, "F_AREA": 1060.9, "F_DISA_NM": "2022?? 8?? 吏묒쨷?몄슦", "F_RSN_DTL": "배수용량초과", "TYPE": null, "F_SAT_YMD": "20220808" }, "geometry": { "type": "Polygon", "coordinates": [ [ [ 963251.592319449759088, 1943776.461170750437304 ], [ 963260.8193288911134, 1943780.330826967721805 ], [ 963267.086230114917271, 1943763.204107383266091 ], [ 963266.921714538126253, 1943732.136731996899471 ], [ 963263.401193969650194, 1943733.674799844855443 ], [ 963238.51538496883586, 1943723.250573983415961 ], [ 963236.521835970925167, 1943718.662870072526857 ], [ 963241.231982315890491, 1943705.812779430998489 ], [ 963234.834581378381699, 1943705.84665621467866 ], [ 963231.040824178606272, 1943716.192839608294889 ], [ 963226.453172866837122, 1943718.196384420152754 ], [ 963214.961999548715539, 1943713.379080091835931 ], [ 963203.932166061596945, 1943706.959937625564635 ], [ 963203.587275538593531, 1943706.012123152147979 ], [ 963186.574186625191942, 1943706.102214242797345 ], [ 963211.411462982767262, 1943720.575166819384322 ], [ 963260.802336307475343, 1943741.255699236877263 ], [ 963262.795832428266294, 1943745.833407039521262 ], [ 963251.592319449759088, 1943776.461170750437304 ] ] ] } },
{ "type": "Feature", "properties": { "GU_NAM": "강남구", "F_SHIM": 0.3, "F_AREA": 187.1, "F_DISA_NM": "2022?? 8?? 吏묒쨷?몄슦", "F_RSN_DTL": "배수용량초과", "TYPE": null, "F_SAT_YMD": "20220808" }, "geometry": { "type": "Polygon", "coordinates": [ [ [ 963172.45082911348436, 1943719.561940770596266 ], [ 963182.475714569212869, 1943723.087501346599311 ], [ 963187.887730505084619, 1943706.86496738018468 ], [ 963186.574186625191942, 1943706.102214242797345 ], [ 963179.023742114775814, 1943701.703875496750697 ], [ 963172.45082911348436, 1943719.561940770596266 ] ] ] } },
{ "type": "Feature", "properties": { "GU_NAM": "강남구", "F_SHIM": 0.3, "F_AREA": 395.8, "F_DISA_NM": "2022?? 8?? 吏묒쨷?몄슦", "F_RSN_DTL": "배수용량초과", "TYPE": null, "F_SAT_YMD": "20220808" }, "geometry": { "type": "Polygon", "coordinates": [ [ [ 963211.084168348228559, 1943739.939576057950035 ], [ 963221.203039811225608, 1943744.224351201439276 ], [ 963227.330739881377667, 1943727.238315319409594 ], [ 963217.202137288521044, 1943723.003572640474886 ], [ 963211.411462982767262, 1943720.575166819384322 ], [ 963207.330411863746122, 1943718.19768512272276 ], [ 963201.360105753061362, 1943734.703069331357256 ], [ 963201.015223558060825, 1943735.6445402209647 ], [ 963211.084168348228559, 1943739.939576057950035 ] ] ] } },
{ "type": "Feature", "properties": { "GU_NAM": "강남구", "F_SHIM": 0.3, "F_AREA": 197.3, "F_DISA_NM": "2022?? 8?? 吏묒쨷?몄슦", "F_RSN_DTL": "배수용량초과", "TYPE": null, "F_SAT_YMD": "20220808" }, "geometry": { "type": "Polygon", "coordinates": [ [ [ 963235.342382638598792, 1943769.649830996291712 ], [ 963241.420896447263658, 1943752.81399894785136 ], [ 963231.341479594935663, 1943748.429052875842899 ], [ 963225.21377994294744, 1943765.41508882236667 ], [ 963235.342382638598792, 1943769.649830996291712 ] ] ] } },
{ "type": "Feature", "properties": { "GU_NAM": "강남구", "F_SHIM": 0.3, "F_AREA": 407.6, "F_DISA_NM": "2022?? 8?? 吏묒쨷?몄슦", "F_RSN_DTL": "배수용량초과", "TYPE": null, "F_SAT_YMD": "20220808" }, "geometry": { "type": "Polygon", "coordinates": [ [ [ 963260.8193288911134, 1943780.330826967721805 ], [ 963270.657466777018271, 1943784.457148563815281 ], [ 963281.07663941080682, 1943788.820302445674315 ], [ 963288.035959684755653, 1943772.199723620899022 ], [ 963277.626783146639355, 1943767.836516648763791 ], [ 963277.764979494269937, 1943767.505909632425755 ], [ 963267.135521678836085, 1943763.073895523324609 ], [ 963267.086230114917271, 1943763.204107383266091 ], [ 963260.8193288911134, 1943780.330826967721805 ] ] ] } },
{ "type": "Feature", "properties": { "GU_NAM": "강남구", "F_SHIM": 0.3, "F_AREA": 890.2, "F_DISA_NM": "2022?? 8?? 吏묒쨷?몄슦", "F_RSN_DTL": "배수용량초과", "TYPE": null, "F_SAT_YMD": "20220808" }, "geometry": { "type": "Polygon", "coordinates": [ [ [ 960162.730733324307948, 1945370.406705855857581 ], [ 960174.277287071105093, 1945368.686163391452283 ], [ 960172.018886120640673, 1945351.844446102157235 ], [ 960171.425711519201286, 1945347.429244969505817 ], [ 960170.603518055519089, 1945341.295901675708592 ], [ 960175.725239327293821, 1945328.773456235183403 ], [ 960164.00490658392664, 1945324.107313779881224 ], [ 960158.962994107161649, 1945336.599347834009677 ], [ 960157.851005482021719, 1945336.145410656696185 ], [ 960148.644797693705186, 1945332.435586885083467 ], [ 960130.943154931301251, 1945325.212099064141512 ], [ 960134.34445012290962, 1945337.019648174988106 ], [ 960134.801270038355142, 1945340.226025268901139 ], [ 960146.367763185757212, 1945338.495381255168468 ], [ 960148.485626171692275, 1945353.338593092979863 ], [ 960159.852358532370999, 1945351.638995866756886 ], [ 960162.029838968184777, 1945351.317577502457425 ], [ 960162.320210425881669, 1945353.29529722314328 ], [ 960162.590589943923987, 1945355.273122846148908 ], [ 960160.612870099022985, 1945355.563494289061055 ], [ 960162.730733324307948, 1945370.406705855857581 ] ] ] } },
{ "type": "Feature", "properties": { "GU_NAM": "강남구", "F_SHIM": 0.3, "F_AREA": 450.6, "F_DISA_NM": "2022?? 8?? 吏묒쨷?몄슦", "F_RSN_DTL": "배수용량초과", "TYPE": null, "F_SAT_YMD": "20220808" }, "geometry": { "type": "Polygon", "coordinates": [ [ [ 960174.500359444646165, 1945323.991740041412413 ], [ 960186.628464326960966, 1945294.29860550025478 ], [ 960173.615368610597216, 1945289.019542992580682 ], [ 960167.398708146181889, 1945304.306753812124953 ], [ 960161.497788866632618, 1945318.812584646977484 ], [ 960174.500359444646165, 1945323.991740041412413 ] ] ] } },
{ "type": "Feature", "properties": { "GU_NAM": "강남구", "F_SHIM": 0.3, "F_AREA": 7380.9, "F_DISA_NM": "2022?? 8?? 吏묒쨷?몄슦", "F_RSN_DTL": "배수용량초과", "TYPE": null, "F_SAT_YMD": "20220808" }, "geometry": { "type": "Polygon", "coordinates": [ [ [ 960272.15942730626557, 1945368.467547632753849 ], [ 960276.718754917383194, 1945368.663313387427479 ], [ 960306.264314224361442, 1945369.916275354335085 ], [ 960310.263708474813029, 1945370.085018432233483 ], [ 960310.80432671494782, 1945351.369174097198993 ], [ 960346.734450450865552, 1945352.048518746858463 ], [ 960345.568375147297047, 1945371.577371784485877 ], [ 960361.865936357760802, 1945372.270747451810166 ], [ 960364.054247745429166, 1945370.219920531846583 ], [ 960364.702350798994303, 1945345.375806842697784 ], [ 960364.942301543080248, 1945335.948072295170277 ], [ 960367.858801194699481, 1945327.945619564736262 ], [ 960351.82343019451946, 1945322.022815576288849 ], [ 960361.420510603347793, 1945295.731822616653517 ], [ 960326.313047067378648, 1945282.402861621463671 ], [ 960295.702933510416187, 1945270.779427972389385 ], [ 960291.19636969640851, 1945282.997725759400055 ], [ 960280.221497966558672, 1945278.848439165391028 ], [ 960267.440693737939, 1945274.017977779498324 ], [ 960256.787374685169198, 1945300.944332049228251 ], [ 960281.19579981896095, 1945310.111550109926611 ], [ 960276.693187192780897, 1945322.320830722805113 ], [ 960273.204598722513765, 1945331.77577103767544 ], [ 960273.187677906127647, 1945332.355643213493749 ], [ 960272.15942730626557, 1945368.467547632753849 ] ] ] } },
{ "type": "Feature", "properties": { "GU_NAM": "강남구", "F_SHIM": 0.3, "F_AREA": 815.6, "F_DISA_NM": "2022?? 8?? 吏묒쨷?몄슦", "F_RSN_DTL": "배수용량초과", "TYPE": null, "F_SAT_YMD": "20220808" }, "geometry": { "type": "Polygon", "coordinates": [ [ [ 960400.580126818269491, 1945373.914975862484425 ], [ 960407.22961774293799, 1945357.305970746325329 ], [ 960387.079126060707495, 1945350.125446209916845 ], [ 960387.139566732221283, 1945348.325801139697433 ], [ 960368.642363123362884, 1945347.544114508200437 ], [ 960368.053853548248298, 1945370.428647478111088 ], [ 960370.094684613985009, 1945372.617011666996405 ], [ 960386.422233298420906, 1945373.310228446731344 ], [ 960400.580126818269491, 1945373.914975862484425 ] ] ] } },
{ "type": "Feature", "properties": { "GU_NAM": "강남구", "F_SHIM": 0.3, "F_AREA": 486.4, "F_DISA_NM": "2022?? 8?? 吏묒쨷?몄슦", "F_RSN_DTL": "배수용량초과", "TYPE": null, "F_SAT_YMD": "20220808" }, "geometry": { "type": "Polygon", "coordinates": [ [ [ 960419.836752813542262, 1945382.189825944136828 ], [ 960425.453469675267115, 1945380.080853076186031 ], [ 960429.508967981440946, 1945370.083113646367565 ], [ 960432.439593263785355, 1945362.86029396369122 ], [ 960411.642317611724138, 1945354.353694743476808 ], [ 960403.759639365016483, 1945374.048077006358653 ], [ 960419.836752813542262, 1945382.189825944136828 ] ] ] } },
{ "type": "Feature", "properties": { "GU_NAM": "강남구", "F_SHIM": 0.3, "F_AREA": 427.8, "F_DISA_NM": "2022?? 8?? 吏묒쨷?몄슦", "F_RSN_DTL": "배수용량초과", "TYPE": null, "F_SAT_YMD": "20220808" }, "geometry": { "type": "Polygon", "coordinates": [ [ [ 960414.463887571939267, 1945347.301388891879469 ], [ 960425.385188436717726, 1945320.013754176907241 ], [ 960411.532540429849178, 1945314.759133131010458 ], [ 960401.111884928541258, 1945342.204056168207899 ], [ 960414.463887571939267, 1945347.301388891879469 ] ] ] } },
{ "type": "Feature", "properties": { "GU_NAM": "강남구", "F_SHIM": 0.3, "F_AREA": 814.1, "F_DISA_NM": "2022?? 8?? 吏묒쨷?몄슦", "F_RSN_DTL": "배수용량초과", "TYPE": null, "F_SAT_YMD": "20220808" }, "geometry": { "type": "Polygon", "coordinates": [ [ [ 960464.910730693838559, 1945405.002407897496596 ], [ 960474.209934785030782, 1945386.640020304359496 ], [ 960464.363829107605852, 1945382.903599238954484 ], [ 960470.670067629544064, 1945365.656653578625992 ], [ 960455.244822940207087, 1945359.800592678133398 ], [ 960451.120253017870709, 1945369.96863390179351 ], [ 960448.347657113685273, 1945376.830751391593367 ], [ 960443.216577424434945, 1945389.473197957500815 ], [ 960445.325550446519628, 1945395.089914317941293 ], [ 960464.910730693838559, 1945405.002407897496596 ] ] ] } },
{ "type": "Feature", "properties": { "GU_NAM": "강남구", "F_SHIM": 0.3, "F_AREA": 387.8, "F_DISA_NM": "2022?? 8?? 吏묒쨷?몄슦", "F_RSN_DTL": "배수용량초과", "TYPE": null, "F_SAT_YMD": "20220808" }, "geometry": { "type": "Polygon", "coordinates": [ [ [ 960509.583809160627425, 1945427.617186340969056 ], [ 960521.276990711223334, 1945404.513892569812015 ], [ 960516.519162804121152, 1945402.699786362238228 ], [ 960506.753184113535099, 1945398.992929930798709 ], [ 960495.802021920215338, 1945420.64283730997704 ], [ 960509.583809160627425, 1945427.617186340969056 ] ] ] } },
{ "type": "Feature", "properties": { "GU_NAM": "강남구", "F_SHIM": 0.3, "F_AREA": 331.8, "F_DISA_NM": "2022?? 8?? 吏묒쨷?몄슦", "F_RSN_DTL": "배수용량초과", "TYPE": null, "F_SAT_YMD": "20220808" }, "geometry": { "type": "Polygon", "coordinates": [ [ [ 960545.913411184446886, 1945498.048228566534817 ], [ 960562.724664841894992, 1945505.136479090666398 ], [ 960569.181169631541707, 1945489.838006687583402 ], [ 960548.35242535348516, 1945481.051683346740901 ], [ 960548.389402931788936, 1945482.370992164360359 ], [ 960548.105898071895353, 1945487.350625353865325 ], [ 960547.382305891951546, 1945492.282608606154099 ], [ 960546.218467533937655, 1945497.136954028857872 ], [ 960545.913411184446886, 1945498.048228566534817 ] ] ] } },
{ "type": "Feature", "properties": { "GU_NAM": "강남구", "F_SHIM": 0.3, "F_AREA": 198.3, "F_DISA_NM": "2022?? 8?? 吏묒쨷?몄슦", "F_RSN_DTL": "배수용량초과", "TYPE": null, "F_SAT_YMD": "20220808" }, "geometry": { "type": "Polygon", "coordinates": [ [ [ 960523.125955685391091, 1945559.186039675259963 ], [ 960529.937760764383711, 1945543.026006747502834 ], [ 960521.111349712824449, 1945539.304178336402401 ], [ 960511.13366991316434, 1945554.131488863378763 ], [ 960523.125955685391091, 1945559.186039675259963 ] ] ] } },
{ "type": "Feature", "properties": { "GU_NAM": "강남구", "F_SHIM": 0.3, "F_AREA": 250.2, "F_DISA_NM": "2022?? 8?? 吏묒쨷?몄슦", "F_RSN_DTL": "배수용량초과", "TYPE": null, "F_SAT_YMD": "20220808" }, "geometry": { "type": "Polygon", "coordinates": [ [ [ 960481.11124198755715, 1945613.818189796060324 ], [ 960492.700667180819437, 1945601.321462083607912 ], [ 960483.318151422194205, 1945592.634444556897506 ], [ 960480.319837437826209, 1945592.740294247167185 ], [ 960477.844767976668663, 1945595.38241918431595 ], [ 960471.582362850778736, 1945602.033110595773906 ], [ 960471.678216615575366, 1945605.031477377749979 ], [ 960481.11124198755715, 1945613.818189796060324 ] ] ] } },
{ "type": "Feature", "properties": { "GU_NAM": "강남구", "F_SHIM": 0.3, "F_AREA": 1141.9, "F_DISA_NM": "2022?? 8?? 吏묒쨷?몄슦", "F_RSN_DTL": "배수용량초과", "TYPE": null, "F_SAT_YMD": "20220808" }, "geometry": { "type": "Polygon", "coordinates": [ [ [ 960516.876881972653791, 1945615.528009025147185 ], [ 960526.874471189104952, 1945604.459181689657271 ], [ 960536.470649395952933, 1945611.965509564150125 ], [ 960545.197585554094985, 1945600.683496299898252 ], [ 960543.922407210222445, 1945595.842071347171441 ], [ 960537.209911119542085, 1945593.008707425557077 ], [ 960524.486278127529658, 1945587.648147723404691 ], [ 960511.802734772209078, 1945582.307368001202121 ], [ 960496.293920863652602, 1945575.772008797153831 ], [ 960487.33769991947338, 1945585.285901090828702 ], [ 960487.463541536708362, 1945588.284108963795006 ], [ 960497.529172072652727, 1945597.607267608167604 ], [ 960507.082466445397586, 1945606.453320222673938 ], [ 960516.876881972653791, 1945615.528009025147185 ] ] ] } },
{ "type": "Feature", "properties": { "GU_NAM": "강남구", "F_SHIM": 0.3, "F_AREA": 1006.8, "F_DISA_NM": "2022?? 8?? 吏묒쨷?몄슦", "F_RSN_DTL": "배수용량초과", "TYPE": null, "F_SAT_YMD": "20220808" }, "geometry": { "type": "Polygon", "coordinates": [ [ [ 960588.514980759820901, 1945518.344848485663533 ], [ 960617.879510252852924, 1945530.714590876828879 ], [ 960619.834300605230965, 1945526.095965738641098 ], [ 960629.755703400354832, 1945502.532235637772828 ], [ 960605.878007538150996, 1945489.953494385583326 ], [ 960599.512547618243843, 1945492.246366310399026 ], [ 960588.514980759820901, 1945518.344848485663533 ] ] ] } },
{ "type": "Feature", "properties": { "GU_NAM": "강남구", "F_SHIM": 0.4, "F_AREA": 2233.4, "F_DISA_NM": "2022?? 8?? 吏묒쨷?몄슦", "F_RSN_DTL": "배수용량초과", "TYPE": null, "F_SAT_YMD": "20220808" }, "geometry": { "type": "Polygon", "coordinates": [ [ [ 960077.113132398226298, 1945404.431656936183572 ], [ 960243.165483818622306, 1945379.636003952240571 ], [ 960249.234042008873075, 1945379.415927871130407 ], [ 960276.647756984224543, 1945380.547232271870598 ], [ 960276.629329493502155, 1945371.029899627435952 ], [ 960219.126363126328215, 1945371.307515800232068 ], [ 960077.0041336750146, 1945392.535693838261068 ], [ 960077.113132398226298, 1945404.431656936183572 ] ] ] } },
{ "type": "Feature", "properties": { "GU_NAM": "강남구", "F_SHIM": 0.3, "F_AREA": 11846.7, "F_DISA_NM": "2022?? 8?? 吏묒쨷?몄슦", "F_RSN_DTL": "배수용량초과", "TYPE": null, "F_SAT_YMD": "20220808" }, "geometry": { "type": "Polygon", "coordinates": [ [ [ 960222.429213238763623, 1945370.954997782595456 ], [ 960277.215468594105914, 1945370.809729535598308 ], [ 960277.094934764201753, 1945379.986498810350895 ], [ 960400.951640924206004, 1945385.360712593188509 ], [ 960513.221419947454706, 1945442.520316064823419 ], [ 960518.066822467371821, 1945445.392560832900926 ], [ 960523.194233716698363, 1945449.229948866181076 ], [ 960529.122065711882897, 1945456.033981666900218 ], [ 960534.449252068647183, 1945465.504196626134217 ], [ 960536.437037202646025, 1945472.963862708071247 ], [ 960536.816905220737681, 1945484.665457406779751 ], [ 960535.348788549075834, 1945493.031097365776077 ], [ 960532.221382424933836, 1945501.224595123436302 ], [ 960525.792003630427644, 1945511.453827174613252 ], [ 960487.956334793008864, 1945567.334359935717657 ], [ 960485.582726399647072, 1945569.881982563761994 ], [ 960496.604635404073633, 1945575.551444968907163 ], [ 960544.08891095162835, 1945595.760219693882391 ], [ 960545.351962972199544, 1945600.765647348482162 ], [ 960551.149864228791557, 1945602.667207820340991 ], [ 960556.137055809726007, 1945601.358269742224365 ], [ 960559.446212395909242, 1945596.338617283850908 ], [ 960557.480630443082191, 1945591.560827270383015 ], [ 960601.429449342191219, 1945486.891218456905335 ], [ 960593.404576908214949, 1945482.95022445730865 ], [ 960595.193188435514458, 1945487.909884065855294 ], [ 960552.552936092717573, 1945589.193829838186502 ], [ 960547.711869304417633, 1945591.102768255397677 ], [ 960499.535017625894397, 1945571.113581210840493 ], [ 960538.726328679942526, 1945512.619845839450136 ], [ 960541.84033842838835, 1945506.992455877596512 ], [ 960545.475962549098767, 1945497.932590165873989 ], [ 960547.661541085108183, 1945487.06308808340691 ], [ 960547.919486354105175, 1945480.655126485275105 ], [ 960547.334554990171455, 1945473.455928571755067 ], [ 960545.970823104726151, 1945467.109802116407081 ], [ 960551.391375934705138, 1945461.730769520625472 ], [ 960601.429449342191219, 1945486.891218456905335 ], [ 960606.428688020212576, 1945477.100401593139395 ], [ 960444.996181209455244, 1945395.185623808996752 ], [ 960442.997972820769064, 1945389.532334199408069 ], [ 960466.531148853478953, 1945331.411438074661419 ], [ 960273.741496774018742, 1945258.197522946633399 ], [ 960272.360059609171003, 1945261.791495318524539 ], [ 960446.638683876721188, 1945328.028121174545959 ], [ 960425.48094594036229, 1945380.172673022840172 ], [ 960419.817263907985762, 1945382.284893546253443 ], [ 960403.731985417194664, 1945374.300128979841247 ], [ 960255.864204941317439, 1945368.215993735706434 ], [ 960251.029893961269408, 1945363.097531406907365 ], [ 960251.83065118000377, 1945312.72318077320233 ], [ 960273.617783855646849, 1945258.054232257185504 ], [ 960262.635252978419885, 1945253.780032723210752 ], [ 960244.28456412057858, 1945300.472762972582132 ], [ 960238.398501297342591, 1945302.875053069554269 ], [ 960107.695549729396589, 1945249.66761276894249 ], [ 960105.55139199027326, 1945244.390952986199409 ], [ 960099.474749955814332, 1945263.466002669651061 ], [ 960104.928818305837922, 1945261.034012774471194 ], [ 960236.603555215988308, 1945314.458220695611089 ], [ 960239.968309980351478, 1945319.556478337850422 ], [ 960239.587343400693499, 1945364.259731920203194 ], [ 960235.549211006029509, 1945368.855407288530841 ], [ 960235.549211006029509, 1945368.855407288530841 ], [ 960222.429213238763623, 1945370.954997782595456 ] ] ] } },
{ "type": "Feature", "properties": { "GU_NAM": "강남구", "F_SHIM": 0.3, "F_AREA": 622.5, "F_DISA_NM": "2022?? 8?? 吏묒쨷?몄슦", "F_RSN_DTL": "배수용량초과", "TYPE": null, "F_SAT_YMD": "20220808" }, "geometry": { "type": "Polygon", "coordinates": [ [ [ 958761.327524949912913, 1944018.223983854753897 ], [ 958773.445965177379549, 1944013.309618656057864 ], [ 958773.719241270446219, 1944014.324791796272621 ], [ 958778.066034561605193, 1944012.893298192415386 ], [ 958775.270080172922462, 1944002.32305783778429 ], [ 958778.953835099819116, 1944000.271308524534106 ], [ 958782.917321290704422, 1943995.357146263821051 ], [ 958782.600448496988975, 1943995.358824338298291 ], [ 958784.372953003039584, 1943992.936338792089373 ], [ 958781.563578539760783, 1943991.91260438435711 ], [ 958780.032095335307531, 1943991.335933108348399 ], [ 958773.630335877649486, 1943988.853774774121121 ], [ 958766.211480684345588, 1943986.093108688015491 ], [ 958757.118705575820059, 1943990.213740850565955 ], [ 958751.579068045364693, 1944004.99256958370097 ], [ 958756.264550120336935, 1944006.735096447635442 ], [ 958761.327524949912913, 1944018.223983854753897 ] ] ] } },
{ "type": "Feature", "properties": { "GU_NAM": "강남구", "F_SHIM": 0.3, "F_AREA": 202.5, "F_DISA_NM": "2022?? 8?? 吏묒쨷?몄슦", "F_RSN_DTL": "배수용량초과", "TYPE": null, "F_SAT_YMD": "20220808" }, "geometry": { "type": "Polygon", "coordinates": [ [ [ 958784.846975432476029, 1943993.162743000779301 ], [ 958779.095154366688803, 1944000.341533627361059 ], [ 958775.419269183999859, 1944002.369250228395686 ], [ 958784.019535665633157, 1944035.492318377597257 ], [ 958785.982633684761822, 1944042.633251514751464 ], [ 958789.349665721878409, 1944040.989027793286368 ], [ 958780.120367461815476, 1944005.335621015401557 ], [ 958788.507269567227922, 1943994.608811739366502 ], [ 958784.846975432476029, 1943993.162743000779301 ] ] ] } },
{ "type": "Feature", "properties": { "GU_NAM": "강남구", "F_SHIM": 0.3, "F_AREA": 279.4, "F_DISA_NM": "2022?? 8?? 吏묒쨷?몄슦", "F_RSN_DTL": "배수용량초과", "TYPE": null, "F_SAT_YMD": "20220808" }, "geometry": { "type": "Polygon", "coordinates": [ [ [ 958781.910230842535384, 1944011.50245204847306 ], [ 958787.619588308385573, 1944010.084734815871343 ], [ 958791.545483466936275, 1944009.020333962747827 ], [ 958803.324260523309931, 1944009.619709246559069 ], [ 958806.833479425404221, 1944001.41418291372247 ], [ 958788.744967608945444, 1943994.568567509297282 ], [ 958780.267595824669115, 1944005.226498059928417 ], [ 958781.910230842535384, 1944011.50245204847306 ] ] ] } },
{ "type": "Feature", "properties": { "GU_NAM": "강남구", "F_SHIM": 0.3, "F_AREA": 167.0, "F_DISA_NM": "2022?? 8?? 吏묒쨷?몄슦", "F_RSN_DTL": "배수용량초과", "TYPE": null, "F_SAT_YMD": "20220808" }, "geometry": { "type": "Polygon", "coordinates": [ [ [ 958789.420859565492719, 1944041.030635085422546 ], [ 958800.092276774928905, 1944038.275129453046247 ], [ 958795.043508041999303, 1944026.826152473222464 ], [ 958793.100880589452572, 1944022.418090293649584 ], [ 958785.011436294182204, 1944023.840414989273995 ], [ 958789.420859565492719, 1944041.030635085422546 ] ] ] } },
{ "type": "Feature", "properties": { "GU_NAM": "강남구", "F_SHIM": 0.3, "F_AREA": 254.4, "F_DISA_NM": "2022?? 8?? 吏묒쨷?몄슦", "F_RSN_DTL": "배수용량초과", "TYPE": null, "F_SAT_YMD": "20220808" }, "geometry": { "type": "Polygon", "coordinates": [ [ [ 958805.543143789167516, 1944009.942833502078429 ], [ 958811.375430771615356, 1944010.785620804410428 ], [ 958819.720430333632976, 1944015.337710998719558 ], [ 958818.159007395035587, 1944020.433079942828044 ], [ 958826.950653640553355, 1944024.006169447675347 ], [ 958831.994851349387318, 1944010.808375991182402 ], [ 958822.189410989987664, 1944007.20266937580891 ], [ 958808.8325004047947, 1944002.125327044399455 ], [ 958805.543143789167516, 1944009.942833502078429 ] ] ] } },
{ "type": "Feature", "properties": { "GU_NAM": "강남구", "F_SHIM": 0.3, "F_AREA": 191.4, "F_DISA_NM": "2022?? 8?? 吏묒쨷?몄슦", "F_RSN_DTL": "배수용량초과", "TYPE": null, "F_SAT_YMD": "20220808" }, "geometry": { "type": "Polygon", "coordinates": [ [ [ 958813.7896458968753, 1944036.101375822443515 ], [ 958821.845327249844559, 1944046.046984063461423 ], [ 958824.405051266890951, 1944043.910221294965595 ], [ 958824.829756588791497, 1944038.976813922636211 ], [ 958822.371073481044732, 1944036.031939359847456 ], [ 958825.006045681540854, 1944029.039591521956027 ], [ 958825.820428107050247, 1944026.904074737103656 ], [ 958818.092642491450533, 1944023.757189998403192 ], [ 958811.320781671907753, 1944026.515035635791719 ], [ 958813.7896458968753, 1944036.101375822443515 ] ] ] } },
{ "type": "Feature", "properties": { "GU_NAM": "강남구", "F_SHIM": 0.3, "F_AREA": 489.9, "F_DISA_NM": "2022?? 8?? 吏묒쨷?몄슦", "F_RSN_DTL": "배수용량초과", "TYPE": null, "F_SAT_YMD": "20220808" }, "geometry": { "type": "Polygon", "coordinates": [ [ [ 958832.107182244653814, 1944010.878754605539143 ], [ 958822.550900663016364, 1944036.011994125321507 ], [ 958853.007698099943809, 1944072.097162258345634 ], [ 958870.168087408412248, 1944071.870334581937641 ], [ 958870.139093814534135, 1944066.395533286733553 ], [ 958855.590559543925337, 1944066.40160623146221 ], [ 958829.22146595059894, 1944034.890074067050591 ], [ 958837.639954827027395, 1944012.924679240910336 ], [ 958832.107182244653814, 1944010.878754605539143 ] ] ] } },
{ "type": "Feature", "properties": { "GU_NAM": "강남구", "F_SHIM": 0.3, "F_AREA": 823.2, "F_DISA_NM": "2022?? 8?? 吏묒쨷?몄슦", "F_RSN_DTL": "배수용량초과", "TYPE": null, "F_SAT_YMD": "20220808" }, "geometry": { "type": "Polygon", "coordinates": [ [ [ 958835.585740346461535, 1944042.374562102602795 ], [ 958840.3892047686968, 1944029.398961023893207 ], [ 958842.247081129811704, 1944030.072866728063673 ], [ 958850.817814075271599, 1944033.26926710200496 ], [ 958863.42831338616088, 1944038.027682197280228 ], [ 958879.730453019496053, 1944044.111044741468504 ], [ 958884.84213494299911, 1944030.63199948403053 ], [ 958855.963953800499439, 1944019.879005766939372 ], [ 958847.363782627391629, 1944016.597792922053486 ], [ 958837.683915993082337, 1944012.920447926037014 ], [ 958832.484095086343586, 1944026.555902299238369 ], [ 958831.51074651919771, 1944029.064122025622055 ], [ 958829.288269663113169, 1944034.857732235686854 ], [ 958835.585740346461535, 1944042.374562102602795 ] ] ] } },
{ "type": "Feature", "properties": { "GU_NAM": "강남구", "F_SHIM": 0.3, "F_AREA": 259.7, "F_DISA_NM": "2022?? 8?? 吏묒쨷?몄슦", "F_RSN_DTL": "배수용량초과", "TYPE": null, "F_SAT_YMD": "20220808" }, "geometry": { "type": "Polygon", "coordinates": [ [ [ 958855.660175861092284, 1944066.145333144348115 ], [ 958866.554700734908693, 1944066.068644788581878 ], [ 958866.515536025050096, 1944050.556646686047316 ], [ 958859.544836902874522, 1944048.234443358145654 ], [ 958846.057622111053206, 1944054.793445724295452 ], [ 958855.660175861092284, 1944066.145333144348115 ] ] ] } },
{ "type": "Feature", "properties": { "GU_NAM": "강남구", "F_SHIM": 0.3, "F_AREA": 1444.8, "F_DISA_NM": "2022?? 8?? 吏묒쨷?몄슦", "F_RSN_DTL": "배수용량초과", "TYPE": null, "F_SAT_YMD": "20220808" }, "geometry": { "type": "Polygon", "coordinates": [ [ [ 958550.102934068767354, 1943952.831403004936874 ], [ 958550.280426836223342, 1943952.370634663384408 ], [ 958556.165347103960812, 1943936.725297217490152 ], [ 958565.845311764627695, 1943910.973627044819295 ], [ 958538.7516364188632, 1943900.820948219625279 ], [ 958534.194267854909413, 1943902.884321414399892 ], [ 958519.773565537063405, 1943941.376352860825136 ], [ 958550.102934068767354, 1943952.831403004936874 ] ] ] } },
{ "type": "Feature", "properties": { "GU_NAM": "강남구", "F_SHIM": 0.3, "F_AREA": 498.8, "F_DISA_NM": "2022?? 8?? 吏묒쨷?몄슦", "F_RSN_DTL": "배수용량초과", "TYPE": null, "F_SAT_YMD": "20220808" }, "geometry": { "type": "Polygon", "coordinates": [ [ [ 958590.449111873516813, 1943949.288984174374491 ], [ 958600.01039441220928, 1943923.777853785548359 ], [ 958582.922881699050777, 1943917.380764993606135 ], [ 958573.302205163403414, 1943943.00216928543523 ], [ 958590.449111873516813, 1943949.288984174374491 ] ] ] } },
{ "type": "Feature", "properties": { "GU_NAM": "강남구", "F_SHIM": 0.3, "F_AREA": 346.7, "F_DISA_NM": "2022?? 8?? 吏묒쨷?몄슦", "F_RSN_DTL": "배수용량초과", "TYPE": null, "F_SAT_YMD": "20220808" }, "geometry": { "type": "Polygon", "coordinates": [ [ [ 958505.855579287162982, 1944025.718613109085709 ], [ 958513.199206987861544, 1944006.157007991103455 ], [ 958497.664405577001162, 1944000.381462362129241 ], [ 958490.320989379426464, 1944019.983051722869277 ], [ 958505.855579287162982, 1944025.718613109085709 ] ] ] } },
{ "type": "Feature", "properties": { "GU_NAM": "강남구", "F_SHIM": 0.3, "F_AREA": 671.3, "F_DISA_NM": "2022?? 8?? 吏묒쨷?몄슦", "F_RSN_DTL": "배수용량초과", "TYPE": null, "F_SAT_YMD": "20220808" }, "geometry": { "type": "Polygon", "coordinates": [ [ [ 958555.003410944947973, 1944043.871465129777789 ], [ 958560.089612349984236, 1944030.299584764288738 ], [ 958565.175813926733099, 1944016.727704546879977 ], [ 958543.570685896440409, 1944008.575205494416878 ], [ 958538.504423125647008, 1944022.136984125711024 ], [ 958533.369141457369551, 1944035.879061264451593 ], [ 958555.003410944947973, 1944043.871465129777789 ] ] ] } },
{ "type": "Feature", "properties": { "GU_NAM": "강남구", "F_SHIM": 0.3, "F_AREA": 431.0, "F_DISA_NM": "2022?? 8?? 吏묒쨷?몄슦", "F_RSN_DTL": "배수용량초과", "TYPE": null, "F_SAT_YMD": "20220808" }, "geometry": { "type": "Polygon", "coordinates": [ [ [ 958504.359779094927944, 1944081.145854730624706 ], [ 958514.036731931613758, 1944056.713705165777355 ], [ 958509.399536318378523, 1944055.02890074881725 ], [ 958498.56275315664243, 1944051.097778606927022 ], [ 958488.974969866801985, 1944075.379512245999649 ], [ 958504.359779094927944, 1944081.145854730624706 ] ] ] } },
{ "type": "Feature", "properties": { "GU_NAM": "강남구", "F_SHIM": 0.3, "F_AREA": 1778.1, "F_DISA_NM": "2022?? 8?? 吏묒쨷?몄슦", "F_RSN_DTL": "배수용량초과", "TYPE": null, "F_SAT_YMD": "20220808" }, "geometry": { "type": "Polygon", "coordinates": [ [ [ 958533.750553383608349, 1944091.990787307498977 ], [ 958548.865381867042743, 1944097.952613231725991 ], [ 958546.845457540010102, 1944093.515157226240262 ], [ 958609.306612196145579, 1943927.305289048003033 ], [ 958600.055746912490577, 1943923.847587493481115 ], [ 958537.836435741977766, 1944090.045180442044511 ], [ 958533.750553383608349, 1944091.990787307498977 ] ] ] } },
{ "type": "Feature", "properties": { "GU_NAM": "강남구", "F_SHIM": 0.3, "F_AREA": 295.6, "F_DISA_NM": "2022?? 8?? 吏묒쨷?몄슦", "F_RSN_DTL": "배수용량초과", "TYPE": null, "F_SAT_YMD": "20220808" }, "geometry": { "type": "Polygon", "coordinates": [ [ [ 958584.332048783777282, 1944094.757096124114469 ], [ 958584.548572558327578, 1944094.116188229061663 ], [ 958590.239605249837041, 1944079.611451925477013 ], [ 958572.950583394500427, 1944072.915545035153627 ], [ 958567.340524216881022, 1944087.609781864099205 ], [ 958584.332048783777282, 1944094.757096124114469 ] ] ] } },
{ "type": "Feature", "properties": { "GU_NAM": "강남구", "F_SHIM": 0.3, "F_AREA": 3287.4, "F_DISA_NM": "2022?? 8?? 吏묒쨷?몄슦", "F_RSN_DTL": "배수용량초과", "TYPE": null, "F_SAT_YMD": "20220808" }, "geometry": { "type": "Polygon", "coordinates": [ [ [ 958606.977234685327858, 1944044.644016480538994 ], [ 958609.520195118384436, 1944037.903181115631014 ], [ 958624.186170189525001, 1944043.66092414339073 ], [ 958629.363484785193577, 1944030.484410855919123 ], [ 958625.427707636030391, 1944029.014504655264318 ], [ 958626.826981278718449, 1944025.265813228674233 ], [ 958630.322213672101498, 1944026.565978716360405 ], [ 958635.011532395728864, 1944014.312457477441058 ], [ 958649.527910876320675, 1944019.718993782065809 ], [ 958650.589936388190836, 1944016.915007712086663 ], [ 958636.192536324611865, 1944011.577890451531857 ], [ 958640.462143575772643, 1944000.603605278534815 ], [ 958654.733417727635242, 1944005.825787617824972 ], [ 958658.400040306616575, 1943996.00136692984961 ], [ 958659.44785622949712, 1943993.194051200291142 ], [ 958663.612186603946611, 1943982.048666329821572 ], [ 958634.767569399322383, 1943970.996096373302862 ], [ 958633.889813803369179, 1943973.301563483197242 ], [ 958622.348362455493771, 1943968.982188259251416 ], [ 958597.263587597990409, 1943959.580385318957269 ], [ 958588.410315774730407, 1943983.217365304240957 ], [ 958584.52591706730891, 1943993.563825701363385 ], [ 958606.339914044830948, 1944001.525302076246589 ], [ 958610.244701286079362, 1943991.378403057809919 ], [ 958624.988441281137057, 1943996.898234420223162 ], [ 958620.463753024931066, 1944008.907722106436267 ], [ 958615.988250803784467, 1944020.767005396541208 ], [ 958614.420751347905025, 1944024.90376548608765 ], [ 958611.52258589095436, 1944032.596247902372852 ], [ 958575.073997481260449, 1944018.796050527133048 ], [ 958574.376378410612233, 1944020.668025471270084 ], [ 958570.542961422586814, 1944030.87493481230922 ], [ 958592.264789976645261, 1944039.08433277416043 ], [ 958606.977234685327858, 1944044.644016480538994 ] ] ] } },
{ "type": "Feature", "properties": { "GU_NAM": "강남구", "F_SHIM": 0.3, "F_AREA": 246.6, "F_DISA_NM": "2022?? 8?? 吏묒쨷?몄슦", "F_RSN_DTL": "배수용량초과", "TYPE": null, "F_SAT_YMD": "20220808" }, "geometry": { "type": "Polygon", "coordinates": [ [ [ 958597.578462642268278, 1944025.172891352325678 ], [ 958601.284441541880369, 1944015.236966632539406 ], [ 958579.474206020357087, 1944007.049567492445931 ], [ 958575.773885747068562, 1944016.921486326958984 ], [ 958597.578462642268278, 1944025.172891352325678 ] ] ] } },
{ "type": "Feature", "properties": { "GU_NAM": "강남구", "F_SHIM": 0.3, "F_AREA": 677.6, "F_DISA_NM": "2022?? 8?? 吏묒쨷?몄슦", "F_RSN_DTL": "배수용량초과", "TYPE": null, "F_SAT_YMD": "20220808" }, "geometry": { "type": "Polygon", "coordinates": [ [ [ 958674.932430865243077, 1943951.903443103889003 ], [ 958612.896869009942748, 1944118.819782683625817 ], [ 958608.522311443462968, 1944120.860196846537292 ], [ 958618.01912725972943, 1944124.514519990189001 ], [ 958616.018688178621233, 1944120.51561072957702 ], [ 958664.114674394484609, 1943991.770868585444987 ], [ 958678.535441212821752, 1943953.291837183525786 ], [ 958674.932430865243077, 1943951.903443103889003 ] ] ] } },
{ "type": "Feature", "properties": { "GU_NAM": "강남구", "F_SHIM": 0.3, "F_AREA": 1828.4, "F_DISA_NM": "2022?? 8?? 吏묒쨷?몄슦", "F_RSN_DTL": "배수용량초과", "TYPE": null, "F_SAT_YMD": "20220808" }, "geometry": { "type": "Polygon", "coordinates": [ [ [ 958698.995001447503455, 1944088.292045038659126 ], [ 958704.416406549047679, 1944073.838719807099551 ], [ 958710.222149938112125, 1944058.343747524078935 ], [ 958676.948459418257698, 1944045.864683498162776 ], [ 958677.884897050331347, 1944043.370653579942882 ], [ 958683.197882269392721, 1944029.207794217858464 ], [ 958683.671072630677372, 1944027.955754813505337 ], [ 958689.122202049009502, 1944013.452290941029787 ], [ 958686.387791892047971, 1944012.427159873303026 ], [ 958675.840682902140543, 1944008.4545188609045 ], [ 958674.718855947605334, 1944008.030620262492448 ], [ 958670.638588034198619, 1944019.018134461017326 ], [ 958669.357319701113738, 1944022.463635987835005 ], [ 958667.760573488543741, 1944026.740498477825895 ], [ 958663.571885055978782, 1944038.018478789599612 ], [ 958663.010998034267686, 1944037.811527501093224 ], [ 958659.268053062143736, 1944048.317434699041769 ], [ 958662.42324771778658, 1944049.520270123146474 ], [ 958661.753049133578315, 1944051.323147636372596 ], [ 958673.281459296122193, 1944055.610472009517252 ], [ 958671.103049283847213, 1944061.419843939132988 ], [ 958668.747199548059143, 1944067.699980184901506 ], [ 958665.70121227321215, 1944075.793095847591758 ], [ 958698.995001447503455, 1944088.292045038659126 ] ] ] } },
{ "type": "Feature", "properties": { "GU_NAM": "강남구", "F_SHIM": 0.3, "F_AREA": 3624.0, "F_DISA_NM": "2022?? 8?? 吏묒쨷?몄슦", "F_RSN_DTL": "배수용량초과", "TYPE": null, "F_SAT_YMD": "20220808" }, "geometry": { "type": "Polygon", "coordinates": [ [ [ 958677.042713643284515, 1944147.470250866143033 ], [ 958695.742708612931892, 1944153.316997460089624 ], [ 958757.034844257985242, 1943990.045248043257743 ], [ 958765.924500564229675, 1943986.07663517864421 ], [ 958734.394613539101556, 1943974.249087869888172 ], [ 958738.503683983697556, 1943983.234963880386204 ], [ 958677.042713643284515, 1944147.470250866143033 ] ] ] } },
{ "type": "Feature", "properties": { "GU_NAM": "강남구", "F_SHIM": 0.3, "F_AREA": 163.4, "F_DISA_NM": "2022?? 8?? 吏묒쨷?몄슦", "F_RSN_DTL": "배수용량초과", "TYPE": null, "F_SAT_YMD": "20220808" }, "geometry": { "type": "Polygon", "coordinates": [ [ [ 958639.964903385611251, 1944056.826806468190625 ], [ 958654.386777335312217, 1944062.26708702207543 ], [ 958658.037766181398183, 1944052.14052525954321 ], [ 958645.74655422300566, 1944047.459388938965276 ], [ 958643.012091253185645, 1944048.689416349167004 ], [ 958639.964903385611251, 1944056.826806468190625 ], [ 958639.964903385611251, 1944056.826806468190625 ] ] ] } },
{ "type": "Feature", "properties": { "GU_NAM": "강남구", "F_SHIM": 0.3, "F_AREA": 1775.0, "F_DISA_NM": "2022?? 8?? 吏묒쨷?몄슦", "F_RSN_DTL": "배수용량초과", "TYPE": null, "F_SAT_YMD": "20220808" }, "geometry": { "type": "Polygon", "coordinates": [ [ [ 957922.558995699044317, 1945470.640509998193011 ], [ 957925.772310400381684, 1945462.056679322617128 ], [ 957906.291495409444906, 1945454.872590382117778 ], [ 957912.197868828428909, 1945439.507014583563432 ], [ 957917.019456422422081, 1945426.93614647956565 ], [ 957936.279829539707862, 1945434.021440915763378 ], [ 957940.952112563536502, 1945421.57131939032115 ], [ 957945.929823675425723, 1945408.279892874648795 ], [ 957927.01777523115743, 1945400.902860796777532 ], [ 957921.880657488945872, 1945414.29509472893551 ], [ 957921.59469202242326, 1945415.036334006115794 ], [ 957894.972964365733787, 1945405.291039582109079 ], [ 957887.032457703142427, 1945426.527208152227104 ], [ 957884.722003835020587, 1945432.695154425455257 ], [ 957905.433705000788905, 1945457.116300279740244 ], [ 957917.635364570538513, 1945471.496283114422113 ], [ 957922.558995699044317, 1945470.640509998193011 ] ] ] } },
{ "type": "Feature", "properties": { "GU_NAM": "강남구", "F_SHIM": 0.3, "F_AREA": 217.3, "F_DISA_NM": "2022?? 8?? 吏묒쨷?몄슦", "F_RSN_DTL": "배수용량초과", "TYPE": null, "F_SAT_YMD": "20220808" }, "geometry": { "type": "Polygon", "coordinates": [ [ [ 957949.843058564816602, 1945397.843043934786692 ], [ 957953.66760042286478, 1945387.646575533086434 ], [ 957934.876457375357859, 1945380.448835592484102 ], [ 957931.060534619609825, 1945390.385355337290093 ], [ 957949.843058564816602, 1945397.843043934786692 ] ] ] } },
{ "type": "Feature", "properties": { "GU_NAM": "강남구", "F_SHIM": 0.3, "F_AREA": 2552.2, "F_DISA_NM": "2022?? 8?? 吏묒쨷?몄슦", "F_RSN_DTL": "배수용량초과", "TYPE": null, "F_SAT_YMD": "20220808" }, "geometry": { "type": "Polygon", "coordinates": [ [ [ 957937.141158946207725, 1945464.525512498803437 ], [ 957935.097768577397801, 1945459.968038900056854 ], [ 957937.141158946207725, 1945464.525512498803437 ], [ 957953.940535316010937, 1945471.061052429722622 ], [ 957954.14989113563206, 1945471.1429124888964 ], [ 957957.876185597036965, 1945472.592625544406474 ], [ 957966.269883977598511, 1945451.236101449700072 ], [ 957977.007566518965177, 1945455.32767478749156 ], [ 957978.029276159126312, 1945455.722113472875208 ], [ 957987.835424719611183, 1945459.458755435654894 ], [ 957979.332406201981939, 1945480.935813519638032 ], [ 957982.136136618442833, 1945482.025549593148753 ], [ 957993.125645264284685, 1945486.290723304729909 ], [ 958004.304528205655515, 1945490.639862067298964 ], [ 958017.015975455986336, 1945495.580658669583499 ], [ 958021.333908477798104, 1945484.172027648892254 ], [ 958022.250668592867441, 1945481.738076395122334 ], [ 958024.133622351568192, 1945482.427840967429802 ], [ 958027.150246783625335, 1945474.454825909342617 ], [ 958029.023363388259895, 1945475.174631425878033 ], [ 958026.006580112385564, 1945483.117658482864499 ], [ 958025.089820003369823, 1945485.551609728718176 ], [ 958037.942534684785642, 1945490.741564811673015 ], [ 958042.094877847703174, 1945480.153505800291896 ], [ 958036.87626807752531, 1945478.161903115687892 ], [ 958045.785562187200412, 1945454.123647867003456 ], [ 958035.358497629757039, 1945450.170377227244899 ], [ 958026.509179287473671, 1945474.208314993185923 ], [ 958014.539448115625419, 1945469.643447479931638 ], [ 958012.365869151195511, 1945468.815274567343295 ], [ 958002.339332346222363, 1945464.989833796396852 ], [ 958011.249050743761472, 1945441.031545728677884 ], [ 957999.049093925626948, 1945436.4079196350649 ], [ 957988.020998334744945, 1945432.217921830713749 ], [ 957981.635782558470964, 1945449.655261929379776 ], [ 957980.876999021857046, 1945451.718514210078865 ], [ 957979.664994804537855, 1945451.255109642865136 ], [ 957978.082344461232424, 1945450.643724377732724 ], [ 957978.841128003899939, 1945448.580472092144191 ], [ 957967.573022312251851, 1945444.37175319949165 ], [ 957965.148002556175925, 1945450.802208295324817 ], [ 957954.420315893483348, 1945446.710581902880222 ], [ 957950.390518563683145, 1945457.78781012352556 ], [ 957949.849675739300437, 1945457.590749633731321 ], [ 957937.640939930570312, 1945453.197084300918505 ], [ 957935.097768577397801, 1945459.968038900056854 ], [ 957937.141158946207725, 1945464.525512498803437 ] ] ] } },
{ "type": "Feature", "properties": { "GU_NAM": "강남구", "F_SHIM": 0.3, "F_AREA": 181.5, "F_DISA_NM": "2022?? 8?? 吏묒쨷?몄슦", "F_RSN_DTL": "배수용량초과", "TYPE": null, "F_SAT_YMD": "20220808" }, "geometry": { "type": "Polygon", "coordinates": [ [ [ 957954.04972271353472, 1945446.572597193298861 ], [ 957959.220587382791564, 1945433.889920359943062 ], [ 957946.669816919718869, 1945429.088219311786816 ], [ 957941.859602252836339, 1945441.918929951498285 ], [ 957954.04972271353472, 1945446.572597193298861 ] ] ] } },
{ "type": "Feature", "properties": { "GU_NAM": "강남구", "F_SHIM": 0.3, "F_AREA": 230.6, "F_DISA_NM": "2022?? 8?? 吏묒쨷?몄슦", "F_RSN_DTL": "배수용량초과", "TYPE": null, "F_SAT_YMD": "20220808" }, "geometry": { "type": "Polygon", "coordinates": [ [ [ 958051.924933936446905, 1945509.160603146534413 ], [ 958056.045064834295772, 1945498.152871318394318 ], [ 958037.794554000720382, 1945491.112210890976712 ], [ 958033.523847582284361, 1945502.000785267679021 ], [ 958051.924933936446905, 1945509.160603146534413 ] ] ] } },
{ "type": "Feature", "properties": { "GU_NAM": "강남구", "F_SHIM": 0.3, "F_AREA": 579.9, "F_DISA_NM": "2022?? 8?? 吏묒쨷?몄슦", "F_RSN_DTL": "배수용량초과", "TYPE": null, "F_SAT_YMD": "20220808" }, "geometry": { "type": "Polygon", "coordinates": [ [ [ 958070.241288465331309, 1945490.890347165986896 ], [ 958079.200244185398333, 1945466.791851944988593 ], [ 958067.471053033485077, 1945462.345665665576234 ], [ 958057.98551847145427, 1945458.747273501940072 ], [ 958049.286722966236994, 1945482.894372407346964 ], [ 958058.722277737222612, 1945486.493029121542349 ], [ 958063.560298263560981, 1945488.346699988702312 ], [ 958070.241288465331309, 1945490.890347165986896 ] ] ] } },
{ "type": "Feature", "properties": { "GU_NAM": "강남구", "F_SHIM": 0.3, "F_AREA": 541.9, "F_DISA_NM": "2022?? 8?? 吏묒쨷?몄슦", "F_RSN_DTL": "배수용량초과", "TYPE": null, "F_SAT_YMD": "20220808" }, "geometry": { "type": "Polygon", "coordinates": [ [ [ 957968.655282570049167, 1945418.455673647345975 ], [ 957972.934291817364283, 1945407.247174091404304 ], [ 957987.077496302896179, 1945412.620223700534552 ], [ 957990.809585164999589, 1945401.954420453170314 ], [ 957980.803358095930889, 1945398.188848933437839 ], [ 957980.586411475902423, 1945398.749789584660903 ], [ 957973.905791535624303, 1945396.276113463798538 ], [ 957972.613766417955048, 1945395.803136437665671 ], [ 957960.804976936196908, 1945391.427344330586493 ], [ 957954.14156676910352, 1945409.186039165128022 ], [ 957956.194899892318062, 1945413.73346383520402 ], [ 957964.448386161820963, 1945416.858562145614997 ], [ 957965.850684967939742, 1945417.390932648908347 ], [ 957968.655282570049167, 1945418.455673647345975 ] ] ] } },
{ "type": "Feature", "properties": { "GU_NAM": "강남구", "F_SHIM": 0.3, "F_AREA": 2331.1, "F_DISA_NM": "2022?? 8?? 吏묒쨷?몄슦", "F_RSN_DTL": "배수용량초과", "TYPE": null, "F_SAT_YMD": "20220808" }, "geometry": { "type": "Polygon", "coordinates": [ [ [ 958023.646941359271295, 1945390.554655108135194 ], [ 958015.349389518611133, 1945411.190936195664108 ], [ 958017.833373796893284, 1945412.117427689721808 ], [ 958017.231784512405284, 1945415.549336844822392 ], [ 958017.83276211458724, 1945415.776067619910464 ], [ 958014.914720351458527, 1945423.488657192094252 ], [ 958026.983246304909699, 1945427.833083907142282 ], [ 958022.854018628480844, 1945439.010800636839122 ], [ 958036.766785124083981, 1945444.285107424715534 ], [ 958049.127048062160611, 1945448.977857955731452 ], [ 958053.334443097002804, 1945437.45985408150591 ], [ 958040.865495173027739, 1945433.007589749060571 ], [ 958044.777087880647741, 1945422.260865958640352 ], [ 958047.261125038843602, 1945423.197353384690359 ], [ 958056.79658659780398, 1945426.785485205473378 ], [ 958059.981720110401511, 1945427.978161830455065 ], [ 958051.931645447737537, 1945450.042598767206073 ], [ 958069.580489738145843, 1945456.726581240305677 ], [ 958081.009218526887707, 1945461.064400212839246 ], [ 958089.279204555321485, 1945438.998798940097913 ], [ 958085.753518941812217, 1945437.677974832709879 ], [ 958077.850687777507119, 1945434.700963708339259 ], [ 958075.977677204413339, 1945434.001150134950876 ], [ 958066.251921255374327, 1945430.344052587170154 ], [ 958074.121338899014518, 1945410.029921195702627 ], [ 958064.455717846751213, 1945406.402493660571054 ], [ 958054.810194602119736, 1945402.794952135998756 ], [ 958044.393391113029793, 1945398.891607971861959 ], [ 958036.453577396343462, 1945419.126142632914707 ], [ 958030.974701189203188, 1945417.065944369882345 ], [ 958025.926499973866157, 1945415.163405077299103 ], [ 958033.826329884584993, 1945394.92908202460967 ], [ 958032.964926911168732, 1945394.60376803111285 ], [ 958027.445060680736788, 1945392.353857529116794 ], [ 958023.646941359271295, 1945390.554655108135194 ] ] ] } },
{ "type": "Feature", "properties": { "GU_NAM": "강남구", "F_SHIM": 0.3, "F_AREA": 215.2, "F_DISA_NM": "2022?? 8?? 吏묒쨷?몄슦", "F_RSN_DTL": "배수용량초과", "TYPE": null, "F_SAT_YMD": "20220808" }, "geometry": { "type": "Polygon", "coordinates": [ [ [ 958109.419495009700768, 1945472.549564479850233 ], [ 958115.74658684246242, 1945455.462404130958021 ], [ 958104.428238063119352, 1945451.203970725880936 ], [ 958099.263305078493431, 1945465.006196953821927 ], [ 958101.33663013658952, 1945469.553514880593866 ], [ 958109.419495009700768, 1945472.549564479850233 ] ] ] } },
{ "type": "Feature", "properties": { "GU_NAM": "강남구", "F_SHIM": 0.3, "F_AREA": 4161.0, "F_DISA_NM": "2022?? 8?? 吏묒쨷?몄슦", "F_RSN_DTL": "배수용량초과", "TYPE": null, "F_SAT_YMD": "20220808" }, "geometry": { "type": "Polygon", "coordinates": [ [ [ 957966.068509966949932, 1945530.217742280103266 ], [ 957950.634571462869644, 1945511.406540892785415 ], [ 957953.481865869602188, 1945514.870161635568365 ], [ 957966.068509966949932, 1945530.217742280103266 ], [ 957974.291796736302786, 1945533.303014390170574 ], [ 957986.38126887450926, 1945537.827261859318241 ], [ 957989.123760336078703, 1945536.603184400591999 ], [ 957993.048207499901764, 1945526.396190344821662 ], [ 957994.911275265156291, 1945527.10605273861438 ], [ 957996.784391978406347, 1945527.825858171563596 ], [ 957992.869781982270069, 1945538.002811253303662 ], [ 957994.093700657016598, 1945540.715314543573186 ], [ 958006.153184586553834, 1945545.239720673300326 ], [ 958018.382918015355244, 1945549.82320245471783 ], [ 958021.105311469873413, 1945548.579238924430683 ], [ 958024.8212192497449, 1945538.633253043983132 ], [ 958026.684339913073927, 1945539.353111383039504 ], [ 958028.557456570211798, 1945540.072916768025607 ], [ 958024.851385956746526, 1945549.988861677469686 ], [ 958026.095349568873644, 1945552.711254940833896 ], [ 958037.874362789443694, 1945557.127187517238781 ], [ 958047.419767994782887, 1945560.705269038910046 ], [ 958053.239143682643771, 1945562.883617931976914 ], [ 958057.786461897310801, 1945560.810292440466583 ], [ 958062.517447699559852, 1945548.119950349442661 ], [ 958063.562143322080374, 1945545.305462980875745 ], [ 958044.820875376695767, 1945538.087470342870802 ], [ 958029.385116424877197, 1945532.141486241715029 ], [ 958028.453529622987844, 1945531.77655906509608 ], [ 958032.406270172330551, 1945521.249534787144512 ], [ 958046.179993253783323, 1945526.694513522088528 ], [ 958051.577110455138609, 1945513.320896000368521 ], [ 958037.4532629448222, 1945507.82779046962969 ], [ 958026.965533707523718, 1945503.744890187401325 ], [ 958018.096277648117393, 1945527.792930575553328 ], [ 958013.258150898269378, 1945525.919267836026847 ], [ 958007.758964612497948, 1945523.799200100358576 ], [ 958016.648159911390394, 1945499.741057577775791 ], [ 958003.5760625123512, 1945494.652227403596044 ], [ 957990.53405884699896, 1945489.58323021652177 ], [ 957977.141453839372844, 1945484.376142295775935 ], [ 957963.458329360117204, 1945479.050637899199501 ], [ 957957.658100296743214, 1945493.695918950950727 ], [ 957957.391650322591886, 1945494.347088363720104 ], [ 957950.634571462869644, 1945511.406540892785415 ], [ 957953.481865869602188, 1945514.870161635568365 ], [ 957966.068509966949932, 1945530.217742280103266 ] ] ] } },
{ "type": "Feature", "properties": { "GU_NAM": "강남구", "F_SHIM": 0.3, "F_AREA": 245.9, "F_DISA_NM": "2022?? 8?? 吏묒쨷?몄슦", "F_RSN_DTL": "배수용량초과", "TYPE": null, "F_SAT_YMD": "20220808" }, "geometry": { "type": "Polygon", "coordinates": [ [ [ 958067.987542663584463, 1945533.426438105292618 ], [ 958071.230208832887001, 1945524.722497784066945 ], [ 958069.186818467220291, 1945520.165024981833994 ], [ 958054.371817816281691, 1945514.405681553529575 ], [ 958049.527221815893427, 1945526.406882464885712 ], [ 958067.987542663584463, 1945533.426438105292618 ] ] ] } },
{ "type": "Feature", "properties": { "GU_NAM": "강남구", "F_SHIM": 0.3, "F_AREA": 673.3, "F_DISA_NM": "2022?? 8?? 吏묒쨷?몄슦", "F_RSN_DTL": "배수용량초과", "TYPE": null, "F_SAT_YMD": "20220808" }, "geometry": { "type": "Polygon", "coordinates": [ [ [ 957899.061604384565726, 1945482.690541620831937 ], [ 957903.634986018529162, 1945470.440868791658431 ], [ 957880.710344712599181, 1945443.422417653724551 ], [ 957870.055268143303692, 1945471.908271970460191 ], [ 957899.061604384565726, 1945482.690541620831937 ] ] ] } },
{ "type": "Feature", "properties": { "GU_NAM": "강남구", "F_SHIM": 0.3, "F_AREA": 440.1, "F_DISA_NM": "2022?? 8?? 吏묒쨷?몄슦", "F_RSN_DTL": "배수용량초과", "TYPE": null, "F_SAT_YMD": "20220808" }, "geometry": { "type": "Polygon", "coordinates": [ [ [ 957941.649846145650372, 1945500.448236705269665 ], [ 957945.888658724608831, 1945489.199964277213439 ], [ 957947.623437028611079, 1945484.562498789047822 ], [ 957951.458079835399985, 1945474.385969045571983 ], [ 957935.781621528789401, 1945468.291314209811389 ], [ 957931.214098703232594, 1945470.324761442840099 ], [ 957928.700544782681391, 1945477.025585310533643 ], [ 957927.754379052086733, 1945479.569651613477618 ], [ 957928.57022124575451, 1945484.503490186296403 ], [ 957941.649846145650372, 1945500.448236705269665 ] ] ] } },
{ "type": "Feature", "properties": { "GU_NAM": "강남구", "F_SHIM": 0.3, "F_AREA": 2532.1, "F_DISA_NM": "2022?? 8?? 吏묒쨷?몄슦", "F_RSN_DTL": "배수용량초과", "TYPE": null, "F_SAT_YMD": "20220808" }, "geometry": { "type": "Polygon", "coordinates": [ [ [ 957925.819146943860687, 1945631.293385693104938 ], [ 957929.140086119878106, 1945622.269148207036778 ], [ 957933.653542728396133, 1945610.02978881332092 ], [ 957938.324711364228278, 1945597.369750476209447 ], [ 957942.946482658036985, 1945584.819932978134602 ], [ 957949.391513254144229, 1945567.352285524364561 ], [ 957950.771148145664483, 1945563.606369812740013 ], [ 957926.769429867505096, 1945554.047126163262874 ], [ 957924.119427514262497, 1945561.408427337417379 ], [ 957914.202103985706344, 1945557.442460791906342 ], [ 957912.290868627489544, 1945558.962023167405277 ], [ 957902.29405358992517, 1945555.086444130865857 ], [ 957899.581496933707967, 1945556.300366905285046 ], [ 957895.45142300252337, 1945567.318149809958413 ], [ 957908.342747140093707, 1945572.24799676425755 ], [ 957918.529539066134021, 1945576.132565471576527 ], [ 957913.955258696223609, 1945588.212306689703837 ], [ 957909.134255779208615, 1945600.893131615128368 ], [ 957906.028833076707087, 1945609.086536591872573 ], [ 957895.069860321003944, 1945604.736233829287812 ], [ 957892.109041496762075, 1945613.808545230422169 ], [ 957889.669484989834018, 1945621.268694785190746 ], [ 957900.777868297067471, 1945625.518243103753775 ], [ 957921.261726338299923, 1945633.346772792516276 ], [ 957925.819146943860687, 1945631.293385693104938 ] ] ] } },
{ "type": "Feature", "properties": { "GU_NAM": "강남구", "F_SHIM": 0.3, "F_AREA": 884.6, "F_DISA_NM": "2022?? 8?? 吏묒쨷?몄슦", "F_RSN_DTL": "배수용량초과", "TYPE": null, "F_SAT_YMD": "20220808" }, "geometry": { "type": "Polygon", "coordinates": [ [ [ 957867.122570496285334, 1945642.910121157066897 ], [ 957879.774521050159819, 1945647.941198066342622 ], [ 957875.652802540338598, 1945658.649052775464952 ], [ 957886.570891567738727, 1945662.829634870402515 ], [ 957891.077093113795854, 1945649.220823275856674 ], [ 957900.593571285018697, 1945652.998983181314543 ], [ 957908.053903231513686, 1945634.71625748439692 ], [ 957878.254651599447243, 1945623.328420324483886 ], [ 957873.697230742895044, 1945625.381807492347434 ], [ 957867.122570496285334, 1945642.910121157066897 ] ] ] } },
{ "type": "Feature", "properties": { "GU_NAM": "강남구", "F_SHIM": 0.3, "F_AREA": 221.1, "F_DISA_NM": "2022?? 8?? 吏묒쨷?몄슦", "F_RSN_DTL": "배수용량초과", "TYPE": null, "F_SAT_YMD": "20220808" }, "geometry": { "type": "Polygon", "coordinates": [ [ [ 957847.023959319572896, 1945611.568306965986267 ], [ 957844.372474492760375, 1945618.649721041088924 ], [ 957853.307278856402263, 1945622.07109691016376 ], [ 957850.19742033793591, 1945631.314135026186705 ], [ 957858.840487391105853, 1945634.387186549603939 ], [ 957861.434428272768855, 1945635.313095095334575 ], [ 957865.534884227672592, 1945624.365442321170121 ], [ 957854.937514285207726, 1945620.343101092381403 ], [ 957856.849784164573066, 1945615.244865905726328 ], [ 957847.023959319572896, 1945611.568306965986267 ] ] ] } },
{ "type": "Feature", "properties": { "GU_NAM": "강남구", "F_SHIM": 0.3, "F_AREA": 647.5, "F_DISA_NM": "2022?? 8?? 吏묒쨷?몄슦", "F_RSN_DTL": "배수용량초과", "TYPE": null, "F_SAT_YMD": "20220808" }, "geometry": { "type": "Polygon", "coordinates": [ [ [ 957852.60899646859616, 1945607.250317430589348 ], [ 957859.814081468968652, 1945587.95931936101988 ], [ 957830.884798325365409, 1945576.626849132357165 ], [ 957823.512057920801453, 1945596.348575794138014 ], [ 957852.60899646859616, 1945607.250317430589348 ] ] ] } },
{ "type": "Feature", "properties": { "GU_NAM": "강남구", "F_SHIM": 0.3, "F_AREA": 495.4, "F_DISA_NM": "2022?? 8?? 吏묒쨷?몄슦", "F_RSN_DTL": "배수용량초과", "TYPE": null, "F_SAT_YMD": "20220808" }, "geometry": { "type": "Polygon", "coordinates": [ [ [ 957883.770229162182659, 1945575.706928768428043 ], [ 957893.341310972464271, 1945550.16572135174647 ], [ 957876.274083809927106, 1945543.828528002137318 ], [ 957873.691776223480701, 1945550.759631048422307 ], [ 957873.603030177182518, 1945550.990015539340675 ], [ 957869.197145559475757, 1945562.778973129810765 ], [ 957866.782440095208585, 1945569.269352239789441 ], [ 957883.770229162182659, 1945575.706928768428043 ] ] ] } },
{ "type": "Feature", "properties": { "GU_NAM": "강남구", "F_SHIM": 0.3, "F_AREA": 765.6, "F_DISA_NM": "2022?? 8?? 吏묒쨷?몄슦", "F_RSN_DTL": "배수용량초과", "TYPE": null, "F_SAT_YMD": "20220808" }, "geometry": { "type": "Polygon", "coordinates": [ [ [ 957899.009102788404562, 1945535.051315511344001 ], [ 957910.393766851862893, 1945504.65230768895708 ], [ 957913.745224841171876, 1945495.727871594950557 ], [ 957896.528588002431206, 1945489.491431622300297 ], [ 957894.281325260177255, 1945495.51109834574163 ], [ 957893.246466437238269, 1945498.295545238768682 ], [ 957891.89618375338614, 1945501.921350281685591 ], [ 957886.652553254389204, 1945515.963907496770844 ], [ 957881.951236396329477, 1945528.594117014203221 ], [ 957899.009102788404562, 1945535.051315511344001 ] ] ] } },
{ "type": "Feature", "properties": { "GU_NAM": "강남구", "F_SHIM": 0.3, "F_AREA": 1027.9, "F_DISA_NM": "2022?? 8?? 吏묒쨷?몄슦", "F_RSN_DTL": "배수용량초과", "TYPE": null, "F_SAT_YMD": "20220808" }, "geometry": { "type": "Polygon", "coordinates": [ [ [ 957929.117910842061974, 1945546.377537758322433 ], [ 957930.074443056830205, 1945543.903390407795087 ], [ 957954.535553331719711, 1945553.380230477079749 ], [ 957958.999772097100504, 1945541.281080452958122 ], [ 957958.173933636513539, 1945536.347295046085492 ], [ 957941.07990611216519, 1945515.515643741935492 ], [ 957934.268401230685413, 1945507.204836515476927 ], [ 957931.713539783610031, 1945513.65597237739712 ], [ 957927.511269489885308, 1945524.254293569363654 ], [ 957913.558622815879062, 1945519.000191181898117 ], [ 957912.503878000774421, 1945521.804735937388614 ], [ 957923.962491118581966, 1945526.122403976274654 ], [ 957917.758622220251709, 1945541.939388515660539 ], [ 957919.060855297371745, 1945542.452296394854784 ], [ 957929.117910842061974, 1945546.377537758322433 ] ] ] } },
{ "type": "Feature", "properties": { "GU_NAM": "강남구", "F_SHIM": 0.3, "F_AREA": 261.4, "F_DISA_NM": "2022?? 8?? 吏묒쨷?몄슦", "F_RSN_DTL": "배수용량초과", "TYPE": null, "F_SAT_YMD": "20220808" }, "geometry": { "type": "Polygon", "coordinates": [ [ [ 958161.742830660194159, 1945491.955052136909217 ], [ 958168.493977708392777, 1945473.77605244377628 ], [ 958155.834260055795312, 1945469.164859347743914 ], [ 958149.062591313151643, 1945487.244005231885239 ], [ 958161.742830660194159, 1945491.955052136909217 ] ] ] } },
{ "type": "Feature", "properties": { "GU_NAM": "강남구", "F_SHIM": 0.3, "F_AREA": 329.1, "F_DISA_NM": "2022?? 8?? 吏묒쨷?몄슦", "F_RSN_DTL": "배수용량초과", "TYPE": null, "F_SAT_YMD": "20220808" }, "geometry": { "type": "Polygon", "coordinates": [ [ [ 958190.889207759522833, 1945502.75656846514903 ], [ 958195.032820165390149, 1945499.955654221819714 ], [ 958195.480678302701563, 1945482.599751491332427 ], [ 958183.201391202397645, 1945478.096502385102212 ], [ 958176.26593343866989, 1945497.336083161178976 ], [ 958190.889207759522833, 1945502.75656846514903 ] ] ] } },
{ "type": "Feature", "properties": { "GU_NAM": "강남구", "F_SHIM": 0.3, "F_AREA": 281.3, "F_DISA_NM": "2022?? 8?? 吏묒쨷?몄슦", "F_RSN_DTL": "배수용량초과", "TYPE": null, "F_SAT_YMD": "20220808" }, "geometry": { "type": "Polygon", "coordinates": [ [ [ 958180.10653970669955, 1945476.963325474178419 ], [ 958188.247317899134941, 1945455.038358707679436 ], [ 958177.019198714056984, 1945450.82942902459763 ], [ 958168.838859969051555, 1945472.834575772983953 ], [ 958180.10653970669955, 1945476.963325474178419 ] ] ] } },
{ "type": "Feature", "properties": { "GU_NAM": "강남구", "F_SHIM": 0.3, "F_AREA": 263.8, "F_DISA_NM": "2022?? 8?? 吏묒쨷?몄슦", "F_RSN_DTL": "배수용량초과", "TYPE": null, "F_SAT_YMD": "20220808" }, "geometry": { "type": "Polygon", "coordinates": [ [ [ 958157.748951017623767, 1945428.66980849718675 ], [ 958162.596924768411554, 1945415.419057415565476 ], [ 958145.118014451232739, 1945408.734174631768838 ], [ 958140.430982497055084, 1945422.174002573825419 ], [ 958157.748951017623767, 1945428.66980849718675 ] ] ] } },
{ "type": "Feature", "properties": { "GU_NAM": "강남구", "F_SHIM": 0.3, "F_AREA": 297.6, "F_DISA_NM": "2022?? 8?? 吏묒쨷?몄슦", "F_RSN_DTL": "배수용량초과", "TYPE": null, "F_SAT_YMD": "20220808" }, "geometry": { "type": "Polygon", "coordinates": [ [ [ 958012.659415355301462, 1945667.639632606180385 ], [ 958017.206733530038036, 1945665.566306508844718 ], [ 958023.475699829286896, 1945648.829320688266307 ], [ 958009.737576826475561, 1945644.443760219961405 ], [ 958007.224818694056012, 1945651.294523899909109 ], [ 958006.984438221668825, 1945651.20583084714599 ], [ 958002.593158536823466, 1945663.864385790657252 ], [ 958012.659415355301462, 1945667.639632606180385 ] ] ] } },
{ "type": "Feature", "properties": { "GU_NAM": "강남구", "F_SHIM": 0.3, "F_AREA": 609.5, "F_DISA_NM": "2022?? 8?? 吏묒쨷?몄슦", "F_RSN_DTL": "배수용량초과", "TYPE": null, "F_SAT_YMD": "20220808" }, "geometry": { "type": "Polygon", "coordinates": [ [ [ 958016.119901285856031, 1945686.844137537525967 ], [ 958034.73127597454004, 1945694.072811770020053 ], [ 958039.483311137882993, 1945681.582282671472058 ], [ 958040.183442007750273, 1945679.769247923279181 ], [ 958045.724248327780515, 1945665.215307798236609 ], [ 958030.129717658972368, 1945659.490084977587685 ], [ 958025.592448485083878, 1945661.573354056337848 ], [ 958021.413137754192576, 1945672.731344609055668 ], [ 958016.119901285856031, 1945686.844137537525967 ] ] ] } },
{ "type": "Feature", "properties": { "GU_NAM": "강남구", "F_SHIM": 0.3, "F_AREA": 523.3, "F_DISA_NM": "2022?? 8?? 吏묒쨷?몄슦", "F_RSN_DTL": "배수용량초과", "TYPE": null, "F_SAT_YMD": "20220808" }, "geometry": { "type": "Polygon", "coordinates": [ [ [ 957969.00896281725727, 1945651.277056012069806 ], [ 957973.453400053782389, 1945639.217995606129989 ], [ 957957.428775731590576, 1945633.445068951463327 ], [ 957957.556817330303602, 1945633.084524719743058 ], [ 957934.512396475649439, 1945624.969671673839912 ], [ 957931.398354882723652, 1945633.423025341471657 ], [ 957933.471628194791265, 1945637.960347711341456 ], [ 957953.153370050829835, 1945645.333297403994948 ], [ 957969.00896281725727, 1945651.277056012069806 ] ] ] } },
{ "type": "Feature", "properties": { "GU_NAM": "강남구", "F_SHIM": 0.3, "F_AREA": 347.3, "F_DISA_NM": "2022?? 8?? 吏묒쨷?몄슦", "F_RSN_DTL": "배수용량초과", "TYPE": null, "F_SAT_YMD": "20220808" }, "geometry": { "type": "Polygon", "coordinates": [ [ [ 957951.717627550009638, 1945617.731189478654414 ], [ 957956.330090902047232, 1945605.311372956493869 ], [ 957960.666585085680708, 1945593.632742905057967 ], [ 957951.161268747644499, 1945590.074441567528993 ], [ 957946.623999025207013, 1945592.157710485393181 ], [ 957943.450775498524308, 1945600.761321585858241 ], [ 957938.838735654135235, 1945613.261106222169474 ], [ 957951.717627550009638, 1945617.731189478654414 ] ] ] } },
{ "type": "Feature", "properties": { "GU_NAM": "강남구", "F_SHIM": 0.3, "F_AREA": 644.7, "F_DISA_NM": "2022?? 8?? 吏묒쨷?몄슦", "F_RSN_DTL": "배수용량초과", "TYPE": null, "F_SAT_YMD": "20220808" }, "geometry": { "type": "Polygon", "coordinates": [ [ [ 957985.530725224409252, 1945630.127378862351179 ], [ 957994.140612574759871, 1945606.180673403898254 ], [ 957982.20134491159115, 1945601.705612542107701 ], [ 957970.432379718637094, 1945597.299623318016529 ], [ 957961.8224389674142, 1945621.236333316192031 ], [ 957973.511330509209074, 1945625.622753913281485 ], [ 957979.731393900932744, 1945627.958920327946544 ], [ 957985.530725224409252, 1945630.127378862351179 ] ] ] } },
{ "type": "Feature", "properties": { "GU_NAM": "강남구", "F_SHIM": 0.3, "F_AREA": 2183.9, "F_DISA_NM": "2022?? 8?? 吏묒쨷?몄슦", "F_RSN_DTL": "배수용량초과", "TYPE": null, "F_SAT_YMD": "20220808" }, "geometry": { "type": "Polygon", "coordinates": [ [ [ 957988.068187749478966, 1945599.635292811784893 ], [ 957992.506442235549912, 1945588.295997476670891 ], [ 957995.415916435536928, 1945580.853352021891624 ], [ 957997.288927281508222, 1945581.553165357094258 ], [ 957998.649946846766397, 1945578.067251587752253 ], [ 958005.290636054240167, 1945580.551134134409949 ], [ 958013.161044841632247, 1945558.537628097925335 ], [ 958002.493863770156167, 1945554.545645399019122 ], [ 957991.836625639116392, 1945550.543613659916446 ], [ 957978.925787371001206, 1945545.703836699482054 ], [ 957968.929661499219947, 1945541.95820573088713 ], [ 957964.382395759224892, 1945544.041527325520292 ], [ 957960.509411340579391, 1945554.528144871350378 ], [ 957959.474711630609818, 1945557.342579612741247 ], [ 957954.399372727726586, 1945571.074360044673085 ], [ 957950.447532630641945, 1945581.771317347651348 ], [ 957952.530854595126584, 1945586.318582786712795 ], [ 957962.0161259600427, 1945589.866994066163898 ], [ 957974.786755985114723, 1945594.657531870994717 ], [ 957988.068187749478966, 1945599.635292811784893 ] ] ] } },
{ "type": "Feature", "properties": { "GU_NAM": "강남구", "F_SHIM": 0.3, "F_AREA": 345.3, "F_DISA_NM": "2022?? 8?? 吏묒쨷?몄슦", "F_RSN_DTL": "배수용량초과", "TYPE": null, "F_SAT_YMD": "20220808" }, "geometry": { "type": "Polygon", "coordinates": [ [ [ 958022.012979264254682, 1945612.360661800019443 ], [ 958008.821670742589049, 1945607.412412623642012 ], [ 958022.012979264254682, 1945612.360661800019443 ], [ 958026.151512440177612, 1945601.052943419897929 ], [ 958030.24086006404832, 1945589.89542982308194 ], [ 958015.126508040586486, 1945584.237635827390477 ], [ 958013.855558387353085, 1945587.743064949987456 ], [ 958015.71857320307754, 1945588.442931212019175 ], [ 958012.930269002914429, 1945596.114848958561197 ], [ 958008.821670742589049, 1945607.412412623642012 ], [ 958022.012979264254682, 1945612.360661800019443 ] ] ] } },
{ "type": "Feature", "properties": { "GU_NAM": "강남구", "F_SHIM": 0.3, "F_AREA": 435.1, "F_DISA_NM": "2022?? 8?? 吏묒쨷?몄슦", "F_RSN_DTL": "배수용량초과", "TYPE": null, "F_SAT_YMD": "20220808" }, "geometry": { "type": "Polygon", "coordinates": [ [ [ 958090.388076358940452, 1945604.921082433313131 ], [ 958096.114941848441958, 1945589.636429880280048 ], [ 958083.524612108478323, 1945584.914911419153214 ], [ 958072.276446122792549, 1945580.696092760190368 ], [ 958066.058306142920628, 1945597.592748379800469 ], [ 958077.1267032364849, 1945601.842508008470759 ], [ 958077.777277892571874, 1945600.109706113347784 ], [ 958090.388076358940452, 1945604.921082433313131 ] ] ] } },
{ "type": "Feature", "properties": { "GU_NAM": "강남구", "F_SHIM": 0.3, "F_AREA": 1131.7, "F_DISA_NM": "2022?? 8?? 吏묒쨷?몄슦", "F_RSN_DTL": "배수용량초과", "TYPE": null, "F_SAT_YMD": "20220808" }, "geometry": { "type": "Polygon", "coordinates": [ [ [ 958042.044560655369423, 1945657.46769560337998 ], [ 958045.96503469790332, 1945646.511002061190084 ], [ 958046.329432226833887, 1945645.479455345775932 ], [ 958059.287019831943326, 1945649.709210148314014 ], [ 958063.849083799519576, 1945654.193362274440005 ], [ 958070.269123023259453, 1945648.991277880501002 ], [ 958062.714207512559369, 1945639.984671819256619 ], [ 958067.820697773247957, 1945626.472645638510585 ], [ 958070.009201217908412, 1945620.683205319102854 ], [ 958044.24490722711198, 1945610.513532589189708 ], [ 958036.911411839886568, 1945630.095099210506305 ], [ 958032.68280920793768, 1945641.38330218847841 ], [ 958029.755249972222373, 1945649.185909237712622 ], [ 958031.838519129785709, 1945653.723178137093782 ], [ 958042.044560655369423, 1945657.46769560337998 ] ] ] } },
{ "type": "Feature", "properties": { "GU_NAM": "강남구", "F_SHIM": 0.3, "F_AREA": 252.4, "F_DISA_NM": "2022?? 8?? 吏묒쨷?몄슦", "F_RSN_DTL": "배수용량초과", "TYPE": null, "F_SAT_YMD": "20220808" }, "geometry": { "type": "Polygon", "coordinates": [ [ [ 958153.126167713548057, 1945654.260211606742814 ], [ 958157.873975247493945, 1945650.406487093539909 ], [ 958162.26224472548347, 1945646.614644925342873 ], [ 958166.399237551377155, 1945642.564230830408633 ], [ 958167.234029232175089, 1945641.64015133259818 ], [ 958154.66440890613012, 1945633.279880633344874 ], [ 958143.529304139898159, 1945642.855321717914194 ], [ 958153.126167713548057, 1945654.260211606742814 ] ] ] } },
{ "type": "Feature", "properties": { "GU_NAM": "강남구", "F_SHIM": 0.3, "F_AREA": 170.7, "F_DISA_NM": "2022?? 8?? 吏묒쨷?몄슦", "F_RSN_DTL": "배수용량초과", "TYPE": null, "F_SAT_YMD": "20220808" }, "geometry": { "type": "Polygon", "coordinates": [ [ [ 958135.119381452677771, 1945632.843622082378715 ], [ 958146.258722738246433, 1945624.067860484588891 ], [ 958135.025624623289332, 1945618.919309301301837 ], [ 958131.714474079199135, 1945620.356321036349982 ], [ 958123.342071220045909, 1945613.653188992058858 ], [ 958121.351397968130186, 1945615.273134699091315 ], [ 958135.119381452677771, 1945632.843622082378715 ] ] ] } },
{ "type": "Feature", "properties": { "GU_NAM": "강남구", "F_SHIM": 0.3, "F_AREA": 181.8, "F_DISA_NM": "2022?? 8?? 吏묒쨷?몄슦", "F_RSN_DTL": "배수용량초과", "TYPE": null, "F_SAT_YMD": "20220808" }, "geometry": { "type": "Polygon", "coordinates": [ [ [ 958093.186028658761643, 1945657.566633278038353 ], [ 958102.451630523311906, 1945649.840409711236134 ], [ 958092.993863127660006, 1945638.274841895559803 ], [ 958083.577844567014836, 1945645.91189579339698 ], [ 958093.186028658761643, 1945657.566633278038353 ] ] ] } },
{ "type": "Feature", "properties": { "GU_NAM": "강남구", "F_SHIM": 0.3, "F_AREA": 778.2, "F_DISA_NM": "2022?? 8?? 吏묒쨷?몄슦", "F_RSN_DTL": "배수용량초과", "TYPE": null, "F_SAT_YMD": "20220808" }, "geometry": { "type": "Polygon", "coordinates": [ [ [ 958115.571628549601883, 1945684.727876332355663 ], [ 958126.968376559205353, 1945675.480925420299172 ], [ 958136.045960406656377, 1945668.115563851781189 ], [ 958127.41347779543139, 1945657.605229693697765 ], [ 958120.018445623922162, 1945648.587780996225774 ], [ 958112.563119790749624, 1945639.51067392132245 ], [ 958111.899041938828304, 1945638.694497419986874 ], [ 958102.800671317265369, 1945645.910024897195399 ], [ 958112.540232895873487, 1945657.833965560188517 ], [ 958101.254923193948343, 1945667.360221726121381 ], [ 958115.571628549601883, 1945684.727876332355663 ] ] ] } },
{ "type": "Feature", "properties": { "GU_NAM": "강남구", "F_SHIM": 0.3, "F_AREA": 556.5, "F_DISA_NM": "2022?? 8?? 吏묒쨷?몄슦", "F_RSN_DTL": "배수용량초과", "TYPE": null, "F_SAT_YMD": "20220808" }, "geometry": { "type": "Polygon", "coordinates": [ [ [ 958030.1270097324159, 1945706.152710905764252 ], [ 958040.193848921800964, 1945710.037913084030151 ], [ 958047.816581604769453, 1945712.97642072965391 ], [ 958051.388459940906614, 1945717.355859197210521 ], [ 958061.349576474516653, 1945729.588510565692559 ], [ 958072.624572288710624, 1945720.002330221468583 ], [ 958059.174193452810869, 1945703.889616511994973 ], [ 958056.556261430843733, 1945705.982710402458906 ], [ 958047.013491050456651, 1945701.015134265646338 ], [ 958043.465006314683706, 1945699.16462931339629 ], [ 958034.553731025778688, 1945694.523584703216329 ], [ 958030.1270097324159, 1945706.152710905764252 ] ] ] } },
{ "type": "Feature", "properties": { "GU_NAM": "강남구", "F_SHIM": 0.3, "F_AREA": 177.6, "F_DISA_NM": "2022?? 8?? 吏묒쨷?몄슦", "F_RSN_DTL": "배수용량초과", "TYPE": null, "F_SAT_YMD": "20220808" }, "geometry": { "type": "Polygon", "coordinates": [ [ [ 957923.837423259625211, 1945691.211566742276773 ], [ 957927.773917792830616, 1945679.505066076759249 ], [ 957914.031662770663388, 1945674.339817957719788 ], [ 957910.956652362830937, 1945682.613032233901322 ], [ 957913.029978918028064, 1945687.160350589081645 ], [ 957923.837423259625211, 1945691.211566742276773 ] ] ] } },
{ "type": "Feature", "properties": { "GU_NAM": "강남구", "F_SHIM": 0.3, "F_AREA": 203.2, "F_DISA_NM": "2022?? 8?? 吏묒쨷?몄슦", "F_RSN_DTL": "배수용량초과", "TYPE": null, "F_SAT_YMD": "20220808" }, "geometry": { "type": "Polygon", "coordinates": [ [ [ 957977.584176953998394, 1945711.35922583239153 ], [ 957981.822563154157251, 1945700.030984934419394 ], [ 957982.088748201262206, 1945699.329835508484393 ], [ 957967.235190850449726, 1945693.840598117094487 ], [ 957962.720199823146686, 1945705.790073601761833 ], [ 957977.584176953998394, 1945711.35922583239153 ] ] ] } },
{ "type": "Feature", "properties": { "GU_NAM": "강남구", "F_SHIM": 0.3, "F_AREA": 4545.0, "F_DISA_NM": "2022?? 8?? 吏묒쨷?몄슦", "F_RSN_DTL": "배수용량초과", "TYPE": null, "F_SAT_YMD": "20220808" }, "geometry": { "type": "Polygon", "coordinates": [ [ [ 957884.795325284823775, 1945432.949671072652563 ], [ 957880.743292196770199, 1945443.426171316299587 ], [ 957915.616519688512199, 1945484.404173216084018 ], [ 957916.294406578759663, 1945489.336743398103863 ], [ 957870.864585897070356, 1945610.531350396340713 ], [ 957866.465946531272493, 1945612.365977536188439 ], [ 957880.131370429648086, 1945617.557624175911769 ], [ 957878.110065688029863, 1945613.018026936333627 ], [ 957921.309634521021508, 1945498.223855331307277 ], [ 957926.279448405024596, 1945497.405823279172182 ], [ 957960.081654262379743, 1945538.504381628939882 ], [ 957964.397600354859605, 1945543.892502272501588 ], [ 957968.962901246384718, 1945541.817082159221172 ], [ 958177.932347815018147, 1945620.186453487258404 ], [ 958182.283218963886611, 1945611.410667782649398 ], [ 957965.980608747457154, 1945530.230203456711024 ], [ 957884.795325284823775, 1945432.949671072652563 ] ] ] } },
{ "type": "Feature", "properties": { "GU_NAM": "강남구", "F_SHIM": 0.3, "F_AREA": 2234.3, "F_DISA_NM": "2022?? 8?? 吏묒쨷?몄슦", "F_RSN_DTL": "배수용량초과", "TYPE": null, "F_SAT_YMD": "20220808" }, "geometry": { "type": "Polygon", "coordinates": [ [ [ 957821.618328540353104, 1945601.927533844485879 ], [ 957864.183806049404666, 1945617.840032810345292 ], [ 957866.288644225220196, 1945622.486147750401869 ], [ 957873.719707883894444, 1945625.284724534256384 ], [ 957878.269988565472886, 1945623.204385245684534 ], [ 957917.353735651471652, 1945638.168686927529052 ], [ 957919.423344228183851, 1945642.769005311885849 ], [ 957924.981576527119614, 1945644.901754905935377 ], [ 957929.494919387856498, 1945642.830607965122908 ], [ 958010.995410576928407, 1945673.371315314201638 ], [ 958013.065710340859368, 1945677.724721496226266 ], [ 958017.060946804936975, 1945665.784997621551156 ], [ 958012.742948729195632, 1945667.746150226332247 ], [ 957933.453341323882341, 1945638.282324675470591 ], [ 957931.162445311550982, 1945633.612205066950992 ], [ 957946.398121287347749, 1945592.16490483423695 ], [ 957951.07880911079701, 1945589.981913030846044 ], [ 958030.567965170135722, 1945619.752570329932496 ], [ 958032.64425816712901, 1945624.293874761788175 ], [ 958036.362311326200143, 1945614.186937310034409 ], [ 958031.913492784253322, 1945616.172773715108633 ], [ 957952.522461868240498, 1945586.432584791211411 ], [ 957950.421659538289532, 1945581.79344621556811 ], [ 957964.355417163111269, 1945544.043669497827068 ], [ 957959.990776635357179, 1945538.709786698454991 ], [ 957925.930716769187711, 1945631.408751455368474 ], [ 957921.297691975720227, 1945633.531513372668996 ], [ 957823.586886150413193, 1945596.510119081940502 ], [ 957821.618328540353104, 1945601.927533844485879 ] ] ] } },
{ "type": "Feature", "properties": { "GU_NAM": "강남구", "F_SHIM": 0.3, "F_AREA": 2072.8, "F_DISA_NM": "2022?? 8?? 吏묒쨷?몄슦", "F_RSN_DTL": "배수용량초과", "TYPE": null, "F_SAT_YMD": "20220808" }, "geometry": { "type": "Polygon", "coordinates": [ [ [ 957950.003509867121466, 1945420.961580760544166 ], [ 957954.052205830812454, 1945419.301744022173807 ], [ 958087.901603034581058, 1945469.924573103431612 ], [ 958090.027923997025937, 1945474.663538805674762 ], [ 958075.227483573486097, 1945514.488128949422389 ], [ 958070.715241343365051, 1945516.578262028982863 ], [ 957937.071705905604176, 1945464.623843919718638 ], [ 957935.077069421415217, 1945460.212057685246691 ], [ 957931.370971103780903, 1945470.1230052865576 ], [ 957935.74011901137419, 1945468.193570557283238 ], [ 958069.152783221215941, 1945519.967279043979943 ], [ 958071.388769181794487, 1945524.650684275664389 ], [ 958058.212841986794956, 1945560.911994971102104 ], [ 958054.009252396295778, 1945562.769579299259931 ], [ 958064.836702426197007, 1945566.823689193930477 ], [ 958062.948831819579937, 1945563.130070347804576 ], [ 958095.082439797231928, 1945477.380740547785535 ], [ 958099.433202280313708, 1945475.377431090222672 ], [ 958101.070931411115453, 1945469.402979012811556 ], [ 958098.913287617499009, 1945465.166991875739768 ], [ 958093.886057591531426, 1945462.505624672630802 ], [ 958089.250129760010168, 1945464.646394030656666 ], [ 957955.94685330381617, 1945414.084647464565933 ], [ 957953.990055990288965, 1945410.02253041556105 ], [ 957950.003509867121466, 1945420.961580760544166 ] ] ] } },
{ "type": "Feature", "properties": { "GU_NAM": "강남구", "F_SHIM": 0.3, "F_AREA": 1397.1, "F_DISA_NM": "2022?? 8?? 吏묒쨷?몄슦", "F_RSN_DTL": "배수용량초과", "TYPE": null, "F_SAT_YMD": "20220808" }, "geometry": { "type": "Polygon", "coordinates": [ [ [ 958049.264362827292643, 1945572.269184328615665 ], [ 958050.78391204518266, 1945576.25364671391435 ], [ 957999.108149819308892, 1945715.69754126528278 ], [ 957994.86648142687045, 1945717.726264451164752 ], [ 958006.304207490058616, 1945721.875103273428977 ], [ 958004.407241932116449, 1945717.785680195549503 ], [ 958025.434347605332732, 1945661.543203150853515 ], [ 958030.049093066714704, 1945659.366558281937614 ], [ 958053.021700765006244, 1945667.700708485441282 ], [ 958084.036868587136269, 1945705.765155898407102 ], [ 958083.519244931638241, 1945710.51712802820839 ], [ 958092.90043988567777, 1945702.722316819708794 ], [ 958088.558961155591533, 1945702.515401922632009 ], [ 958061.19465469638817, 1945668.644044070504606 ], [ 958061.596217893762514, 1945663.683764545246959 ], [ 958054.322048464557156, 1945662.196868350030854 ], [ 958031.617529442068189, 1945653.898284024791792 ], [ 958029.483174802036956, 1945649.341293199919164 ], [ 958055.997809893568046, 1945578.299253661651164 ], [ 958060.118363845162094, 1945576.429113992024213 ], [ 958049.264362827292643, 1945572.269184328615665 ] ] ] } },
{ "type": "Feature", "properties": { "GU_NAM": "강남구", "F_SHIM": 0.2, "F_AREA": 204.65, "F_DISA_NM": "2022년 8.8. ~ 17. 호우(재난지원금)", "F_RSN_DTL": "침수", "TYPE": "주택", "F_SAT_YMD": "20220808 - 2200" }, "geometry": { "type": "Polygon", "coordinates": [ [ [ 960566.317835387890227, 1947083.285017909947783 ], [ 960582.958957316353917, 1947090.334155959542841 ], [ 960587.482022127369419, 1947079.914090702543035 ], [ 960571.130942319286987, 1947072.893404287984595 ], [ 960566.317835387890227, 1947083.285017909947783 ] ] ] } },
{ "type": "Feature", "properties": { "GU_NAM": "강남구", "F_SHIM": 0.2, "F_AREA": 186.59, "F_DISA_NM": "2022년 8.8. ~ 17. 호우(재난지원금)", "F_RSN_DTL": "침수", "TYPE": "주택", "F_SAT_YMD": "20220812 - 0000" }, "geometry": { "type": "Polygon", "coordinates": [ [ [ 960155.760970019968227, 1947069.916418555192649 ], [ 960158.06733808782883, 1947069.394388118293136 ], [ 960173.087128966464661, 1947059.098628014558926 ], [ 960175.072695031180046, 1947054.629778122529387 ], [ 960163.210768068092875, 1947049.654524082550779 ], [ 960155.310818246100098, 1947067.969534806674346 ], [ 960155.760970019968227, 1947069.916418555192649 ] ] ] } },
{ "type": "Feature", "properties": { "GU_NAM": "강남구", "F_SHIM": 0.2, "F_AREA": 182.94, "F_DISA_NM": "2022년 8.8. ~ 17. 호우(재난지원금)", "F_RSN_DTL": "침수", "TYPE": "주택", "F_SAT_YMD": "20220822 - 1458" }, "geometry": { "type": "Polygon", "coordinates": [ [ [ 959979.529917310341261, 1947006.324459560681134 ], [ 959993.112281580572017, 1947000.184760672273114 ], [ 959988.054917050641961, 1946989.005759125109762 ], [ 959974.482548603322357, 1946995.145404909970239 ], [ 959979.529917310341261, 1947006.324459560681134 ] ] ] } },
{ "type": "Feature", "properties": { "GU_NAM": "강남구", "F_SHIM": 0.2, "F_AREA": 238.47, "F_DISA_NM": "2022년 8.8. ~ 17. 호우(재난지원금)", "F_RSN_DTL": "침수", "TYPE": "주택", "F_SAT_YMD": "20220817 - 1618" }, "geometry": { "type": "Polygon", "coordinates": [ [ [ 959999.62520759482868, 1947065.335818719817325 ], [ 959994.284565027221106, 1947053.518558472162113 ], [ 959991.480024711578153, 1947052.463820712640882 ], [ 959978.884931529639289, 1947058.158453606301919 ], [ 959985.105500010889955, 1947071.910324475960806 ], [ 959999.62520759482868, 1947065.335818719817325 ] ] ] } },
{ "type": "Feature", "properties": { "GU_NAM": "강남구", "F_SHIM": 0.2, "F_AREA": 183.43, "F_DISA_NM": "2022년 8.8. ~ 17. 호우(재난지원금)", "F_RSN_DTL": "침수", "TYPE": "주택", "F_SAT_YMD": "20220812 - 0000" }, "geometry": { "type": "Polygon", "coordinates": [ [ [ 959989.839233570266515, 1947082.381306536030024 ], [ 960004.368989944690838, 1947075.816743655595928 ], [ 959999.62520759482868, 1947065.335818719817325 ], [ 959985.105500010889955, 1947071.910324475960806 ], [ 959989.839233570266515, 1947082.381306536030024 ] ] ] } },
{ "type": "Feature", "properties": { "GU_NAM": "강남구", "F_SHIM": 0.2, "F_AREA": 202.26, "F_DISA_NM": "2022년 8.8. ~ 17. 호우(재난지원금)", "F_RSN_DTL": "침수", "TYPE": "주택", "F_SAT_YMD": "20220823 - 1432" }, "geometry": { "type": "Polygon", "coordinates": [ [ [ 959929.062258617952466, 1946967.356588940834627 ], [ 959939.184177933144383, 1946962.77465016557835 ], [ 959931.689128049300052, 1946946.200591282919049 ], [ 959921.567208568449132, 1946950.782529913820326 ], [ 959929.062258617952466, 1946967.356588940834627 ] ] ] } },
{ "type": "Feature", "properties": { "GU_NAM": "강남구", "F_SHIM": 0.2, "F_AREA": 312.47, "F_DISA_NM": "2022년 8.8. ~ 17. 호우(재난지원금)", "F_RSN_DTL": "침수", "TYPE": "주택", "F_SAT_YMD": "20220824 - 1350" }, "geometry": { "type": "Polygon", "coordinates": [ [ [ 959939.783331056358293, 1947085.275571539998055 ], [ 959941.299503257032484, 1947086.547057766001672 ], [ 959951.911663577659056, 1947083.931781989289448 ], [ 959955.25484378321562, 1947080.995160012040287 ], [ 959961.776554327225313, 1947074.23312199767679 ], [ 959964.937809390481561, 1947072.806898474460468 ], [ 959962.550685795024037, 1947067.521533361868933 ], [ 959959.603924048133194, 1947066.037710326025262 ], [ 959951.945592982578091, 1947067.697685452643782 ], [ 959943.83356898277998, 1947074.288218100555241 ], [ 959936.412227866472676, 1947075.397143512032926 ], [ 959939.783331056358293, 1947085.275571539998055 ] ] ] } },
{ "type": "Feature", "properties": { "GU_NAM": "강남구", "F_SHIM": 0.2, "F_AREA": 189.66, "F_DISA_NM": "2022년 8.8. ~ 17. 호우(재난지원금)", "F_RSN_DTL": "침수(기타)", "TYPE": "주택", "F_SAT_YMD": "20220809 - 0000" }, "geometry": { "type": "Polygon", "coordinates": [ [ [ 960008.113173252204433, 1947144.781048665056005 ], [ 960016.858930630958639, 1947140.826168531319126 ], [ 960016.039563266211189, 1947139.001196091063321 ], [ 960018.771997620817274, 1947137.767173625761643 ], [ 960013.198798358207569, 1947125.451333715347573 ], [ 960001.720606469199993, 1947130.640236181672662 ], [ 960008.113173252204433, 1947144.781048665056005 ] ] ] } },
{ "type": "Feature", "properties": { "GU_NAM": "강남구", "F_SHIM": 0.2, "F_AREA": 181.09, "F_DISA_NM": "2022년 8.8. ~ 17. 호우(재난지원금)", "F_RSN_DTL": "침수", "TYPE": "주택", "F_SAT_YMD": "20220809 - 0000" }, "geometry": { "type": "Polygon", "coordinates": [ [ [ 959975.488980786409229, 1947088.86494838562794 ], [ 959989.839233570266515, 1947082.381306536030024 ], [ 959985.105500010889955, 1947071.910324475960806 ], [ 959970.755247079418041, 1947078.393966195872054 ], [ 959975.488980786409229, 1947088.86494838562794 ] ] ] } },
{ "type": "Feature", "properties": { "GU_NAM": "강남구", "F_SHIM": 0.2, "F_AREA": 223.18, "F_DISA_NM": "2022년 8.8. ~ 17. 호우(재난지원금)", "F_RSN_DTL": "침수", "TYPE": "주택", "F_SAT_YMD": "20220810 - 0000" }, "geometry": { "type": "Polygon", "coordinates": [ [ [ 959994.494294154224917, 1947102.529078955762088 ], [ 960004.516517188982107, 1947097.997648595599458 ], [ 959996.171686481218785, 1947079.518810582580045 ], [ 959986.149463264620863, 1947084.050240789772943 ], [ 959994.494294154224917, 1947102.529078955762088 ] ] ] } },
{ "type": "Feature", "properties": { "GU_NAM": "강남구", "F_SHIM": 0.2, "F_AREA": 435.72, "F_DISA_NM": "2022년 8.8. ~ 17. 호우(재난지원금)", "F_RSN_DTL": "침수", "TYPE": "주택", "F_SAT_YMD": "20220811 - 0000" }, "geometry": { "type": "Polygon", "coordinates": [ [ [ 959936.557308903895319, 1946983.930647698231041 ], [ 959958.366860225331038, 1946974.068731779931113 ], [ 959950.871810299344361, 1946957.494673332665116 ], [ 959929.062258617952466, 1946967.356588940834627 ], [ 959936.557308903895319, 1946983.930647698231041 ] ] ] } },
{ "type": "Feature", "properties": { "GU_NAM": "강남구", "F_SHIM": 0.2, "F_AREA": 384.17, "F_DISA_NM": "2022년 8.8. ~ 17. 호우(재난지원금)", "F_RSN_DTL": "침수", "TYPE": "주택", "F_SAT_YMD": "20220808 - 1003" }, "geometry": { "type": "Polygon", "coordinates": [ [ [ 959887.445978918927722, 1947129.236545122927055 ], [ 959886.016790234483778, 1947138.720568188466132 ], [ 959906.815583895542659, 1947141.849138988880441 ], [ 959915.746671178960241, 1947125.70784207014367 ], [ 959897.619080715347081, 1947122.994954860769212 ], [ 959887.445978918927722, 1947129.236545122927055 ] ] ] } },
{ "type": "Feature", "properties": { "GU_NAM": "강남구", "F_SHIM": 0.2, "F_AREA": 230.86, "F_DISA_NM": "2022년 8.8. ~ 17. 호우(재난지원금)", "F_RSN_DTL": "침수", "TYPE": "주택", "F_SAT_YMD": "20220810 - 0000" }, "geometry": { "type": "Polygon", "coordinates": [ [ [ 959781.332404099055566, 1947122.951419370248914 ], [ 959795.031892483821139, 1947120.049883691128343 ], [ 959791.54824418365024, 1947104.024353262269869 ], [ 959777.798193147638813, 1947106.816197836073115 ], [ 959781.332404099055566, 1947122.951419370248914 ] ] ] } },
{ "type": "Feature", "properties": { "GU_NAM": "강남구", "F_SHIM": 0.2, "F_AREA": 271.89, "F_DISA_NM": "2022년 8.8. ~ 17. 호우(재난지원금)", "F_RSN_DTL": "침수(기타)", "TYPE": "주택", "F_SAT_YMD": "20220809 - 0000" }, "geometry": { "type": "Polygon", "coordinates": [ [ [ 959722.677544764010236, 1946823.604453586507589 ], [ 959735.996870081289671, 1946820.644959026947618 ], [ 959731.74499023752287, 1946801.124807336833328 ], [ 959718.505632607266307, 1946804.083877898054197 ], [ 959722.677544764010236, 1946823.604453586507589 ] ] ] } },
{ "type": "Feature", "properties": { "GU_NAM": "강남구", "F_SHIM": 0.2, "F_AREA": 190.44, "F_DISA_NM": "2022년 8.8. ~ 17. 호우(재난지원금)", "F_RSN_DTL": "침수", "TYPE": "주택", "F_SAT_YMD": "20220808 - 0600" }, "geometry": { "type": "Polygon", "coordinates": [ [ [ 959871.776246538036503, 1946001.871965147787705 ], [ 959882.472283670911565, 1946005.653860411373898 ], [ 959885.204455167287961, 1946004.369861233513802 ], [ 959889.342392812133767, 1945992.952208278002217 ], [ 959876.663075014133938, 1945988.411108476808295 ], [ 959871.776246538036503, 1946001.871965147787705 ] ] ] } },
{ "type": "Feature", "properties": { "GU_NAM": "강남구", "F_SHIM": 0.2, "F_AREA": 189.96, "F_DISA_NM": "2022년 8.8. ~ 17. 호우(재난지원금)", "F_RSN_DTL": "침수", "TYPE": "주택", "F_SAT_YMD": "20220816 - 0000" }, "geometry": { "type": "Polygon", "coordinates": [ [ [ 960006.660978433676064, 1945948.147225516615435 ], [ 960008.534038419602439, 1945948.857032583095133 ], [ 960007.18450194131583, 1945952.622773568378761 ], [ 960018.613473765668459, 1945957.010557324392721 ], [ 960023.291604708298109, 1945943.780722504248843 ], [ 960009.950807149638422, 1945938.913250730372965 ], [ 960006.660978433676064, 1945948.147225516615435 ] ] ] } },
{ "type": "Feature", "properties": { "GU_NAM": "강남구", "F_SHIM": 0.2, "F_AREA": 247.05, "F_DISA_NM": "2022년 8.8. ~ 17. 호우(재난지원금)", "F_RSN_DTL": "침수", "TYPE": "주택", "F_SAT_YMD": "20220816 - 0000" }, "geometry": { "type": "Polygon", "coordinates": [ [ [ 960022.209921288536862, 1945943.386602958431467 ], [ 960038.966071154456586, 1945949.505504741799086 ], [ 960043.724805375095457, 1945936.395198265090585 ], [ 960026.96960890700575, 1945930.456223785644397 ], [ 960022.209921288536862, 1945943.386602958431467 ] ] ] } },
{ "type": "Feature", "properties": { "GU_NAM": "강남구", "F_SHIM": 0.2, "F_AREA": 188.38, "F_DISA_NM": "2022년 8.8. ~ 17. 호우(재난지원금)", "F_RSN_DTL": "침수", "TYPE": "주택", "F_SAT_YMD": "20220808 - 2030" }, "geometry": { "type": "Polygon", "coordinates": [ [ [ 959991.910456417594105, 1945947.005828611087054 ], [ 960003.438434911076911, 1945951.213155420264229 ], [ 960004.787971401121467, 1945947.447414419613779 ], [ 960006.660978433676064, 1945948.147225516615435 ], [ 960009.950807149638422, 1945938.913250730372965 ], [ 959996.630001373123378, 1945934.04567290074192 ], [ 959991.910456417594105, 1945947.005828611087054 ] ] ] } },
{ "type": "Feature", "properties": { "GU_NAM": "강남구", "F_SHIM": 0.2, "F_AREA": 302.72, "F_DISA_NM": "2022년 8.8. ~ 17. 호우(재난지원금)", "F_RSN_DTL": "침수", "TYPE": "주택", "F_SAT_YMD": "20220825 - 1615" }, "geometry": { "type": "Polygon", "coordinates": [ [ [ 959648.492474597180262, 1945583.471991972299293 ], [ 959665.711873640888371, 1945588.348912802059203 ], [ 959669.923418666352518, 1945573.842025572899729 ], [ 959668.550886317621917, 1945571.380220950348303 ], [ 959655.125787731725723, 1945567.582788054831326 ], [ 959652.653986932244152, 1945568.955373282544315 ], [ 959648.492474597180262, 1945583.471991972299293 ] ] ] } },
{ "type": "Feature", "properties": { "GU_NAM": "강남구", "F_SHIM": 0.2, "F_AREA": 185.18, "F_DISA_NM": "2022년 8.8. ~ 17. 호우(재난지원금)", "F_RSN_DTL": "침수", "TYPE": "주택", "F_SAT_YMD": "20220808 - 2200" }, "geometry": { "type": "Polygon", "coordinates": [ [ [ 960134.801270038355142, 1945340.226025270298123 ], [ 960146.367763185757212, 1945338.495381255168468 ], [ 960157.934256191947497, 1945336.764737284509465 ], [ 960157.851005482021719, 1945336.145410656696185 ], [ 960148.644797693705186, 1945332.435586882987991 ], [ 960130.943154931301251, 1945325.212099062046036 ], [ 960134.34445012290962, 1945337.019648174289614 ], [ 960134.801270038355142, 1945340.226025270298123 ] ] ] } },
{ "type": "Feature", "properties": { "GU_NAM": "강남구", "F_SHIM": 0.2, "F_AREA": 173.97, "F_DISA_NM": "2022년 8.8. ~ 17. 호우(재난지원금)", "F_RSN_DTL": "침수", "TYPE": "주택", "F_SAT_YMD": "20220817 - 0000" }, "geometry": { "type": "Polygon", "coordinates": [ [ [ 960148.485626171692275, 1945353.338593092281371 ], [ 960159.852358532370999, 1945351.638995866756886 ], [ 960157.934256191947497, 1945336.764737284509465 ], [ 960146.367763185757212, 1945338.495381255168468 ], [ 960148.485626171692275, 1945353.338593092281371 ] ] ] } },
{ "type": "Feature", "properties": { "GU_NAM": "강남구", "F_SHIM": 0.2, "F_AREA": 165.38, "F_DISA_NM": "2022년 8.8. ~ 17. 호우(재난지원금)", "F_RSN_DTL": "침수", "TYPE": "주택", "F_SAT_YMD": "20220808 - 2100" }, "geometry": { "type": "Polygon", "coordinates": [ [ [ 960162.320210425881669, 1945353.29529722314328 ], [ 960172.018886120640673, 1945351.844446102157235 ], [ 960170.603518055519089, 1945341.295901675708592 ], [ 960157.851005482021719, 1945336.145410656696185 ], [ 960157.934256191947497, 1945336.764737284509465 ], [ 960159.852358532370999, 1945351.638995866756886 ], [ 960162.029838968184777, 1945351.317577503155917 ], [ 960162.320210425881669, 1945353.29529722314328 ] ] ] } },
{ "type": "Feature", "properties": { "GU_NAM": "강남구", "F_SHIM": 0.2, "F_AREA": 300.59, "F_DISA_NM": "2022년 8.8. ~ 17. 호우(재난지원금)", "F_RSN_DTL": "침수", "TYPE": "주택", "F_SAT_YMD": "20220823 - 1750" }, "geometry": { "type": "Polygon", "coordinates": [ [ [ 960271.212707052705809, 1947504.721320341341197 ], [ 960292.820291660609655, 1947498.249194955686107 ], [ 960289.153141206246801, 1947485.323484720662236 ], [ 960267.62663663411513, 1947492.005101407179609 ], [ 960271.212707052705809, 1947504.721320341341197 ] ] ] } },
{ "type": "Feature", "properties": { "GU_NAM": "강남구", "F_SHIM": 0.2, "F_AREA": 386.27, "F_DISA_NM": "2022년 8.8. ~ 17. 호우(재난지원금)", "F_RSN_DTL": "침수(공공하수도역류)", "TYPE": "주택", "F_SAT_YMD": "20220809 - 0200" }, "geometry": { "type": "Polygon", "coordinates": [ [ [ 959542.494175537023693, 1945342.313984040403739 ], [ 959563.026644785655662, 1945357.439517289865762 ], [ 959565.193831303040497, 1945334.416650474304333 ], [ 959554.91442390717566, 1945326.254177964758128 ], [ 959542.494175537023693, 1945342.313984040403739 ] ] ] } },
{ "type": "Feature", "properties": { "GU_NAM": "강남구", "F_SHIM": 0.2, "F_AREA": 236.0, "F_DISA_NM": "2022년 8.8. ~ 17. 호우(재난지원금)", "F_RSN_DTL": "침수", "TYPE": "주택", "F_SAT_YMD": "20220822 - 1615" }, "geometry": { "type": "Polygon", "coordinates": [ [ [ 959479.512111368705519, 1946784.657995307352394 ], [ 959492.37241977325175, 1946781.85087662935257 ], [ 959487.892591812415048, 1946762.701789040816948 ], [ 959481.05307911708951, 1946764.197483660653234 ], [ 959476.113978790002875, 1946780.997377769090235 ], [ 959479.512111368705519, 1946784.657995307352394 ] ] ] } },
{ "type": "Feature", "properties": { "GU_NAM": "강남구", "F_SHIM": 0.2, "F_AREA": 201.91, "F_DISA_NM": "2022년 8.8. ~ 17. 호우(재난지원금)", "F_RSN_DTL": "침수", "TYPE": "주택", "F_SAT_YMD": "20220812 - 0000" }, "geometry": { "type": "Polygon", "coordinates": [ [ [ 959614.535550486645661, 1947075.92323296610266 ], [ 959629.321583793614991, 1947072.446153097087517 ], [ 959626.413442281773314, 1947059.386458503548056 ], [ 959611.71800831228029, 1947062.983013180550188 ], [ 959614.535550486645661, 1947075.92323296610266 ] ] ] } },
{ "type": "Feature", "properties": { "GU_NAM": "강남구", "F_SHIM": 0.2, "F_AREA": 189.59, "F_DISA_NM": "2022년 8.8. ~ 17. 호우(재난지원금)", "F_RSN_DTL": "침수", "TYPE": "주택", "F_SAT_YMD": "20220808 - 1027" }, "geometry": { "type": "Polygon", "coordinates": [ [ [ 960014.505687236436643, 1947158.911864980589598 ], [ 960025.98387880763039, 1947153.722962235100567 ], [ 960020.420675350818783, 1947141.407069549430162 ], [ 960017.688241002499126, 1947142.641092025442049 ], [ 960016.858930630958639, 1947140.826168531319126 ], [ 960008.113173252204433, 1947144.781048665056005 ], [ 960014.505687236436643, 1947158.911864980589598 ] ] ] } },
{ "type": "Feature", "properties": { "GU_NAM": "강남구", "F_SHIM": 0.2, "F_AREA": 348.93, "F_DISA_NM": "2022년 8.8. ~ 17. 호우(재난지원금)", "F_RSN_DTL": "침수", "TYPE": "주택", "F_SAT_YMD": "20220811 - 0000" }, "geometry": { "type": "Polygon", "coordinates": [ [ [ 959855.985961653874256, 1947059.09959307173267 ], [ 959873.910152499098331, 1947063.043098848778754 ], [ 959877.990265192114748, 1947044.488421413348988 ], [ 959860.06607450125739, 1947040.544915297301486 ], [ 959855.985961653874256, 1947059.09959307173267 ] ] ] } },
{ "type": "Feature", "properties": { "GU_NAM": "강남구", "F_SHIM": 0.2, "F_AREA": 259.91, "F_DISA_NM": "2022년 8.8. ~ 17. 호우(재난지원금)", "F_RSN_DTL": "침수", "TYPE": "주택", "F_SAT_YMD": "20220809 - 0000" }, "geometry": { "type": "Polygon", "coordinates": [ [ [ 959811.785274095600471, 1947161.485551555640996 ], [ 959828.722391811897978, 1947164.024814178934321 ], [ 959829.465914573753253, 1947159.08272392116487 ], [ 959824.505525255342945, 1947145.454124773852527 ], [ 959814.421265629702248, 1947143.938150613335893 ], [ 959811.785274095600471, 1947161.485551555640996 ] ] ] } },
{ "type": "Feature", "properties": { "GU_NAM": "강남구", "F_SHIM": 0.2, "F_AREA": 359.3, "F_DISA_NM": "2022년 8.8. ~ 17. 호우(재난지원금)", "F_RSN_DTL": "침수", "TYPE": "주택", "F_SAT_YMD": "20220811 - 0000" }, "geometry": { "type": "Polygon", "coordinates": [ [ [ 959850.033913934370503, 1947228.067847068188712 ], [ 959865.160849914886057, 1947222.899592021945864 ], [ 959870.843278116895817, 1947223.759146222379059 ], [ 959872.484855529968627, 1947212.854529164964333 ], [ 959843.362735178205185, 1947208.510538787813857 ], [ 959850.033913934370503, 1947228.067847068188712 ] ] ] } },
{ "type": "Feature", "properties": { "GU_NAM": "강남구", "F_SHIM": 0.2, "F_AREA": 262.51, "F_DISA_NM": "2022년 8.8. ~ 17. 호우(재난지원금)", "F_RSN_DTL": "침수(도로범람유입)", "TYPE": "주택", "F_SAT_YMD": "20220809 - 0200" }, "geometry": { "type": "Polygon", "coordinates": [ [ [ 959618.437213544500992, 1945567.147379357600585 ], [ 959631.868561133975163, 1945572.124337709043175 ], [ 959638.556449244497344, 1945555.215226205997169 ], [ 959624.665710486122407, 1945550.320671294583008 ], [ 959618.437213544500992, 1945567.147379357600585 ] ] ] } },
{ "type": "Feature", "properties": { "GU_NAM": "강남구", "F_SHIM": 0.2, "F_AREA": 731.07, "F_DISA_NM": "2022년 8.8. ~ 17. 호우(재난지원금)", "F_RSN_DTL": "침수", "TYPE": "주택", "F_SAT_YMD": "20220825 - 1523" }, "geometry": { "type": "Polygon", "coordinates": [ [ [ 959328.319177666329779, 1945175.281413888558745 ], [ 959363.924517637002282, 1945188.2378943876829 ], [ 959370.675767956767231, 1945170.07891255337745 ], [ 959334.951429801410995, 1945157.302994477795437 ], [ 959328.319177666329779, 1945175.281413888558745 ] ] ] } },
{ "type": "Feature", "properties": { "GU_NAM": "강남구", "F_SHIM": 0.2, "F_AREA": 295.42, "F_DISA_NM": "2022년 8.8. ~ 17. 호우(재난지원금)", "F_RSN_DTL": "침수", "TYPE": "주택", "F_SAT_YMD": "20220819 - 1837" }, "geometry": { "type": "Polygon", "coordinates": [ [ [ 959402.690681939595379, 1945748.812745557865128 ], [ 959414.679276327602565, 1945753.167581234592944 ], [ 959422.580875126994215, 1945731.383856092114002 ], [ 959410.612378807505593, 1945727.04890621569939 ], [ 959402.690681939595379, 1945748.812745557865128 ] ] ] } },
{ "type": "Feature", "properties": { "GU_NAM": "강남구", "F_SHIM": 0.2, "F_AREA": 229.65, "F_DISA_NM": "2022년 8.8. ~ 17. 호우(재난지원금)", "F_RSN_DTL": "침수", "TYPE": "주택", "F_SAT_YMD": "20220825 - 1623" }, "geometry": { "type": "Polygon", "coordinates": [ [ [ 959169.55339939519763, 1947027.140347848180681 ], [ 959164.986416078754701, 1947042.478822808014229 ], [ 959172.885905942879617, 1947044.826069846283644 ], [ 959168.299286538385786, 1947058.345329091651365 ], [ 959171.103988277493045, 1947059.43005570047535 ], [ 959180.996710902894847, 1947030.458446187665686 ], [ 959169.55339939519763, 1947027.140347848180681 ] ] ] } },
{ "type": "Feature", "properties": { "GU_NAM": "강남구", "F_SHIM": 0.2, "F_AREA": 170.72, "F_DISA_NM": "2022년 8.8. ~ 17. 호우(재난지원금)", "F_RSN_DTL": "침수", "TYPE": "주택", "F_SAT_YMD": "20220819 - 1818" }, "geometry": { "type": "Polygon", "coordinates": [ [ [ 959416.105412892415188, 1947075.095432236790657 ], [ 959427.389988876297139, 1947076.754991123219952 ], [ 959429.560795566183515, 1947061.969015862327069 ], [ 959418.286056705983356, 1947060.279415892902762 ], [ 959416.105412892415188, 1947075.095432236790657 ] ] ] } },
{ "type": "Feature", "properties": { "GU_NAM": "강남구", "F_SHIM": 0.2, "F_AREA": 474.22, "F_DISA_NM": "2022년 8.8. ~ 17. 호우(재난지원금)", "F_RSN_DTL": "침수(공공하수도역류)", "TYPE": "주택", "F_SAT_YMD": "22080808 - 2300" }, "geometry": { "type": "Polygon", "coordinates": [ [ [ 959480.070966427214444, 1946078.869148339377716 ], [ 959506.612409397144802, 1946086.675557803362608 ], [ 959511.402800582232885, 1946070.106369753135368 ], [ 959485.01219786668662, 1946062.469097113469616 ], [ 959480.070966427214444, 1946078.869148339377716 ] ] ] } },
{ "type": "Feature", "properties": { "GU_NAM": "강남구", "F_SHIM": 0.2, "F_AREA": 177.76, "F_DISA_NM": "2022년 8.8. ~ 17. 호우(재난지원금)", "F_RSN_DTL": "침수", "TYPE": "주택", "F_SAT_YMD": "20220824 - 1002" }, "geometry": { "type": "Polygon", "coordinates": [ [ [ 959313.86724276386667, 1945890.960308366920799 ], [ 959327.24792816338595, 1945895.807580644730479 ], [ 959330.819845793885179, 1945883.213361140107736 ], [ 959317.304671296966262, 1945879.396416078554466 ], [ 959313.86724276386667, 1945890.960308366920799 ] ] ] } },
{ "type": "Feature", "properties": { "GU_NAM": "강남구", "F_SHIM": 0.2, "F_AREA": 224.77, "F_DISA_NM": "2022년 8.8. ~ 17. 호우(재난지원금)", "F_RSN_DTL": "침수", "TYPE": "주택", "F_SAT_YMD": "20220808 - 2130" }, "geometry": { "type": "Polygon", "coordinates": [ [ [ 959347.01926265435759, 1945899.341475009452552 ], [ 959349.272038040915504, 1945903.797868779394776 ], [ 959364.735964634106494, 1945909.403816131409258 ], [ 959368.102573580108583, 1945897.680359430145472 ], [ 959349.189504190231673, 1945891.9927221480757 ], [ 959347.01926265435759, 1945899.341475009452552 ] ] ] } },
{ "type": "Feature", "properties": { "GU_NAM": "강남구", "F_SHIM": 0.2, "F_AREA": 218.54, "F_DISA_NM": "2022년 8.8. ~ 17. 호우(재난지원금)", "F_RSN_DTL": "침수", "TYPE": "주택", "F_SAT_YMD": "20220808 - 2130" }, "geometry": { "type": "Polygon", "coordinates": [ [ [ 959349.189504190231673, 1945891.9927221480757 ], [ 959368.102573580108583, 1945897.680359430145472 ], [ 959371.184594888123684, 1945886.958036545198411 ], [ 959352.302413828205317, 1945881.440171853639185 ], [ 959349.189504190231673, 1945891.9927221480757 ] ] ] } },
{ "type": "Feature", "properties": { "GU_NAM": "강남구", "F_SHIM": 0.2, "F_AREA": 222.52, "F_DISA_NM": "2022년 8.8. ~ 17. 호우(재난지원금)", "F_RSN_DTL": "침수", "TYPE": "주택", "F_SAT_YMD": "20220812 - 0000" }, "geometry": { "type": "Polygon", "coordinates": [ [ [ 959295.163037002552301, 1946643.537963009439409 ], [ 959290.686806217767298, 1946659.025897055864334 ], [ 959303.960915467236191, 1946662.62419038452208 ], [ 959308.497016085893847, 1946647.115946795791388 ], [ 959295.163037002552301, 1946643.537963009439409 ] ] ] } },
{ "type": "Feature", "properties": { "GU_NAM": "강남구", "F_SHIM": 0.2, "F_AREA": 257.02, "F_DISA_NM": "2022년 8.8. ~ 17. 호우(재난지원금)", "F_RSN_DTL": "침수", "TYPE": "주택", "F_SAT_YMD": "20220808 - 1026" }, "geometry": { "type": "Polygon", "coordinates": [ [ [ 959169.226031484664418, 1946882.356214744737372 ], [ 959179.999081988120452, 1946885.577903884463012 ], [ 959186.511161462869495, 1946863.791530151618645 ], [ 959175.717536506941542, 1946860.459990913514048 ], [ 959169.226031484664418, 1946882.356214744737372 ] ] ] } },
{ "type": "Feature", "properties": { "GU_NAM": "강남구", "F_SHIM": 0.2, "F_AREA": 229.63, "F_DISA_NM": "2022년 8.8. ~ 17. 호우(재난지원금)", "F_RSN_DTL": "침수", "TYPE": "주택", "F_SAT_YMD": "20220808 - 2130" }, "geometry": { "type": "Polygon", "coordinates": [ [ [ 959058.450082521885633, 1946624.399834303651005 ], [ 959057.095486083533615, 1946644.189617895521224 ], [ 959062.535366895841435, 1946644.550648375181481 ], [ 959069.604737544897944, 1946643.043739770073444 ], [ 959071.970526099088602, 1946638.642844624584541 ], [ 959066.599828277132474, 1946624.926439184928313 ], [ 959058.450082521885633, 1946624.399834303651005 ] ] ] } },
{ "type": "Feature", "properties": { "GU_NAM": "강남구", "F_SHIM": 0.2, "F_AREA": 213.01, "F_DISA_NM": "2022년 8.8. ~ 17. 호우(재난지원금)", "F_RSN_DTL": "침수", "TYPE": "주택", "F_SAT_YMD": "20220824 - 1031" }, "geometry": { "type": "Polygon", "coordinates": [ [ [ 958996.757286611013114, 1947649.493772831512615 ], [ 959007.117808321258053, 1947646.549944783328101 ], [ 959001.688288564560935, 1947627.395888160448521 ], [ 958991.477547569666058, 1947630.308933425694704 ], [ 958996.757286611013114, 1947649.493772831512615 ] ] ] } },
{ "type": "Feature", "properties": { "GU_NAM": "강남구", "F_SHIM": 0.2, "F_AREA": 214.4, "F_DISA_NM": "2022년 8.8. ~ 17. 호우(재난지원금)", "F_RSN_DTL": "침수", "TYPE": "주택", "F_SAT_YMD": "20220811 - 0000" }, "geometry": { "type": "Polygon", "coordinates": [ [ [ 958426.127780289505608, 1945992.657188086071983 ], [ 958437.636739837937057, 1945997.044555054744706 ], [ 958440.31983593897894, 1945995.930750480620191 ], [ 958444.834185417508706, 1945983.861327920109034 ], [ 958431.271334693999961, 1945978.595174036454409 ], [ 958426.127780289505608, 1945992.657188086071983 ] ] ] } },
{ "type": "Feature", "properties": { "GU_NAM": "강남구", "F_SHIM": 0.2, "F_AREA": 235.01, "F_DISA_NM": "2022년 8.8. ~ 17. 호우(재난지원금)", "F_RSN_DTL": "침수", "TYPE": "주택", "F_SAT_YMD": "20220826 - 1511" }, "geometry": { "type": "Polygon", "coordinates": [ [ [ 958426.730126297217794, 1945953.518597210058942 ], [ 958438.859896223759279, 1945958.102601102320477 ], [ 958445.097807286307216, 1945941.165860065724701 ], [ 958433.047264047432691, 1945936.441488466458395 ], [ 958426.730126297217794, 1945953.518597210058942 ] ] ] } },
{ "type": "Feature", "properties": { "GU_NAM": "강남구", "F_SHIM": 0.2, "F_AREA": 259.8, "F_DISA_NM": "2022년 8.8. ~ 17. 호우(재난지원금)", "F_RSN_DTL": "침수", "TYPE": "주택", "F_SAT_YMD": "20220816 - 0000" }, "geometry": { "type": "Polygon", "coordinates": [ [ [ 958431.271334693999961, 1945978.595174036454409 ], [ 958444.834185417508706, 1945983.861327920109034 ], [ 958450.422740283189341, 1945968.887296035885811 ], [ 958449.139321645023301, 1945966.265076314564794 ], [ 958437.400189808802679, 1945961.8289470882155 ], [ 958431.271334693999961, 1945978.595174036454409 ] ] ] } },
{ "type": "Feature", "properties": { "GU_NAM": "강남구", "F_SHIM": 0.2, "F_AREA": 169.68, "F_DISA_NM": "2022년 8.8. ~ 17. 호우(재난지원금)", "F_RSN_DTL": "침수", "TYPE": "주택", "F_SAT_YMD": "20220808 - 2130" }, "geometry": { "type": "Polygon", "coordinates": [ [ [ 958730.149776704842225, 1946001.232704002177343 ], [ 958741.807613145676441, 1946005.419355341931805 ], [ 958746.547526220558211, 1945992.529047748539597 ], [ 958735.039576747454703, 1945988.331605913117528 ], [ 958730.149776704842225, 1946001.232704002177343 ] ] ] } },
{ "type": "Feature", "properties": { "GU_NAM": "강남구", "F_SHIM": 0.2, "F_AREA": 335.52, "F_DISA_NM": "2022년 8.8. ~ 17. 호우(재난지원금)", "F_RSN_DTL": "침수", "TYPE": "주택", "F_SAT_YMD": "20220808 - 2130" }, "geometry": { "type": "Polygon", "coordinates": [ [ [ 958772.058027865830809, 1945900.078370282659307 ], [ 958784.998315233038738, 1945904.818019469501451 ], [ 958786.803193434257992, 1945903.978767421329394 ], [ 958794.115414225612767, 1945884.157416852423921 ], [ 958780.343871479271911, 1945879.122283229837194 ], [ 958772.058027865830809, 1945900.078370282659307 ] ] ] } },
{ "type": "Feature", "properties": { "GU_NAM": "강남구", "F_SHIM": 0.2, "F_AREA": 238.58, "F_DISA_NM": "2022년 8.8. ~ 17. 호우(재난지원금)", "F_RSN_DTL": "침수", "TYPE": "주택", "F_SAT_YMD": "20220808 - 2130" }, "geometry": { "type": "Polygon", "coordinates": [ [ [ 958734.080963788903318, 1945926.259864300489426 ], [ 958747.221754097263329, 1945931.108410023152828 ], [ 958752.944426576606929, 1945915.034083443228155 ], [ 958739.923535326961428, 1945910.174906054511666 ], [ 958734.080963788903318, 1945926.259864300489426 ] ] ] } },
{ "type": "Feature", "properties": { "GU_NAM": "강남구", "F_SHIM": 0.2, "F_AREA": 239.39, "F_DISA_NM": "2022년 8.8. ~ 17. 호우(재난지원금)", "F_RSN_DTL": "침수", "TYPE": "주택", "F_SAT_YMD": "20220808 - 2130" }, "geometry": { "type": "Polygon", "coordinates": [ [ [ 958747.221754097263329, 1945931.108410023152828 ], [ 958760.402634104015306, 1945935.97673574811779 ], [ 958766.085481343325227, 1945919.932609156472608 ], [ 958752.944426576606929, 1945915.034083443228155 ], [ 958747.221754097263329, 1945931.108410023152828 ] ] ] } },
{ "type": "Feature", "properties": { "GU_NAM": "강남구", "F_SHIM": 0.2, "F_AREA": 175.28, "F_DISA_NM": "2022년 8.8. ~ 17. 호우(재난지원금)", "F_RSN_DTL": "침수", "TYPE": "주택", "F_SAT_YMD": "20220812 - 0000" }, "geometry": { "type": "Polygon", "coordinates": [ [ [ 958498.279518320108764, 1945882.965723314788193 ], [ 958511.291674988809973, 1945886.175564115168527 ], [ 958514.343168879160658, 1945873.46413536882028 ], [ 958501.341008288436569, 1945870.254241445101798 ], [ 958498.279518320108764, 1945882.965723314788193 ] ] ] } },
{ "type": "Feature", "properties": { "GU_NAM": "강남구", "F_SHIM": 0.2, "F_AREA": 244.28, "F_DISA_NM": "2022년 8.8. ~ 17. 호우(재난지원금)", "F_RSN_DTL": "침수", "TYPE": "주택", "F_SAT_YMD": "20220808 - 2130" }, "geometry": { "type": "Polygon", "coordinates": [ [ [ 958751.375952955335379, 1945820.867559967795387 ], [ 958765.237353794975206, 1945825.882226040121168 ], [ 958770.923115495708771, 1945810.387879449408501 ], [ 958757.131051263073459, 1945805.252890642499551 ], [ 958751.375952955335379, 1945820.867559967795387 ] ] ] } },
{ "type": "Feature", "properties": { "GU_NAM": "강남구", "F_SHIM": 0.2, "F_AREA": 391.43, "F_DISA_NM": "2022년 8.8. ~ 17. 호우(재난지원금)", "F_RSN_DTL": "침수", "TYPE": "주택", "F_SAT_YMD": "20220808 - 2130" }, "geometry": { "type": "Polygon", "coordinates": [ [ [ 958984.74446263210848, 1945684.191849312977865 ], [ 959004.348065935773775, 1945699.651181912748143 ], [ 959009.580945539055392, 1945692.827000122983009 ], [ 959014.177419534302317, 1945686.824883863329887 ], [ 958993.957191147725098, 1945672.147526769898832 ], [ 958989.459988396149129, 1945678.019165750825778 ], [ 958984.74446263210848, 1945684.191849312977865 ] ] ] } },
{ "type": "Feature", "properties": { "GU_NAM": "강남구", "F_SHIM": 0.2, "F_AREA": 217.82, "F_DISA_NM": "2022년 8.8. ~ 17. 호우(재난지원금)", "F_RSN_DTL": "침수", "TYPE": "주택", "F_SAT_YMD": "20220808 - 2200" }, "geometry": { "type": "Polygon", "coordinates": [ [ [ 958413.189301046077162, 1945990.146697114221752 ], [ 958423.6446039583534, 1945993.769933509407565 ], [ 958426.127780289505608, 1945992.657188086071983 ], [ 958431.271334693999961, 1945978.595174036454409 ], [ 958419.072757698362693, 1945974.231452870415524 ], [ 958413.189301046077162, 1945990.146697114221752 ] ] ] } },
{ "type": "Feature", "properties": { "GU_NAM": "강남구", "F_SHIM": 0.2, "F_AREA": 213.06, "F_DISA_NM": "2022년 8.8. ~ 17. 호우(재난지원금)", "F_RSN_DTL": "침수", "TYPE": "주택", "F_SAT_YMD": "20220812 - 0000" }, "geometry": { "type": "Polygon", "coordinates": [ [ [ 958247.717288881773129, 1945936.61364085925743 ], [ 958258.605227886117063, 1945940.764388904208317 ], [ 958265.04570816620253, 1945924.326385118765756 ], [ 958262.611492185969837, 1945923.359646500553936 ], [ 958263.271956186858006, 1945921.606799792964011 ], [ 958261.03825549071189, 1945922.638253362383693 ], [ 958253.637024467578158, 1945919.998462823219597 ], [ 958247.717288881773129, 1945936.61364085925743 ] ] ] } },
{ "type": "Feature", "properties": { "GU_NAM": "강남구", "F_SHIM": 0.2, "F_AREA": 237.81, "F_DISA_NM": "2022년 8.8. ~ 17. 호우(재난지원금)", "F_RSN_DTL": "침수", "TYPE": "주택", "F_SAT_YMD": "20220808 - 2200" }, "geometry": { "type": "Polygon", "coordinates": [ [ [ 958102.556553730741143, 1945886.641593140084296 ], [ 958086.530205069575459, 1945899.411769661819562 ], [ 958093.805340972845443, 1945908.439848132431507 ], [ 958109.851469538873062, 1945895.629581671208143 ], [ 958102.556553730741143, 1945886.641593140084296 ] ] ] } },
{ "type": "Feature", "properties": { "GU_NAM": "강남구", "F_SHIM": 0.2, "F_AREA": 218.8, "F_DISA_NM": "2022년 8.8. ~ 17. 호우(재난지원금)", "F_RSN_DTL": "침수", "TYPE": "주택", "F_SAT_YMD": "20220811 - 0000" }, "geometry": { "type": "Polygon", "coordinates": [ [ [ 957981.635782558470964, 1945449.655261929379776 ], [ 957992.574020251166075, 1945453.86572811473161 ], [ 957999.049093925626948, 1945436.407919633667916 ], [ 957988.020998334744945, 1945432.217921831412241 ], [ 957981.635782558470964, 1945449.655261929379776 ] ] ] } },
{ "type": "Feature", "properties": { "GU_NAM": "강남구", "F_SHIM": 0.2, "F_AREA": 163.04, "F_DISA_NM": "2022년 8.8. ~ 17. 호우(재난지원금)", "F_RSN_DTL": "침수", "TYPE": "주택", "F_SAT_YMD": "20220819 - 1836" }, "geometry": { "type": "Polygon", "coordinates": [ [ [ 958905.237789131584577, 1945598.075371184153482 ], [ 958916.786195262218826, 1945602.362569185672328 ], [ 958921.428906822344288, 1945589.992586812004447 ], [ 958909.820577844162472, 1945585.715702383778989 ], [ 958905.237789131584577, 1945598.075371184153482 ] ] ] } },
{ "type": "Feature", "properties": { "GU_NAM": "강남구", "F_SHIM": 0.2, "F_AREA": 176.2, "F_DISA_NM": "2022년 8.8. ~ 17. 호우(재난지원금)", "F_RSN_DTL": "침수", "TYPE": "주택", "F_SAT_YMD": "20220808 - 2130" }, "geometry": { "type": "Polygon", "coordinates": [ [ [ 958848.489101436454803, 1945516.956408638507128 ], [ 958860.557722811819986, 1945521.320822257082909 ], [ 958865.157857111655176, 1945508.461248053936288 ], [ 958853.138580362778157, 1945503.976617696462199 ], [ 958848.489101436454803, 1945516.956408638507128 ] ] ] } },
{ "type": "Feature", "properties": { "GU_NAM": "강남구", "F_SHIM": 0.2, "F_AREA": 357.88, "F_DISA_NM": "2022년 8.8. ~ 17. 호우(재난지원금)", "F_RSN_DTL": "침수", "TYPE": "주택", "F_SAT_YMD": "20220819 - 1830" }, "geometry": { "type": "Polygon", "coordinates": [ [ [ 958766.420661694952287, 1945662.426995390094817 ], [ 958782.726430665701628, 1945668.438337533501908 ], [ 958789.841225660638884, 1945649.087859138147905 ], [ 958773.515835645259358, 1945643.146594509016722 ], [ 958766.420661694952287, 1945662.426995390094817 ] ] ] } },
{ "type": "Feature", "properties": { "GU_NAM": "강남구", "F_SHIM": 0.2, "F_AREA": 223.2, "F_DISA_NM": "2022년 8.8. ~ 17. 호우(재난지원금)", "F_RSN_DTL": "침수", "TYPE": "주택", "F_SAT_YMD": "20220826 - 0951" }, "geometry": { "type": "Polygon", "coordinates": [ [ [ 958783.180895558092743, 1945274.922889966983348 ], [ 958785.274157145642675, 1945279.460103084566072 ], [ 958796.151455509359948, 1945283.490957645699382 ], [ 958801.434274184866808, 1945269.298263998003677 ], [ 958787.19181149918586, 1945264.0556941551622 ], [ 958783.180895558092743, 1945274.922889966983348 ] ] ] } },
{ "type": "Feature", "properties": { "GU_NAM": "강남구", "F_SHIM": 0.2, "F_AREA": 183.97, "F_DISA_NM": "2022년 8.8. ~ 17. 호우(재난지원금)", "F_RSN_DTL": "침수", "TYPE": "주택", "F_SAT_YMD": "20220808 - 2130" }, "geometry": { "type": "Polygon", "coordinates": [ [ [ 958836.329151342739351, 1945514.221870108507574 ], [ 958844.652072439901531, 1945517.246634073089808 ], [ 958844.733299123938195, 1945515.596819862257689 ], [ 958848.489101436454803, 1945516.956408638507128 ], [ 958853.138580362778157, 1945503.976617696462199 ], [ 958841.670194721431471, 1945499.698990541743115 ], [ 958836.329151342739351, 1945514.221870108507574 ] ] ] } },
{ "type": "Feature", "properties": { "GU_NAM": "강남구", "F_SHIM": 0.2, "F_AREA": 871.54, "F_DISA_NM": "2022년 8.8. ~ 17. 호우(재난지원금)", "F_RSN_DTL": "침수", "TYPE": "주택", "F_SAT_YMD": "20220808 - 2200" }, "geometry": { "type": "Polygon", "coordinates": [ [ [ 958670.913578198524192, 1945520.386166710173711 ], [ 958663.895932979648933, 1945539.206329759443179 ], [ 958677.818262719782069, 1945544.400610588723794 ], [ 958678.146903633954935, 1945559.263320102589205 ], [ 958698.227095993002877, 1945558.827069676946849 ], [ 958697.606368547887541, 1945530.340994843281806 ], [ 958670.913578198524192, 1945520.386166710173711 ] ] ] } },
{ "type": "Feature", "properties": { "GU_NAM": "강남구", "F_SHIM": 0.2, "F_AREA": 1294.02, "F_DISA_NM": "2022년 8.8. ~ 17. 호우(재난지원금)", "F_RSN_DTL": "침수", "TYPE": "주택", "F_SAT_YMD": "20220818 - 1805" }, "geometry": { "type": "Polygon", "coordinates": [ [ [ 958580.660964986658655, 1945692.800097793573514 ], [ 958599.300409911316819, 1945699.668753131991252 ], [ 958615.343263118062168, 1945656.050014716107398 ], [ 958597.79555274778977, 1945649.585422134725377 ], [ 958585.197318443562835, 1945632.04873209586367 ], [ 958573.900470234337263, 1945639.395857526687905 ], [ 958586.176503196475096, 1945656.494418718619272 ], [ 958584.992088830447756, 1945661.238924699369818 ], [ 958589.805809833342209, 1945667.940912754740566 ], [ 958580.660964986658655, 1945692.800097793573514 ] ] ] } },
{ "type": "Feature", "properties": { "GU_NAM": "강남구", "F_SHIM": 0.2, "F_AREA": 256.85, "F_DISA_NM": "2022년 8.8. ~ 17. 호우(재난지원금)", "F_RSN_DTL": "침수", "TYPE": "주택", "F_SAT_YMD": "20220808 - 2200" }, "geometry": { "type": "Polygon", "coordinates": [ [ [ 958496.623917519464158, 1945713.85759976413101 ], [ 958504.125897236866876, 1945724.19398531736806 ], [ 958520.785695327445865, 1945712.120200733887032 ], [ 958515.368083781679161, 1945704.64170254021883 ], [ 958510.425722512765788, 1945703.848191060591489 ], [ 958496.623917519464158, 1945713.85759976413101 ] ] ] } },
{ "type": "Feature", "properties": { "GU_NAM": "강남구", "F_SHIM": 0.2, "F_AREA": 188.97, "F_DISA_NM": "2022년 8.8. ~ 17. 호우(재난지원금)", "F_RSN_DTL": "침수", "TYPE": "주택", "F_SAT_YMD": "20220808 - 2200" }, "geometry": { "type": "Polygon", "coordinates": [ [ [ 958484.049449079670012, 1945659.294598476961255 ], [ 958472.235985622741282, 1945667.244238054845482 ], [ 958480.109881882322952, 1945677.968508542049676 ], [ 958491.844118588487618, 1945670.159236382460222 ], [ 958484.049449079670012, 1945659.294598476961255 ] ] ] } },
{ "type": "Feature", "properties": { "GU_NAM": "강남구", "F_SHIM": 0.2, "F_AREA": 231.32, "F_DISA_NM": "2022년 8.8. ~ 17. 호우(재난지원금)", "F_RSN_DTL": "침수", "TYPE": "주택", "F_SAT_YMD": "20220808 - 2200" }, "geometry": { "type": "Polygon", "coordinates": [ [ [ 958491.844118588487618, 1945670.159236382460222 ], [ 958480.109881882322952, 1945677.968508542049676 ], [ 958490.007587674423121, 1945691.441028071567416 ], [ 958501.360917429323308, 1945683.433848310029134 ], [ 958491.844118588487618, 1945670.159236382460222 ] ] ] } },
{ "type": "Feature", "properties": { "GU_NAM": "강남구", "F_SHIM": 0.2, "F_AREA": 232.93, "F_DISA_NM": "2022년 8.8. ~ 17. 호우(재난지원금)", "F_RSN_DTL": "침수", "TYPE": "주택", "F_SAT_YMD": "20220808 - 2100" }, "geometry": { "type": "Polygon", "coordinates": [ [ [ 958448.150347578572109, 1945770.153485877206549 ], [ 958458.63359465834219, 1945784.712496337015182 ], [ 958466.968359337653965, 1945778.650586693082005 ], [ 958465.800192703958601, 1945777.027383213164285 ], [ 958468.229947127751075, 1945775.265163869597018 ], [ 958458.964899826445617, 1945762.339088181266561 ], [ 958448.150347578572109, 1945770.153485877206549 ] ] ] } },
{ "type": "Feature", "properties": { "GU_NAM": "강남구", "F_SHIM": 0.2, "F_AREA": 245.98, "F_DISA_NM": "2022년 8.8. ~ 17. 호우(재난지원금)", "F_RSN_DTL": "침수", "TYPE": "주택", "F_SAT_YMD": "20220808 - 2200" }, "geometry": { "type": "Polygon", "coordinates": [ [ [ 958212.127088611247018, 1945886.900797619251534 ], [ 958223.025035111932084, 1945900.487974994350225 ], [ 958234.032200683606789, 1945891.293067797319964 ], [ 958223.316300590056926, 1945878.104776947293431 ], [ 958212.127088611247018, 1945886.900797619251534 ] ] ] } },
{ "type": "Feature", "properties": { "GU_NAM": "강남구", "F_SHIM": 0.2, "F_AREA": 160.23, "F_DISA_NM": "2022년 8.8. ~ 17. 호우(재난지원금)", "F_RSN_DTL": "침수", "TYPE": "주택", "F_SAT_YMD": "20220816 - 0000" }, "geometry": { "type": "Polygon", "coordinates": [ [ [ 958240.217448132112622, 1945868.188902196707204 ], [ 958229.986951316590421, 1945876.809906881535426 ], [ 958237.442808080464602, 1945885.986970801837742 ], [ 958247.854503556503914, 1945877.604916676180437 ], [ 958240.217448132112622, 1945868.188902196707204 ] ] ] } },
{ "type": "Feature", "properties": { "GU_NAM": "강남구", "F_SHIM": 0.2, "F_AREA": 250.08, "F_DISA_NM": "2022년 8.8. ~ 17. 호우(재난지원금)", "F_RSN_DTL": "침수", "TYPE": "주택", "F_SAT_YMD": "20220811 - 0000" }, "geometry": { "type": "Polygon", "coordinates": [ [ [ 958149.152956165606156, 1945870.37070812471211 ], [ 958134.706491865334101, 1945881.343180798226967 ], [ 958143.581581588718109, 1945892.362037456594408 ], [ 958156.083487046184018, 1945882.279538661241531 ], [ 958156.407622688333504, 1945879.308928198646754 ], [ 958149.152956165606156, 1945870.37070812471211 ] ] ] } },
{ "type": "Feature", "properties": { "GU_NAM": "강남구", "F_SHIM": 0.2, "F_AREA": 176.78, "F_DISA_NM": "2022년 8.8. ~ 17. 호우(재난지원금)", "F_RSN_DTL": "침수", "TYPE": "주택", "F_SAT_YMD": "20220812 - 0000" }, "geometry": { "type": "Polygon", "coordinates": [ [ [ 958167.697825984330848, 1945951.842053098138422 ], [ 958155.186457162373699, 1945946.930192414438352 ], [ 958150.48594191740267, 1945959.710340300109237 ], [ 958162.385119210579433, 1945964.165615567704663 ], [ 958167.697825984330848, 1945951.842053098138422 ] ] ] } },
{ "type": "Feature", "properties": { "GU_NAM": "강남구", "F_SHIM": 0.2, "F_AREA": 305.64, "F_DISA_NM": "2022년 8.8. ~ 17. 호우(재난지원금)", "F_RSN_DTL": "침수", "TYPE": "주택", "F_SAT_YMD": "20220812 - 0000" }, "geometry": { "type": "Polygon", "coordinates": [ [ [ 958356.83659707964398, 1945934.726031573256478 ], [ 958366.849828000878915, 1945926.605992040596902 ], [ 958351.948906157282181, 1945908.401754175778478 ], [ 958341.775792005006224, 1945916.532636948861182 ], [ 958356.83659707964398, 1945934.726031573256478 ] ] ] } },
{ "type": "Feature", "properties": { "GU_NAM": "강남구", "F_SHIM": 0.2, "F_AREA": 232.29, "F_DISA_NM": "2022년 8.8. ~ 17. 호우(재난지원금)", "F_RSN_DTL": "침수", "TYPE": "주택", "F_SAT_YMD": "20220808 - 2200" }, "geometry": { "type": "Polygon", "coordinates": [ [ [ 958378.216323747416027, 1945887.120480550918728 ], [ 958385.229284295812249, 1945895.720105571905151 ], [ 958401.422382300836034, 1945882.349273595027626 ], [ 958394.449776658671908, 1945873.819408731767908 ], [ 958378.216323747416027, 1945887.120480550918728 ] ] ] } },
{ "type": "Feature", "properties": { "GU_NAM": "강남구", "F_SHIM": 0.2, "F_AREA": 297.87, "F_DISA_NM": "2022년 8.8. ~ 17. 호우(재난지원금)", "F_RSN_DTL": "침수", "TYPE": "주택", "F_SAT_YMD": "20220811 - 0000" }, "geometry": { "type": "Polygon", "coordinates": [ [ [ 958362.153571842936799, 1945974.153146172873676 ], [ 958378.386253509903327, 1945979.575092633953318 ], [ 958383.88811530044768, 1945963.331992553081363 ], [ 958367.184827868361026, 1945957.762594977626577 ], [ 958362.153571842936799, 1945974.153146172873676 ] ] ] } },
{ "type": "Feature", "properties": { "GU_NAM": "강남구", "F_SHIM": 0.2, "F_AREA": 188.05, "F_DISA_NM": "2022년 8.8. ~ 17. 호우(재난지원금)", "F_RSN_DTL": "침수", "TYPE": "주택", "F_SAT_YMD": "20220808 - 2100" }, "geometry": { "type": "Polygon", "coordinates": [ [ [ 958325.873404422774911, 1945896.09453912707977 ], [ 958336.532721466966905, 1945887.281334162922576 ], [ 958327.949900485924445, 1945876.710763605544344 ], [ 958317.321153740980662, 1945885.633765566628426 ], [ 958325.873404422774911, 1945896.09453912707977 ] ] ] } },
{ "type": "Feature", "properties": { "GU_NAM": "강남구", "F_SHIM": 0.2, "F_AREA": 245.0, "F_DISA_NM": "2022년 8.8. ~ 17. 호우(재난지원금)", "F_RSN_DTL": "침수", "TYPE": "주택", "F_SAT_YMD": "20220816 - 0000" }, "geometry": { "type": "Polygon", "coordinates": [ [ [ 958388.699332191841677, 1945667.656789505155757 ], [ 958375.124943932052702, 1945677.195169487269595 ], [ 958383.705762352212332, 1945689.275188913336024 ], [ 958397.209648877265863, 1945679.63721961970441 ], [ 958388.699332191841677, 1945667.656789505155757 ] ] ] } },
{ "type": "Feature", "properties": { "GU_NAM": "강남구", "F_SHIM": 0.2, "F_AREA": 282.24, "F_DISA_NM": "2022년 8.8. ~ 17. 호우(재난지원금)", "F_RSN_DTL": "침수", "TYPE": "주택", "F_SAT_YMD": "20220808 - 2200" }, "geometry": { "type": "Polygon", "coordinates": [ [ [ 958202.323754325276241, 1945806.332791081629694 ], [ 958184.54716691817157, 1945820.821599843911827 ], [ 958192.274768782430328, 1945830.347094597527757 ], [ 958210.091604643734172, 1945815.908053911989555 ], [ 958202.323754325276241, 1945806.332791081629694 ] ] ] } },
{ "type": "Feature", "properties": { "GU_NAM": "강남구", "F_SHIM": 0.2, "F_AREA": 184.1, "F_DISA_NM": "2022년 8.8. ~ 17. 호우(재난지원금)", "F_RSN_DTL": "침수", "TYPE": "주택", "F_SAT_YMD": "20220808 - 2000" }, "geometry": { "type": "Polygon", "coordinates": [ [ [ 958309.224506402621046, 1945830.977059829514474 ], [ 958295.786474289838225, 1945841.724269576603547 ], [ 958302.608928679139353, 1945850.214945968938991 ], [ 958314.343735936447047, 1945840.626330700237304 ], [ 958314.64782672340516, 1945837.645830679684877 ], [ 958309.224506402621046, 1945830.977059829514474 ] ] ] } },
{ "type": "Feature", "properties": { "GU_NAM": "강남구", "F_SHIM": 0.2, "F_AREA": 179.14, "F_DISA_NM": "2022년 8.8. ~ 17. 호우(재난지원금)", "F_RSN_DTL": "침수", "TYPE": "주택", "F_SAT_YMD": "20220808 - 2100" }, "geometry": { "type": "Polygon", "coordinates": [ [ [ 958256.855651948018931, 1945869.020413781749085 ], [ 958247.190372636774555, 1945876.778744474519044 ], [ 958256.316631992696784, 1945888.036179727409035 ], [ 958265.921352634439245, 1945880.168210826348513 ], [ 958256.855651948018931, 1945869.020413781749085 ] ] ] } },
{ "type": "Feature", "properties": { "GU_NAM": "강남구", "F_SHIM": 0.2, "F_AREA": 275.93, "F_DISA_NM": "2022년 8.8. ~ 17. 호우(재난지원금)", "F_RSN_DTL": "침수", "TYPE": "주택", "F_SAT_YMD": "20220808 - 2200" }, "geometry": { "type": "Polygon", "coordinates": [ [ [ 958263.271956186858006, 1945921.606799792964011 ], [ 958281.450484149740078, 1945913.173601906746626 ], [ 958277.838913810672238, 1945905.075762275606394 ], [ 958273.532046737032942, 1945894.04270206275396 ], [ 958269.284533073427156, 1945884.778667517006397 ], [ 958266.865833468269557, 1945886.740754409926012 ], [ 958274.467987234587781, 1945904.663781116716564 ], [ 958258.654590474441648, 1945912.344724681228399 ], [ 958263.271956186858006, 1945921.606799792964011 ] ] ] } },
{ "type": "Feature", "properties": { "GU_NAM": "강남구", "F_SHIM": 0.2, "F_AREA": 276.11, "F_DISA_NM": "2022년 8.8. ~ 17. 호우(재난지원금)", "F_RSN_DTL": "침수", "TYPE": "주택", "F_SAT_YMD": "20220811 - 0000" }, "geometry": { "type": "Polygon", "coordinates": [ [ [ 958263.271956186858006, 1945921.606799792964011 ], [ 958262.611492185969837, 1945923.359646500553936 ], [ 958276.295038393931463, 1945928.76511054020375 ], [ 958276.47962648991961, 1945929.643804583698511 ], [ 958275.342955972650088, 1945932.078920655651018 ], [ 958278.948821320547722, 1945933.439302913378924 ], [ 958279.927038756432012, 1945931.284921929473057 ], [ 958281.233495189342648, 1945930.708213008008897 ], [ 958289.247235320974141, 1945933.864564554067329 ], [ 958290.322512944461778, 1945933.049169853096828 ], [ 958281.450484149740078, 1945913.173601906746626 ], [ 958263.271956186858006, 1945921.606799792964011 ] ] ] } },
{ "type": "Feature", "properties": { "GU_NAM": "강남구", "F_SHIM": 0.2, "F_AREA": 198.1, "F_DISA_NM": "2022년 8.8. ~ 17. 호우(재난지원금)", "F_RSN_DTL": "침수", "TYPE": "주택", "F_SAT_YMD": "20220819 - 1927" }, "geometry": { "type": "Polygon", "coordinates": [ [ [ 958275.09236533078365, 1945947.04466790612787 ], [ 958283.756586475064978, 1945950.337520984234288 ], [ 958291.050909372861497, 1945934.684699551900849 ], [ 958290.322512944461778, 1945933.049169853096828 ], [ 958289.247235320974141, 1945933.864564554067329 ], [ 958281.233495189342648, 1945930.708213008008897 ], [ 958279.927038756432012, 1945931.284921929473057 ], [ 958273.988503666245379, 1945944.351522484794259 ], [ 958275.09236533078365, 1945947.04466790612787 ] ] ] } },
{ "type": "Feature", "properties": { "GU_NAM": "강남구", "F_SHIM": 0.2, "F_AREA": 213.08, "F_DISA_NM": "2022년 8.8. ~ 17. 호우(재난지원금)", "F_RSN_DTL": "침수", "TYPE": "주택", "F_SAT_YMD": "20220808 - 2000" }, "geometry": { "type": "Polygon", "coordinates": [ [ [ 958269.87776657496579, 1945951.470653977710754 ], [ 958267.155321445199661, 1945952.704622362041846 ], [ 958262.138589152367786, 1945966.176186803262681 ], [ 958274.577495663426816, 1945970.618605753174052 ], [ 958280.134633927955292, 1945955.374838277930394 ], [ 958269.87776657496579, 1945951.470653977710754 ] ] ] } },
{ "type": "Feature", "properties": { "GU_NAM": "강남구", "F_SHIM": 0.2, "F_AREA": 206.85, "F_DISA_NM": "2022년 8.8. ~ 17. 호우(재난지원금)", "F_RSN_DTL": "침수", "TYPE": "주택", "F_SAT_YMD": "20220808 - 2100" }, "geometry": { "type": "Polygon", "coordinates": [ [ [ 958227.615470397751778, 1945853.721083961194381 ], [ 958219.363743488211185, 1945860.362339770887047 ], [ 958219.049603797029704, 1945863.332897068932652 ], [ 958228.095312802586704, 1945874.480800539022312 ], [ 958237.947656544158235, 1945866.181679955916479 ], [ 958227.615470397751778, 1945853.721083961194381 ] ] ] } },
{ "type": "Feature", "properties": { "GU_NAM": "강남구", "F_SHIM": 0.2, "F_AREA": 228.11, "F_DISA_NM": "2022년 8.8. ~ 17. 호우(재난지원금)", "F_RSN_DTL": "침수", "TYPE": "주택", "F_SAT_YMD": "20220808 - 2200" }, "geometry": { "type": "Polygon", "coordinates": [ [ [ 958232.4580578020541, 1945731.900841504568234 ], [ 958246.303491891478188, 1945720.691645815270022 ], [ 958237.671062681125477, 1945710.191309391288087 ], [ 958234.555502683855593, 1945712.69688631943427 ], [ 958235.249780308455229, 1945713.552887762431055 ], [ 958224.458817962673493, 1945722.046908368589357 ], [ 958232.4580578020541, 1945731.900841504568234 ] ] ] } },
{ "type": "Feature", "properties": { "GU_NAM": "강남구", "F_SHIM": 0.2, "F_AREA": 220.65, "F_DISA_NM": "2022년 8.8. ~ 17. 호우(재난지원금)", "F_RSN_DTL": "침수", "TYPE": "주택", "F_SAT_YMD": "20220808 - 2200" }, "geometry": { "type": "Polygon", "coordinates": [ [ [ 958193.308496769401245, 1945721.682128418469802 ], [ 958202.564577694516629, 1945714.045921947108582 ], [ 958190.99340711266268, 1945699.802554501453415 ], [ 958181.70712615433149, 1945707.398935821140185 ], [ 958193.308496769401245, 1945721.682128418469802 ] ] ] } },
{ "type": "Feature", "properties": { "GU_NAM": "강남구", "F_SHIM": 0.2, "F_AREA": 219.78, "F_DISA_NM": "2022년 8.8. ~ 17. 호우(재난지원금)", "F_RSN_DTL": "침수", "TYPE": "주택", "F_SAT_YMD": "20220808 - 2200" }, "geometry": { "type": "Polygon", "coordinates": [ [ [ 958202.564577694516629, 1945714.045921947108582 ], [ 958211.800772517337464, 1945706.429813519353047 ], [ 958200.269692050642334, 1945692.206226286944002 ], [ 958190.99340711266268, 1945699.802554501453415 ], [ 958202.564577694516629, 1945714.045921947108582 ] ] ] } },
{ "type": "Feature", "properties": { "GU_NAM": "강남구", "F_SHIM": 0.2, "F_AREA": 249.6, "F_DISA_NM": "2022년 8.8. ~ 17. 호우(재난지원금)", "F_RSN_DTL": "침수", "TYPE": "주택", "F_SAT_YMD": "20220816 - 0000" }, "geometry": { "type": "Polygon", "coordinates": [ [ [ 958246.303491891478188, 1945720.691645815270022 ], [ 958260.726257559261285, 1945709.019563451176509 ], [ 958253.502216934575699, 1945700.201136075425893 ], [ 958250.511667623417452, 1945699.887101798085496 ], [ 958237.671062681125477, 1945710.191309391288087 ], [ 958246.303491891478188, 1945720.691645815270022 ] ] ] } },
{ "type": "Feature", "properties": { "GU_NAM": "강남구", "F_SHIM": 0.2, "F_AREA": 182.27, "F_DISA_NM": "2022년 8.8. ~ 17. 호우(재난지원금)", "F_RSN_DTL": "침수", "TYPE": "주택", "F_SAT_YMD": "20220808 - 2100" }, "geometry": { "type": "Polygon", "coordinates": [ [ [ 958182.143084026989527, 1945872.714994578622282 ], [ 958167.767121787066571, 1945883.787056125234812 ], [ 958174.14641752501484, 1945891.65031592361629 ], [ 958188.401898082927801, 1945880.478929885430261 ], [ 958182.143084026989527, 1945872.714994578622282 ] ] ] } },
{ "type": "Feature", "properties": { "GU_NAM": "강남구", "F_SHIM": 0.2, "F_AREA": 164.44, "F_DISA_NM": "2022년 8.8. ~ 17. 호우(재난지원금)", "F_RSN_DTL": "침수", "TYPE": "주택", "F_SAT_YMD": "20220812 - 0000" }, "geometry": { "type": "Polygon", "coordinates": [ [ [ 958323.619693313841708, 1945459.349371423712 ], [ 958326.397009360138327, 1945470.360546820098534 ], [ 958330.689061463112012, 1945472.936840986134484 ], [ 958338.246389945736155, 1945471.077485748566687 ], [ 958334.830577388871461, 1945456.531012647086754 ], [ 958323.619693313841708, 1945459.349371423712 ] ] ] } },
{ "type": "Feature", "properties": { "GU_NAM": "강남구", "F_SHIM": 0.2, "F_AREA": 288.74, "F_DISA_NM": "2022년 8.8. ~ 17. 호우(재난지원금)", "F_RSN_DTL": "침수", "TYPE": "주택", "F_SAT_YMD": "20220818 - 1801" }, "geometry": { "type": "Polygon", "coordinates": [ [ [ 958254.571257959352806, 1945479.317834514891729 ], [ 958277.671590070356615, 1945473.457603541668504 ], [ 958274.819959812564775, 1945461.627126911655068 ], [ 958251.680596721591428, 1945467.667497272603214 ], [ 958254.571257959352806, 1945479.317834514891729 ] ] ] } },
{ "type": "Feature", "properties": { "GU_NAM": "강남구", "F_SHIM": 0.2, "F_AREA": 274.48, "F_DISA_NM": "2022년 8.8. ~ 17. 호우(재난지원금)", "F_RSN_DTL": "침수", "TYPE": "주택", "F_SAT_YMD": "20220819 - 2030" }, "geometry": { "type": "Polygon", "coordinates": [ [ [ 958235.04950995510444, 1945496.484885758254677 ], [ 958246.210785692674108, 1945493.736762966029346 ], [ 958240.460245202062652, 1945470.585869317874312 ], [ 958229.259832590236329, 1945473.494139539077878 ], [ 958235.04950995510444, 1945496.484885758254677 ] ] ] } },
{ "type": "Feature", "properties": { "GU_NAM": "강남구", "F_SHIM": 0.2, "F_AREA": 147.19, "F_DISA_NM": "2022년 8.8. ~ 17. 호우(재난지원금)", "F_RSN_DTL": "침수", "TYPE": "주택", "F_SAT_YMD": "20220808 - 2200" }, "geometry": { "type": "Polygon", "coordinates": [ [ [ 958103.820470824604854, 1945749.725926071871072 ], [ 958094.782977206166834, 1945757.11106886388734 ], [ 958102.672156702843495, 1945766.94559359177947 ], [ 958111.690558420261368, 1945759.730488566448912 ], [ 958103.820470824604854, 1945749.725926071871072 ] ] ] } },
{ "type": "Feature", "properties": { "GU_NAM": "강남구", "F_SHIM": 0.2, "F_AREA": 220.74, "F_DISA_NM": "2022년 8.8. ~ 17. 호우(재난지원금)", "F_RSN_DTL": "침수", "TYPE": "주택", "F_SAT_YMD": "20220829 - 1824" }, "geometry": { "type": "Polygon", "coordinates": [ [ [ 958155.367406498058699, 1945737.677238166332245 ], [ 958144.588345832657069, 1945746.531062598107383 ], [ 958154.359696722356603, 1945758.794706552289426 ], [ 958165.30937746737618, 1945750.069929743884131 ], [ 958155.367406498058699, 1945737.677238166332245 ] ] ] } },
{ "type": "Feature", "properties": { "GU_NAM": "강남구", "F_SHIM": 0.2, "F_AREA": 187.95, "F_DISA_NM": "2022년 8.8. ~ 17. 호우(재난지원금)", "F_RSN_DTL": "침수", "TYPE": "주택", "F_SAT_YMD": "20220808 - 2200" }, "geometry": { "type": "Polygon", "coordinates": [ [ [ 958108.942045464529656, 1945840.954780201427639 ], [ 958118.735632800147869, 1945832.885884483112022 ], [ 958109.398132964619435, 1945821.379659248981625 ], [ 958099.625119933974929, 1945829.558404945768416 ], [ 958108.942045464529656, 1945840.954780201427639 ] ] ] } },
{ "type": "Feature", "properties": { "GU_NAM": "강남구", "F_SHIM": 0.2, "F_AREA": 260.94, "F_DISA_NM": "2022년 8.8. ~ 17. 호우(재난지원금)", "F_RSN_DTL": "침수", "TYPE": "주택", "F_SAT_YMD": "20220808 - 2200" }, "geometry": { "type": "Polygon", "coordinates": [ [ [ 958068.739344297559001, 1945914.980255299713463 ], [ 958085.346383942174725, 1945921.249904550379142 ], [ 958088.986079441965558, 1945912.014057108201087 ], [ 958079.09461502765771, 1945899.721061427146196 ], [ 958074.160671409335919, 1945900.516913670348004 ], [ 958068.739344297559001, 1945914.980255299713463 ] ] ] } },
{ "type": "Feature", "properties": { "GU_NAM": "강남구", "F_SHIM": 0.2, "F_AREA": 233.67, "F_DISA_NM": "2022년 8.8. ~ 17. 호우(재난지원금)", "F_RSN_DTL": "침수", "TYPE": "주택", "F_SAT_YMD": "20220808 - 2000" }, "geometry": { "type": "Polygon", "coordinates": [ [ [ 958202.417035388411023, 1945952.247895434964448 ], [ 958198.10936977493111, 1945963.706453363643959 ], [ 958215.919315865379758, 1945970.609489474212751 ], [ 958220.207095240242779, 1945959.171029632445425 ], [ 958202.417035388411023, 1945952.247895434964448 ] ] ] } },
{ "type": "Feature", "properties": { "GU_NAM": "강남구", "F_SHIM": 0.2, "F_AREA": 203.41, "F_DISA_NM": "2022년 8.8. ~ 17. 호우(재난지원금)", "F_RSN_DTL": "침수", "TYPE": "주택", "F_SAT_YMD": "20220816 - 0000" }, "geometry": { "type": "Polygon", "coordinates": [ [ [ 958213.285278337541968, 1945930.038575978716835 ], [ 958208.858931558905169, 1945941.737672979244962 ], [ 958224.524386098142713, 1945947.642447096295655 ], [ 958227.688456762465648, 1945939.19882628810592 ], [ 958225.615129690850154, 1945934.651510049588978 ], [ 958213.285278337541968, 1945930.038575978716835 ] ] ] } },
{ "type": "Feature", "properties": { "GU_NAM": "강남구", "F_SHIM": 0.2, "F_AREA": 220.67, "F_DISA_NM": "2022년 8.8. ~ 17. 호우(재난지원금)", "F_RSN_DTL": "침수", "TYPE": "주택", "F_SAT_YMD": "20220816 - 0000" }, "geometry": { "type": "Polygon", "coordinates": [ [ [ 958251.527561446884647, 1945944.480513664195314 ], [ 958245.832279495429248, 1945960.064886686159298 ], [ 958258.402405083295889, 1945964.74652115534991 ], [ 958263.419137418502942, 1945951.274956665467471 ], [ 958262.175067044445314, 1945948.532572656869888 ], [ 958251.527561446884647, 1945944.480513664195314 ] ] ] } },
{ "type": "Feature", "properties": { "GU_NAM": "강남구", "F_SHIM": 0.2, "F_AREA": 181.81, "F_DISA_NM": "2022년 8.8. ~ 17. 호우(재난지원금)", "F_RSN_DTL": "침수", "TYPE": "주택", "F_SAT_YMD": "20220816 - 0000" }, "geometry": { "type": "Polygon", "coordinates": [ [ [ 958093.186028658761643, 1945657.566633278038353 ], [ 958102.451630523311906, 1945649.840409711236134 ], [ 958092.993863127660006, 1945638.274841894162819 ], [ 958083.577844567014836, 1945645.91189579339698 ], [ 958093.186028658761643, 1945657.566633278038353 ] ] ] } },
{ "type": "Feature", "properties": { "GU_NAM": "강남구", "F_SHIM": 0.2, "F_AREA": 281.1, "F_DISA_NM": "2022년 8.8. ~ 17. 호우(재난지원금)", "F_RSN_DTL": "침수", "TYPE": "주택", "F_SAT_YMD": "20220808 - 2200" }, "geometry": { "type": "Polygon", "coordinates": [ [ [ 958174.132580450735986, 1945689.025927128037438 ], [ 958188.086065498297103, 1945677.456293124938384 ], [ 958170.157129169208929, 1945655.639441508799791 ], [ 958167.888368719140999, 1945657.600733705796301 ], [ 958177.607408224022947, 1945669.424819388659671 ], [ 958165.822193844709545, 1945678.933730759425089 ], [ 958174.132580450735986, 1945689.025927128037438 ] ] ] } },
{ "type": "Feature", "properties": { "GU_NAM": "강남구", "F_SHIM": 0.2, "F_AREA": 235.0, "F_DISA_NM": "2022년 8.8. ~ 17. 호우(재난지원금)", "F_RSN_DTL": "침수", "TYPE": "주택", "F_SAT_YMD": "20220808 - 2200" }, "geometry": { "type": "Polygon", "coordinates": [ [ [ 958157.143944037845358, 1945761.678875901736319 ], [ 958146.273860571556725, 1945770.333257328951731 ], [ 958145.94972457177937, 1945773.30386778851971 ], [ 958154.029939746949822, 1945783.347301532514393 ], [ 958166.252540954155847, 1945773.376242993865162 ], [ 958157.143944037845358, 1945761.678875901736319 ] ] ] } },
{ "type": "Feature", "properties": { "GU_NAM": "강남구", "F_SHIM": 0.2, "F_AREA": 313.54, "F_DISA_NM": "2022년 8.8. ~ 17. 호우(재난지원금)", "F_RSN_DTL": "침수", "TYPE": "주택", "F_SAT_YMD": "20220818 - 0750" }, "geometry": { "type": "Polygon", "coordinates": [ [ [ 958133.945927947061136, 1945767.96947211958468 ], [ 958115.74337663827464, 1945783.190265847602859 ], [ 958124.11432330776006, 1945793.392100007040426 ], [ 958142.277631684672087, 1945778.311461947159842 ], [ 958133.945927947061136, 1945767.96947211958468 ] ] ] } },
{ "type": "Feature", "properties": { "GU_NAM": "강남구", "F_SHIM": 0.2, "F_AREA": 289.96, "F_DISA_NM": "2022년 8.8. ~ 17. 호우(재난지원금)", "F_RSN_DTL": "침수", "TYPE": "주택", "F_SAT_YMD": "20220812 - 0000" }, "geometry": { "type": "Polygon", "coordinates": [ [ [ 958194.264113828772679, 1945796.399208072572947 ], [ 958179.103921831469052, 1945808.505039065610617 ], [ 958178.580461295437999, 1945813.47596007050015 ], [ 958184.54716691817157, 1945820.821599843911827 ], [ 958202.323754325276241, 1945806.332791081629694 ], [ 958194.264113828772679, 1945796.399208072572947 ] ] ] } },
{ "type": "Feature", "properties": { "GU_NAM": "강남구", "F_SHIM": 0.2, "F_AREA": 223.51, "F_DISA_NM": "2022년 8.8. ~ 17. 호우(재난지원금)", "F_RSN_DTL": "침수", "TYPE": "주택", "F_SAT_YMD": "20220816 - 0000" }, "geometry": { "type": "Polygon", "coordinates": [ [ [ 958046.329432226833887, 1945645.479455347172916 ], [ 958059.287019831943326, 1945649.709210148314014 ], [ 958063.849083799519576, 1945654.193362275138497 ], [ 958070.269123023259453, 1945648.991277880501002 ], [ 958062.714207512559369, 1945639.984671819955111 ], [ 958050.033171752700582, 1945635.123686546459794 ], [ 958046.329432226833887, 1945645.479455347172916 ] ] ] } },
{ "type": "Feature", "properties": { "GU_NAM": "강남구", "F_SHIM": 0.2, "F_AREA": 215.58, "F_DISA_NM": "2022년 8.8. ~ 17. 호우(재난지원금)", "F_RSN_DTL": "침수", "TYPE": "주택", "F_SAT_YMD": "20220811 - 0000" }, "geometry": { "type": "Polygon", "coordinates": [ [ [ 958066.058306142920628, 1945597.592748379800469 ], [ 958077.1267032364849, 1945601.842508007073775 ], [ 958083.524612108478323, 1945584.914911419153214 ], [ 958072.276446122792549, 1945580.696092759259045 ], [ 958066.058306142920628, 1945597.592748379800469 ] ] ] } },
{ "type": "Feature", "properties": { "GU_NAM": "강남구", "F_SHIM": 0.2, "F_AREA": 216.83, "F_DISA_NM": "2022년 8.8. ~ 17. 호우(재난지원금)", "F_RSN_DTL": "침수", "TYPE": "주택", "F_SAT_YMD": "20220816 - 0000" }, "geometry": { "type": "Polygon", "coordinates": [ [ [ 958131.260376876103692, 1945710.125266067916527 ], [ 958120.998247788171284, 1945718.436553108505905 ], [ 958131.411725150188431, 1945731.146628249436617 ], [ 958141.64492512808647, 1945723.035419898573309 ], [ 958131.260376876103692, 1945710.125266067916527 ] ] ] } },
{ "type": "Feature", "properties": { "GU_NAM": "강남구", "F_SHIM": 0.2, "F_AREA": 210.95, "F_DISA_NM": "2022년 8.8. ~ 17. 호우(재난지원금)", "F_RSN_DTL": "침수", "TYPE": "주택", "F_SAT_YMD": "20220808 - 2100" }, "geometry": { "type": "Polygon", "coordinates": [ [ [ 958136.041966444463469, 1945688.118128941627219 ], [ 958131.071044951444492, 1945687.59466774458997 ], [ 958124.252914107288234, 1945693.128738031256944 ], [ 958135.341312252101488, 1945706.814872787334025 ], [ 958144.916630224324763, 1945699.057019510073587 ], [ 958136.041966444463469, 1945688.118128941627219 ] ] ] } },
{ "type": "Feature", "properties": { "GU_NAM": "강남구", "F_SHIM": 0.2, "F_AREA": 267.04, "F_DISA_NM": "2022년 8.8. ~ 17. 호우(재난지원금)", "F_RSN_DTL": "침수", "TYPE": "주택", "F_SAT_YMD": "20220813 - 0000" }, "geometry": { "type": "Polygon", "coordinates": [ [ [ 958162.63383690000046, 1946960.093029139796272 ], [ 958173.696336601744406, 1946967.001811959780753 ], [ 958184.540741743287072, 1946949.730765237938613 ], [ 958173.567570622661151, 1946942.701553664868698 ], [ 958162.63383690000046, 1946960.093029139796272 ] ] ] } },
{ "type": "Feature", "properties": { "GU_NAM": "강남구", "F_SHIM": 0.2, "F_AREA": 282.79, "F_DISA_NM": "2022년 8.8. ~ 17. 호우(재난지원금)", "F_RSN_DTL": "침수", "TYPE": "주택", "F_SAT_YMD": "20220818 - 0000" }, "geometry": { "type": "Polygon", "coordinates": [ [ [ 958056.361874623922631, 1946846.608662362210453 ], [ 958058.829188093659468, 1946859.480786482803524 ], [ 958066.464538913103752, 1946859.140439655631781 ], [ 958076.748298518010415, 1946858.68609657138586 ], [ 958074.589937130920589, 1946849.410994425415993 ], [ 958070.887181810103357, 1946848.630912770982832 ], [ 958066.871716275229119, 1946830.339015097357333 ], [ 958064.68904068111442, 1946829.680830306140706 ], [ 958067.39323863259051, 1946841.981911492999643 ], [ 958056.454948843340389, 1946845.308653469430283 ], [ 958056.361874623922631, 1946846.608662362210453 ] ] ] } },
{ "type": "Feature", "properties": { "GU_NAM": "강남구", "F_SHIM": 0.2, "F_AREA": 132.17, "F_DISA_NM": "2022년 8.8. ~ 17. 호우(재난지원금)", "F_RSN_DTL": "침수", "TYPE": "주택", "F_SAT_YMD": "20220822 - 0000" }, "geometry": { "type": "Polygon", "coordinates": [ [ [ 958070.887181810103357, 1946848.630912770982832 ], [ 958074.589937130920589, 1946849.410994425415993 ], [ 958084.213281025760807, 1946843.172308032866567 ], [ 958081.849256071145646, 1946836.587293507065624 ], [ 958080.732126411981881, 1946835.163745743222535 ], [ 958069.104869455099106, 1946840.523382043931633 ], [ 958070.887181810103357, 1946848.630912770982832 ] ] ] } },
{ "type": "Feature", "properties": { "GU_NAM": "강남구", "F_SHIM": 0.2, "F_AREA": 274.21, "F_DISA_NM": "2022년 8.8. ~ 17. 호우(재난지원금)", "F_RSN_DTL": "침수", "TYPE": "주택", "F_SAT_YMD": "20220817 - 0000" }, "geometry": { "type": "Polygon", "coordinates": [ [ [ 958085.919514687149785, 1946780.326686435379088 ], [ 958087.918501680484042, 1946780.276109176920727 ], [ 958101.081637074938044, 1946779.90647258865647 ], [ 958099.115583910490386, 1946771.080183842452243 ], [ 958090.70440672559198, 1946764.6071817711927 ], [ 958082.594809796195477, 1946765.999649527017027 ], [ 958076.522185713401996, 1946768.8507762379013 ], [ 958076.228888350073248, 1946771.981164250755683 ], [ 958085.919514687149785, 1946780.326686435379088 ] ] ] } },
{ "type": "Feature", "properties": { "GU_NAM": "강남구", "F_SHIM": 0.2, "F_AREA": 218.93, "F_DISA_NM": "2022년 8.8. ~ 17. 호우(재난지원금)", "F_RSN_DTL": "침수", "TYPE": "주택", "F_SAT_YMD": "20220818 - 0000" }, "geometry": { "type": "Polygon", "coordinates": [ [ [ 958165.331863856408745, 1947086.301677686162293 ], [ 958169.935544958570972, 1947089.206190451979637 ], [ 958182.497012525447644, 1947088.479871956398711 ], [ 958181.77661140053533, 1947075.148660846985877 ], [ 958165.008207804406993, 1947076.15717518189922 ], [ 958165.331863856408745, 1947086.301677686162293 ] ] ] } },
{ "type": "Feature", "properties": { "GU_NAM": "강남구", "F_SHIM": 0.2, "F_AREA": 245.79, "F_DISA_NM": "2022년 8.8. ~ 17. 호우(재난지원금)", "F_RSN_DTL": "침수", "TYPE": "주택", "F_SAT_YMD": "20220818 - 0000" }, "geometry": { "type": "Polygon", "coordinates": [ [ [ 958199.554292174056172, 1947074.074820664245635 ], [ 958212.725197098799981, 1947073.285295302281156 ], [ 958211.654996727127582, 1947054.308043988887221 ], [ 958200.932262552436441, 1947054.924655703594908 ], [ 958198.894896156620234, 1947057.164620738010854 ], [ 958199.554292174056172, 1947074.074820664245635 ] ] ] } },
{ "type": "Feature", "properties": { "GU_NAM": "강남구", "F_SHIM": 0.2, "F_AREA": 242.87, "F_DISA_NM": "2022년 8.8. ~ 17. 호우(재난지원금)", "F_RSN_DTL": "침수", "TYPE": "주택", "F_SAT_YMD": "20220825 - 0000" }, "geometry": { "type": "Polygon", "coordinates": [ [ [ 958136.184735130518675, 1947154.590733320219442 ], [ 958150.216379949473776, 1947163.433053340064362 ], [ 958157.3048239890486, 1947152.319619292393327 ], [ 958141.558461494161747, 1947142.466765806777403 ], [ 958135.401800998486578, 1947152.095813771244138 ], [ 958136.184735130518675, 1947154.590733320219442 ] ] ] } },
{ "type": "Feature", "properties": { "GU_NAM": "강남구", "F_SHIM": 0.2, "F_AREA": 183.35, "F_DISA_NM": "2022년 8.8. ~ 17. 호우(재난지원금)", "F_RSN_DTL": "침수", "TYPE": "주택", "F_SAT_YMD": "20220818 - 0000" }, "geometry": { "type": "Polygon", "coordinates": [ [ [ 957992.415509099490009, 1947154.063071510987356 ], [ 957993.461003202828579, 1947158.945709901163355 ], [ 958001.855937486398034, 1947164.239234650973231 ], [ 958009.510764251928777, 1947152.48303584032692 ], [ 957998.326349358656444, 1947145.20503788231872 ], [ 957992.415509099490009, 1947154.063071510987356 ] ] ] } },
{ "type": "Feature", "properties": { "GU_NAM": "강남구", "F_SHIM": 0.2, "F_AREA": 561.15, "F_DISA_NM": "2022년 8.8. ~ 17. 호우(재난지원금)", "F_RSN_DTL": "침수", "TYPE": "주택", "F_SAT_YMD": "20220817 - 0000" }, "geometry": { "type": "Polygon", "coordinates": [ [ [ 958500.081393310334533, 1945596.633018960244954 ], [ 958479.36773463699501, 1945611.467255047522485 ], [ 958492.326831777230836, 1945629.191964828176424 ], [ 958513.140079096076079, 1945614.287227090913802 ], [ 958500.081393310334533, 1945596.633018960244954 ] ] ] } },
{ "type": "Feature", "properties": { "GU_NAM": "강남구", "F_SHIM": 0.2, "F_AREA": 270.09, "F_DISA_NM": "2022년 8.8. ~ 17. 호우(재난지원금)", "F_RSN_DTL": "침수", "TYPE": "주택", "F_SAT_YMD": "20220808 - 2200" }, "geometry": { "type": "Polygon", "coordinates": [ [ [ 958370.64641802222468, 1945412.977459442568943 ], [ 958376.114408980938606, 1945433.740738115739077 ], [ 958388.264439112041146, 1945430.827438433188945 ], [ 958382.463774148607627, 1945409.536119908792898 ], [ 958370.64641802222468, 1945412.977459442568943 ] ] ] } },
{ "type": "Feature", "properties": { "GU_NAM": "강남구", "F_SHIM": 0.2, "F_AREA": 222.5, "F_DISA_NM": "2022년 8.8. ~ 17. 호우(재난지원금)", "F_RSN_DTL": "침수", "TYPE": "주택", "F_SAT_YMD": "20220812 - 0000" }, "geometry": { "type": "Polygon", "coordinates": [ [ [ 958447.95352442143485, 1945423.533850562060252 ], [ 958454.943311057751998, 1945431.533824995392933 ], [ 958467.211102690198459, 1945416.884280499536544 ], [ 958455.646329733543098, 1945409.508317256113514 ], [ 958447.797747996286489, 1945420.545790885807946 ], [ 958447.95352442143485, 1945423.533850562060252 ] ] ] } },
{ "type": "Feature", "properties": { "GU_NAM": "강남구", "F_SHIM": 0.2, "F_AREA": 211.65, "F_DISA_NM": "2022년 8.8. ~ 17. 호우(재난지원금)", "F_RSN_DTL": "침수", "TYPE": "주택", "F_SAT_YMD": "20220808 - 2200" }, "geometry": { "type": "Polygon", "coordinates": [ [ [ 958463.258929356117733, 1945450.162807557499036 ], [ 958451.633693167706951, 1945457.791566889733076 ], [ 958457.994868613779545, 1945469.783382869325578 ], [ 958461.478332915925421, 1945468.795291539281607 ], [ 958471.576182593009435, 1945459.665186427766457 ], [ 958463.258929356117733, 1945450.162807557499036 ] ] ] } },
{ "type": "Feature", "properties": { "GU_NAM": "강남구", "F_SHIM": 0.2, "F_AREA": 317.45, "F_DISA_NM": "2022년 8.8. ~ 17. 호우(재난지원금)", "F_RSN_DTL": "침수", "TYPE": "주택", "F_SAT_YMD": "20220808 - 2200" }, "geometry": { "type": "Polygon", "coordinates": [ [ [ 958253.471342385746539, 1945498.126649847021326 ], [ 958260.345853917300701, 1945525.879870489472523 ], [ 958271.057627314236015, 1945523.194106244714931 ], [ 958264.313169753178954, 1945495.460189503850415 ], [ 958253.471342385746539, 1945498.126649847021326 ] ] ] } },
{ "type": "Feature", "properties": { "GU_NAM": "강남구", "F_SHIM": 0.2, "F_AREA": 151.46, "F_DISA_NM": "2022년 8.8. ~ 17. 호우(재난지원금)", "F_RSN_DTL": "침수", "TYPE": "주택", "F_SAT_YMD": "20220812 - 0000" }, "geometry": { "type": "Polygon", "coordinates": [ [ [ 958026.983246304909699, 1945427.833083905745298 ], [ 958030.974701186991297, 1945417.065944372210652 ], [ 958017.833373796893284, 1945412.117427689721808 ], [ 958017.231784512405284, 1945415.549336846219376 ], [ 958017.83276211458724, 1945415.776067619211972 ], [ 958014.914720351458527, 1945423.488657193491235 ], [ 958026.983246304909699, 1945427.833083905745298 ] ] ] } },
{ "type": "Feature", "properties": { "GU_NAM": "강남구", "F_SHIM": 0.2, "F_AREA": 245.25, "F_DISA_NM": "2022년 8.8. ~ 17. 호우(재난지원금)", "F_RSN_DTL": "침수", "TYPE": "주택", "F_SAT_YMD": "20220825 - 2030" }, "geometry": { "type": "Polygon", "coordinates": [ [ [ 958226.805491897510365, 1945608.366858046734706 ], [ 958214.996843522763811, 1945617.226134529104456 ], [ 958224.983773884479888, 1945630.55823808349669 ], [ 958236.703305328381248, 1945621.859373987652361 ], [ 958226.805491897510365, 1945608.366858046734706 ] ] ] } },
{ "type": "Feature", "properties": { "GU_NAM": "강남구", "F_SHIM": 0.2, "F_AREA": 245.47, "F_DISA_NM": "2022년 8.8. ~ 17. 호우(재난지원금)", "F_RSN_DTL": "침수", "TYPE": "주택", "F_SAT_YMD": "20220825 - 2016" }, "geometry": { "type": "Polygon", "coordinates": [ [ [ 958250.838767219916917, 1945616.336522677913308 ], [ 958239.069467752124183, 1945625.075635306304321 ], [ 958248.867692045401782, 1945638.638652372639626 ], [ 958260.627683666418307, 1945630.029540515737608 ], [ 958250.838767219916917, 1945616.336522677913308 ] ] ] } },
{ "type": "Feature", "properties": { "GU_NAM": "강남구", "F_SHIM": 0.2, "F_AREA": 170.72, "F_DISA_NM": "2022년 8.8. ~ 17. 호우(재난지원금)", "F_RSN_DTL": "침수", "TYPE": "주택", "F_SAT_YMD": "20220826 - 1655" }, "geometry": { "type": "Polygon", "coordinates": [ [ [ 958121.351397968130186, 1945615.273134699789807 ], [ 958135.119381452677771, 1945632.843622082378715 ], [ 958146.258722738246433, 1945624.067860486917198 ], [ 958135.025624623289332, 1945618.919309301301837 ], [ 958131.714474079199135, 1945620.356321036349982 ], [ 958123.342071220045909, 1945613.653188992058858 ], [ 958121.351397968130186, 1945615.273134699789807 ] ] ] } },
{ "type": "Feature", "properties": { "GU_NAM": "강남구", "F_SHIM": 0.2, "F_AREA": 142.56, "F_DISA_NM": "2022년 8.8. ~ 17. 호우(재난지원금)", "F_RSN_DTL": "침수", "TYPE": "주택", "F_SAT_YMD": "20220823 - 1345" }, "geometry": { "type": "Polygon", "coordinates": [ [ [ 958092.375174907734618, 1945279.941674376372248 ], [ 958093.256622724118643, 1945280.276878549717367 ], [ 958107.179171460098587, 1945285.511150413891301 ], [ 958110.393069708487019, 1945277.037278023315594 ], [ 958095.409833707613871, 1945271.598702888237312 ], [ 958092.375174907734618, 1945279.941674376372248 ] ] ] } },
{ "type": "Feature", "properties": { "GU_NAM": "강남구", "F_SHIM": 0.2, "F_AREA": 236.12, "F_DISA_NM": "2022년 8.8. ~ 17. 호우(재난지원금)", "F_RSN_DTL": "침수", "TYPE": "주택", "F_SAT_YMD": "20220826 - 1624" }, "geometry": { "type": "Polygon", "coordinates": [ [ [ 958201.982880168710835, 1945321.185473727062345 ], [ 958194.783869832404889, 1945339.736706184921786 ], [ 958205.941963399527594, 1945343.93601180636324 ], [ 958213.020809846813791, 1945325.345430981600657 ], [ 958201.982880168710835, 1945321.185473727062345 ] ] ] } },
{ "type": "Feature", "properties": { "GU_NAM": "강남구", "F_SHIM": 0.2, "F_AREA": 289.64, "F_DISA_NM": "2022년 8.8. ~ 17. 호우(재난지원금)", "F_RSN_DTL": "침수", "TYPE": "주택", "F_SAT_YMD": "20220817 - 0000" }, "geometry": { "type": "Polygon", "coordinates": [ [ [ 958086.025778998737223, 1945351.318718255730346 ], [ 958093.45781020168215, 1945331.466733506880701 ], [ 958080.8170251873089, 1945326.65551231126301 ], [ 958073.165081900195219, 1945346.508662211708724 ], [ 958086.025778998737223, 1945351.318718255730346 ] ] ] } },
{ "type": "Feature", "properties": { "GU_NAM": "강남구", "F_SHIM": 0.2, "F_AREA": 162.2, "F_DISA_NM": "2022년 8.8. ~ 17. 호우(재난지원금)", "F_RSN_DTL": "침수", "TYPE": "주택", "F_SAT_YMD": "20220808 - 2200" }, "geometry": { "type": "Polygon", "coordinates": [ [ [ 958047.419767994782887, 1945560.705269038910046 ], [ 958053.239143682643771, 1945562.8836179303471 ], [ 958057.78646189509891, 1945560.810292440466583 ], [ 958062.517447699559852, 1945548.119950349442661 ], [ 958053.281971490941942, 1945544.550223201978952 ], [ 958047.419767994782887, 1945560.705269038910046 ] ] ] } },
{ "type": "Feature", "properties": { "GU_NAM": "강남구", "F_SHIM": 0.2, "F_AREA": 170.88, "F_DISA_NM": "2022년 8.8. ~ 17. 호우(재난지원금)", "F_RSN_DTL": "침수", "TYPE": "주택", "F_SAT_YMD": "20220812 - 0000" }, "geometry": { "type": "Polygon", "coordinates": [ [ [ 958032.68280920793768, 1945641.383302186382934 ], [ 958045.96503469790332, 1945646.511002061190084 ], [ 958050.033171752700582, 1945635.123686546459794 ], [ 958036.911411839886568, 1945630.095099211903289 ], [ 958032.68280920793768, 1945641.383302186382934 ] ] ] } },
{ "type": "Feature", "properties": { "GU_NAM": "강남구", "F_SHIM": 0.2, "F_AREA": 162.26, "F_DISA_NM": "2022년 8.8. ~ 17. 호우(재난지원금)", "F_RSN_DTL": "침수", "TYPE": "주택", "F_SAT_YMD": "20220808 - 2200" }, "geometry": { "type": "Polygon", "coordinates": [ [ [ 958029.755249972222373, 1945649.185909235384315 ], [ 958031.838519129785709, 1945653.723178137093782 ], [ 958042.044560655369423, 1945657.46769560337998 ], [ 958045.96503469790332, 1945646.511002061190084 ], [ 958032.68280920793768, 1945641.383302186382934 ], [ 958029.755249972222373, 1945649.185909235384315 ] ] ] } },
{ "type": "Feature", "properties": { "GU_NAM": "강남구", "F_SHIM": 0.2, "F_AREA": 175.53, "F_DISA_NM": "2022년 8.8. ~ 17. 호우(재난지원금)", "F_RSN_DTL": "침수", "TYPE": "주택", "F_SAT_YMD": "20220812 - 0000" }, "geometry": { "type": "Polygon", "coordinates": [ [ [ 958015.126508040586486, 1945584.237635827390477 ], [ 958013.855558387353085, 1945587.743064949288964 ], [ 958015.71857320307754, 1945588.442931212019175 ], [ 958012.930269002914429, 1945596.114848958561197 ], [ 958026.151512440177612, 1945601.052943418500945 ], [ 958030.24086006404832, 1945589.895429820986465 ], [ 958015.126508040586486, 1945584.237635827390477 ] ] ] } },
{ "type": "Feature", "properties": { "GU_NAM": "강남구", "F_SHIM": 0.2, "F_AREA": 169.78, "F_DISA_NM": "2022년 8.8. ~ 17. 호우(재난지원금)", "F_RSN_DTL": "침수", "TYPE": "주택", "F_SAT_YMD": "20220808 - 2200" }, "geometry": { "type": "Polygon", "coordinates": [ [ [ 958012.930269002914429, 1945596.114848958561197 ], [ 958008.821670742589049, 1945607.412412623642012 ], [ 958022.012979264254682, 1945612.360661800019443 ], [ 958026.151512440177612, 1945601.052943418500945 ], [ 958012.930269002914429, 1945596.114848958561197 ] ] ] } },
{ "type": "Feature", "properties": { "GU_NAM": "강남구", "F_SHIM": 0.2, "F_AREA": 253.45, "F_DISA_NM": "2022년 8.8. ~ 17. 호우(재난지원금)", "F_RSN_DTL": "침수", "TYPE": "주택", "F_SAT_YMD": "20220811 - 0000" }, "geometry": { "type": "Polygon", "coordinates": [ [ [ 958016.074177463888191, 1945351.75924112345092 ], [ 958027.522315960144624, 1945355.986999800428748 ], [ 958034.745702446671203, 1945336.376029590377584 ], [ 958023.507585928309709, 1945332.167150721652433 ], [ 958016.074177463888191, 1945351.75924112345092 ] ] ] } },
{ "type": "Feature", "properties": { "GU_NAM": "강남구", "F_SHIM": 0.2, "F_AREA": 287.88, "F_DISA_NM": "2022년 8.8. ~ 17. 호우(재난지원금)", "F_RSN_DTL": "침수", "TYPE": "주택", "F_SAT_YMD": "20220808 - 2200" }, "geometry": { "type": "Polygon", "coordinates": [ [ [ 958081.009218526887707, 1945461.064400212839246 ], [ 958089.279204555321485, 1945438.998798940097913 ], [ 958077.850687777507119, 1945434.700963706942275 ], [ 958069.580489738145843, 1945456.726581238908693 ], [ 958081.009218526887707, 1945461.064400212839246 ] ] ] } },
{ "type": "Feature", "properties": { "GU_NAM": "강남구", "F_SHIM": 0.2, "F_AREA": 162.42, "F_DISA_NM": "2022년 8.8. ~ 17. 호우(재난지원금)", "F_RSN_DTL": "침수", "TYPE": "주택", "F_SAT_YMD": "20220812 - 0000" }, "geometry": { "type": "Polygon", "coordinates": [ [ [ 957986.797542566317134, 1945469.220618286868557 ], [ 957982.301746425451711, 1945481.020046613411978 ], [ 957982.136136618442833, 1945482.025549593148753 ], [ 957993.125645264284685, 1945486.290723304729909 ], [ 957997.866469555767253, 1945473.570339758880436 ], [ 957986.797542566317134, 1945469.220618286868557 ] ] ] } },
{ "type": "Feature", "properties": { "GU_NAM": "강남구", "F_SHIM": 0.2, "F_AREA": 162.42, "F_DISA_NM": "2022년 8.8. ~ 17. 호우(재난지원금)", "F_RSN_DTL": "침수", "TYPE": "주택", "F_SAT_YMD": "20220808 - 2100" }, "geometry": { "type": "Polygon", "coordinates": [ [ [ 957993.125645264284685, 1945486.290723304729909 ], [ 958004.304528205655515, 1945490.639862067298964 ], [ 958008.995531264226884, 1945477.949731402331963 ], [ 957997.866469555767253, 1945473.570339758880436 ], [ 957993.125645264284685, 1945486.290723304729909 ] ] ] } },
{ "type": "Feature", "properties": { "GU_NAM": "강남구", "F_SHIM": 0.2, "F_AREA": 333.28, "F_DISA_NM": "2022년 8.8. ~ 17. 호우(재난지원금)", "F_RSN_DTL": "침수", "TYPE": "주택", "F_SAT_YMD": "22080808 - 2300" }, "geometry": { "type": "Polygon", "coordinates": [ [ [ 957990.169257375877351, 1945460.346057128161192 ], [ 958002.339332346222363, 1945464.989833794999868 ], [ 958011.249050743761472, 1945441.031545728677884 ], [ 957999.049093925626948, 1945436.407919633667916 ], [ 957990.169257375877351, 1945460.346057128161192 ] ] ] } },
{ "type": "Feature", "properties": { "GU_NAM": "강남구", "F_SHIM": 0.2, "F_AREA": 170.79, "F_DISA_NM": "2022년 8.8. ~ 17. 호우(재난지원금)", "F_RSN_DTL": "침수", "TYPE": "주택", "F_SAT_YMD": "20220808 - 2200" }, "geometry": { "type": "Polygon", "coordinates": [ [ [ 958008.502668257802725, 1945479.261854326585308 ], [ 958021.333908477798104, 1945484.172027648892254 ], [ 958022.250668592867441, 1945481.738076395122334 ], [ 958024.133622351568192, 1945482.427840967429802 ], [ 958027.150246783625335, 1945474.454825909342617 ], [ 958012.365869151195511, 1945468.815274567343295 ], [ 958008.502668257802725, 1945479.261854326585308 ] ] ] } },
{ "type": "Feature", "properties": { "GU_NAM": "강남구", "F_SHIM": 0.2, "F_AREA": 347.13, "F_DISA_NM": "2022년 8.8. ~ 17. 호우(재난지원금)", "F_RSN_DTL": "침수", "TYPE": "주택", "F_SAT_YMD": "20220816 - 0000" }, "geometry": { "type": "Polygon", "coordinates": [ [ [ 958036.766785124083981, 1945444.285107424715534 ], [ 958044.777087880647741, 1945422.260865958640352 ], [ 958030.974701186991297, 1945417.065944372210652 ], [ 958022.854018628480844, 1945439.01080063614063 ], [ 958036.766785124083981, 1945444.285107424715534 ] ] ] } },
{ "type": "Feature", "properties": { "GU_NAM": "강남구", "F_SHIM": 0.2, "F_AREA": 156.55, "F_DISA_NM": "2022년 8.8. ~ 17. 호우(재난지원금)", "F_RSN_DTL": "침수", "TYPE": "주택", "F_SAT_YMD": "20220817 - 0000" }, "geometry": { "type": "Polygon", "coordinates": [ [ [ 958025.089820003369823, 1945485.551609728718176 ], [ 958037.942534684785642, 1945490.741564811673015 ], [ 958042.094877847703174, 1945480.153505800291896 ], [ 958029.023363388259895, 1945475.174631425878033 ], [ 958025.089820003369823, 1945485.551609728718176 ] ] ] } },
{ "type": "Feature", "properties": { "GU_NAM": "강남구", "F_SHIM": 0.2, "F_AREA": 285.25, "F_DISA_NM": "2022년 8.8. ~ 17. 호우(재난지원금)", "F_RSN_DTL": "침수", "TYPE": "주택", "F_SAT_YMD": "20220812 - 0000" }, "geometry": { "type": "Polygon", "coordinates": [ [ [ 958026.509179287473671, 1945474.208314994582906 ], [ 958036.87626807752531, 1945478.161903114290908 ], [ 958045.785562187200412, 1945454.123647865606472 ], [ 958035.358497629757039, 1945450.170377228874713 ], [ 958026.509179287473671, 1945474.208314994582906 ] ] ] } },
{ "type": "Feature", "properties": { "GU_NAM": "강남구", "F_SHIM": 0.2, "F_AREA": 160.61, "F_DISA_NM": "2022년 8.8. ~ 17. 호우(재난지원금)", "F_RSN_DTL": "침수", "TYPE": "주택", "F_SAT_YMD": "20220817 - 0000" }, "geometry": { "type": "Polygon", "coordinates": [ [ [ 958049.127048062160611, 1945448.977857956429943 ], [ 958053.334443097002804, 1945437.459854082204401 ], [ 958040.865495173027739, 1945433.007589749060571 ], [ 958036.766785124083981, 1945444.285107424715534 ], [ 958049.127048062160611, 1945448.977857956429943 ] ] ] } },
{ "type": "Feature", "properties": { "GU_NAM": "강남구", "F_SHIM": 0.2, "F_AREA": 260.04, "F_DISA_NM": "2022년 8.8. ~ 17. 호우(재난지원금)", "F_RSN_DTL": "침수", "TYPE": "주택", "F_SAT_YMD": "20220813 - 0000" }, "geometry": { "type": "Polygon", "coordinates": [ [ [ 958049.286722966236994, 1945482.894372406648472 ], [ 958058.722277737222612, 1945486.493029121542349 ], [ 958067.471053033485077, 1945462.345665665576234 ], [ 958057.98551847145427, 1945458.747273500543088 ], [ 958049.286722966236994, 1945482.894372406648472 ] ] ] } },
{ "type": "Feature", "properties": { "GU_NAM": "강남구", "F_SHIM": 0.2, "F_AREA": 446.53, "F_DISA_NM": "2022년 8.8. ~ 17. 호우(재난지원금)", "F_RSN_DTL": "침수", "TYPE": "주택", "F_SAT_YMD": "20220825 - 1533" }, "geometry": { "type": "Polygon", "coordinates": [ [ [ 958069.580489738145843, 1945456.726581238908693 ], [ 958077.850687777507119, 1945434.700963706942275 ], [ 958059.981720110401511, 1945427.978161830455065 ], [ 958051.931645447737537, 1945450.042598767904565 ], [ 958069.580489738145843, 1945456.726581238908693 ] ] ] } },
{ "type": "Feature", "properties": { "GU_NAM": "강남구", "F_SHIM": 0.2, "F_AREA": 319.8, "F_DISA_NM": "2022년 8.8. ~ 17. 호우(재난지원금)", "F_RSN_DTL": "침수", "TYPE": "주택", "F_SAT_YMD": "20220826 - 1321" }, "geometry": { "type": "Polygon", "coordinates": [ [ [ 958058.722277737222612, 1945486.493029121542349 ], [ 958070.241288465331309, 1945490.890347165986896 ], [ 958079.200244185398333, 1945466.791851944988593 ], [ 958067.471053033485077, 1945462.345665665576234 ], [ 958058.722277737222612, 1945486.493029121542349 ] ] ] } },
{ "type": "Feature", "properties": { "GU_NAM": "강남구", "F_SHIM": 0.2, "F_AREA": 372.0, "F_DISA_NM": "2022년 8.8. ~ 17. 호우(재난지원금)", "F_RSN_DTL": "침수", "TYPE": "주택", "F_SAT_YMD": "20220811 - 0000" }, "geometry": { "type": "Polygon", "coordinates": [ [ [ 957967.972581696580164, 1945508.475752359488979 ], [ 957981.495134912314825, 1945513.682151595596224 ], [ 957990.534058847115375, 1945489.583230217918754 ], [ 957977.141453839372844, 1945484.376142295775935 ], [ 957967.972581696580164, 1945508.475752359488979 ] ] ] } },
{ "type": "Feature", "properties": { "GU_NAM": "강남구", "F_SHIM": 0.2, "F_AREA": 360.25, "F_DISA_NM": "2022년 8.8. ~ 17. 호우(재난지원금)", "F_RSN_DTL": "침수", "TYPE": "주택", "F_SAT_YMD": "20220808 - 2100" }, "geometry": { "type": "Polygon", "coordinates": [ [ [ 957981.495134912314825, 1945513.682151595596224 ], [ 957994.556971967220306, 1945518.721054599620402 ], [ 958003.5760625123512, 1945494.652227402897552 ], [ 957990.534058847115375, 1945489.583230217918754 ], [ 957981.495134912314825, 1945513.682151595596224 ] ] ] } },
{ "type": "Feature", "properties": { "GU_NAM": "강남구", "F_SHIM": 0.2, "F_AREA": 361.92, "F_DISA_NM": "2022년 8.8. ~ 17. 호우(재난지원금)", "F_RSN_DTL": "침수", "TYPE": "주택", "F_SAT_YMD": "20220817 - 0000" }, "geometry": { "type": "Polygon", "coordinates": [ [ [ 957994.556971967220306, 1945518.721054599620402 ], [ 958007.758964612497948, 1945523.799200100358576 ], [ 958016.648159911390394, 1945499.741057577775791 ], [ 958003.5760625123512, 1945494.652227402897552 ], [ 957994.556971967220306, 1945518.721054599620402 ] ] ] } },
{ "type": "Feature", "properties": { "GU_NAM": "강남구", "F_SHIM": 0.2, "F_AREA": 166.61, "F_DISA_NM": "2022년 8.8. ~ 17. 호우(재난지원금)", "F_RSN_DTL": "침수", "TYPE": "주택", "F_SAT_YMD": "20220812 - 0000" }, "geometry": { "type": "Polygon", "coordinates": [ [ [ 958004.304528205655515, 1945490.639862067298964 ], [ 958017.015975455986336, 1945495.580658668885008 ], [ 958021.333908477798104, 1945484.172027648892254 ], [ 958008.502668257802725, 1945479.261854326585308 ], [ 958004.304528205655515, 1945490.639862067298964 ] ] ] } },
{ "type": "Feature", "properties": { "GU_NAM": "강남구", "F_SHIM": 0.2, "F_AREA": 286.37, "F_DISA_NM": "2022년 8.8. ~ 17. 호우(재난지원금)", "F_RSN_DTL": "침수", "TYPE": "주택", "F_SAT_YMD": "20220808 - 2100" }, "geometry": { "type": "Polygon", "coordinates": [ [ [ 958018.096277648117393, 1945527.792930575553328 ], [ 958028.453529623104259, 1945531.776559066493064 ], [ 958037.4532629448222, 1945507.82779046962969 ], [ 958026.965533707523718, 1945503.744890187401325 ], [ 958018.096277648117393, 1945527.792930575553328 ] ] ] } },
{ "type": "Feature", "properties": { "GU_NAM": "강남구", "F_SHIM": 0.2, "F_AREA": 310.65, "F_DISA_NM": "2022년 8.8. ~ 17. 호우(재난지원금)", "F_RSN_DTL": "침수", "TYPE": "주택", "F_SAT_YMD": "20220808 - 2200" }, "geometry": { "type": "Polygon", "coordinates": [ [ [ 958024.851385956746526, 1945549.988861677469686 ], [ 958026.095349568873644, 1945552.711254940833896 ], [ 958037.874362789443694, 1945557.127187517238781 ], [ 958044.820875376695767, 1945538.08747034217231 ], [ 958029.385116424877197, 1945532.141486240318045 ], [ 958026.684339913073927, 1945539.353111383039504 ], [ 958028.557456570211798, 1945540.072916768025607 ], [ 958024.851385956746526, 1945549.988861677469686 ] ] ] } },
{ "type": "Feature", "properties": { "GU_NAM": "강남구", "F_SHIM": 0.2, "F_AREA": 215.6, "F_DISA_NM": "2022년 8.8. ~ 17. 호우(재난지원금)", "F_RSN_DTL": "침수", "TYPE": "주택", "F_SAT_YMD": "20220808 - 2000" }, "geometry": { "type": "Polygon", "coordinates": [ [ [ 958032.406270172330551, 1945521.249534787144512 ], [ 958046.179993253783323, 1945526.694513522088528 ], [ 958051.577110455138609, 1945513.320896000368521 ], [ 958037.4532629448222, 1945507.82779046962969 ], [ 958032.406270172330551, 1945521.249534787144512 ] ] ] } },
{ "type": "Feature", "properties": { "GU_NAM": "강남구", "F_SHIM": 0.2, "F_AREA": 230.6, "F_DISA_NM": "2022년 8.8. ~ 17. 호우(재난지원금)", "F_RSN_DTL": "침수", "TYPE": "주택", "F_SAT_YMD": "20220817 - 0000" }, "geometry": { "type": "Polygon", "coordinates": [ [ [ 958033.523847582284361, 1945502.000785266282037 ], [ 958051.924933936446905, 1945509.16060314886272 ], [ 958056.045064834295772, 1945498.152871317695826 ], [ 958037.794554000720382, 1945491.112210890976712 ], [ 958033.523847582284361, 1945502.000785266282037 ] ] ] } },
{ "type": "Feature", "properties": { "GU_NAM": "강남구", "F_SHIM": 0.2, "F_AREA": 245.93, "F_DISA_NM": "2022년 8.8. ~ 17. 호우(재난지원금)", "F_RSN_DTL": "침수", "TYPE": "주택", "F_SAT_YMD": "20220811 - 0000" }, "geometry": { "type": "Polygon", "coordinates": [ [ [ 958049.527221815893427, 1945526.406882463954389 ], [ 958067.987542663584463, 1945533.426438105292618 ], [ 958071.230208832887001, 1945524.722497784066945 ], [ 958069.186818467220291, 1945520.165024982532486 ], [ 958054.371817816281691, 1945514.405681553529575 ], [ 958049.527221815893427, 1945526.406882463954389 ] ] ] } },
{ "type": "Feature", "properties": { "GU_NAM": "강남구", "F_SHIM": 0.2, "F_AREA": 219.54, "F_DISA_NM": "2022년 8.8. ~ 17. 호우(재난지원금)", "F_RSN_DTL": "침수", "TYPE": "주택", "F_SAT_YMD": "20220811 - 0000" }, "geometry": { "type": "Polygon", "coordinates": [ [ [ 958077.777277892571874, 1945600.109706113347784 ], [ 958090.388076358940452, 1945604.921082433313131 ], [ 958096.114941848441958, 1945589.636429880280048 ], [ 958083.524612108478323, 1945584.914911419153214 ], [ 958077.777277892571874, 1945600.109706113347784 ] ] ] } },
{ "type": "Feature", "properties": { "GU_NAM": "강남구", "F_SHIM": 0.2, "F_AREA": 215.18, "F_DISA_NM": "2022년 8.8. ~ 17. 호우(재난지원금)", "F_RSN_DTL": "침수", "TYPE": "주택", "F_SAT_YMD": "20220826 - 1720" }, "geometry": { "type": "Polygon", "coordinates": [ [ [ 958109.419495009700768, 1945472.549564479850233 ], [ 958115.74658684246242, 1945455.462404130958021 ], [ 958104.428238063119352, 1945451.203970725182444 ], [ 958099.263305078493431, 1945465.006196952424943 ], [ 958101.33663013658952, 1945469.553514880593866 ], [ 958109.419495009700768, 1945472.549564479850233 ] ] ] } },
{ "type": "Feature", "properties": { "GU_NAM": "강남구", "F_SHIM": 0.2, "F_AREA": 407.09, "F_DISA_NM": "2022년 8.8. ~ 17. 호우(재난지원금)", "F_RSN_DTL": "침수", "TYPE": "주택", "F_SAT_YMD": "20220819 - 1843" }, "geometry": { "type": "Polygon", "coordinates": [ [ [ 959019.492374818306416, 1946076.830966552253813 ], [ 959018.611484159715474, 1946057.732772487681359 ], [ 959000.808861210942268, 1946052.209189728600904 ], [ 958997.985915084951557, 1946074.095972322626039 ], [ 959019.492374818306416, 1946076.830966552253813 ] ] ] } },
{ "type": "Feature", "properties": { "GU_NAM": "강남구", "F_SHIM": 0.2, "F_AREA": 195.31, "F_DISA_NM": "2022년 8.8. ~ 17. 호우(재난지원금)", "F_RSN_DTL": "침수", "TYPE": "주택", "F_SAT_YMD": "20220808 - 2130" }, "geometry": { "type": "Polygon", "coordinates": [ [ [ 958756.247058121487498, 1946066.709940086351708 ], [ 958744.648562010144815, 1946062.403019995894283 ], [ 958739.038694463786669, 1946077.127253901911899 ], [ 958750.697113678208552, 1946081.423860095441341 ], [ 958756.247058121487498, 1946066.709940086351708 ] ] ] } },
{ "type": "Feature", "properties": { "GU_NAM": "강남구", "F_SHIM": 0.2, "F_AREA": 197.66, "F_DISA_NM": "2022년 8.8. ~ 17. 호우(재난지원금)", "F_RSN_DTL": "침수", "TYPE": "주택", "F_SAT_YMD": "20220808 - 2200" }, "geometry": { "type": "Polygon", "coordinates": [ [ [ 958538.910962869646028, 1945978.554712974233553 ], [ 958551.942647669813596, 1945983.563777308678254 ], [ 958556.981276618898846, 1945970.451966689433903 ], [ 958543.868988553527743, 1945965.323373994324356 ], [ 958538.910962869646028, 1945978.554712974233553 ] ] ] } },
{ "type": "Feature", "properties": { "GU_NAM": "강남구", "F_SHIM": 0.2, "F_AREA": 197.31, "F_DISA_NM": "2022년 8.8. ~ 17. 호우(재난지원금)", "F_RSN_DTL": "침수", "TYPE": "주택", "F_SAT_YMD": "20220826 - 0000" }, "geometry": { "type": "Polygon", "coordinates": [ [ [ 957874.243119980790652, 1947239.627649770351127 ], [ 957894.132189859054051, 1947252.167542005190626 ], [ 957900.4764970515389, 1947242.107656585751101 ], [ 957888.641333914012648, 1947234.643178088823333 ], [ 957883.892980200704187, 1947242.165548235643655 ], [ 957874.635475269868039, 1947236.326799293747172 ], [ 957874.243119980790652, 1947239.627649770351127 ] ] ] } },
{ "type": "Feature", "properties": { "GU_NAM": "강남구", "F_SHIM": 0.2, "F_AREA": 252.2, "F_DISA_NM": "2022년 8.8. ~ 17. 호우(재난지원금)", "F_RSN_DTL": "침수", "TYPE": "주택", "F_SAT_YMD": "20220812 - 0000" }, "geometry": { "type": "Polygon", "coordinates": [ [ [ 957958.231928723398596, 1947092.507217280566692 ], [ 957967.702367105754092, 1947098.91462649195455 ], [ 957979.896375174052082, 1947079.777115456294268 ], [ 957972.705039291176945, 1947075.246925061568618 ], [ 957968.791111467289738, 1947076.117348727304488 ], [ 957958.231928723398596, 1947092.507217280566692 ] ] ] } },
{ "type": "Feature", "properties": { "GU_NAM": "강남구", "F_SHIM": 0.2, "F_AREA": 240.74, "F_DISA_NM": "2022년 8.8. ~ 17. 호우(재난지원금)", "F_RSN_DTL": "침수", "TYPE": "주택", "F_SAT_YMD": "20220808 - 2130" }, "geometry": { "type": "Polygon", "coordinates": [ [ [ 958534.385934827732854, 1946709.325979399960488 ], [ 958529.483075834577903, 1946721.647369652520865 ], [ 958546.153001603786834, 1946728.46646287990734 ], [ 958551.034120571683161, 1946715.815311121288687 ], [ 958534.385934827732854, 1946709.325979399960488 ] ] ] } },
{ "type": "Feature", "properties": { "GU_NAM": "강남구", "F_SHIM": 0.2, "F_AREA": 117.37, "F_DISA_NM": "2022년 8.8. ~ 17. 호우(재난지원금)", "F_RSN_DTL": "침수", "TYPE": "주택", "F_SAT_YMD": "20220823 - 1203" }, "geometry": { "type": "Polygon", "coordinates": [ [ [ 958204.286834842525423, 1946854.171720227459446 ], [ 958214.491040197317488, 1946859.455659492406994 ], [ 958219.241922980872914, 1946850.523806119803339 ], [ 958208.877252170932479, 1946845.140754331834614 ], [ 958204.286834842525423, 1946854.171720227459446 ] ] ] } },
{ "type": "Feature", "properties": { "GU_NAM": "강남구", "F_SHIM": 0.2, "F_AREA": 202.72, "F_DISA_NM": "2022년 8.8. ~ 17. 호우(재난지원금)", "F_RSN_DTL": "침수", "TYPE": "주택", "F_SAT_YMD": "20220812 - 0000" }, "geometry": { "type": "Polygon", "coordinates": [ [ [ 957797.267606278182939, 1946437.074579331325367 ], [ 957792.748531949939206, 1946446.365072444081306 ], [ 957808.245773584349081, 1946454.479909200454131 ], [ 957811.069927132804878, 1946453.575276982737705 ], [ 957814.838891781284474, 1946446.098084589932114 ], [ 957797.267606278182939, 1946437.074579331325367 ] ] ] } },
{ "type": "Feature", "properties": { "GU_NAM": "강남구", "F_SHIM": 0.2, "F_AREA": 113.6, "F_DISA_NM": "2022년 8.8. ~ 17. 호우(재난지원금)", "F_RSN_DTL": "침수", "TYPE": "주택", "F_SAT_YMD": "20220808 - 2100" }, "geometry": { "type": "Polygon", "coordinates": [ [ [ 958052.765839213971049, 1945905.648389403708279 ], [ 958064.60873565392103, 1945908.914407327305526 ], [ 958067.664439976564609, 1945900.771247530821711 ], [ 958056.245599077548832, 1945896.413389006396756 ], [ 958052.765839213971049, 1945905.648389403708279 ] ] ] } },
{ "type": "Feature", "properties": { "GU_NAM": "강남구", "F_SHIM": 0.2, "F_AREA": 255.38, "F_DISA_NM": "2022년 8.8. ~ 17. 호우(재난지원금)", "F_RSN_DTL": "침수", "TYPE": "주택", "F_SAT_YMD": "20220808 - 2200" }, "geometry": { "type": "Polygon", "coordinates": [ [ [ 957910.663892022916116, 1945799.061205380130559 ], [ 957922.083793393103406, 1945803.618985696462914 ], [ 957929.590448215021752, 1945784.646270761266351 ], [ 957917.859506120323204, 1945779.870219966862351 ], [ 957910.663892022916116, 1945799.061205380130559 ] ] ] } },
{ "type": "Feature", "properties": { "GU_NAM": "강남구", "F_SHIM": 0.2, "F_AREA": 213.37, "F_DISA_NM": "2022년 8.8. ~ 17. 호우(재난지원금)", "F_RSN_DTL": "침수", "TYPE": "주택", "F_SAT_YMD": "20220808 - 2200" }, "geometry": { "type": "Polygon", "coordinates": [ [ [ 958063.531899779918604, 1945788.674924931954592 ], [ 958054.354779886780307, 1945796.120785773498937 ], [ 958052.194916284875944, 1945797.881576163461432 ], [ 958061.431185523280874, 1945809.148428044980392 ], [ 958072.808099816902541, 1945799.931568952510133 ], [ 958063.531899779918604, 1945788.674924931954592 ] ] ] } },
{ "type": "Feature", "properties": { "GU_NAM": "강남구", "F_SHIM": 0.2, "F_AREA": 218.48, "F_DISA_NM": "2022년 8.8. ~ 17. 호우(재난지원금)", "F_RSN_DTL": "침수", "TYPE": "주택", "F_SAT_YMD": "20220819 - 2015" }, "geometry": { "type": "Polygon", "coordinates": [ [ [ 958075.19737420452293, 1945779.206630552420393 ], [ 958063.531899779918604, 1945788.674924931954592 ], [ 958072.808099816902541, 1945799.931568952510133 ], [ 958084.384033702895977, 1945790.543719080975279 ], [ 958075.19737420452293, 1945779.206630552420393 ] ] ] } },
{ "type": "Feature", "properties": { "GU_NAM": "강남구", "F_SHIM": 0.2, "F_AREA": 203.55, "F_DISA_NM": "2022년 8.8. ~ 17. 호우(재난지원금)", "F_RSN_DTL": "침수", "TYPE": "주택", "F_SAT_YMD": "20220826 - 1018" }, "geometry": { "type": "Polygon", "coordinates": [ [ [ 958054.991917704348452, 1945833.363529950845987 ], [ 958041.713923775125295, 1945844.129887403454632 ], [ 958049.270430130069144, 1945853.43637181003578 ], [ 958062.398430965957232, 1945842.660812662681565 ], [ 958054.991917704348452, 1945833.363529950845987 ] ] ] } },
{ "type": "Feature", "properties": { "GU_NAM": "강남구", "F_SHIM": 0.2, "F_AREA": 317.54, "F_DISA_NM": "2022년 8.8. ~ 17. 호우(재난지원금)", "F_RSN_DTL": "침수", "TYPE": "주택", "F_SAT_YMD": "20220808 - 2000" }, "geometry": { "type": "Polygon", "coordinates": [ [ [ 958056.245599077548832, 1945896.413389006396756 ], [ 958067.664439976564609, 1945900.771247530821711 ], [ 958070.532762392424047, 1945893.108901673462242 ], [ 958069.726914145168848, 1945888.1750112765003 ], [ 958061.868515416281298, 1945878.490268289577216 ], [ 958058.877859514206648, 1945878.156242539407685 ], [ 958045.828238302143291, 1945888.631498747505248 ], [ 958056.245599077548832, 1945896.413389006396756 ] ] ] } },
{ "type": "Feature", "properties": { "GU_NAM": "강남구", "F_SHIM": 0.2, "F_AREA": 245.16, "F_DISA_NM": "2022년 8.8. ~ 17. 호우(재난지원금)", "F_RSN_DTL": "침수", "TYPE": "주택", "F_SAT_YMD": "20220808 - 2200" }, "geometry": { "type": "Polygon", "coordinates": [ [ [ 958034.553731025778688, 1945694.523584703216329 ], [ 958030.1270097324159, 1945706.152710906462744 ], [ 958047.816581604769453, 1945712.976420728024095 ], [ 958056.556261430843733, 1945705.98271040385589 ], [ 958034.553731025778688, 1945694.523584703216329 ] ] ] } },
{ "type": "Feature", "properties": { "GU_NAM": "강남구", "F_SHIM": 0.2, "F_AREA": 318.91, "F_DISA_NM": "2022년 8.8. ~ 17. 호우(재난지원금)", "F_RSN_DTL": "침수", "TYPE": "주택", "F_SAT_YMD": "20220816 - 0000" }, "geometry": { "type": "Polygon", "coordinates": [ [ [ 957961.8224389674142, 1945621.236333316192031 ], [ 957973.511330509209074, 1945625.622753913281485 ], [ 957982.201344911474735, 1945601.705612539779395 ], [ 957970.432379718637094, 1945597.299623318016529 ], [ 957961.8224389674142, 1945621.236333316192031 ] ] ] } },
{ "type": "Feature", "properties": { "GU_NAM": "강남구", "F_SHIM": 0.2, "F_AREA": 205.08, "F_DISA_NM": "2022년 8.8. ~ 17. 호우(재난지원금)", "F_RSN_DTL": "침수", "TYPE": "주택", "F_SAT_YMD": "20220808 - 2100" }, "geometry": { "type": "Polygon", "coordinates": [ [ [ 957967.310052612097934, 1945575.884148792363703 ], [ 957962.0161259600427, 1945589.866994066163898 ], [ 957974.786755985114723, 1945594.657531870994717 ], [ 957980.190691396128386, 1945580.684100270504132 ], [ 957967.310052612097934, 1945575.884148792363703 ] ] ] } },
{ "type": "Feature", "properties": { "GU_NAM": "강남구", "F_SHIM": 0.2, "F_AREA": 325.77, "F_DISA_NM": "2022년 8.8. ~ 17. 호우(재난지원금)", "F_RSN_DTL": "침수", "TYPE": "주택", "F_SAT_YMD": "20220819 - 1958" }, "geometry": { "type": "Polygon", "coordinates": [ [ [ 957973.511330509209074, 1945625.622753913281485 ], [ 957985.530725224409252, 1945630.127378862351179 ], [ 957994.140612574759871, 1945606.180673405295238 ], [ 957982.201344911474735, 1945601.705612539779395 ], [ 957973.511330509209074, 1945625.622753913281485 ] ] ] } },
{ "type": "Feature", "properties": { "GU_NAM": "강남구", "F_SHIM": 0.2, "F_AREA": 173.92, "F_DISA_NM": "2022년 8.8. ~ 17. 호우(재난지원금)", "F_RSN_DTL": "침수", "TYPE": "주택", "F_SAT_YMD": "20220817 - 0000" }, "geometry": { "type": "Polygon", "coordinates": [ [ [ 957992.506442235549912, 1945588.295997476670891 ], [ 957979.214379154727794, 1945583.198337412439287 ], [ 957974.786755985114723, 1945594.657531870994717 ], [ 957988.068187749478966, 1945599.635292811784893 ], [ 957992.506442235549912, 1945588.295997476670891 ] ] ] } },
{ "type": "Feature", "properties": { "GU_NAM": "강남구", "F_SHIM": 0.2, "F_AREA": 174.1, "F_DISA_NM": "2022년 8.8. ~ 17. 호우(재난지원금)", "F_RSN_DTL": "침수", "TYPE": "주택", "F_SAT_YMD": "20220816 - 0000" }, "geometry": { "type": "Polygon", "coordinates": [ [ [ 957979.214379154727794, 1945583.198337412439287 ], [ 957992.506442235549912, 1945588.295997476670891 ], [ 957995.415916435536928, 1945580.853352021891624 ], [ 957997.288927281508222, 1945581.553165357094258 ], [ 957998.649946846766397, 1945578.067251587752253 ], [ 957983.405381661374122, 1945572.360165625810623 ], [ 957979.214379154727794, 1945583.198337412439287 ] ] ] } },
{ "type": "Feature", "properties": { "GU_NAM": "강남구", "F_SHIM": 0.2, "F_AREA": 243.57, "F_DISA_NM": "2022년 8.8. ~ 17. 호우(재난지원금)", "F_RSN_DTL": "침수", "TYPE": "주택", "F_SAT_YMD": "20220811 - 0000" }, "geometry": { "type": "Polygon", "coordinates": [ [ [ 957957.391650322591886, 1945494.347088363021612 ], [ 957971.295057553914376, 1945499.741399575490505 ], [ 957977.141453839372844, 1945484.376142295775935 ], [ 957963.458329360117204, 1945479.050637900596485 ], [ 957957.391650322591886, 1945494.347088363021612 ] ] ] } },
{ "type": "Feature", "properties": { "GU_NAM": "강남구", "F_SHIM": 0.2, "F_AREA": 345.9, "F_DISA_NM": "2022년 8.8. ~ 17. 호우(재난지원금)", "F_RSN_DTL": "침수", "TYPE": "주택", "F_SAT_YMD": "20220808 - 2200" }, "geometry": { "type": "Polygon", "coordinates": [ [ [ 957926.769429867505096, 1945554.047126163961366 ], [ 957924.119427514262497, 1945561.408427340444177 ], [ 957918.706978187663481, 1945575.661800513044 ], [ 957930.76662213052623, 1945580.216194536304101 ], [ 957937.270410948665813, 1945562.51832126849331 ], [ 957949.391513254144229, 1945567.352285524364561 ], [ 957950.771148145664483, 1945563.606369812041521 ], [ 957926.769429867505096, 1945554.047126163961366 ] ] ] } },
{ "type": "Feature", "properties": { "GU_NAM": "강남구", "F_SHIM": 0.2, "F_AREA": 284.69, "F_DISA_NM": "2022년 8.8. ~ 17. 호우(재난지원금)", "F_RSN_DTL": "침수", "TYPE": "주택", "F_SAT_YMD": "20220811 - 0000" }, "geometry": { "type": "Polygon", "coordinates": [ [ [ 957960.509411340579391, 1945554.528144871350378 ], [ 957959.474711630609818, 1945557.342579612741247 ], [ 957972.475726004689932, 1945562.221863914979622 ], [ 957967.310052612097934, 1945575.884148792363703 ], [ 957980.190691396128386, 1945580.684100270504132 ], [ 957986.52148882416077, 1945564.296656443271786 ], [ 957960.509411340579391, 1945554.528144871350378 ] ] ] } },
{ "type": "Feature", "properties": { "GU_NAM": "강남구", "F_SHIM": 0.2, "F_AREA": 173.81, "F_DISA_NM": "2022년 8.8. ~ 17. 호우(재난지원금)", "F_RSN_DTL": "침수", "TYPE": "주택", "F_SAT_YMD": "20220812 - 0000" }, "geometry": { "type": "Polygon", "coordinates": [ [ [ 957914.202103985706344, 1945557.442460791906342 ], [ 957912.290868627489544, 1945558.962023167405277 ], [ 957912.917980904341675, 1945560.348183470545337 ], [ 957908.342747140093707, 1945572.24799676425755 ], [ 957918.529539066134021, 1945576.132565470878035 ], [ 957924.119427514262497, 1945561.408427340444177 ], [ 957914.202103985706344, 1945557.442460791906342 ] ] ] } },
{ "type": "Feature", "properties": { "GU_NAM": "강남구", "F_SHIM": 0.2, "F_AREA": 244.38, "F_DISA_NM": "2022년 8.8. ~ 17. 호우(재난지원금)", "F_RSN_DTL": "침수", "TYPE": "주택", "F_SAT_YMD": "20220808 - 2200" }, "geometry": { "type": "Polygon", "coordinates": [ [ [ 957937.270410948665813, 1945562.51832126849331 ], [ 957930.76662213052623, 1945580.216194536304101 ], [ 957942.946482658036985, 1945584.819932978833094 ], [ 957949.391513254144229, 1945567.352285524364561 ], [ 957937.270410948665813, 1945562.51832126849331 ] ] ] } },
{ "type": "Feature", "properties": { "GU_NAM": "강남구", "F_SHIM": 0.2, "F_AREA": 274.88, "F_DISA_NM": "2022년 8.8. ~ 17. 호우(재난지원금)", "F_RSN_DTL": "침수", "TYPE": "주택", "F_SAT_YMD": "20220811 - 0000" }, "geometry": { "type": "Polygon", "coordinates": [ [ [ 957921.880657488945872, 1945414.295094727538526 ], [ 957917.019456422422081, 1945426.93614647956565 ], [ 957936.279829539707862, 1945434.02144091646187 ], [ 957940.952112563536502, 1945421.571319388924167 ], [ 957921.880657488945872, 1945414.295094727538526 ] ] ] } },
{ "type": "Feature", "properties": { "GU_NAM": "강남구", "F_SHIM": 0.2, "F_AREA": 203.58, "F_DISA_NM": "2022년 8.8. ~ 17. 호우(재난지원금)", "F_RSN_DTL": "침수", "TYPE": "주택", "F_SAT_YMD": "20220811 - 0000" }, "geometry": { "type": "Polygon", "coordinates": [ [ [ 957954.14989113563206, 1945471.1429124888964 ], [ 957957.876185597036965, 1945472.592625544406474 ], [ 957966.269883977598511, 1945451.236101451097056 ], [ 957954.420315893483348, 1945446.710581902880222 ], [ 957950.391507572610863, 1945457.785805627703667 ], [ 957949.849675739300437, 1945457.590749632101506 ], [ 957949.59327468497213, 1945458.251862077973783 ], [ 957957.355209943605587, 1945461.049686822108924 ], [ 957954.626986389164813, 1945468.741278958739713 ], [ 957953.940535316010937, 1945471.061052430421114 ], [ 957954.14989113563206, 1945471.1429124888964 ] ] ] } },
{ "type": "Feature", "properties": { "GU_NAM": "강남구", "F_SHIM": 0.2, "F_AREA": 91.56, "F_DISA_NM": "2022년 8.8. ~ 17. 호우(재난지원금)", "F_RSN_DTL": "침수", "TYPE": "주택", "F_SAT_YMD": "20220817 - 0000" }, "geometry": { "type": "Polygon", "coordinates": [ [ [ 957965.148002556175925, 1945450.802208295324817 ], [ 957978.029276159126312, 1945455.722113474272192 ], [ 957979.664994804537855, 1945451.255109642865136 ], [ 957978.082344461232424, 1945450.643724377732724 ], [ 957978.841128003899939, 1945448.580472092144191 ], [ 957967.573022312251851, 1945444.371753201587126 ], [ 957965.148002556175925, 1945450.802208295324817 ] ] ] } },
{ "type": "Feature", "properties": { "GU_NAM": "강남구", "F_SHIM": 0.2, "F_AREA": 234.31, "F_DISA_NM": "2022년 8.8. ~ 17. 호우(재난지원금)", "F_RSN_DTL": "침수", "TYPE": "주택", "F_SAT_YMD": "20220808 - 2200" }, "geometry": { "type": "Polygon", "coordinates": [ [ [ 957968.655282570049167, 1945418.455673649441451 ], [ 957972.934291817364283, 1945407.247174091404304 ], [ 957987.077496302896179, 1945412.620223700534552 ], [ 957990.809585164999589, 1945401.954420453170314 ], [ 957980.803358095930889, 1945398.188848932040855 ], [ 957980.586411475902423, 1945398.749789584660903 ], [ 957973.905791535624303, 1945396.276113463798538 ], [ 957965.850684967939742, 1945417.390932648908347 ], [ 957968.655282570049167, 1945418.455673649441451 ] ] ] } },
{ "type": "Feature", "properties": { "GU_NAM": "강남구", "F_SHIM": 0.2, "F_AREA": 87.4, "F_DISA_NM": "2022년 8.8. ~ 17. 호우(재난지원금)", "F_RSN_DTL": "침수", "TYPE": "주택", "F_SAT_YMD": "20220808 - 2200" }, "geometry": { "type": "Polygon", "coordinates": [ [ [ 957978.029276159126312, 1945455.722113474272192 ], [ 957990.169257375877351, 1945460.346057128161192 ], [ 957992.574020251166075, 1945453.86572811473161 ], [ 957981.635782558470964, 1945449.655261929379776 ], [ 957980.876999021857046, 1945451.718514209147543 ], [ 957979.664994804537855, 1945451.255109642865136 ], [ 957978.029276159126312, 1945455.722113474272192 ] ] ] } },
{ "type": "Feature", "properties": { "GU_NAM": "강남구", "F_SHIM": 0.2, "F_AREA": 292.47, "F_DISA_NM": "2022년 풍수해보험금 지급", "F_RSN_DTL": "침수", "TYPE": "상가.공장", "F_SAT_YMD": "20220808" }, "geometry": { "type": "Polygon", "coordinates": [ [ [ 958506.672480281209573, 1947508.44467967026867 ], [ 958523.391162074753083, 1947507.486402726033702 ], [ 958522.389140107203275, 1947490.05821878882125 ], [ 958505.680454263463616, 1947491.01644244696945 ], [ 958506.672480281209573, 1947508.44467967026867 ] ] ] } },
{ "type": "Feature", "properties": { "GU_NAM": "강남구", "F_SHIM": 0.2, "F_AREA": 739.37, "F_DISA_NM": "2022년 8.8. ~ 17. 호우(재난지원금)", "F_RSN_DTL": "침수", "TYPE": "주택", "F_SAT_YMD": "20220816 - 0000" }, "geometry": { "type": "Polygon", "coordinates": [ [ [ 958509.678165908320807, 1947626.674625724786893 ], [ 958531.591901325620711, 1947625.149015983566642 ], [ 958529.665241743205115, 1947591.691716271219775 ], [ 958507.740185856237076, 1947592.967478471575305 ], [ 958509.678165908320807, 1947626.674625724786893 ] ] ] } },
{ "type": "Feature", "properties": { "GU_NAM": "강남구", "F_SHIM": 0.2, "F_AREA": 1234.27, "F_DISA_NM": "2022년 8.8. ~ 17. 호우(재난지원금)", "F_RSN_DTL": "침수", "TYPE": "주택", "F_SAT_YMD": "20220816 - 0000" }, "geometry": { "type": "Polygon", "coordinates": [ [ [ 958465.018054862506688, 1947493.361139672575518 ], [ 958504.271443513338454, 1947491.103879701346159 ], [ 958502.455237415037118, 1947459.625254788668826 ], [ 958466.729479587054811, 1947461.683885883772746 ], [ 958463.410472159041092, 1947465.410091226687655 ], [ 958465.018054862506688, 1947493.361139672575518 ] ] ] } },
{ "type": "Feature", "properties": { "GU_NAM": "강남구", "F_SHIM": 0.2, "F_AREA": 186.09, "F_DISA_NM": "2022년 8.8. ~ 17. 호우(재난지원금)", "F_RSN_DTL": "침수", "TYPE": "주택", "F_SAT_YMD": "20220830 - 1721" }, "geometry": { "type": "Polygon", "coordinates": [ [ [ 958203.902709233108908, 1947287.242293660994619 ], [ 958216.943824904854409, 1947286.483441875083372 ], [ 958216.429046088596806, 1947272.341443661600351 ], [ 958203.218104462488554, 1947273.121187750948593 ], [ 958203.902709233108908, 1947287.242293660994619 ] ] ] } },
{ "type": "Feature", "properties": { "GU_NAM": "강남구", "F_SHIM": 0.2, "F_AREA": 674.16, "F_DISA_NM": "2022년 8.8. ~ 17. 호우(재난지원금)", "F_RSN_DTL": "침수", "TYPE": "농경지", "F_SAT_YMD": "20220809 - 1000" }, "geometry": { "type": "Polygon", "coordinates": [ [ [ 966122.815365406218916, 1941110.974558213725686 ], [ 966123.244403799762949, 1941105.724289095960557 ], [ 966123.434058002661914, 1941103.406169088091701 ], [ 966124.412280345801264, 1941095.585972456028685 ], [ 966125.598289220710285, 1941086.796045561786741 ], [ 966126.569394624326378, 1941080.086463053710759 ], [ 966121.254306748975068, 1941077.231692876899615 ], [ 966110.070165727287531, 1941070.54445829289034 ], [ 966104.926876583136618, 1941068.608428022125736 ], [ 966103.630001999321394, 1941076.849151530303061 ], [ 966102.296652772231027, 1941090.097158507909626 ], [ 966101.104896520264447, 1941093.07933100219816 ], [ 966106.397548268316314, 1941098.683171494165435 ], [ 966109.98612721869722, 1941102.26180665451102 ], [ 966113.8920352475252, 1941104.981089412467554 ], [ 966117.067215346265584, 1941107.321385590359569 ], [ 966120.002223536721431, 1941109.423044379334897 ], [ 966122.815365406218916, 1941110.974558213725686 ] ] ] } },
{ "type": "Feature", "properties": { "GU_NAM": "강남구", "F_SHIM": 0.2, "F_AREA": 1487.68, "F_DISA_NM": "2022년 8.8. ~ 17. 호우(재난지원금)", "F_RSN_DTL": "침수", "TYPE": "농경지", "F_SAT_YMD": "20220809 - 1000" }, "geometry": { "type": "Polygon", "coordinates": [ [ [ 966148.095718239899725, 1940881.8660976246465 ], [ 966137.395631009829231, 1940876.356848819879815 ], [ 966137.579922963748686, 1940878.12519864179194 ], [ 966137.135213027358986, 1940883.814383133780211 ], [ 966137.554257372510619, 1940891.030412260442972 ], [ 966147.764587274985388, 1940896.361321860691532 ], [ 966147.265272799879313, 1940904.010047977790236 ], [ 966146.396686687134206, 1940911.958614794071764 ], [ 966154.352164488402195, 1940915.266233904287219 ], [ 966159.363966793986037, 1940916.912071759346873 ], [ 966166.037443881621584, 1940918.99394573434256 ], [ 966172.479338311357424, 1940920.949094106443226 ], [ 966172.702442786307074, 1940920.984899249859154 ], [ 966173.860566929448396, 1940921.280654882080853 ], [ 966174.929634032421745, 1940875.283540761563927 ], [ 966173.928085675812326, 1940874.730054420651868 ], [ 966165.029098338563927, 1940869.935997274937108 ], [ 966155.439054902642965, 1940864.892693782923743 ], [ 966148.751803573337384, 1940861.152524840319529 ], [ 966145.820065333857201, 1940859.668612387264147 ], [ 966145.868590819300152, 1940859.960244242334738 ], [ 966146.417846672935411, 1940863.448005986399949 ], [ 966147.63184369110968, 1940869.01245626504533 ], [ 966147.988097618916072, 1940875.319164585787803 ], [ 966148.098475230508484, 1940878.987181125907227 ], [ 966148.095718239899725, 1940881.8660976246465 ] ] ] } },
{ "type": "Feature", "properties": { "GU_NAM": "강남구", "F_SHIM": 0.2, "F_AREA": 2529.67, "F_DISA_NM": "2022년 8.8. ~ 17. 호우(재난지원금)", "F_RSN_DTL": "침수", "TYPE": "농경지", "F_SAT_YMD": "20220809 - 1000" }, "geometry": { "type": "Polygon", "coordinates": [ [ [ 966126.569394624326378, 1941080.086463053710759 ], [ 966126.977310679736547, 1941075.567027056822553 ], [ 966128.511427417979576, 1941067.766879633301869 ], [ 966130.04879420704674, 1941061.714048584690318 ], [ 966131.270490521099418, 1941055.134089936735108 ], [ 966132.33692513522692, 1941050.382256073411554 ], [ 966134.009612119873054, 1941044.210753886029124 ], [ 966135.47302576887887, 1941038.539169049356133 ], [ 966136.534632359165698, 1941034.197204458061606 ], [ 966137.440642223227769, 1941030.486822787905112 ], [ 966139.751527427113615, 1941020.054566872306168 ], [ 966140.274148894939572, 1941016.054325630189851 ], [ 966140.4758682862157, 1941014.504848629701883 ], [ 966143.436169809196144, 1941000.042691567679867 ], [ 966145.480885976227, 1940991.070288188988343 ], [ 966147.14012763556093, 1940983.869250078685582 ], [ 966141.861496007069945, 1940980.914324595360085 ], [ 966138.301624401123263, 1940980.304404774913564 ], [ 966134.07010658562649, 1940979.335177987115458 ], [ 966134.36407801671885, 1940976.8955520815216 ], [ 966124.361433634301648, 1940974.353480041958392 ], [ 966121.16855356330052, 1940973.012895847437903 ], [ 966117.928190457168967, 1940986.687836186494678 ], [ 966117.607883948367089, 1940988.685770031064749 ], [ 966113.51535371481441, 1941013.976791984401643 ], [ 966110.653894590446725, 1941031.438282329589128 ], [ 966108.714720808900893, 1941042.598293017363176 ], [ 966106.897106890100986, 1941054.439400393050164 ], [ 966104.926876583136618, 1941068.608428022125736 ], [ 966110.070165727287531, 1941070.54445829289034 ], [ 966121.254306748975068, 1941077.231692876899615 ], [ 966126.569394624326378, 1941080.086463053710759 ] ] ] } },
{ "type": "Feature", "properties": { "GU_NAM": "강남구", "F_SHIM": 0.2, "F_AREA": 1402.81, "F_DISA_NM": "2022년 8.8. ~ 17. 호우(재난지원금)", "F_RSN_DTL": "침수", "TYPE": "농경지", "F_SAT_YMD": "20220809 - 1000" }, "geometry": { "type": "Polygon", "coordinates": [ [ [ 965997.485182860284112, 1941159.520620793569833 ], [ 966000.071962675894611, 1941151.166110035963356 ], [ 966000.961290983948857, 1941147.32586553436704 ], [ 966003.419675078941509, 1941139.831706619588658 ], [ 966002.505610522348434, 1941123.510768936946988 ], [ 966006.705219275667332, 1941112.973551264265552 ], [ 965997.282446985598654, 1941110.449403339764103 ], [ 965991.709285705466755, 1941108.695579581428319 ], [ 965979.47241871105507, 1941104.439991129329428 ], [ 965977.156898536602966, 1941116.640599438222125 ], [ 965975.944616129738279, 1941122.921623391564935 ], [ 965975.312053810688667, 1941125.602950322907418 ], [ 965973.282911693910137, 1941132.984879545401782 ], [ 965974.164067324018106, 1941144.787714458769187 ], [ 965974.768141073756851, 1941153.533181990031153 ], [ 965974.5948621527059, 1941159.700748112984002 ], [ 965974.099104511318728, 1941161.221793084638193 ], [ 965988.898780972813256, 1941159.393131299642846 ], [ 965997.485182860284112, 1941159.520620793569833 ] ] ] } },
{ "type": "Feature", "properties": { "GU_NAM": "강남구", "F_SHIM": 0.2, "F_AREA": 1211.74, "F_DISA_NM": "2022년 8.8. ~ 17. 호우(재난지원금)", "F_RSN_DTL": "침수", "TYPE": "농경지", "F_SAT_YMD": "20220809 - 1000" }, "geometry": { "type": "Polygon", "coordinates": [ [ [ 966022.75003707758151, 1941161.312169399112463 ], [ 966024.137667958857492, 1941156.620611257618293 ], [ 966026.422342870268039, 1941147.657932172063738 ], [ 966034.860161873977631, 1941122.544832840329036 ], [ 966034.754561412031762, 1941120.346230291062966 ], [ 966026.552005103556439, 1941118.32842889870517 ], [ 966016.938622975372709, 1941115.675339446403086 ], [ 966006.705219275667332, 1941112.973551264265552 ], [ 966002.505610522348434, 1941123.510768936946988 ], [ 966003.419675078941509, 1941139.831706619588658 ], [ 966000.961290983948857, 1941147.32586553436704 ], [ 966000.071962675894611, 1941151.166110035963356 ], [ 965997.485182860284112, 1941159.520620793569833 ], [ 966007.293112154700793, 1941160.213427196955308 ], [ 966015.082052546436898, 1941160.762978026177734 ], [ 966022.75003707758151, 1941161.312169399112463 ] ] ] } },
{ "type": "Feature", "properties": { "GU_NAM": "강남구", "F_SHIM": 0.2, "F_AREA": 321.07, "F_DISA_NM": "2022년 8.8. ~ 17. 호우(재난지원금)", "F_RSN_DTL": "침수", "TYPE": "주택", "F_SAT_YMD": "20220809 - 2217" }, "geometry": { "type": "Polygon", "coordinates": [ [ [ 964742.840034102322534, 1942496.808470829157159 ], [ 964755.278620747150853, 1942508.385196721181273 ], [ 964768.117071409942582, 1942494.474488135194406 ], [ 964755.606895487289876, 1942482.970113871851936 ], [ 964742.840034102322534, 1942496.808470829157159 ] ] ] } },
{ "type": "Feature", "properties": { "GU_NAM": "강남구", "F_SHIM": 0.2, "F_AREA": 413.49, "F_DISA_NM": "2022년 8.8. ~ 17. 호우(재난지원금)", "F_RSN_DTL": "침수", "TYPE": "주택", "F_SAT_YMD": "20220808 - 1440" }, "geometry": { "type": "Polygon", "coordinates": [ [ [ 960407.962154158391058, 1947612.375946238869801 ], [ 960415.081175573985092, 1947635.329590929439291 ], [ 960417.727633890346624, 1947636.735032938886434 ], [ 960432.93706883280538, 1947632.046157130040228 ], [ 960429.243743386934511, 1947619.840318032773212 ], [ 960424.3035791257862, 1947621.345944060944021 ], [ 960420.547311366070062, 1947608.580648429691792 ], [ 960420.3236388200894, 1947607.872100131819025 ], [ 960407.70785799715668, 1947611.547605234431103 ], [ 960407.962154158391058, 1947612.375946238869801 ] ] ] } },
{ "type": "Feature", "properties": { "GU_NAM": "강남구", "F_SHIM": 0.2, "F_AREA": 2422.11, "F_DISA_NM": "2022년 8.8. ~ 17. 호우(재난지원금)", "F_RSN_DTL": "침수", "TYPE": "농경지", "F_SAT_YMD": "20220809 - 1000" }, "geometry": { "type": "Polygon", "coordinates": [ [ [ 966147.14012763556093, 1940983.869250078685582 ], [ 966151.184797602589242, 1940985.987027992261574 ], [ 966155.006054735626094, 1940990.65501599595882 ], [ 966158.105415802216157, 1940994.535126539645717 ], [ 966158.398286998155527, 1941003.031335157575086 ], [ 966164.197596487822011, 1941007.473936278838664 ], [ 966172.552704395144247, 1941014.329085445962846 ], [ 966175.33691621129401, 1941005.125855131540447 ], [ 966178.593770540668629, 1940988.522945173084736 ], [ 966181.50997344055213, 1940973.661174708744511 ], [ 966185.830216732458211, 1940952.108523120172322 ], [ 966189.084332170663401, 1940935.365681417286396 ], [ 966183.124877058784477, 1940930.883942764718086 ], [ 966172.494634591741487, 1940925.539262181846425 ], [ 966169.321419607847929, 1940924.892309185117483 ], [ 966164.593291825382039, 1940924.905336744152009 ], [ 966157.047487333649769, 1940921.376633120700717 ], [ 966155.541978443507105, 1940930.427151661831886 ], [ 966153.295174488797784, 1940942.768339774571359 ], [ 966151.910256817238405, 1940951.939174035564065 ], [ 966149.746029054746032, 1940968.928152249194682 ], [ 966148.346691734855995, 1940976.318741963244975 ], [ 966147.686686531407759, 1940979.85888601327315 ], [ 966147.321838855626993, 1940981.939024257939309 ], [ 966147.14012763556093, 1940983.869250078685582 ] ] ] } },
{ "type": "Feature", "properties": { "GU_NAM": "강남구", "F_SHIM": 0.2, "F_AREA": 338.51, "F_DISA_NM": "2022년 8.8. ~ 17. 호우(재난지원금)", "F_RSN_DTL": "침수(저지대침수)", "TYPE": "농경지", "F_SAT_YMD": "20220817 - 1714" }, "geometry": { "type": "Polygon", "coordinates": [ [ [ 966174.347660783911124, 1941023.893933506915346 ], [ 966174.89479025406763, 1941026.790931653697044 ], [ 966178.536818276392296, 1941009.115391487022862 ], [ 966181.349002099130303, 1940995.753599491901696 ], [ 966182.895073002320714, 1940988.512176234507933 ], [ 966184.955053128767759, 1940979.779600964859128 ], [ 966185.655094836023636, 1940976.249241353245452 ], [ 966186.413884129957296, 1940972.108803442213684 ], [ 966187.301662439596839, 1940967.597823962103575 ], [ 966188.289135322207585, 1940959.258776968112215 ], [ 966189.198128104908392, 1940951.578894041478634 ], [ 966190.667902612942271, 1940936.720780435716733 ], [ 966189.084332170663401, 1940935.365681417286396 ], [ 966185.830216732458211, 1940952.108523120172322 ], [ 966181.50997344055213, 1940973.661174708744511 ], [ 966178.593770540668629, 1940988.522945173084736 ], [ 966175.33691621129401, 1941005.125855131540447 ], [ 966172.552704395144247, 1941014.329085445962846 ], [ 966173.486905980855227, 1941019.345225897384807 ], [ 966174.347660783911124, 1941023.893933506915346 ] ] ] } },
{ "type": "Feature", "properties": { "GU_NAM": "강남구", "F_SHIM": 0.2, "F_AREA": 5.37, "F_DISA_NM": "2022년 8.8. ~ 17. 호우(재난지원금)", "F_RSN_DTL": "침수", "TYPE": "농경지", "F_SAT_YMD": "20220809 - 1000" }, "geometry": { "type": "Polygon", "coordinates": [ [ [ 966147.321838855626993, 1940981.939024257939309 ], [ 966141.861496007069945, 1940980.914324595360085 ], [ 966147.14012763556093, 1940983.869250078685582 ], [ 966147.321838855626993, 1940981.939024257939309 ] ] ] } },
{ "type": "Feature", "properties": { "GU_NAM": "강남구", "F_SHIM": 0.2, "F_AREA": 659.37, "F_DISA_NM": "2022년 8.8. ~ 17. 호우(재난지원금)", "F_RSN_DTL": "침수", "TYPE": "농경지", "F_SAT_YMD": "20220809 - 1000" }, "geometry": { "type": "Polygon", "coordinates": [ [ [ 966140.274148894939572, 1941016.054325630189851 ], [ 966174.347660783911124, 1941023.893933506915346 ], [ 966173.486905980855227, 1941019.345225897384807 ], [ 966172.552704395144247, 1941014.329085445962846 ], [ 966164.197596487822011, 1941007.473936278838664 ], [ 966158.398286998155527, 1941003.031335157575086 ], [ 966158.105415802216157, 1940994.535126539645717 ], [ 966155.006054735626094, 1940990.65501599595882 ], [ 966151.184797602589242, 1940985.987027992261574 ], [ 966147.14012763556093, 1940983.869250078685582 ], [ 966145.480885976227, 1940991.070288188988343 ], [ 966143.436169809196144, 1941000.042691567679867 ], [ 966140.4758682862157, 1941014.504848629701883 ], [ 966140.274148894939572, 1941016.054325630189851 ] ] ] } },
{ "type": "Feature", "properties": { "GU_NAM": "강남구", "F_SHIM": 0.2, "F_AREA": 654.0, "F_DISA_NM": "2022년 8.8. ~ 17. 호우(재난지원금)", "F_RSN_DTL": "침수", "TYPE": "농경지", "F_SAT_YMD": "20220809 - 1000" }, "geometry": { "type": "Polygon", "coordinates": [ [ [ 966171.781150640570559, 1941041.744712626328692 ], [ 966174.442597674089484, 1941028.98848751350306 ], [ 966174.89479025406763, 1941026.790931653697044 ], [ 966174.347660783911124, 1941023.893933506915346 ], [ 966140.274148894939572, 1941016.054325630189851 ], [ 966139.751527427113615, 1941020.054566872306168 ], [ 966137.440642223227769, 1941030.486822787905112 ], [ 966136.534632359165698, 1941034.197204458061606 ], [ 966171.781150640570559, 1941041.744712626328692 ] ] ] } },
{ "type": "Feature", "properties": { "GU_NAM": "강남구", "F_SHIM": 0.2, "F_AREA": 637.52, "F_DISA_NM": "2022년 8.8. ~ 17. 호우(재난지원금)", "F_RSN_DTL": "침수", "TYPE": "농경지", "F_SAT_YMD": "20220809 - 1000" }, "geometry": { "type": "Polygon", "coordinates": [ [ [ 966164.469269851455465, 1941075.993361450498924 ], [ 966165.727412694599479, 1941070.255888699321076 ], [ 966168.013804334681481, 1941059.539870925014839 ], [ 966132.33692513522692, 1941050.382256073411554 ], [ 966131.270490521099418, 1941055.134089936735108 ], [ 966130.04879420704674, 1941061.714048584690318 ], [ 966128.511427417979576, 1941067.766879633301869 ], [ 966164.469269851455465, 1941075.993361450498924 ] ] ] } },
{ "type": "Feature", "properties": { "GU_NAM": "강남구", "F_SHIM": 0.2, "F_AREA": 2525.93, "F_DISA_NM": "2022년 8.8. ~ 17. 호우(재난지원금)", "F_RSN_DTL": "침수", "TYPE": "농경지", "F_SAT_YMD": "20220809 - 1000" }, "geometry": { "type": "Polygon", "coordinates": [ [ [ 966047.418999148881994, 1941024.259816791629419 ], [ 966047.147088449797593, 1941020.101841935422271 ], [ 966050.941961527219974, 1941014.873743618838489 ], [ 966051.764139823964797, 1941012.322363511892036 ], [ 966046.536996579030529, 1940988.875979047035798 ], [ 966043.56449462461751, 1940974.779092177050188 ], [ 966041.44292247062549, 1940962.618961522122845 ], [ 966038.837228437303565, 1940948.512136245379224 ], [ 966037.818404165911488, 1940942.427850309526548 ], [ 966037.27236387913581, 1940939.169983519939706 ], [ 966034.65442491741851, 1940923.88267306634225 ], [ 966033.779728329158388, 1940918.777250764425844 ], [ 966028.811344859655946, 1940896.059217627393082 ], [ 966026.331508275005035, 1940884.38979626330547 ], [ 966020.675601427559741, 1940884.944529050495476 ], [ 966014.304089917917736, 1940890.999953177524731 ], [ 966012.838770714006387, 1940896.311685821739957 ], [ 966015.310134440776892, 1940911.668746140552685 ], [ 966016.142166007310152, 1940916.83437148318626 ], [ 966017.451126977568492, 1940924.098671570187435 ], [ 966017.789580245618708, 1940938.941220401087776 ], [ 966018.423545043217018, 1940948.046392248244956 ], [ 966021.33256061852444, 1940955.436173069057986 ], [ 966022.084327317192219, 1940963.190236345864832 ], [ 966022.154167487751693, 1940963.920588102657348 ], [ 966024.753310318570584, 1940975.278496426064521 ], [ 966028.89934253541287, 1940985.593612362863496 ], [ 966028.966938683530316, 1940988.921985372668132 ], [ 966029.122172622708604, 1940997.099045587237924 ], [ 966029.013753710081801, 1940998.712004587519914 ], [ 966028.910924996132962, 1941000.247963350266218 ], [ 966030.409432989545166, 1941007.251359151676297 ], [ 966029.575729990028776, 1941020.468733386835083 ], [ 966029.58557804627344, 1941020.629619899904355 ], [ 966029.359222752973437, 1941025.456977666821331 ], [ 966035.934446248342283, 1941024.839400674682111 ], [ 966047.418999148881994, 1941024.259816791629419 ] ] ] } },
{ "type": "Feature", "properties": { "GU_NAM": "강남구", "F_SHIM": 0.2, "F_AREA": 901.9, "F_DISA_NM": "2022년 8.8. ~ 17. 호우(재난지원금)", "F_RSN_DTL": "침수", "TYPE": "농경지", "F_SAT_YMD": "20220809 - 1000" }, "geometry": { "type": "Polygon", "coordinates": [ [ [ 966006.705219275667332, 1941112.973551264265552 ], [ 966012.284549005329609, 1941098.89437913428992 ], [ 966014.111053246422671, 1941094.021566491108388 ], [ 966017.74529263493605, 1941084.884808490518481 ], [ 966014.133007366675884, 1941083.815341716399416 ], [ 966007.272574729751796, 1941082.484172211494297 ], [ 965995.811409687041305, 1941080.30568456533365 ], [ 965983.920097972615622, 1941078.257424649782479 ], [ 965983.776435443083756, 1941080.5773008284159 ], [ 965982.245506351930089, 1941087.468779046088457 ], [ 965980.88211061723996, 1941096.928391177207232 ], [ 965979.47241871105507, 1941104.439991129329428 ], [ 965991.709285705466755, 1941108.695579581428319 ], [ 965997.282446985598654, 1941110.449403339764103 ], [ 966006.705219275667332, 1941112.973551264265552 ] ] ] } },
{ "type": "Feature", "properties": { "GU_NAM": "강남구", "F_SHIM": 0.2, "F_AREA": 756.5, "F_DISA_NM": "2022년 8.8. ~ 17. 호우(재난지원금)", "F_RSN_DTL": "침수", "TYPE": "농경지", "F_SAT_YMD": "20220809 - 1000" }, "geometry": { "type": "Polygon", "coordinates": [ [ [ 966034.754561412031762, 1941120.346230291062966 ], [ 966034.514536629081704, 1941112.769390215398744 ], [ 966036.6610847057309, 1941104.717095525935292 ], [ 966040.319352900027297, 1941093.321071968413889 ], [ 966040.395229534362443, 1941091.792253189021721 ], [ 966031.030211142729968, 1941088.847959559876472 ], [ 966029.439459358807653, 1941088.402551728766412 ], [ 966017.74529263493605, 1941084.884808490518481 ], [ 966014.111053246422671, 1941094.021566491108388 ], [ 966012.284549005329609, 1941098.89437913428992 ], [ 966006.705219275667332, 1941112.973551264265552 ], [ 966016.938622975372709, 1941115.675339446403086 ], [ 966026.552005103556439, 1941118.32842889870517 ], [ 966034.754561412031762, 1941120.346230291062966 ] ] ] } },
{ "type": "Feature", "properties": { "GU_NAM": "강남구", "F_SHIM": 0.2, "F_AREA": 2167.79, "F_DISA_NM": "2022년 8.8. ~ 17. 호우(재난지원금)", "F_RSN_DTL": "침수", "TYPE": "농경지", "F_SAT_YMD": "20220809 - 1000" }, "geometry": { "type": "Polygon", "coordinates": [ [ [ 965994.142586108064279, 1940818.811217963928357 ], [ 965989.280896998709068, 1940817.764356181723997 ], [ 965988.716410991270095, 1940824.05394678353332 ], [ 965965.959599075606093, 1940818.106694894609973 ], [ 965973.234492932446301, 1940824.654683301690966 ], [ 965983.863503501634113, 1940837.321581127587706 ], [ 965992.533173239673488, 1940846.005370603175834 ], [ 965995.53613682789728, 1940847.53688810323365 ], [ 966001.5823597376002, 1940850.658687332179397 ], [ 966009.598136974032968, 1940854.215893083484843 ], [ 966015.155835425015539, 1940857.770113745005801 ], [ 966019.440476768882945, 1940860.277473489986733 ], [ 966025.920312377158552, 1940864.868416691897437 ], [ 966030.557636178913526, 1940868.47449021670036 ], [ 966038.259549691108987, 1940874.112563945353031 ], [ 966044.860611317562871, 1940879.132701485417783 ], [ 966050.609412370016798, 1940883.47560935956426 ], [ 966055.805660089012235, 1940886.540929762646556 ], [ 966062.103653922327794, 1940890.582045003771782 ], [ 966065.463654949795455, 1940891.0130916160997 ], [ 966061.1994243391091, 1940881.218402984552085 ], [ 966057.234759203507565, 1940871.552079314133152 ], [ 966051.433370558428578, 1940862.561222185380757 ], [ 966044.909345304244198, 1940852.642544601112604 ], [ 966040.755862809019163, 1940846.585843901149929 ], [ 966036.661367018590681, 1940840.719758169725537 ], [ 966035.076245969277807, 1940838.693922728300095 ], [ 966018.382512203184888, 1940830.742336064577103 ], [ 965994.142586108064279, 1940818.811217963928357 ] ] ] } },
{ "type": "Feature", "properties": { "GU_NAM": "강남구", "F_SHIM": 0.2, "F_AREA": 218.41, "F_DISA_NM": "2022년 8.8. ~ 17. 호우(재난지원금)", "F_RSN_DTL": "침수", "TYPE": "농경지", "F_SAT_YMD": "20220809 - 1000" }, "geometry": { "type": "Polygon", "coordinates": [ [ [ 966035.076245969277807, 1940838.693922728300095 ], [ 966034.465309813735075, 1940837.906457466306165 ], [ 966032.81516535487026, 1940833.98268995853141 ], [ 966030.924256328493357, 1940829.519402828300372 ], [ 966030.070445325574838, 1940828.171437122160569 ], [ 966028.483297235681675, 1940825.007046506041661 ], [ 965994.136572693125345, 1940818.80825093248859 ], [ 966018.382512203184888, 1940830.742336064577103 ], [ 966035.076245969277807, 1940838.693922728300095 ] ] ] } },
{ "type": "Feature", "properties": { "GU_NAM": "강남구", "F_SHIM": 0.2, "F_AREA": 1563.35, "F_DISA_NM": "2022년 8.8. ~ 17. 호우(재난지원금)", "F_RSN_DTL": "침수", "TYPE": "농경지", "F_SAT_YMD": "20220809 - 1000" }, "geometry": { "type": "Polygon", "coordinates": [ [ [ 965901.470666450099088, 1940672.945446433033794 ], [ 965901.148465888225473, 1940683.462143651442602 ], [ 965902.425257792812772, 1940690.125844210153446 ], [ 965903.762442687526345, 1940696.490339067298919 ], [ 965905.648038102197461, 1940702.782957937568426 ], [ 965906.568052497692406, 1940706.818549019750208 ], [ 965910.893744150642306, 1940717.082735754316673 ], [ 965915.167011937010102, 1940726.507519895443693 ], [ 965916.076770163141191, 1940734.082815954461694 ], [ 965918.703396254451945, 1940740.623416986782104 ], [ 965919.670252716401592, 1940743.499202076345682 ], [ 965924.626400767010637, 1940753.517144597368315 ], [ 965964.125565630733036, 1940760.925203981343657 ], [ 965964.695664193131961, 1940759.662667078897357 ], [ 965964.265787395881489, 1940759.843873852398247 ], [ 965966.77819101489149, 1940753.489994966425002 ], [ 965960.242735509062186, 1940746.700183413457125 ], [ 965955.901526605244726, 1940745.78151682112366 ], [ 965948.01781967561692, 1940735.447194229112938 ], [ 965939.712316692108288, 1940724.743245423072949 ], [ 965936.231349429581314, 1940720.154423501342535 ], [ 965924.415002294699661, 1940723.204818403581157 ], [ 965916.973779358202592, 1940706.760481687961146 ], [ 965910.93051728035789, 1940693.431556213181466 ], [ 965901.470666450099088, 1940672.945446433033794 ] ] ] } },
{ "type": "Feature", "properties": { "GU_NAM": "강남구", "F_SHIM": 0.2, "F_AREA": 5285.61, "F_DISA_NM": "2022년 8.8. ~ 17. 호우(재난지원금)", "F_RSN_DTL": "침수(저지대침수)", "TYPE": "농경지", "F_SAT_YMD": "20220810 - 1000" }, "geometry": { "type": "Polygon", "coordinates": [ [ [ 965966.77819101489149, 1940753.489994966425002 ], [ 965968.13010020670481, 1940750.736887267325073 ], [ 965970.706844700616784, 1940746.151993401581421 ], [ 965975.364680304774083, 1940742.300802158657461 ], [ 965972.932810297468677, 1940726.283783232793212 ], [ 965968.199116940842941, 1940697.667753582121804 ], [ 965963.106689669541083, 1940666.053765714867041 ], [ 965959.712045220541768, 1940644.720869923941791 ], [ 965956.916805549291894, 1940627.285314945504069 ], [ 965955.951485317898914, 1940621.299707243451849 ], [ 965952.303341545281, 1940599.098484171088785 ], [ 965952.240712379105389, 1940605.586342460941523 ], [ 965951.242764057707973, 1940613.835480944719166 ], [ 965950.625613953103311, 1940618.484975715400651 ], [ 965950.010379001963884, 1940623.685250392183661 ], [ 965946.6212631004164, 1940638.908389364834875 ], [ 965931.567951458040625, 1940639.088014254812151 ], [ 965927.827881590928882, 1940642.016698082908988 ], [ 965920.296498199226335, 1940647.824356049997732 ], [ 965911.409380003926344, 1940655.095633604330942 ], [ 965904.42587784701027, 1940660.542528753401712 ], [ 965903.070242168963887, 1940665.613772654905915 ], [ 965901.535003018332645, 1940670.93587179784663 ], [ 965901.470666450099088, 1940672.945446433033794 ], [ 965910.93051728035789, 1940693.431556213181466 ], [ 965916.973779358202592, 1940706.760481687961146 ], [ 965924.415002294699661, 1940723.204818403581157 ], [ 965936.231349429581314, 1940720.154423501342535 ], [ 965939.712316692108288, 1940724.743245423072949 ], [ 965948.01781967561692, 1940735.447194229112938 ], [ 965955.901526605244726, 1940745.78151682112366 ], [ 965960.242735509062186, 1940746.700183413457125 ], [ 965966.77819101489149, 1940753.489994966425002 ] ] ] } },
{ "type": "Feature", "properties": { "GU_NAM": "강남구", "F_SHIM": 0.2, "F_AREA": 831.92, "F_DISA_NM": "2022년 8.8. ~ 17. 호우(재난지원금)", "F_RSN_DTL": "침수", "TYPE": "농경지", "F_SAT_YMD": "20220809 - 1000" }, "geometry": { "type": "Polygon", "coordinates": [ [ [ 965952.303341545281, 1940599.098484171088785 ], [ 965952.740122141083702, 1940590.21056006080471 ], [ 965941.780784913338721, 1940588.980048113502562 ], [ 965940.073378428351134, 1940589.724803255172446 ], [ 965932.621799593791366, 1940591.723490190226585 ], [ 965935.292293451260775, 1940596.164659568108618 ], [ 965935.167450618930161, 1940601.663224454270676 ], [ 965934.98008245031815, 1940606.491375913145021 ], [ 965934.170886966399848, 1940614.140743919182569 ], [ 965932.989979067700915, 1940624.839917233213782 ], [ 965931.567951458040625, 1940639.088014254812151 ], [ 965946.6212631004164, 1940638.908389364834875 ], [ 965950.010379001963884, 1940623.685250392183661 ], [ 965950.625613953103311, 1940618.484975715400651 ], [ 965951.242764057707973, 1940613.835480944719166 ], [ 965952.240712379105389, 1940605.586342460941523 ], [ 965952.303341545281, 1940599.098484171088785 ] ] ] } },
{ "type": "Feature", "properties": { "GU_NAM": "강남구", "F_SHIM": 0.2, "F_AREA": 1841.79, "F_DISA_NM": "2022년 8.8. ~ 17. 호우(재난지원금)", "F_RSN_DTL": "침수", "TYPE": "농경지", "F_SAT_YMD": "20220809 - 1000" }, "geometry": { "type": "Polygon", "coordinates": [ [ [ 965791.654794737463817, 1940684.143557023722678 ], [ 965802.05266474513337, 1940685.056161656510085 ], [ 965815.210125633631833, 1940686.090110406512395 ], [ 965824.6977586846333, 1940686.514719868544489 ], [ 965826.116830284474418, 1940682.852602678583935 ], [ 965826.181748729315586, 1940680.952982898568735 ], [ 965817.973703032243066, 1940680.164737662067637 ], [ 965818.846860031830147, 1940666.468334366800264 ], [ 965820.029303104733117, 1940652.47040860936977 ], [ 965821.281936364481226, 1940635.113391357474029 ], [ 965821.904972310177982, 1940624.776032265042886 ], [ 965822.276580610661767, 1940618.117602306650952 ], [ 965820.941145476419479, 1940615.672603894257918 ], [ 965809.309676994453184, 1940617.202598449075595 ], [ 965797.503644918790087, 1940618.80249056010507 ], [ 965797.119066813611425, 1940618.854506716830656 ], [ 965795.100776459905319, 1940619.40997999208048 ], [ 965794.725443293806165, 1940624.608985973056406 ], [ 965794.346299906494096, 1940632.676918939920142 ], [ 965794.460136992740445, 1940637.754381539765745 ], [ 965794.515813673846424, 1940643.741805305704474 ], [ 965793.835237265331671, 1940650.950661441776901 ], [ 965792.710907146101817, 1940664.218558109365404 ], [ 965792.583837438956834, 1940669.107367983553559 ], [ 965792.399337159120478, 1940674.855154599295929 ], [ 965792.456544011714868, 1940677.353899610461667 ], [ 965791.654794737463817, 1940684.143557023722678 ] ] ] } },
{ "type": "Feature", "properties": { "GU_NAM": "강남구", "F_SHIM": 0.2, "F_AREA": 151.38, "F_DISA_NM": "2022년 8.8. ~ 17. 호우(재난지원금)", "F_RSN_DTL": "침수", "TYPE": "농경지", "F_SAT_YMD": "20220809 - 1000" }, "geometry": { "type": "Polygon", "coordinates": [ [ [ 965965.959599075606093, 1940818.106694894609973 ], [ 965988.716410991270095, 1940824.05394678353332 ], [ 965989.279929147334769, 1940817.77035901742056 ], [ 965956.133468630723655, 1940811.51922834967263 ], [ 965958.869737455039285, 1940813.278071313165128 ], [ 965965.959599075606093, 1940818.106694894609973 ] ] ] } },
{ "type": "Feature", "properties": { "GU_NAM": "강남구", "F_SHIM": 0.2, "F_AREA": 6158.07, "F_DISA_NM": "2022년 8.8. ~ 17. 호우(재난지원금)", "F_RSN_DTL": "침수(저지대침수)", "TYPE": "농경지", "F_SAT_YMD": "20220810 - 1000" }, "geometry": { "type": "Polygon", "coordinates": [ [ [ 965931.223707846947946, 1940589.338800746947527 ], [ 965931.326671199058183, 1940589.528183468151838 ], [ 965932.621799593791366, 1940591.723490190226585 ], [ 965940.073378428351134, 1940589.724803255172446 ], [ 965941.780784913338721, 1940588.980048113502562 ], [ 965952.740122141083702, 1940590.21056006080471 ], [ 965956.894923717714846, 1940589.149968767771497 ], [ 965965.626306600752287, 1940587.017557581188157 ], [ 965973.507714591687545, 1940585.01759571954608 ], [ 965977.354594829492271, 1940584.327493369113654 ], [ 965984.267288368195295, 1940582.689521936001256 ], [ 965979.234605557983741, 1940581.253712425008416 ], [ 965975.001007769140415, 1940579.13593252748251 ], [ 965979.742638188647106, 1940572.985175233567134 ], [ 965984.287060982082039, 1940564.136490607634187 ], [ 965983.032082347082905, 1940558.572255813516676 ], [ 965976.559478561044671, 1940560.258878689259291 ], [ 965976.389012010069564, 1940552.791627964237705 ], [ 965975.659664777922444, 1940541.528782971668988 ], [ 965972.870597812230699, 1940533.948438120540231 ], [ 965972.167314923368394, 1940529.12200129032135 ], [ 965969.444873798987828, 1940523.931392612634227 ], [ 965965.028805164969526, 1940521.144833378493786 ], [ 965965.539653422660194, 1940502.830111094517633 ], [ 965965.874040494672954, 1940497.071536215953529 ], [ 965962.319815925322473, 1940495.262041829759255 ], [ 965961.089710351079702, 1940494.775739298667759 ], [ 965956.975698769441806, 1940492.777280396549031 ], [ 965947.65820584166795, 1940488.613193823490292 ], [ 965902.069987122900784, 1940467.533568585524336 ], [ 965900.778583757462911, 1940466.98661360819824 ], [ 965893.291648740996607, 1940463.248673331458122 ], [ 965891.915438272291794, 1940468.210067795822397 ], [ 965888.502158129471354, 1940481.134211336728185 ], [ 965891.551335646770895, 1940488.943092931061983 ], [ 965898.630827678600326, 1940497.101505079539493 ], [ 965902.605961757595651, 1940507.046670315321535 ], [ 965904.467516535194591, 1940511.630068347323686 ], [ 965907.684122148901224, 1940518.398459951626137 ], [ 965916.291464800480753, 1940525.883040207671002 ], [ 965918.625548836309463, 1940527.955893548903987 ], [ 965922.264799011871219, 1940531.854141577612609 ], [ 965928.660098883323371, 1940538.604711870895699 ], [ 965930.937709535122849, 1940552.673291442450136 ], [ 965931.835332775837742, 1940559.278021760750562 ], [ 965927.599783125915565, 1940567.936144334729761 ], [ 965922.182088092900813, 1940571.759368255967274 ], [ 965926.695520495413803, 1940581.043934968998656 ], [ 965931.223707846947946, 1940589.338800746947527 ] ] ] } },
{ "type": "Feature", "properties": { "GU_NAM": "강남구", "F_SHIM": 0.2, "F_AREA": 1208.84, "F_DISA_NM": "2022년 8.8. ~ 17. 호우(재난지원금)", "F_RSN_DTL": "침수", "TYPE": "농경지", "F_SAT_YMD": "20220810 - 1000" }, "geometry": { "type": "Polygon", "coordinates": [ [ [ 965984.287060982082039, 1940564.136490607634187 ], [ 965994.67864859837573, 1940562.729014220181853 ], [ 965989.423048376804218, 1940529.936339726438746 ], [ 965995.652824705000967, 1940527.32035693177022 ], [ 965992.494914321345277, 1940519.931891684653237 ], [ 965990.452798538142815, 1940515.229495355160907 ], [ 965992.689566843095236, 1940510.624409768497571 ], [ 965965.874040494672954, 1940497.071536215953529 ], [ 965965.539653422660194, 1940502.830111094517633 ], [ 965965.028805164969526, 1940521.144833378493786 ], [ 965969.444873798987828, 1940523.931392612634227 ], [ 965972.167314923368394, 1940529.12200129032135 ], [ 965972.870597812230699, 1940533.948438120540231 ], [ 965975.659664777922444, 1940541.528782971668988 ], [ 965976.389012010069564, 1940552.791627964237705 ], [ 965976.559478561044671, 1940560.258878689259291 ], [ 965983.032082347082905, 1940558.572255813516676 ], [ 965984.287060982082039, 1940564.136490607634187 ] ] ] } },
{ "type": "Feature", "properties": { "GU_NAM": "강남구", "F_SHIM": 0.2, "F_AREA": 14286.21, "F_DISA_NM": "2022년 8.8. ~ 17. 호우(재난지원금)", "F_RSN_DTL": "침수", "TYPE": "농경지", "F_SAT_YMD": "20220809 - 1000" }, "geometry": { "type": "Polygon", "coordinates": [ [ [ 965729.766161680570804, 1940634.048288164893165 ], [ 965732.581643805257045, 1940632.64191859937273 ], [ 965737.911032804520801, 1940629.698825717438012 ], [ 965743.607920846552588, 1940625.365317040123045 ], [ 965747.263599328463897, 1940624.245390341849998 ], [ 965750.618652039556764, 1940615.429987133713439 ], [ 965754.538535601226613, 1940604.923238162184134 ], [ 965760.80137227056548, 1940595.52066492033191 ], [ 965764.120478273602203, 1940588.034945625113323 ], [ 965769.509200427215546, 1940577.414464210625738 ], [ 965774.470002981019206, 1940567.345038360217586 ], [ 965781.241310596116818, 1940553.912309347186238 ], [ 965786.384325308375992, 1940544.651610969100147 ], [ 965790.493077278020792, 1940537.533571606967598 ], [ 965792.791789398645051, 1940533.488943480886519 ], [ 965793.218756764195859, 1940532.569033657899126 ], [ 965794.182683379855007, 1940530.546701267827302 ], [ 965798.052580745541491, 1940523.438922600354999 ], [ 965799.117642961908132, 1940518.238265922293067 ], [ 965804.017195018124767, 1940518.695153863634914 ], [ 965810.698548511485569, 1940520.376142587512732 ], [ 965809.437775966129266, 1940534.684364748420194 ], [ 965809.394124058657326, 1940537.013708217069507 ], [ 965808.802860728348605, 1940539.943721834104508 ], [ 965807.857712913537398, 1940545.514602583600208 ], [ 965806.841995644033886, 1940550.595043820794672 ], [ 965806.014983884524554, 1940555.255646050907671 ], [ 965804.776228345115669, 1940563.146197264548391 ], [ 965803.180847218376584, 1940572.026259418344125 ], [ 965802.476283673779108, 1940577.535889918683097 ], [ 965801.238903678487986, 1940585.68633487331681 ], [ 965800.47468761599157, 1940591.446185849606991 ], [ 965799.532730459235609, 1940598.186604156624526 ], [ 965798.179172146366909, 1940607.806104440242052 ], [ 965797.910771638154984, 1940615.833466549636796 ], [ 965797.503644918790087, 1940618.80249056010507 ], [ 965809.309676994453184, 1940617.202598449075595 ], [ 965820.941145476419479, 1940615.672603894257918 ], [ 965822.276580610661767, 1940618.117602306650952 ], [ 965821.904972310177982, 1940624.776032265042886 ], [ 965821.281936364481226, 1940635.113391357474029 ], [ 965820.029303104733117, 1940652.47040860936977 ], [ 965818.846860031830147, 1940666.468334366800264 ], [ 965817.973703032243066, 1940680.164737662067637 ], [ 965826.181748729315586, 1940680.952982898568735 ], [ 965826.188435996416956, 1940668.427720610052347 ], [ 965826.570612219162285, 1940657.910705147543922 ], [ 965827.018978136591613, 1940642.145339318085462 ], [ 965827.593423875281587, 1940625.270728742238134 ], [ 965827.912918630056083, 1940621.231576558668166 ], [ 965828.775924340472557, 1940615.061359114944935 ], [ 965827.439957997296005, 1940605.149209114490077 ], [ 965826.557173447217792, 1940597.192914589075372 ], [ 965826.45968148810789, 1940578.581523129018024 ], [ 965826.361424100934528, 1940571.914583935402334 ], [ 965827.310989401536062, 1940556.978248873492703 ], [ 965828.216903235879727, 1940544.560185268521309 ], [ 965829.379312445642427, 1940534.520857314579189 ], [ 965830.897543058497831, 1940522.962224668357521 ], [ 965831.41759672248736, 1940519.231893102638423 ], [ 965833.820947347092442, 1940502.281629424775019 ], [ 965834.585539682302624, 1940496.781677689868957 ], [ 965836.092859392752871, 1940484.672312811482698 ], [ 965836.563849107478745, 1940481.493031027493998 ], [ 965839.400172623805702, 1940465.890961644472554 ], [ 965840.419662374653853, 1940462.09001309867017 ], [ 965842.330017659580335, 1940454.927629459882155 ], [ 965844.53962085605599, 1940447.6447076019831 ], [ 965847.616598942899145, 1940439.739431205205619 ], [ 965850.745519266230986, 1940432.393666652031243 ], [ 965852.669912597164512, 1940426.750629802932963 ], [ 965858.872943853726611, 1940410.391026793047786 ], [ 965856.154656184720807, 1940406.929736074758694 ], [ 965853.150459341937676, 1940397.231335902120918 ], [ 965854.040110461297445, 1940382.684170306194574 ], [ 965854.59276553534437, 1940372.647069896571338 ], [ 965852.761566479457542, 1940364.354924072977155 ], [ 965846.536525931907818, 1940357.854355425108224 ], [ 965843.531065503833815, 1940348.105980723863468 ], [ 965847.531729433336295, 1940408.211895694723353 ], [ 965815.29876015894115, 1940394.752660269383341 ], [ 965813.823238594573922, 1940403.804022243479267 ], [ 965812.595741908648051, 1940411.933422568952665 ], [ 965808.874975722865202, 1940422.099245882127434 ], [ 965805.811083063483238, 1940431.34394288668409 ], [ 965805.774986710981466, 1940443.979319181293249 ], [ 965800.22935483045876, 1940455.739195896079764 ], [ 965793.986132927355357, 1940464.692835014080629 ], [ 965791.331657291855663, 1940470.267763228155673 ], [ 965789.641795922885649, 1940473.761377971153706 ], [ 965779.113614290487021, 1940472.969414831371978 ], [ 965769.564407560392283, 1940471.865387985482812 ], [ 965764.220712525770068, 1940469.460593201220036 ], [ 965758.702097427798435, 1940476.692052922211587 ], [ 965756.136678158072755, 1940485.495279939146712 ], [ 965753.133078650338575, 1940494.610707748215646 ], [ 965741.015578269725665, 1940493.833153048995882 ], [ 965734.76826156093739, 1940501.446325372438878 ], [ 965726.186764835612848, 1940518.113405513809994 ], [ 965722.635025263996795, 1940527.918472825782374 ], [ 965729.250980806536973, 1940527.441629918990657 ], [ 965733.915678674471565, 1940529.798037478234619 ], [ 965738.13295390852727, 1940529.586791884386912 ], [ 965740.275033019366674, 1940538.067220887867734 ], [ 965739.74630592064932, 1940542.047503522131592 ], [ 965741.783004925353453, 1940544.970607631839812 ], [ 965741.992293186136521, 1940559.584931787569076 ], [ 965740.515593123738654, 1940568.03552986192517 ], [ 965739.738555478164926, 1940572.505940338363871 ], [ 965739.245566076249816, 1940582.672676855698228 ], [ 965734.307139147887938, 1940586.014547775965184 ], [ 965733.200415387400426, 1940589.57604993507266 ], [ 965738.209601698559709, 1940591.48280475102365 ], [ 965738.141914419131353, 1940596.070415287511423 ], [ 965738.073962480062619, 1940600.419118243036792 ], [ 965736.598968134145252, 1940605.980808006599545 ], [ 965735.432624752400443, 1940610.932096329983324 ], [ 965732.175573617918417, 1940619.188193921232596 ], [ 965729.903440437279642, 1940625.42184785543941 ], [ 965728.306944945128635, 1940630.313436237396672 ], [ 965729.766161680570804, 1940634.048288164893165 ] ] ] } },
{ "type": "Feature", "properties": { "GU_NAM": "강남구", "F_SHIM": 0.2, "F_AREA": 964.31, "F_DISA_NM": "2022년 8.8. ~ 17. 호우(재난지원금)", "F_RSN_DTL": "침수", "TYPE": "주택", "F_SAT_YMD": "20220824 - 1752" }, "geometry": { "type": "Polygon", "coordinates": [ [ [ 965570.213159668724984, 1940592.536780600668862 ], [ 965575.460771931218915, 1940603.607783692656085 ], [ 965607.48242025275249, 1940590.355306989746168 ], [ 965613.311866056756116, 1940572.536232133861631 ], [ 965569.803530942299403, 1940563.299082933459431 ], [ 965565.113472132361494, 1940566.350750012556091 ], [ 965571.340694090118632, 1940577.229640407022089 ], [ 965581.344126114156097, 1940579.730729702394456 ], [ 965589.964880792191252, 1940577.848808007780463 ], [ 965591.650058260071091, 1940587.070374861359596 ], [ 965584.746881621540524, 1940588.618330923374742 ], [ 965579.373100936878473, 1940590.162191911833361 ], [ 965574.665359633159824, 1940591.194721606327221 ], [ 965570.213159668724984, 1940592.536780600668862 ] ] ] } },
{ "type": "Feature", "properties": { "GU_NAM": "강남구", "F_SHIM": 0.2, "F_AREA": 858.05, "F_DISA_NM": "2022년 8.8. ~ 17. 호우(재난지원금)", "F_RSN_DTL": "침수(저지대침수)", "TYPE": "농경지", "F_SAT_YMD": "20220809 - 1000" }, "geometry": { "type": "Polygon", "coordinates": [ [ [ 965792.710907146101817, 1940664.218558109365404 ], [ 965793.835237265331671, 1940650.950661441776901 ], [ 965794.515813673846424, 1940643.741805305704474 ], [ 965794.460136992740445, 1940637.754381539765745 ], [ 965794.346299906494096, 1940632.676918939920142 ], [ 965794.725443293806165, 1940624.608985973056406 ], [ 965795.100776459905319, 1940619.40997999208048 ], [ 965789.470760616241023, 1940618.435157047118992 ], [ 965783.721698564244434, 1940617.820826969109476 ], [ 965781.511935528600588, 1940617.706569105386734 ], [ 965781.082053134217858, 1940617.697848249226809 ], [ 965777.226080956752412, 1940618.747861882206053 ], [ 965775.914116321131587, 1940640.382564145606011 ], [ 965774.532925486564636, 1940665.936139774275944 ], [ 965778.631360443076119, 1940665.935442495159805 ], [ 965782.05973581795115, 1940665.686387213179842 ], [ 965792.710907146101817, 1940664.218558109365404 ] ] ] } },
{ "type": "Feature", "properties": { "GU_NAM": "강남구", "F_SHIM": 0.2, "F_AREA": 1539.92, "F_DISA_NM": "2022년 8.8. ~ 17. 호우(재난지원금)", "F_RSN_DTL": "침수", "TYPE": "농경지", "F_SAT_YMD": "20220809 - 1000" }, "geometry": { "type": "Polygon", "coordinates": [ [ [ 965774.532925486564636, 1940665.936139774275944 ], [ 965775.914116321131587, 1940640.382564145606011 ], [ 965777.226080956752412, 1940618.747861882206053 ], [ 965774.598658649716526, 1940619.234586144331843 ], [ 965768.406690413597971, 1940621.250598624581471 ], [ 965763.0219517913647, 1940622.234730770345777 ], [ 965754.627989057800733, 1940623.526676654350013 ], [ 965750.960335685987957, 1940623.706025096122175 ], [ 965747.473254281561822, 1940624.195299500832334 ], [ 965747.263599328463897, 1940624.245390341849998 ], [ 965743.607920846552588, 1940625.365317040123045 ], [ 965737.911032804520801, 1940629.698825717438012 ], [ 965739.189141537179239, 1940636.422497709747404 ], [ 965739.185108733945526, 1940638.871585994493216 ], [ 965739.238647501915693, 1940643.699463210068643 ], [ 965739.173151111463085, 1940649.267688543535769 ], [ 965739.288168556522578, 1940655.134844335028902 ], [ 965738.667828090838157, 1940658.614802663680166 ], [ 965740.874516166979447, 1940661.548002735013142 ], [ 965745.517471320112236, 1940663.384722691262141 ], [ 965745.882694252184592, 1940665.153115421533585 ], [ 965751.950350476428866, 1940665.146994950948283 ], [ 965760.086245505372062, 1940665.145923087140545 ], [ 965763.816413673805073, 1940665.634988851146773 ], [ 965767.796172812348232, 1940666.0647558409255 ], [ 965768.415289849392138, 1940665.942524744430557 ], [ 965771.164207953144796, 1940665.935974179301411 ], [ 965774.532925486564636, 1940665.936139774275944 ] ] ] } },
{ "type": "Feature", "properties": { "GU_NAM": "강남구", "F_SHIM": 0.2, "F_AREA": 979.78, "F_DISA_NM": "2022년 8.8. ~ 17. 호우(재난지원금)", "F_RSN_DTL": "침수", "TYPE": "주택", "F_SAT_YMD": "20220825 - 0946" }, "geometry": { "type": "Polygon", "coordinates": [ [ [ 965684.988575795548968, 1940667.54958233027719 ], [ 965688.902326203766279, 1940664.006212295265868 ], [ 965691.107677055406384, 1940662.720026891678572 ], [ 965695.82054666231852, 1940660.578892121324316 ], [ 965695.860884737456217, 1940660.645653137238696 ], [ 965697.165708020329475, 1940662.783930719131604 ], [ 965697.221505275927484, 1940662.749648382887244 ], [ 965702.435216465150006, 1940659.481291531352326 ], [ 965706.905316782766022, 1940656.610719928983599 ], [ 965710.767242817208171, 1940654.04125337395817 ], [ 965714.437013755436055, 1940650.673108389601111 ], [ 965718.177449257811531, 1940647.624467612011358 ], [ 965720.208451476763003, 1940644.559882810339332 ], [ 965722.716823743190616, 1940640.655090880813077 ], [ 965724.740973058040254, 1940638.940028264187276 ], [ 965727.503015437163413, 1940636.313406470231712 ], [ 965728.788096733042039, 1940634.721209743758664 ], [ 965729.766161680570804, 1940634.048288164893165 ], [ 965728.630205160123296, 1940631.141409441828728 ], [ 965696.626531654852442, 1940622.855995265301317 ], [ 965696.626542237005197, 1940622.857994448626414 ], [ 965684.988575795548968, 1940667.54958233027719 ] ] ] } },
{ "type": "Feature", "properties": { "GU_NAM": "강남구", "F_SHIM": 0.2, "F_AREA": 874.55, "F_DISA_NM": "2022년 8.8. ~ 17. 호우(재난지원금)", "F_RSN_DTL": "침수", "TYPE": "주택", "F_SAT_YMD": "20220809 - 2242" }, "geometry": { "type": "Polygon", "coordinates": [ [ [ 965502.795008309185505, 1940558.003841673023999 ], [ 965520.863938111113384, 1940560.234335724031553 ], [ 965528.381382280727848, 1940552.736393334344029 ], [ 965532.50368292001076, 1940543.078247386962175 ], [ 965533.312357540242374, 1940531.741282968316227 ], [ 965528.186194249195978, 1940532.664069311926141 ], [ 965523.658198338234797, 1940532.717020183103159 ], [ 965519.680988062405959, 1940532.957983630010858 ], [ 965513.192914718878455, 1940532.855370305012912 ], [ 965510.62371600815095, 1940532.821984251728281 ], [ 965507.433860553312115, 1940532.431020074989647 ], [ 965504.373634590534493, 1940531.979392739012837 ], [ 965497.99142102478072, 1940530.157873414456844 ], [ 965497.42760239855852, 1940528.64043596945703 ], [ 965493.521855483646505, 1940529.540770050371066 ], [ 965491.026405737968162, 1940530.976434273645282 ], [ 965495.241286930278875, 1940537.112784631317481 ], [ 965496.305864061461762, 1940538.809502818854526 ], [ 965498.605229780077934, 1940542.821802477585152 ], [ 965499.197277742088772, 1940547.217994453385472 ], [ 965499.995577010558918, 1940553.943207814358175 ], [ 965502.795008309185505, 1940558.003841673023999 ] ] ] } },
{ "type": "Feature", "properties": { "GU_NAM": "강남구", "F_SHIM": 0.2, "F_AREA": 166.68, "F_DISA_NM": "2022년 8.8. ~ 17. 호우(재난지원금)", "F_RSN_DTL": "침수", "TYPE": "주택", "F_SAT_YMD": "20220808 - 2200" }, "geometry": { "type": "Polygon", "coordinates": [ [ [ 961380.419262519921176, 1942093.315979965031147 ], [ 961393.365208706120029, 1942093.092506760265678 ], [ 961389.276587285217829, 1942089.474520049756393 ], [ 961389.15273397078272, 1942084.017229365184903 ], [ 961391.294607022660784, 1942081.312904330901802 ], [ 961382.738479174324311, 1942081.62509707454592 ], [ 961381.762644728180021, 1942083.097710653441027 ], [ 961376.636987613514066, 1942087.519190693972632 ], [ 961366.74528122798074, 1942093.103472640970722 ], [ 961378.960942016914487, 1942093.340693433070555 ], [ 961380.419262519921176, 1942093.315979965031147 ] ] ] } },
{ "type": "Feature", "properties": { "GU_NAM": "강남구", "F_SHIM": 0.2, "F_AREA": 3.01, "F_DISA_NM": "2022년 8.8. ~ 17. 호우(재난지원금)", "F_RSN_DTL": "침수", "TYPE": "주택", "F_SAT_YMD": "20220808 - 2200" }, "geometry": { "type": "Polygon", "coordinates": [ [ [ 961394.102609023801051, 1942081.135101052932441 ], [ 961393.187904474791139, 1942079.048730061156675 ], [ 961391.294607022660784, 1942081.312904330901802 ], [ 961394.102609023801051, 1942081.135101052932441 ] ] ] } },
{ "type": "Feature", "properties": { "GU_NAM": "강남구", "F_SHIM": 0.2, "F_AREA": 146.61, "F_DISA_NM": "2022년 8.8. ~ 17. 호우(재난지원금)", "F_RSN_DTL": "침수", "TYPE": "농경지", "F_SAT_YMD": "20220809 - 1000" }, "geometry": { "type": "Polygon", "coordinates": [ [ [ 966089.776738499873318, 1941054.081181229557842 ], [ 966091.05335866403766, 1941046.924151584273204 ], [ 966091.446289423620328, 1941044.484001794364303 ], [ 966093.263538468047045, 1941032.573922477895394 ], [ 966094.201513292849995, 1941024.703957736259326 ], [ 966096.285249351407401, 1941011.394001455046237 ], [ 966097.998772505903617, 1940998.39488676819019 ], [ 966099.371519311331213, 1940988.624345051590353 ], [ 966102.318392567452975, 1940970.113802490290254 ], [ 966104.991570309153758, 1940956.551821816014126 ], [ 966106.932173762586899, 1940945.850628708023578 ], [ 966107.591586096212268, 1940941.820674470625818 ], [ 966109.593815966625698, 1940931.619964269688353 ], [ 966110.437685065437108, 1940925.989643830107525 ], [ 966112.25280799891334, 1940916.888504941947758 ], [ 966114.120667471783236, 1940904.9081849840004 ], [ 966114.851596574415453, 1940901.547596879769117 ], [ 966113.29936881933827, 1940901.015018053352833 ], [ 966113.242531456635334, 1940902.363804553169757 ], [ 966112.899517403682694, 1940905.547406401485205 ], [ 966110.640613497351296, 1940922.779793644323945 ], [ 966106.343753141583875, 1940941.951231209095567 ], [ 966098.291048158076592, 1940989.9685529100243 ], [ 966096.988061226671562, 1940996.110109293600544 ], [ 966096.65042891248595, 1940997.477375435875729 ], [ 966095.856882660766132, 1940998.828061726642773 ], [ 966095.056080773822032, 1941004.285220342688262 ], [ 966095.125420036143623, 1941006.054178596008569 ], [ 966095.063565082033165, 1941008.34363295789808 ], [ 966094.839248762815259, 1941011.478625 ], [ 966092.022920976160094, 1941037.278696680441499 ], [ 966089.776738499873318, 1941054.081181229557842 ] ] ] } },
{ "type": "Feature", "properties": { "GU_NAM": "강남구", "F_SHIM": 0.2, "F_AREA": 191.73, "F_DISA_NM": "2022년 8.8. ~ 17. 호우(재난지원금)", "F_RSN_DTL": "침수", "TYPE": "주택", "F_SAT_YMD": "20220826 - 1140" }, "geometry": { "type": "Polygon", "coordinates": [ [ [ 963135.423851947067305, 1943985.537504721432924 ], [ 963146.623557326267473, 1943990.056463011540473 ], [ 963151.891928984667175, 1943975.024237683042884 ], [ 963140.772297132643871, 1943970.524847631109878 ], [ 963135.423851947067305, 1943985.537504721432924 ] ] ] } },
{ "type": "Feature", "properties": { "GU_NAM": "강남구", "F_SHIM": 0.2, "F_AREA": 203.0, "F_DISA_NM": "2022년 8.8. ~ 17. 호우(재난지원금)", "F_RSN_DTL": "침수", "TYPE": "주택", "F_SAT_YMD": "20220826 - 1113" }, "geometry": { "type": "Polygon", "coordinates": [ [ [ 963037.314089014427736, 1943853.996991663938388 ], [ 963053.402506851940416, 1943860.509300105506554 ], [ 963057.51306308072526, 1943849.581655709771439 ], [ 963041.394551699631847, 1943843.049514027079567 ], [ 963037.314089014427736, 1943853.996991663938388 ] ] ] } },
{ "type": "Feature", "properties": { "GU_NAM": "강남구", "F_SHIM": 0.2, "F_AREA": 228.11, "F_DISA_NM": "2022년 8.8. ~ 17. 호우(재난지원금)", "F_RSN_DTL": "침수", "TYPE": "주택", "F_SAT_YMD": "20220808 - 2300" }, "geometry": { "type": "Polygon", "coordinates": [ [ [ 960682.970830076839775, 1944578.767115968279541 ], [ 960703.19609892508015, 1944586.856917400378734 ], [ 960707.073794941417873, 1944577.259975989814848 ], [ 960686.94737413758412, 1944568.959729678696021 ], [ 960682.970830076839775, 1944578.767115968279541 ] ] ] } },
{ "type": "Feature", "properties": { "GU_NAM": "강남구", "F_SHIM": 0.2, "F_AREA": 249.04, "F_DISA_NM": "2022년 풍수해보험금 지급", "F_RSN_DTL": "침수", "TYPE": "주택", "F_SAT_YMD": "20220808" }, "geometry": { "type": "Polygon", "coordinates": [ [ [ 960419.99151585297659, 1944630.101210757857189 ], [ 960436.687938850838691, 1944636.270431341603398 ], [ 960441.616991822142154, 1944623.229208913166076 ], [ 960424.840389474877156, 1944617.020427795592695 ], [ 960419.99151585297659, 1944630.101210757857189 ] ] ] } },
{ "type": "Feature", "properties": { "GU_NAM": "강남구", "F_SHIM": 0.2, "F_AREA": 232.35, "F_DISA_NM": "2022년 8.8. ~ 17. 호우(재난지원금)", "F_RSN_DTL": "침수", "TYPE": "주택", "F_SAT_YMD": "20220822 - 1000" }, "geometry": { "type": "Polygon", "coordinates": [ [ [ 960454.209579798975028, 1944641.595596094615757 ], [ 960470.264513126807287, 1944647.438337647123262 ], [ 960474.775058648432605, 1944634.649238439276814 ], [ 960459.089076300035231, 1944628.634606343926862 ], [ 960454.209579798975028, 1944641.595596094615757 ] ] ] } },
{ "type": "Feature", "properties": { "GU_NAM": "강남구", "F_SHIM": 0.2, "F_AREA": 175.06, "F_DISA_NM": "2022년 8.8. ~ 17. 호우(재난지원금)", "F_RSN_DTL": "침수", "TYPE": "주택", "F_SAT_YMD": "20220808 - 2300" }, "geometry": { "type": "Polygon", "coordinates": [ [ [ 960713.187562183244154, 1944740.716197906527668 ], [ 960729.176225935807452, 1944747.259024313418195 ], [ 960733.015101075754501, 1944737.88220552704297 ], [ 960716.966567544266582, 1944731.359688578639179 ], [ 960713.187562183244154, 1944740.716197906527668 ] ] ] } },
{ "type": "Feature", "properties": { "GU_NAM": "강남구", "F_SHIM": 0.2, "F_AREA": 203.38, "F_DISA_NM": "2022년 8.8. ~ 17. 호우(재난지원금)", "F_RSN_DTL": "침수", "TYPE": "주택", "F_SAT_YMD": "20220818 - 0000" }, "geometry": { "type": "Polygon", "coordinates": [ [ [ 963000.906872615450993, 1943902.891378003871068 ], [ 963016.724871665239334, 1943909.305155672132969 ], [ 963020.874299615272321, 1943898.167384134605527 ], [ 963004.996166261495091, 1943891.723936088150367 ], [ 963000.906872615450993, 1943902.891378003871068 ] ] ] } },
{ "type": "Feature", "properties": { "GU_NAM": "강남구", "F_SHIM": 0.2, "F_AREA": 203.52, "F_DISA_NM": "2022년 8.8. ~ 17. 호우(재난지원금)", "F_RSN_DTL": "침수", "TYPE": "주택", "F_SAT_YMD": "20220808 - 0600" }, "geometry": { "type": "Polygon", "coordinates": [ [ [ 963009.065732811926864, 1943880.606579842744395 ], [ 963025.003947536693886, 1943887.069702329114079 ], [ 963029.123758433852345, 1943876.002061376348138 ], [ 963013.125462340540253, 1943869.519264453789219 ], [ 963009.065732811926864, 1943880.606579842744395 ] ] ] } },
{ "type": "Feature", "properties": { "GU_NAM": "강남구", "F_SHIM": 0.2, "F_AREA": 203.47, "F_DISA_NM": "2022년 8.8. ~ 17. 호우(재난지원금)", "F_RSN_DTL": "침수", "TYPE": "주택", "F_SAT_YMD": "20220808 - 2200" }, "geometry": { "type": "Polygon", "coordinates": [ [ [ 963054.861657065339386, 1943873.666595640825108 ], [ 963070.910196838784032, 1943880.199107234366238 ], [ 963075.090618474176154, 1943869.251100540393963 ], [ 963058.991993274888955, 1943862.698861576151103 ], [ 963054.861657065339386, 1943873.666595640825108 ] ] ] } },
{ "type": "Feature", "properties": { "GU_NAM": "강남구", "F_SHIM": 0.2, "F_AREA": 263.43, "F_DISA_NM": "2022년 8.8. ~ 17. 호우(재난지원금)", "F_RSN_DTL": "침수", "TYPE": "주택", "F_SAT_YMD": "20220812 - 0000" }, "geometry": { "type": "Polygon", "coordinates": [ [ [ 958687.994208132033236, 1945095.224385499954224 ], [ 958700.314610006171279, 1945086.732271415181458 ], [ 958690.250943398103118, 1945072.121053 ], [ 958678.101743803592399, 1945080.852170566562563 ], [ 958687.994208132033236, 1945095.224385499954224 ] ] ] } },
{ "type": "Feature", "properties": { "GU_NAM": "강남구", "F_SHIM": 0.2, "F_AREA": 419.92, "F_DISA_NM": "2022년 8.8. ~ 17. 호우(재난지원금)", "F_RSN_DTL": "침수", "TYPE": "주택", "F_SAT_YMD": "20220812 - 0000" }, "geometry": { "type": "Polygon", "coordinates": [ [ [ 958721.848632514593191, 1945107.880268243607134 ], [ 958731.287782753701322, 1945121.595129747409374 ], [ 958752.044286906020716, 1945107.300480162957683 ], [ 958742.605137092992663, 1945093.585618817713112 ], [ 958721.848632514593191, 1945107.880268243607134 ] ] ] } },
{ "type": "Feature", "properties": { "GU_NAM": "강남구", "F_SHIM": 0.2, "F_AREA": 205.77, "F_DISA_NM": "2022년 8.8. ~ 17. 호우(재난지원금)", "F_RSN_DTL": "침수(도로범람유입)", "TYPE": "주택", "F_SAT_YMD": "20220809 - 0200" }, "geometry": { "type": "Polygon", "coordinates": [ [ [ 958642.527137943310663, 1945126.543620022013783 ], [ 958654.847540133167058, 1945118.051505100913346 ], [ 958647.050495803356171, 1945106.737044942798093 ], [ 958634.730093408259563, 1945115.229159789392725 ], [ 958642.527137943310663, 1945126.543620022013783 ] ] ] } },
{ "type": "Feature", "properties": { "GU_NAM": "강남구", "F_SHIM": 0.2, "F_AREA": 309.93, "F_DISA_NM": "2022년 8.8. ~ 17. 호우(재난지원금)", "F_RSN_DTL": "침수", "TYPE": "주택", "F_SAT_YMD": "20220812 - 0000" }, "geometry": { "type": "Polygon", "coordinates": [ [ [ 958502.2771031599259, 1945169.500768167199567 ], [ 958512.109012385597453, 1945183.763346674386412 ], [ 958526.829765668488108, 1945173.619126852834597 ], [ 958516.9978567592334, 1945159.356548464391381 ], [ 958502.2771031599259, 1945169.500768167199567 ] ] ] } },
{ "type": "Feature", "properties": { "GU_NAM": "강남구", "F_SHIM": 0.2, "F_AREA": 236.37, "F_DISA_NM": "2022년 8.8. ~ 17. 호우(재난지원금)", "F_RSN_DTL": "침수", "TYPE": "주택", "F_SAT_YMD": "20220826 - 1647" }, "geometry": { "type": "Polygon", "coordinates": [ [ [ 958088.550639136927202, 1945116.522847817279398 ], [ 958109.70432628702838, 1945124.367831701412797 ], [ 958113.371052550035529, 1945114.572053098352626 ], [ 958092.257243646774441, 1945106.70686523988843 ], [ 958088.550639136927202, 1945116.522847817279398 ] ] ] } },
{ "type": "Feature", "properties": { "GU_NAM": "강남구", "F_SHIM": 0.2, "F_AREA": 237.79, "F_DISA_NM": "2022년 8.8. ~ 17. 호우(재난지원금)", "F_RSN_DTL": "침수", "TYPE": "주택", "F_SAT_YMD": "20220816 - 0000" }, "geometry": { "type": "Polygon", "coordinates": [ [ [ 959219.342609809827991, 1945236.176110428757966 ], [ 959234.60650907154195, 1945241.763136783614755 ], [ 959239.621923041297123, 1945228.041690885322168 ], [ 959224.39784902438987, 1945222.424464590381831 ], [ 959219.342609809827991, 1945236.176110428757966 ] ] ] } },
{ "type": "Feature", "properties": { "GU_NAM": "강남구", "F_SHIM": 0.2, "F_AREA": 237.03, "F_DISA_NM": "2022년 8.8. ~ 17. 호우(재난지원금)", "F_RSN_DTL": "침수(도로범람유입)", "TYPE": "주택", "F_SAT_YMD": "20220809 - 0200" }, "geometry": { "type": "Polygon", "coordinates": [ [ [ 959243.677116611390375, 1945157.59654547390528 ], [ 959252.824786480283365, 1945161.576583755901083 ], [ 959257.422662067343481, 1945159.612954020267352 ], [ 959262.389315045438707, 1945146.121681210584939 ], [ 959249.816348005202599, 1945140.900257571833208 ], [ 959243.677116611390375, 1945157.59654547390528 ] ] ] } },
{ "type": "Feature", "properties": { "GU_NAM": "강남구", "F_SHIM": 0.2, "F_AREA": 259.82, "F_DISA_NM": "2022년 8.8. ~ 17. 호우(재난지원금)", "F_RSN_DTL": "침수", "TYPE": "주택", "F_SAT_YMD": "20220812 - 0000" }, "geometry": { "type": "Polygon", "coordinates": [ [ [ 958925.504851689562201, 1945238.522299534175545 ], [ 958937.382382149226032, 1945242.667810823302716 ], [ 958941.864844977040775, 1945230.238701784284785 ], [ 958959.17295996833127, 1945236.764546690974385 ], [ 958960.20765956165269, 1945233.950115355663002 ], [ 958931.130911136162467, 1945223.078256799140945 ], [ 958925.504851689562201, 1945238.522299534175545 ] ] ] } },
{ "type": "Feature", "properties": { "GU_NAM": "강남구", "F_SHIM": 0.2, "F_AREA": 1560.01, "F_DISA_NM": "2022년 8.8. ~ 17. 호우(재난지원금)", "F_RSN_DTL": "침수", "TYPE": "농경지", "F_SAT_YMD": "20220831 - 1517" }, "geometry": { "type": "Polygon", "coordinates": [ [ [ 965542.284061041777022, 1941037.030387452570722 ], [ 965546.777443882427178, 1941031.570676136761904 ], [ 965548.71629622601904, 1941027.526950645493343 ], [ 965550.963434550911188, 1941022.992779708700255 ], [ 965550.082820412586443, 1941019.035948792705312 ], [ 965548.910091710393317, 1941014.280968385981396 ], [ 965548.042293804115616, 1941011.23472287110053 ], [ 965547.607463485677727, 1941009.34674397110939 ], [ 965545.935668901656754, 1941004.543424238450825 ], [ 965542.760434108786285, 1941005.78176390286535 ], [ 965539.882479003630579, 1941002.750155501998961 ], [ 965538.289746745955199, 1941001.175187867600471 ], [ 965535.774200043524615, 1940998.813405635766685 ], [ 965532.036310075665824, 1940995.354512773919851 ], [ 965530.073364497860894, 1940994.090386840049177 ], [ 965527.500022441381589, 1940992.518609762890264 ], [ 965526.338665102375671, 1940991.612103676889092 ], [ 965524.9957360252738, 1940990.395676916930825 ], [ 965523.582888174336404, 1940989.000688322354108 ], [ 965523.272374699939974, 1940988.881377749610692 ], [ 965522.170951065374538, 1940988.344413636485115 ], [ 965520.466993938200176, 1940990.118759580422193 ], [ 965519.719158044084907, 1940991.040368064772338 ], [ 965519.862132997834124, 1940992.179177490994334 ], [ 965520.204883590922691, 1941008.022330564446747 ], [ 965514.38702320959419, 1941008.008138491073623 ], [ 965511.995534265064634, 1941011.143606376368552 ], [ 965506.916741657070816, 1941014.406253737397492 ], [ 965497.347016170737334, 1941016.98094023950398 ], [ 965488.909654304850847, 1941016.683724882546812 ], [ 965485.646029541152529, 1941019.730844024801627 ], [ 965490.571071401704103, 1941024.436976749449968 ], [ 965492.283479105099104, 1941025.581474686739966 ], [ 965496.507983563933522, 1941027.869237071834505 ], [ 965498.136673664324917, 1941028.683304039994255 ], [ 965504.345738631673157, 1941031.786248770076782 ], [ 965510.751188727212138, 1941031.198558860691264 ], [ 965517.112617516773753, 1941032.681313721463084 ], [ 965523.463727636728436, 1941034.1031463900581 ], [ 965527.981251177145168, 1941033.771354675292969 ], [ 965535.676771880011074, 1941033.289794077398255 ], [ 965538.129480554140173, 1941034.733258579857647 ], [ 965542.284061041777022, 1941037.030387452570722 ] ] ] } },
{ "type": "Feature", "properties": { "GU_NAM": "강남구", "F_SHIM": 0.2, "F_AREA": 241.38, "F_DISA_NM": "2022년 8.8. ~ 17. 호우(재난지원금)", "F_RSN_DTL": "침수", "TYPE": "농경지", "F_SAT_YMD": "20220831 - 1517" }, "geometry": { "type": "Polygon", "coordinates": [ [ [ 965476.354863662971184, 1941009.021113191498443 ], [ 965481.228525715647265, 1941011.007553454488516 ], [ 965481.73896859982051, 1941015.094295074697584 ], [ 965485.646029541152529, 1941019.730844024801627 ], [ 965488.909654304850847, 1941016.683724882546812 ], [ 965497.347016170737334, 1941016.98094023950398 ], [ 965506.916741657070816, 1941014.406253737397492 ], [ 965511.995534265064634, 1941011.143606376368552 ], [ 965514.38702320959419, 1941008.008138491073623 ], [ 965500.520288768108003, 1941008.383412698982283 ], [ 965500.023549995734356, 1941008.397037483984604 ], [ 965493.966104948776774, 1941008.444090568460524 ], [ 965478.253267530119047, 1941008.856124949408695 ], [ 965476.354863662971184, 1941009.021113191498443 ] ] ] } },
{ "type": "Feature", "properties": { "GU_NAM": "강남구", "F_SHIM": 0.2, "F_AREA": 291.6, "F_DISA_NM": "2022년 8.8. ~ 17. 호우(재난지원금)", "F_RSN_DTL": "침수", "TYPE": "주택", "F_SAT_YMD": "20220812 - 0000" }, "geometry": { "type": "Polygon", "coordinates": [ [ [ 965155.437061229371466, 1941566.570139714516699 ], [ 965168.14421319484245, 1941559.768441455205902 ], [ 965170.008428470348008, 1941558.621006746776402 ], [ 965162.049598934245296, 1941543.162029306404293 ], [ 965147.262304108240642, 1941551.298234301386401 ], [ 965155.390609115129337, 1941566.481419428018853 ], [ 965155.437061229371466, 1941566.570139714516699 ] ] ] } },
{ "type": "Feature", "properties": { "GU_NAM": "강남구", "F_SHIM": 0.2, "F_AREA": 13609.71, "F_DISA_NM": "2022년 8.8. ~ 17. 호우(재난지원금)", "F_RSN_DTL": "침수", "TYPE": "주택", "F_SAT_YMD": "20220809 - 1448" }, "geometry": { "type": "Polygon", "coordinates": [ [ [ 965192.142047854606062, 1941639.834914424456656 ], [ 965196.34730615071021, 1941640.752297935076058 ], [ 965197.38155970023945, 1941640.11906227748841 ], [ 965199.347279367619194, 1941639.451907260809094 ], [ 965204.525380022241734, 1941613.781253673136234 ], [ 965196.811993015813641, 1941582.371045458130538 ], [ 965196.776224242872559, 1941582.223291062284261 ], [ 965187.859545238665305, 1941545.005662905285135 ], [ 965185.936527905520052, 1941535.421491076005623 ], [ 965177.821363503462635, 1941494.95885233161971 ], [ 965177.51643737743143, 1941493.440044634975493 ], [ 965182.313672658405267, 1941481.931021093158051 ], [ 965185.959465709631331, 1941477.243499726522714 ], [ 965182.447517228196375, 1941476.434403205057606 ], [ 965186.719957928406075, 1941473.802781737176701 ], [ 965185.395050639403053, 1941471.836545021273196 ], [ 965181.397205037297681, 1941468.179104749578983 ], [ 965177.872957654180937, 1941466.179526147199795 ], [ 965176.569471085211262, 1941464.672001498518512 ], [ 965174.674584456719458, 1941462.479868696304038 ], [ 965173.497775853611529, 1941460.731764792464674 ], [ 965171.867867555236444, 1941459.498864064225927 ], [ 965168.249025973607786, 1941455.869406228186563 ], [ 965133.673686274909414, 1941391.18708190578036 ], [ 965120.846835173433647, 1941369.519239303888753 ], [ 965118.27643622062169, 1941364.537743752123788 ], [ 965117.079613685258664, 1941362.218962618848309 ], [ 965103.743809764157049, 1941336.368404719047248 ], [ 965100.40835568215698, 1941329.999487445224077 ], [ 965097.24109281541314, 1941326.889440268278122 ], [ 965070.561931330012158, 1941303.412628983613104 ], [ 965066.741585390293039, 1941300.051135166548193 ], [ 965049.482402566471137, 1941284.801317520672455 ], [ 965034.437102289637551, 1941271.388079018797725 ], [ 965022.110463992808945, 1941260.56146200094372 ], [ 965022.013043290586211, 1941260.475010688882321 ], [ 965010.109528970089741, 1941249.891060785856098 ], [ 965009.998568640439771, 1941249.701720277545974 ], [ 964998.105002918513492, 1941239.297649036860093 ], [ 964986.169681462808512, 1941228.747854012763128 ], [ 964985.961787158856168, 1941228.564024642575532 ], [ 964974.188654164317995, 1941218.439209040952846 ], [ 964974.044019848806784, 1941218.309024325804785 ], [ 964962.404879129258916, 1941207.814639506628737 ], [ 964962.354317569755949, 1941207.704948911909014 ], [ 964961.232731365947984, 1941206.758247245335951 ], [ 964956.060264920117334, 1941212.720367440953851 ], [ 964956.688036146922968, 1941213.28882748936303 ], [ 964959.58585800032597, 1941215.918484756955877 ], [ 964959.718444308498874, 1941216.038737037684768 ], [ 964968.495748940738849, 1941224.092202302068472 ], [ 964968.371174281695858, 1941229.640752607956529 ], [ 964958.577856585150585, 1941240.776372357504442 ], [ 964958.48545532207936, 1941240.882821131963283 ], [ 964946.047613415983506, 1941254.940332506317645 ], [ 964933.470680779661052, 1941269.348447439726442 ], [ 964933.331050030421466, 1941269.408164053689688 ], [ 964920.77410929009784, 1941283.816173568367958 ], [ 964920.724658745806664, 1941283.916397303342819 ], [ 964910.698467985144816, 1941295.059248470934108 ], [ 964905.961878092028201, 1941295.741068557137623 ], [ 964896.755171205848455, 1941287.95877395500429 ], [ 964889.634330384549685, 1941281.811813482781872 ], [ 964886.236900233547203, 1941283.941992505453527 ], [ 964885.56936909770593, 1941284.360367925604805 ], [ 964884.393077971064486, 1941285.165290205040947 ], [ 964890.683948853984475, 1941290.314024590188637 ], [ 964890.816945959348232, 1941295.422378886025399 ], [ 964880.651870582252741, 1941306.95481784036383 ], [ 964870.618282131617889, 1941318.966378763085231 ], [ 964865.420921709970571, 1941319.280778330285102 ], [ 964855.923601704882458, 1941310.984217799035832 ], [ 964853.561924601322971, 1941313.708687049569562 ], [ 964852.035820215241984, 1941315.468098860466853 ], [ 964851.957333880127408, 1941315.55947970203124 ], [ 964861.743604542803951, 1941323.678577726706862 ], [ 964862.23777204810176, 1941328.844997777370736 ], [ 964852.082301533780992, 1941340.492342930985615 ], [ 964856.48599306831602, 1941344.149636227637529 ], [ 964866.645773665746674, 1941332.372317659668624 ], [ 964871.58313993352931, 1941332.229229538002983 ], [ 964880.575199319631793, 1941339.873712808359414 ], [ 964889.27502226526849, 1941346.885983556043357 ], [ 964889.290920305182226, 1941352.533752861199901 ], [ 964878.9457543293247, 1941363.658301039366052 ], [ 964880.142014270531945, 1941364.73755683330819 ], [ 964883.784026437671855, 1941368.02302420581691 ], [ 964888.435742851463147, 1941362.637440854683518 ], [ 964895.264296604203992, 1941354.733288752613589 ], [ 964902.062048193882219, 1941346.864286502823234 ], [ 964913.850314497249201, 1941333.595912667457014 ], [ 964922.838675560429692, 1941323.166285143932328 ], [ 964927.703420151257887, 1941322.900628185132518 ], [ 964938.742393659544177, 1941332.753433605423197 ], [ 964952.509125430136919, 1941344.645020743831992 ], [ 964953.451321065076627, 1941343.616422972176224 ], [ 964965.282432348933071, 1941330.699689387809485 ], [ 964971.745736063458025, 1941336.320330613525584 ], [ 964977.037124662077986, 1941340.928561735665426 ], [ 964978.994681522483006, 1941338.719036766793579 ], [ 965016.90968577854801, 1941295.925553295295686 ], [ 965016.985189196537249, 1941295.837187119526789 ], [ 965018.686914350488223, 1941293.829940008930862 ], [ 965019.33264415350277, 1941293.069810013752431 ], [ 965019.401192753692158, 1941292.989477606723085 ], [ 965029.167229541111737, 1941281.987951497081667 ], [ 965033.865951706655324, 1941281.895108130760491 ], [ 965066.500364319421351, 1941310.757341277319938 ], [ 965066.693749352823943, 1941315.754417168907821 ], [ 965056.302825882914476, 1941326.921189014101401 ], [ 965043.728914775070734, 1941340.766501204576343 ], [ 965031.209456791752018, 1941354.134706852957606 ], [ 965018.666225546272472, 1941367.544023108901456 ], [ 965008.214353510527872, 1941378.716116814874113 ], [ 965003.517588789341971, 1941379.178809699136764 ], [ 964993.076583929592744, 1941369.740681708557531 ], [ 964990.577288208529353, 1941367.805650798138231 ], [ 964985.612206631805748, 1941369.511291808215901 ], [ 964985.764360097236931, 1941371.628681210568175 ], [ 964995.456086897989735, 1941380.016176020959392 ], [ 965007.541866888059303, 1941390.474207207327709 ], [ 965019.594512157258578, 1941400.90442413976416 ], [ 965029.490092498715967, 1941409.467772085219622 ], [ 965029.280567359412089, 1941413.886201545130461 ], [ 965024.340958873741329, 1941419.271308879833668 ], [ 965027.443544743466191, 1941422.248748863115907 ], [ 965039.887973830802366, 1941408.68101537739858 ], [ 965039.962519968044944, 1941408.600651216460392 ], [ 965047.323564096703194, 1941400.827630729414523 ], [ 965051.368813683046028, 1941401.542939542094246 ], [ 965060.83010511402972, 1941418.330459462013096 ], [ 965059.373555211932398, 1941423.03238387638703 ], [ 965049.969990364508703, 1941427.916317996103317 ], [ 965034.837563661276363, 1941436.003368274541572 ], [ 965037.087166457786225, 1941440.055915885139257 ], [ 965038.635009550140239, 1941439.381976390257478 ], [ 965042.803629199974239, 1941435.832253500353545 ], [ 965045.037535348907113, 1941437.485796370310709 ], [ 965062.196603467105888, 1941428.343416517833248 ], [ 965066.938194397371262, 1941429.739779140334576 ], [ 965073.738833875046112, 1941442.247014152584597 ], [ 965074.105257023125887, 1941442.919818117050454 ], [ 965076.997449223184958, 1941441.46405769023113 ], [ 965082.957518580369651, 1941446.815464443061501 ], [ 965078.146878158906475, 1941438.039273868314922 ], [ 965072.721221320563927, 1941427.704932178370655 ], [ 965074.267157759750262, 1941422.89357614191249 ], [ 965089.51096755056642, 1941415.075834243791178 ], [ 965108.29944816196803, 1941405.373040789039806 ], [ 965123.748511418467388, 1941397.051404314814135 ], [ 965128.431554967886768, 1941398.717974241822958 ], [ 965133.737079884391278, 1941408.830036107450724 ], [ 965138.811799681279808, 1941418.962312262039632 ], [ 965137.28549010225106, 1941423.70459030312486 ], [ 965122.09298345935531, 1941431.771965350024402 ], [ 965121.971371856401674, 1941431.836584698641673 ], [ 965103.506341976928525, 1941441.647624733392149 ], [ 965103.394683966063894, 1941441.704194442834705 ], [ 965085.228774085175246, 1941450.992849692003801 ], [ 965089.229652760084718, 1941455.789841007674113 ], [ 965108.651048481697217, 1941445.738827893743291 ], [ 965126.26437976793386, 1941436.679011822212487 ], [ 965140.2393372382503, 1941429.364797117421404 ], [ 965145.210680466261692, 1941430.730954582802951 ], [ 965150.206538497004658, 1941440.883640296524391 ], [ 965155.269511020043865, 1941450.496175978798419 ], [ 965154.038007521303371, 1941455.411827062023804 ], [ 965140.174544826732017, 1941462.827413134742528 ], [ 965122.449884087196551, 1941472.005773971322924 ], [ 965106.229274850338697, 1941480.735341902356595 ], [ 965102.906961700995453, 1941479.304477661382407 ], [ 965097.511201625107788, 1941468.575128409313038 ], [ 965094.966400560806505, 1941466.541376475710422 ], [ 965091.584542432217859, 1941471.613354531582445 ], [ 965093.58753760298714, 1941470.623125285608694 ], [ 965099.504424098180607, 1941481.602620088728145 ], [ 965098.623022797284648, 1941484.674119031522423 ], [ 965082.103223492857069, 1941493.535221602767706 ], [ 965068.217646941775456, 1941500.739006459480152 ], [ 965054.862440881086513, 1941507.862013929290697 ], [ 965040.997808229876682, 1941515.245619943132624 ], [ 965036.588221441488713, 1941517.65105421282351 ], [ 965033.544170999433845, 1941519.311541193630546 ], [ 965019.25827265845146, 1941527.559049707604572 ], [ 965020.0272899963893, 1941529.128381062299013 ], [ 965021.136873448966071, 1941531.395643739495426 ], [ 965024.372797953197733, 1941529.72514452598989 ], [ 965024.951071194838732, 1941530.384831723757088 ], [ 965043.241935355239548, 1941520.907584373373538 ], [ 965043.370517650269903, 1941520.837930011795834 ], [ 965058.403714029234834, 1941512.700423031114042 ], [ 965063.965568363899365, 1941514.20540060964413 ], [ 965068.999929994228296, 1941524.077989395009354 ], [ 965074.154078331310302, 1941533.730027663754299 ], [ 965072.597734249546193, 1941538.652396780205891 ], [ 965057.356306137749925, 1941546.919957208447158 ], [ 965038.618720536236651, 1941556.606490770122036 ], [ 965041.481742332689464, 1941561.72638413310051 ], [ 965059.020823521888815, 1941552.613978343317285 ], [ 965075.400997245102189, 1941543.813590731238946 ], [ 965080.232022464624606, 1941545.109517374774441 ], [ 965085.332203187746927, 1941554.574912148993462 ], [ 965092.197083422332071, 1941567.509643258526921 ], [ 965097.592912150546908, 1941564.84308596723713 ], [ 965097.508062849054113, 1941564.676598564023152 ], [ 965091.617656411253847, 1941553.601000604452565 ], [ 965085.833476649364457, 1941542.575820857426152 ], [ 965087.429228046210483, 1941537.733212810242549 ], [ 965100.965317592723295, 1941530.790178932715207 ], [ 965117.710124901030213, 1941521.946877683047205 ], [ 965134.565960761392489, 1941513.116983754793182 ], [ 965151.935110438731499, 1941504.194407397182658 ], [ 965165.699829952325672, 1941496.820327858207747 ], [ 965170.092886018333957, 1941498.468439710792154 ], [ 965172.88462805072777, 1941510.895930345403031 ], [ 965176.359823886421509, 1941524.591319716535509 ], [ 965174.074407880660146, 1941529.825430159224197 ], [ 965161.358465791796334, 1941536.666159661952406 ], [ 965144.298888893332332, 1941545.719047769671306 ], [ 965147.262304108240642, 1941551.298234301386401 ], [ 965162.049598934245296, 1941543.162029306404293 ], [ 965162.988632497610524, 1941542.669244508026168 ], [ 965175.489968763897195, 1941535.698700660141185 ], [ 965179.692838245537132, 1941537.486766123678535 ], [ 965182.980234037153423, 1941551.772924989694729 ], [ 965186.912428858457133, 1941567.955947943497449 ], [ 965184.093656922806986, 1941571.95135378674604 ], [ 965175.945817997097038, 1941576.117912443820387 ], [ 965165.973683947348036, 1941581.419699195073918 ], [ 965166.974529947387055, 1941584.295305836945772 ], [ 965167.379541603382677, 1941585.459718353347853 ], [ 965170.068112844484858, 1941584.06101412139833 ], [ 965170.676107273553498, 1941583.72592218988575 ], [ 965172.822059261845425, 1941582.549006824381649 ], [ 965185.183447340270504, 1941575.767131781904027 ], [ 965189.116368864313699, 1941577.545630083885044 ], [ 965192.443214132334106, 1941591.541690118378028 ], [ 965196.153642285615206, 1941607.375020042993128 ], [ 965193.565299671143293, 1941611.090312368003651 ], [ 965180.134446542011574, 1941614.119278314290568 ], [ 965164.097948710434139, 1941617.405943574383855 ], [ 965156.285220323712565, 1941615.95186610147357 ], [ 965149.65110101562459, 1941614.697471760213375 ], [ 965148.338009518221952, 1941620.629168660379946 ], [ 965165.330089115072042, 1941623.941933166235685 ], [ 965180.445888760033995, 1941620.646146495360881 ], [ 965193.582433302537538, 1941617.537769063841552 ], [ 965196.778256004443392, 1941620.377766414778307 ], [ 965192.142047854606062, 1941639.834914424456656 ] ], [ [ 965074.219788477057591, 1941521.404366744216532 ], [ 965074.141026674536988, 1941521.254840651294217 ], [ 965068.966886629234068, 1941511.602908128872514 ], [ 965070.262379318708554, 1941506.50098852487281 ], [ 965085.654809824889526, 1941498.433553222334012 ], [ 965104.241647186107002, 1941488.783805553335696 ], [ 965122.970843925373629, 1941479.023346592672169 ], [ 965141.487704017898068, 1941469.372970473952591 ], [ 965156.818116653128527, 1941461.297867710003629 ], [ 965161.409074903931469, 1941462.375148985534906 ], [ 965167.25507867266424, 1941472.805227331351489 ], [ 965167.333835168043151, 1941472.953753823647276 ], [ 965172.389133560587652, 1941482.43837843905203 ], [ 965171.002408189233392, 1941487.489799729082733 ], [ 965155.410636956919916, 1941495.478319628629833 ], [ 965136.783695707679726, 1941505.294216053793207 ], [ 965136.582333689089864, 1941505.400241940980777 ], [ 965117.855380071443506, 1941515.206671935273334 ], [ 965099.908212923677638, 1941524.651110993698239 ], [ 965084.599854422151111, 1941532.738094012252986 ], [ 965079.57592916500289, 1941531.447186814853922 ], [ 965074.219788477057591, 1941521.404366744216532 ] ], [ [ 964948.609068954363465, 1941308.092565563507378 ], [ 964938.482343239011243, 1941319.315918367821723 ], [ 964933.666685550706461, 1941320.168092455947772 ], [ 964924.571292884647846, 1941312.264255142305046 ], [ 964924.468863623449579, 1941312.175831093685701 ], [ 964914.951055469573475, 1941303.974343363428488 ], [ 964915.008002992370166, 1941299.435766917420551 ], [ 964925.292753366054967, 1941287.47285844781436 ], [ 964938.01350077544339, 1941273.417847451753914 ], [ 964950.466944148181938, 1941259.097353068646044 ], [ 964963.19397985865362, 1941244.908360485453159 ], [ 964963.266521544079296, 1941244.827007324434817 ], [ 964973.279675322817639, 1941233.676229376345873 ], [ 964978.516563542769291, 1941233.086725624278188 ], [ 964987.570088206208311, 1941240.823848315980285 ], [ 964996.139513377915137, 1941248.129697998519987 ], [ 964996.224805903271772, 1941253.857068962417543 ], [ 964986.339722405304201, 1941265.219088441692293 ], [ 964973.862214996828698, 1941279.33678685547784 ], [ 964961.225889565423131, 1941293.855174239957705 ], [ 964948.609068954363465, 1941308.092565563507378 ] ], [ [ 965022.5457464173669, 1941395.116998074110597 ], [ 965013.193913145223632, 1941386.922630546148866 ], [ 965013.233867897535674, 1941382.762000855291262 ], [ 965024.161782299168408, 1941370.876657772110775 ], [ 965036.615801766398363, 1941357.798687926027924 ], [ 965048.90568114828784, 1941344.304745697416365 ], [ 965061.24791498167906, 1941330.881499741924927 ], [ 965071.182151806191541, 1941319.741135937394574 ], [ 965076.429495955118909, 1941319.427471504546702 ], [ 965086.019140926189721, 1941327.603586927521974 ], [ 965092.230461957864463, 1941333.209567219018936 ], [ 965094.313403657637537, 1941335.236767482245341 ], [ 965094.450077642453834, 1941340.85090883099474 ], [ 965084.043721784721129, 1941351.934793858090416 ], [ 965083.928419873001985, 1941352.058357373578474 ], [ 965071.484809900051914, 1941365.403169884579256 ], [ 965058.975348569918424, 1941378.771322556538507 ], [ 965058.844153710873798, 1941378.913962975144386 ], [ 965046.675875649787486, 1941392.152358821360394 ], [ 965036.130238340236247, 1941403.361934685846791 ], [ 965032.211912196595222, 1941403.585596812190488 ], [ 965022.5457464173669, 1941395.116998074110597 ] ], [ [ 964988.951268774573691, 1941318.203117874450982 ], [ 964980.442044825176708, 1941327.937471973942593 ], [ 964978.635674660326913, 1941330.00425067381002 ], [ 964973.538162608863786, 1941330.108201590599492 ], [ 964965.069240041077137, 1941322.526925054145977 ], [ 964954.694642302463762, 1941333.756587856216356 ], [ 964949.437883517937735, 1941334.180260445922613 ], [ 964943.647444051341154, 1941329.337760587455705 ], [ 964943.032150334795006, 1941323.572210073471069 ], [ 964953.141311154933646, 1941312.052063101902604 ], [ 964965.706618430907838, 1941297.902911003446206 ], [ 964965.813934208010323, 1941297.781388986855745 ], [ 964978.411445391597226, 1941283.67305124620907 ], [ 964990.969237466342747, 1941269.614905117079616 ], [ 964991.052679429994896, 1941269.515501102199778 ], [ 965001.053011195617728, 1941257.642065857769921 ], [ 965006.201348872622475, 1941257.508857358712703 ], [ 965015.209796593524516, 1941265.228225001133978 ], [ 965015.318249845528044, 1941265.321615262655541 ], [ 965023.744616903015412, 1941272.606230027042329 ], [ 965024.048549737548456, 1941277.903606657171622 ], [ 965014.139270960818976, 1941289.604625270003453 ], [ 965014.05383510934189, 1941289.705039457418025 ], [ 965001.596743203466758, 1941303.713671148056164 ], [ 964988.951268774573691, 1941318.203117874450982 ] ], [ [ 965084.116685469634831, 1941410.858000461943448 ], [ 965071.084515722468495, 1941417.633428225759417 ], [ 965066.453044316731393, 1941416.456399070331827 ], [ 965059.833024769672193, 1941404.079157972941175 ], [ 965055.442410432151519, 1941396.093442386714742 ], [ 965056.198144928668626, 1941390.809450065717101 ], [ 965067.145093293162063, 1941378.932003654539585 ], [ 965077.947931487928145, 1941367.212260597618297 ], [ 965088.795069196610712, 1941355.552260536234826 ], [ 965096.944588635466062, 1941346.792441301280633 ], [ 965101.090997791034169, 1941347.545200446154922 ], [ 965114.115243678796105, 1941371.757031139684841 ], [ 965122.43326286575757, 1941387.278085382655263 ], [ 965121.295206360169686, 1941391.529494384303689 ], [ 965110.667502735857852, 1941397.054665676318109 ], [ 965097.528667914564721, 1941403.885636708699167 ], [ 965084.116685469634831, 1941410.858000461943448 ] ], [ [ 964884.177060185465962, 1941335.384347766637802 ], [ 964875.32836511998903, 1941327.441218896070495 ], [ 964875.276139723835513, 1941322.673307461896911 ], [ 964885.399750577867962, 1941311.239050500094891 ], [ 964895.416256631026044, 1941299.588443111628294 ], [ 964900.394647349719889, 1941298.886350418440998 ], [ 964908.79954847053159, 1941306.270041784737259 ], [ 964908.895932565676048, 1941306.349501247052103 ], [ 964917.77554469066672, 1941313.712686767568812 ], [ 964918.110735319904052, 1941319.249807361979038 ], [ 964908.314615499111824, 1941330.611357633490115 ], [ 964908.229174350970425, 1941330.710772243794054 ], [ 964898.622669872827828, 1941341.82441300037317 ], [ 964898.260030243429355, 1941342.24417357868515 ], [ 964893.123809806304052, 1941342.967094276333228 ], [ 964884.177060185465962, 1941335.384347766637802 ] ] ] } },
{ "type": "Feature", "properties": { "GU_NAM": "강남구", "F_SHIM": 0.2, "F_AREA": 218.03, "F_DISA_NM": "2022년 8.8. ~ 17. 호우(재난지원금)", "F_RSN_DTL": "침수", "TYPE": "주택", "F_SAT_YMD": "20220814 - 2015" }, "geometry": { "type": "Polygon", "coordinates": [ [ [ 960242.306882425560616, 1944958.249589011771604 ], [ 960253.857386744115502, 1944962.936627763556316 ], [ 960256.620181887526996, 1944961.77242498868145 ], [ 960260.517761888331734, 1944952.155379550764337 ], [ 960261.445311396964826, 1944949.871321340790018 ], [ 960247.84049736103043, 1944944.225527309812605 ], [ 960246.91331845195964, 1944946.579557336401194 ], [ 960242.306882425560616, 1944958.249589011771604 ] ] ] } },
{ "type": "Feature", "properties": { "GU_NAM": "강남구", "F_SHIM": 0.2, "F_AREA": 1666.91, "F_DISA_NM": "2022년 8.8. ~ 17. 호우(재난지원금)", "F_RSN_DTL": "침수", "TYPE": "주택", "F_SAT_YMD": "20220808 - 1308" }, "geometry": { "type": "Polygon", "coordinates": [ [ [ 961997.418888736749068, 1942299.130983377806842 ], [ 961986.482882609008811, 1942291.742683948716149 ], [ 961984.410865984275006, 1942290.459140875842422 ], [ 961981.226366439368576, 1942288.438767078565434 ], [ 961973.226501379627734, 1942283.551975169684738 ], [ 961960.462813379126601, 1942280.43674401124008 ], [ 961948.378983075264841, 1942281.308409762568772 ], [ 961931.346376023371704, 1942277.715965915238485 ], [ 961924.997002736781724, 1942280.781436047982424 ], [ 961928.853740691090934, 1942283.64993029111065 ], [ 961934.293011711910367, 1942288.053465124685317 ], [ 961939.362267055665143, 1942295.637760729761794 ], [ 961943.397408432676457, 1942301.993995624827221 ], [ 961948.954766558948904, 1942305.478251361520961 ], [ 961957.205853706342168, 1942310.613619078183547 ], [ 961965.327269141678698, 1942315.990582378348336 ], [ 961970.280120560782962, 1942317.636732142651454 ], [ 961974.620138317113742, 1942322.103064451366663 ], [ 961981.647939535439946, 1942329.740967046236619 ], [ 961985.140042211627588, 1942338.128311823820695 ], [ 961992.830667934729718, 1942343.136695075081661 ], [ 961997.895597922382876, 1942341.973310092929751 ], [ 962007.430445350124501, 1942345.266572878928855 ], [ 962010.662690443685278, 1942346.48699510237202 ], [ 962012.063426670269109, 1942347.103344567818567 ], [ 962017.376020556432195, 1942344.950021141441539 ], [ 962023.292491888161749, 1942344.704780375352129 ], [ 962015.851881555397995, 1942343.304713076213375 ], [ 962009.188102079206146, 1942340.983878791797906 ], [ 962002.956589229172096, 1942335.911792280385271 ], [ 961996.298390081617981, 1942332.001527465181425 ], [ 961987.318582340725698, 1942326.867019071476534 ], [ 961980.592799289850518, 1942320.198151799850166 ], [ 961978.217118775821291, 1942317.634699365589768 ], [ 961971.982101061148569, 1942311.334094119956717 ], [ 961976.85252876218874, 1942304.963701927801594 ], [ 961981.545252409297973, 1942299.203021089080721 ], [ 961987.221158275613561, 1942294.67966712359339 ], [ 961997.418888736749068, 1942299.130983377806842 ] ] ] } },
{ "type": "Feature", "properties": { "GU_NAM": "강남구", "F_SHIM": 0.2, "F_AREA": 243.6, "F_DISA_NM": "2022년 8.8. ~ 17. 호우(재난지원금)", "F_RSN_DTL": "침수", "TYPE": "주택", "F_SAT_YMD": "20220812 - 0000" }, "geometry": { "type": "Polygon", "coordinates": [ [ [ 960631.567222333629616, 1944655.600622663274407 ], [ 960630.921581668430008, 1944660.152334580896422 ], [ 960635.154672975419089, 1944657.260991389397532 ], [ 960641.675706808338873, 1944659.80548473354429 ], [ 960649.944492338574491, 1944641.288625729270279 ], [ 960638.714183194679208, 1944636.659866544185206 ], [ 960631.567222333629616, 1944655.600622663274407 ] ] ] } },
{ "type": "Feature", "properties": { "GU_NAM": "강남구", "F_SHIM": 0.2, "F_AREA": 318.25, "F_DISA_NM": "2022년 8.8. ~ 17. 호우(재난지원금)", "F_RSN_DTL": "침수", "TYPE": "주택", "F_SAT_YMD": "22080808 - 2200" }, "geometry": { "type": "Polygon", "coordinates": [ [ [ 965367.684849041281268, 1941643.721907796338201 ], [ 965381.536869636853226, 1941652.275303658330813 ], [ 965390.245487956679426, 1941638.287513872608542 ], [ 965391.918803916894831, 1941635.634663101285696 ], [ 965377.992443884955719, 1941627.200615295441821 ], [ 965377.93694294244051, 1941627.290874831844121 ], [ 965367.684849041281268, 1941643.721907796338201 ] ] ] } },
{ "type": "Feature", "properties": { "GU_NAM": "강남구", "F_SHIM": 0.2, "F_AREA": 319.89, "F_DISA_NM": "2022년 8.8. ~ 17. 호우(재난지원금)", "F_RSN_DTL": "침수", "TYPE": "주택", "F_SAT_YMD": "20220809 - 2211" }, "geometry": { "type": "Polygon", "coordinates": [ [ [ 965347.408125871908851, 1941613.233878946164623 ], [ 965359.255751242861152, 1941620.624331595841795 ], [ 965369.667319201049395, 1941603.727631526999176 ], [ 965354.15514939581044, 1941594.082441003760323 ], [ 965347.408125871908851, 1941613.233878946164623 ] ] ] } },
{ "type": "Feature", "properties": { "GU_NAM": "강남구", "F_SHIM": 0.2, "F_AREA": 310.55, "F_DISA_NM": "2022년 8.8. ~ 17. 호우(재난지원금)", "F_RSN_DTL": "침수", "TYPE": "주택", "F_SAT_YMD": "20220816 - 0000" }, "geometry": { "type": "Polygon", "coordinates": [ [ [ 960151.067278511822224, 1946074.64446720154956 ], [ 960166.020285970997065, 1946080.043192402925342 ], [ 960172.680490047554485, 1946061.684777183225378 ], [ 960157.717592747882009, 1946056.306096626678482 ], [ 960151.067278511822224, 1946074.64446720154956 ] ] ] } },
{ "type": "Feature", "properties": { "GU_NAM": "강남구", "F_SHIM": 0.2, "F_AREA": 244.29, "F_DISA_NM": "2022년 8.8. ~ 17. 호우(재난지원금)", "F_RSN_DTL": "침수", "TYPE": "주택", "F_SAT_YMD": "20220817 - 0000" }, "geometry": { "type": "Polygon", "coordinates": [ [ [ 965376.205810536048375, 1941592.95910784159787 ], [ 965382.135643760673702, 1941583.722224271390587 ], [ 965380.147283998667262, 1941582.378264341736212 ], [ 965366.578148839646019, 1941574.012298179557547 ], [ 965358.715789146721363, 1941586.599139854777604 ], [ 965363.850316286087036, 1941589.333911212859675 ], [ 965376.205810536048375, 1941592.95910784159787 ] ] ] } },
{ "type": "Feature", "properties": { "GU_NAM": "강남구", "F_SHIM": 0.2, "F_AREA": 319.69, "F_DISA_NM": "2022년 8.8. ~ 17. 호우(재난지원금)", "F_RSN_DTL": "침수", "TYPE": "주택", "F_SAT_YMD": "20220812 - 0000" }, "geometry": { "type": "Polygon", "coordinates": [ [ [ 965519.330195199465379, 1940979.875678331125528 ], [ 965519.369750255485997, 1940976.016938112908974 ], [ 965516.761625944869593, 1940976.183683185372502 ], [ 965516.431861279415898, 1940976.204421212431043 ], [ 965499.078451249166392, 1940976.579155147308484 ], [ 965499.247583333402872, 1940980.393807352986187 ], [ 965499.780916972551495, 1940992.394414708949625 ], [ 965510.42426017834805, 1940992.28010748885572 ], [ 965518.807595747057348, 1940992.190756287425756 ], [ 965518.963251358596608, 1940991.948024591896683 ], [ 965519.719158044084907, 1940991.040368064772338 ], [ 965519.330195199465379, 1940979.875678331125528 ] ] ] } },
{ "type": "Feature", "properties": { "GU_NAM": "강남구", "F_SHIM": 0.2, "F_AREA": 252.17, "F_DISA_NM": "2022년 8.8. ~ 17. 호우(재난지원금)", "F_RSN_DTL": "침수", "TYPE": "주택", "F_SAT_YMD": "20220809 - 0000" }, "geometry": { "type": "Polygon", "coordinates": [ [ [ 965485.354175048996694, 1940825.758236544439569 ], [ 965484.862647133413702, 1940809.945858750026673 ], [ 965469.969966707518324, 1940810.635441967519 ], [ 965468.822684278828092, 1940810.688495780341327 ], [ 965469.04853167408146, 1940817.475716246757656 ], [ 965469.532757743494585, 1940826.43074350967072 ], [ 965475.349554862827063, 1940826.055090773850679 ], [ 965479.037201350089163, 1940826.064563742605969 ], [ 965485.354175048996694, 1940825.758236544439569 ] ] ] } },
{ "type": "Feature", "properties": { "GU_NAM": "강남구", "F_SHIM": 0.2, "F_AREA": 405.82, "F_DISA_NM": "2022년 8.8. ~ 17. 호우(재난지원금)", "F_RSN_DTL": "침수(도로범람유입)", "TYPE": "주택", "F_SAT_YMD": "20220809 - 0000" }, "geometry": { "type": "Polygon", "coordinates": [ [ [ 959362.149004415841773, 1944518.977661262033507 ], [ 959381.440969624556601, 1944526.372680365573615 ], [ 959388.211854235385545, 1944508.143625882919878 ], [ 959368.629105860716663, 1944500.580210090149194 ], [ 959362.149004415841773, 1944518.977661262033507 ] ] ] } },
{ "type": "Feature", "properties": { "GU_NAM": "강남구", "F_SHIM": 0.2, "F_AREA": 681.7, "F_DISA_NM": "2022년 8.8. ~ 17. 호우(재난지원금)", "F_RSN_DTL": "침수", "TYPE": "주택", "F_SAT_YMD": "22080808 - 2200" }, "geometry": { "type": "Polygon", "coordinates": [ [ [ 965267.624222199199721, 1940549.828943347325549 ], [ 965268.418696613865905, 1940555.26466925884597 ], [ 965283.617804619367234, 1940553.543860157253221 ], [ 965288.032657965086401, 1940548.544390276074409 ], [ 965283.334187817759812, 1940511.661297541111708 ], [ 965281.256338488426991, 1940512.107127911178395 ], [ 965276.608437965856865, 1940512.16970980190672 ], [ 965272.839661739766598, 1940508.541042104596272 ], [ 965271.043503557797521, 1940516.882377159083262 ], [ 965269.342527247732505, 1940523.564839518629014 ], [ 965268.598411565297283, 1940533.123142142780125 ], [ 965270.332302992930636, 1940534.927276555914432 ], [ 965271.472592124249786, 1940538.652822418138385 ], [ 965270.067356324871071, 1940543.985232835169882 ], [ 965268.579968164674938, 1940548.527378858067095 ], [ 965267.624222199199721, 1940549.828943347325549 ] ] ] } },
{ "type": "Feature", "properties": { "GU_NAM": "강남구", "F_SHIM": 0.2, "F_AREA": 251.8, "F_DISA_NM": "2022년 8.8. ~ 17. 호우(재난지원금)", "F_RSN_DTL": "침수", "TYPE": "주택", "F_SAT_YMD": "20220809 - 2202" }, "geometry": { "type": "Polygon", "coordinates": [ [ [ 965249.046022890950553, 1940540.333908365806565 ], [ 965247.552303630276583, 1940527.81257983436808 ], [ 965247.228064018883742, 1940526.043969211867079 ], [ 965232.078199847484939, 1940527.814498320920393 ], [ 965230.134762633009814, 1940529.859008990461007 ], [ 965230.145986134884879, 1940530.468717622337863 ], [ 965231.627799746696837, 1940542.440318551845849 ], [ 965249.046022890950553, 1940540.333908365806565 ] ] ] } },
{ "type": "Feature", "properties": { "GU_NAM": "강남구", "F_SHIM": 0.2, "F_AREA": 368.53, "F_DISA_NM": "2022년 8.8. ~ 17. 호우(재난지원금)", "F_RSN_DTL": "침수", "TYPE": "주택", "F_SAT_YMD": "20220812 - 0000" }, "geometry": { "type": "Polygon", "coordinates": [ [ [ 965215.554472961695865, 1940609.980716756545007 ], [ 965215.817196328891441, 1940609.947338583879173 ], [ 965233.626841686549596, 1940607.759885716950521 ], [ 965232.826166825601831, 1940600.774781905580312 ], [ 965231.192604185314849, 1940588.084257954265922 ], [ 965212.737719294847921, 1940589.991233059670776 ], [ 965215.554472961695865, 1940609.980716756545007 ] ] ] } },
{ "type": "Feature", "properties": { "GU_NAM": "강남구", "F_SHIM": 0.2, "F_AREA": 165.44, "F_DISA_NM": "2022년 8.8. ~ 17. 호우(재난지원금)", "F_RSN_DTL": "침수", "TYPE": "주택", "F_SAT_YMD": "20220809 - 2206" }, "geometry": { "type": "Polygon", "coordinates": [ [ [ 965286.456536368583329, 1941557.185951598919928 ], [ 965297.234255142160691, 1941559.418033492052928 ], [ 965300.275152209447697, 1941544.697533017257228 ], [ 965289.507482332061045, 1941542.475393967935815 ], [ 965286.456536368583329, 1941557.185951598919928 ] ] ] } },
{ "type": "Feature", "properties": { "GU_NAM": "강남구", "F_SHIM": 0.2, "F_AREA": 306.51, "F_DISA_NM": "2022년 8.8. ~ 17. 호우(재난지원금)", "F_RSN_DTL": "침수", "TYPE": "주택", "F_SAT_YMD": "20220809 - 2200" }, "geometry": { "type": "Polygon", "coordinates": [ [ [ 965074.219788477057591, 1941521.404366744216532 ], [ 965079.57592916500289, 1941531.447186814853922 ], [ 965084.599854422151111, 1941532.738094012252986 ], [ 965099.908212923677638, 1941524.651110993698239 ], [ 965092.867574473610148, 1941511.749297797912732 ], [ 965092.799935170449317, 1941511.623703708872199 ], [ 965074.219788477057591, 1941521.404366744216532 ] ] ] } },
{ "type": "Feature", "properties": { "GU_NAM": "강남구", "F_SHIM": 0.2, "F_AREA": 290.6, "F_DISA_NM": "2022년 8.8. ~ 17. 호우(재난지원금)", "F_RSN_DTL": "침수", "TYPE": "주택", "F_SAT_YMD": "20220817 - 0000" }, "geometry": { "type": "Polygon", "coordinates": [ [ [ 965182.980234037153423, 1941551.772924989694729 ], [ 965179.692838245537132, 1941537.486766123678535 ], [ 965175.489968763897195, 1941535.698700660141185 ], [ 965162.988632497610524, 1941542.669244508026168 ], [ 965162.049598934245296, 1941543.162029306404293 ], [ 965170.008428470348008, 1941558.621006746776402 ], [ 965182.980234037153423, 1941551.772924989694729 ] ] ] } },
{ "type": "Feature", "properties": { "GU_NAM": "강남구", "F_SHIM": 0.2, "F_AREA": 281.27, "F_DISA_NM": "2022년 8.8. ~ 17. 호우(재난지원금)", "F_RSN_DTL": "침수", "TYPE": "주택", "F_SAT_YMD": "20220817 - 0000" }, "geometry": { "type": "Polygon", "coordinates": [ [ [ 965150.206538497004658, 1941440.883640296524391 ], [ 965145.210680466261692, 1941430.730954582802951 ], [ 965140.2393372382503, 1941429.364797117421404 ], [ 965126.26437976793386, 1941436.679011822212487 ], [ 965133.249151240917854, 1941449.791040987940505 ], [ 965133.375755508430302, 1941449.725395590765402 ], [ 965150.206538497004658, 1941440.883640296524391 ] ] ] } },
{ "type": "Feature", "properties": { "GU_NAM": "강남구", "F_SHIM": 0.2, "F_AREA": 274.85, "F_DISA_NM": "2022년 8.8. ~ 17. 호우(재난지원금)", "F_RSN_DTL": "침수", "TYPE": "주택", "F_SAT_YMD": "20220809 - 1430" }, "geometry": { "type": "Polygon", "coordinates": [ [ [ 965140.174544826732017, 1941462.827413134742528 ], [ 965154.038007521303371, 1941455.411827062023804 ], [ 965155.269511020043865, 1941450.496175978798419 ], [ 965150.206538497004658, 1941440.883640296524391 ], [ 965133.375755508430302, 1941449.725395590765402 ], [ 965133.249151240917854, 1941449.791040987940505 ], [ 965140.174544826732017, 1941462.827413134742528 ] ] ] } },
{ "type": "Feature", "properties": { "GU_NAM": "강남구", "F_SHIM": 0.2, "F_AREA": 301.68, "F_DISA_NM": "2022년 8.8. ~ 17. 호우(재난지원금)", "F_RSN_DTL": "침수", "TYPE": "주택", "F_SAT_YMD": "22080808 - 2200" }, "geometry": { "type": "Polygon", "coordinates": [ [ [ 965115.629733090521768, 1941459.022824071114883 ], [ 965115.527747894870117, 1941458.829437626991421 ], [ 965108.651048481697217, 1941445.738827893743291 ], [ 965089.229652760084718, 1941455.789841007674113 ], [ 965095.797928148182109, 1941463.490133911836892 ], [ 965099.287193820811808, 1941467.379179383162409 ], [ 965115.629733090521768, 1941459.022824071114883 ] ] ] } },
{ "type": "Feature", "properties": { "GU_NAM": "강남구", "F_SHIM": 0.2, "F_AREA": 309.12, "F_DISA_NM": "2022년 8.8. ~ 17. 호우(재난지원금)", "F_RSN_DTL": "침수", "TYPE": "주택", "F_SAT_YMD": "20220817 - 0000" }, "geometry": { "type": "Polygon", "coordinates": [ [ [ 965167.333835168043151, 1941472.953753823647276 ], [ 965167.25507867266424, 1941472.805227331351489 ], [ 965161.409074903931469, 1941462.375148985534906 ], [ 965156.818116653128527, 1941461.297867710003629 ], [ 965141.487704017898068, 1941469.372970473952591 ], [ 965148.558107415679842, 1941482.421569877536967 ], [ 965167.333835168043151, 1941472.953753823647276 ] ] ] } },
{ "type": "Feature", "properties": { "GU_NAM": "강남구", "F_SHIM": 0.2, "F_AREA": 312.44, "F_DISA_NM": "2022년 8.8. ~ 17. 호우(재난지원금)", "F_RSN_DTL": "침수", "TYPE": "주택", "F_SAT_YMD": "20220817 - 0000" }, "geometry": { "type": "Polygon", "coordinates": [ [ [ 965136.582333689089864, 1941505.400241940980777 ], [ 965136.783695707679726, 1941505.294216053793207 ], [ 965155.410636956919916, 1941495.478319628629833 ], [ 965148.558107415679842, 1941482.421569877536967 ], [ 965129.966722640790977, 1941492.156308707548305 ], [ 965130.031336711719632, 1941492.276920706033707 ], [ 965136.582333689089864, 1941505.400241940980777 ] ] ] } },
{ "type": "Feature", "properties": { "GU_NAM": "강남구", "F_SHIM": 0.2, "F_AREA": 338.05, "F_DISA_NM": "2022년 8.8. ~ 17. 호우(재난지원금)", "F_RSN_DTL": "침수", "TYPE": "주택", "F_SAT_YMD": "20220822 - 0000" }, "geometry": { "type": "Polygon", "coordinates": [ [ [ 965144.298888893332332, 1941545.719047769671306 ], [ 965161.358465791796334, 1941536.666159661952406 ], [ 965153.478995828772895, 1941521.280733703868464 ], [ 965153.360377723234706, 1941521.344337595626712 ], [ 965141.630655274377204, 1941527.353161471663043 ], [ 965136.171101868734695, 1941530.255965989781544 ], [ 965136.630561552941799, 1941531.131200249074027 ], [ 965142.757945928839035, 1941542.786322585307062 ], [ 965144.298888893332332, 1941545.719047769671306 ] ] ] } },
{ "type": "Feature", "properties": { "GU_NAM": "강남구", "F_SHIM": 0.2, "F_AREA": 202.97, "F_DISA_NM": "2022년 8.8. ~ 17. 호우(재난지원금)", "F_RSN_DTL": "침수", "TYPE": "주택", "F_SAT_YMD": "20220817 - 0000" }, "geometry": { "type": "Polygon", "coordinates": [ [ [ 965196.96429432311561, 1941391.692772655747831 ], [ 965203.829716032836586, 1941404.541533255251125 ], [ 965216.110297160921618, 1941397.979005245957524 ], [ 965209.234879714087583, 1941385.13029767642729 ], [ 965196.96429432311561, 1941391.692772655747831 ] ] ] } },
{ "type": "Feature", "properties": { "GU_NAM": "강남구", "F_SHIM": 0.2, "F_AREA": 307.98, "F_DISA_NM": "2022년 8.8. ~ 17. 호우(재난지원금)", "F_RSN_DTL": "침수", "TYPE": "주택", "F_SAT_YMD": "20220809 - 2237" }, "geometry": { "type": "Polygon", "coordinates": [ [ [ 965133.737079884391278, 1941408.830036107450724 ], [ 965128.431554967886768, 1941398.717974241822958 ], [ 965123.748511418467388, 1941397.051404314814135 ], [ 965108.29944816196803, 1941405.373040789039806 ], [ 965115.15869401069358, 1941418.565704430453479 ], [ 965133.737079884391278, 1941408.830036107450724 ] ] ] } },
{ "type": "Feature", "properties": { "GU_NAM": "강남구", "F_SHIM": 0.2, "F_AREA": 279.35, "F_DISA_NM": "2022년 8.8. ~ 17. 호우(재난지원금)", "F_RSN_DTL": "침수", "TYPE": "주택", "F_SAT_YMD": "20220812 - 0000" }, "geometry": { "type": "Polygon", "coordinates": [ [ [ 965035.307337264530361, 1941381.413637114455923 ], [ 965046.675875649787486, 1941392.152358821360394 ], [ 965058.844153710873798, 1941378.913962975144386 ], [ 965047.698329234030098, 1941368.326004681875929 ], [ 965035.390826825634576, 1941381.32322942186147 ], [ 965035.307337264530361, 1941381.413637114455923 ] ] ] } },
{ "type": "Feature", "properties": { "GU_NAM": "강남구", "F_SHIM": 0.2, "F_AREA": 303.97, "F_DISA_NM": "2022년 8.8. ~ 17. 호우(재난지원금)", "F_RSN_DTL": "침수", "TYPE": "주택", "F_SAT_YMD": "20220809 - 1501" }, "geometry": { "type": "Polygon", "coordinates": [ [ [ 964974.044019848806784, 1941218.309024325804785 ], [ 964986.974972006282769, 1941203.741097055142745 ], [ 964975.241605753428303, 1941193.386158078210428 ], [ 964962.404879129258916, 1941207.814639506628737 ], [ 964974.044019848806784, 1941218.309024325804785 ] ] ] } },
{ "type": "Feature", "properties": { "GU_NAM": "강남구", "F_SHIM": 0.2, "F_AREA": 335.58, "F_DISA_NM": "2022년 8.8. ~ 17. 호우(재난지원금)", "F_RSN_DTL": "침수", "TYPE": "주택", "F_SAT_YMD": "20220809 - 1722" }, "geometry": { "type": "Polygon", "coordinates": [ [ [ 964641.39180609874893, 1941744.732385891024023 ], [ 964643.289086894248612, 1941726.603224694961682 ], [ 964628.252505912794732, 1941725.226370133459568 ], [ 964624.17279062315356, 1941728.575701260473579 ], [ 964622.778994700522162, 1941743.055582654196769 ], [ 964641.39180609874893, 1941744.732385891024023 ] ] ] } },
{ "type": "Feature", "properties": { "GU_NAM": "강남구", "F_SHIM": 0.2, "F_AREA": 315.13, "F_DISA_NM": "2022년 8.8. ~ 17. 호우(재난지원금)", "F_RSN_DTL": "침수", "TYPE": "주택", "F_SAT_YMD": "20220817 - 0000" }, "geometry": { "type": "Polygon", "coordinates": [ [ [ 964537.063992811832577, 1941778.07816950767301 ], [ 964538.307443420751952, 1941761.822756980080158 ], [ 964534.978209285764024, 1941757.762927694246173 ], [ 964522.754824234521948, 1941756.625086055137217 ], [ 964520.911034050979652, 1941776.550284535624087 ], [ 964537.063992811832577, 1941778.07816950767301 ] ] ] } },
{ "type": "Feature", "properties": { "GU_NAM": "강남구", "F_SHIM": 0.2, "F_AREA": 376.72, "F_DISA_NM": "2022년 8.8. ~ 17. 호우(재난지원금)", "F_RSN_DTL": "침수", "TYPE": "주택", "F_SAT_YMD": "20220812 - 0000" }, "geometry": { "type": "Polygon", "coordinates": [ [ [ 965242.37455242802389, 1940483.663786857156083 ], [ 965242.168359439587221, 1940481.345760305644944 ], [ 965241.6163374427706, 1940476.768424084642902 ], [ 965241.279510045540519, 1940474.510066397022456 ], [ 965239.908609864767641, 1940462.718809707323089 ], [ 965222.060022173915058, 1940464.536606546724215 ], [ 965223.575541881029494, 1940477.7775463599246 ], [ 965224.043543776730075, 1940480.644977958174422 ], [ 965224.320353706483729, 1940483.273512587416917 ], [ 965227.834814481204376, 1940485.313131425296888 ], [ 965242.37455242802389, 1940483.663786857156083 ] ] ] } },
{ "type": "Feature", "properties": { "GU_NAM": "강남구", "F_SHIM": 0.2, "F_AREA": 340.84, "F_DISA_NM": "2022년 8.8. ~ 17. 호우(재난지원금)", "F_RSN_DTL": "침수", "TYPE": "주택", "F_SAT_YMD": "20220812 - 0000" }, "geometry": { "type": "Polygon", "coordinates": [ [ [ 965157.598980624345131, 1940484.454280244652182 ], [ 965158.590546001447365, 1940492.565945673501119 ], [ 965158.643165176850744, 1940493.064477491658181 ], [ 965172.374636927503161, 1940492.062165453797206 ], [ 965175.023964853608049, 1940488.725409346166998 ], [ 965174.89183274412062, 1940487.746481199515983 ], [ 965174.1332528461935, 1940480.971074231667444 ], [ 965172.954798786318861, 1940470.411329475231469 ], [ 965171.677981623448431, 1940470.543038713978603 ], [ 965169.368131334893405, 1940470.783175473101437 ], [ 965156.601436758763157, 1940473.890579086495563 ], [ 965157.598980624345131, 1940484.454280244652182 ] ] ] } },
{ "type": "Feature", "properties": { "GU_NAM": "강남구", "F_SHIM": 0.2, "F_AREA": 259.37, "F_DISA_NM": "2022년 8.8. ~ 17. 호우(재난지원금)", "F_RSN_DTL": "침수", "TYPE": "주택", "F_SAT_YMD": "20220809 - 2212" }, "geometry": { "type": "Polygon", "coordinates": [ [ [ 965149.372814183472656, 1940517.833133326144889 ], [ 965163.903197446139529, 1940516.304791598347947 ], [ 965162.293444988317788, 1940502.257656498812139 ], [ 965162.935912768705748, 1940502.203276004176587 ], [ 965162.647255264339037, 1940499.036008833441883 ], [ 965151.365158853353932, 1940499.907403968507424 ], [ 965147.346165286726318, 1940500.375502184731886 ], [ 965147.673151648254134, 1940504.174326282925904 ], [ 965149.372814183472656, 1940517.833133326144889 ] ] ] } },
{ "type": "Feature", "properties": { "GU_NAM": "강남구", "F_SHIM": 0.2, "F_AREA": 253.33, "F_DISA_NM": "2022년 8.8. ~ 17. 호우(재난지원금)", "F_RSN_DTL": "침수", "TYPE": "주택", "F_SAT_YMD": "20220809 - 2227" }, "geometry": { "type": "Polygon", "coordinates": [ [ [ 965170.356711403117515, 1940567.111301883822307 ], [ 965168.593534878804348, 1940553.917654556687921 ], [ 965168.1963970415527, 1940550.085214728023857 ], [ 965153.515721073141322, 1940551.925234075868502 ], [ 965154.196500596706755, 1940556.654831138905138 ], [ 965155.680478218477219, 1940569.035266053630039 ], [ 965170.356711403117515, 1940567.111301883822307 ] ] ] } },
{ "type": "Feature", "properties": { "GU_NAM": "강남구", "F_SHIM": 0.2, "F_AREA": 238.77, "F_DISA_NM": "2022년 8.8. ~ 17. 호우(재난지원금)", "F_RSN_DTL": "침수", "TYPE": "주택", "F_SAT_YMD": "20220817 - 0000" }, "geometry": { "type": "Polygon", "coordinates": [ [ [ 965168.1963970415527, 1940550.085214728023857 ], [ 965168.593534878804348, 1940553.917654556687921 ], [ 965170.356711403117515, 1940567.111301883822307 ], [ 965171.938012615661137, 1940566.90400932659395 ], [ 965181.121145345503464, 1940565.699851878685877 ], [ 965184.019418583833613, 1940561.992918484844267 ], [ 965182.94531935499981, 1940553.0190182661172 ], [ 965182.357983282767236, 1940548.379892249591649 ], [ 965171.89053900889121, 1940549.621834270888939 ], [ 965168.1963970415527, 1940550.085214728023857 ] ] ] } },
{ "type": "Feature", "properties": { "GU_NAM": "강남구", "F_SHIM": 0.2, "F_AREA": 398.03, "F_DISA_NM": "2022년 8.8. ~ 17. 호우(재난지원금)", "F_RSN_DTL": "침수", "TYPE": "주택", "F_SAT_YMD": "20220812 - 0000" }, "geometry": { "type": "Polygon", "coordinates": [ [ [ 965184.606985048856586, 1940490.928839522879571 ], [ 965190.361851395922713, 1940490.183657202636823 ], [ 965192.500575707759708, 1940489.907440047943965 ], [ 965195.438624515081756, 1940489.749946182593703 ], [ 965199.596492372103967, 1940489.268118070205674 ], [ 965199.030660152900964, 1940483.592272624606267 ], [ 965198.956911181099713, 1940482.123221870744601 ], [ 965197.693474311032332, 1940469.671646937727928 ], [ 965197.417304633767344, 1940467.352990962099284 ], [ 965193.261076400522143, 1940467.955764286452904 ], [ 965179.010849171550944, 1940469.722531394101679 ], [ 965180.539232315728441, 1940483.883053929079324 ], [ 965180.960080060642213, 1940488.040244691073895 ], [ 965184.606985048856586, 1940490.928839522879571 ] ] ] } },
{ "type": "Feature", "properties": { "GU_NAM": "강남구", "F_SHIM": 0.2, "F_AREA": 340.23, "F_DISA_NM": "2022년 8.8. ~ 17. 호우(재난지원금)", "F_RSN_DTL": "침수", "TYPE": "주택", "F_SAT_YMD": "20220817 - 0000" }, "geometry": { "type": "Polygon", "coordinates": [ [ [ 965212.737719294847921, 1940589.991233059670776 ], [ 965210.013410431332886, 1940570.659009807743132 ], [ 965196.442599102156237, 1940572.175276923459023 ], [ 965192.998005644301884, 1940577.482493788702413 ], [ 965194.919981540529989, 1940592.160735302604735 ], [ 965212.415020421147346, 1940590.024928614730015 ], [ 965212.737719294847921, 1940589.991233059670776 ] ] ] } },
{ "type": "Feature", "properties": { "GU_NAM": "강남구", "F_SHIM": 0.2, "F_AREA": 226.47, "F_DISA_NM": "2022년 8.8. ~ 17. 호우(재난지원금)", "F_RSN_DTL": "침수", "TYPE": "주택", "F_SAT_YMD": "20220822 - 2200" }, "geometry": { "type": "Polygon", "coordinates": [ [ [ 960736.626847141538747, 1944921.534094291040674 ], [ 960748.265561548178084, 1944925.890787675278261 ], [ 960749.380386689910665, 1944923.105926473159343 ], [ 960751.243660211213864, 1944923.855771870352328 ], [ 960756.097981377970427, 1944911.804576494032517 ], [ 960742.7943774999585, 1944906.407095628557727 ], [ 960736.626847141538747, 1944921.534094291040674 ] ] ] } },
{ "type": "Feature", "properties": { "GU_NAM": "강남구", "F_SHIM": 0.2, "F_AREA": 281.53, "F_DISA_NM": "2022년 8.8. ~ 17. 호우(재난지원금)", "F_RSN_DTL": "침수", "TYPE": "주택", "F_SAT_YMD": "20220817 - 0000" }, "geometry": { "type": "Polygon", "coordinates": [ [ [ 965110.970823958166875, 1940504.120646253228188 ], [ 965112.946488355752081, 1940521.38862011092715 ], [ 965113.66992311924696, 1940521.333811130607501 ], [ 965121.182067329064012, 1940520.76725769136101 ], [ 965129.225814160541631, 1940519.786047692410648 ], [ 965128.717283044708893, 1940516.249085017247126 ], [ 965128.183607348822989, 1940511.171841254923493 ], [ 965127.574374776799232, 1940505.60618323716335 ], [ 965124.295187092269771, 1940502.690651859855279 ], [ 965110.970823958166875, 1940504.120646253228188 ] ] ] } },
{ "type": "Feature", "properties": { "GU_NAM": "강남구", "F_SHIM": 0.2, "F_AREA": 311.2, "F_DISA_NM": "2022년 8.8. ~ 17. 호우(재난지원금)", "F_RSN_DTL": "침수", "TYPE": "주택", "F_SAT_YMD": "20220808 - 0600" }, "geometry": { "type": "Polygon", "coordinates": [ [ [ 960701.090775016113184, 1944923.531639920314774 ], [ 960704.070918272947893, 1944927.54434205009602 ], [ 960714.228906482108869, 1944931.658972389530391 ], [ 960721.87269437185023, 1944912.15579451713711 ], [ 960719.077995796338655, 1944911.071010210318491 ], [ 960700.049964819103479, 1944911.981492331949994 ], [ 960701.090775016113184, 1944923.531639920314774 ] ] ] } },
{ "type": "Feature", "properties": { "GU_NAM": "강남구", "F_SHIM": 0.2, "F_AREA": 238.1, "F_DISA_NM": "2022년 8.8. ~ 17. 호우(재난지원금)", "F_RSN_DTL": "침수", "TYPE": "주택", "F_SAT_YMD": "20220826 - 1438" }, "geometry": { "type": "Polygon", "coordinates": [ [ [ 965155.680478218477219, 1940569.035266053630039 ], [ 965154.196500596706755, 1940556.654831138905138 ], [ 965153.515721073141322, 1940551.925234075868502 ], [ 965139.634210554882884, 1940553.665060824016109 ], [ 965140.175866793491878, 1940558.172478973399848 ], [ 965141.22061333223246, 1940567.455417457269505 ], [ 965145.157781234709546, 1940570.414448652183637 ], [ 965155.680478218477219, 1940569.035266053630039 ] ] ] } },
{ "type": "Feature", "properties": { "GU_NAM": "강남구", "F_SHIM": 0.2, "F_AREA": 277.39, "F_DISA_NM": "2022년 8.8. ~ 17. 호우(재난지원금)", "F_RSN_DTL": "침수", "TYPE": "주택", "F_SAT_YMD": "20220826 - 0948" }, "geometry": { "type": "Polygon", "coordinates": [ [ [ 964896.60007608612068, 1941320.792116102064028 ], [ 964885.399750577867962, 1941311.239050500094891 ], [ 964875.276139723835513, 1941322.673307461896911 ], [ 964875.32836511998903, 1941327.441218896070495 ], [ 964884.177060185465962, 1941335.384347766637802 ], [ 964896.60007608612068, 1941320.792116102064028 ] ] ] } },
{ "type": "Feature", "properties": { "GU_NAM": "강남구", "F_SHIM": 0.2, "F_AREA": 299.79, "F_DISA_NM": "2022년 8.8. ~ 17. 호우(재난지원금)", "F_RSN_DTL": "침수", "TYPE": "주택", "F_SAT_YMD": "20220809 - 2200" }, "geometry": { "type": "Polygon", "coordinates": [ [ [ 964917.757953726802953, 1941337.018921314738691 ], [ 964927.306622868636623, 1941345.385182647267357 ], [ 964938.742393659544177, 1941332.753433605423197 ], [ 964927.703420151257887, 1941322.900628185132518 ], [ 964922.838675560429692, 1941323.166285143932328 ], [ 964913.850314497249201, 1941333.595912667457014 ], [ 964914.700937010115013, 1941334.341125518782064 ], [ 964916.453328820993192, 1941334.918627397855744 ], [ 964917.745908413315192, 1941332.665639756713063 ], [ 964917.757953726802953, 1941337.018921314738691 ] ] ] } },
{ "type": "Feature", "properties": { "GU_NAM": "강남구", "F_SHIM": 0.2, "F_AREA": 4.29, "F_DISA_NM": "2022년 8.8. ~ 17. 호우(재난지원금)", "F_RSN_DTL": "침수", "TYPE": "주택", "F_SAT_YMD": "20220810 - 1435" }, "geometry": { "type": "Polygon", "coordinates": [ [ [ 964914.700937010115013, 1941334.341125518782064 ], [ 964917.757953726802953, 1941337.018921314738691 ], [ 964917.745908413315192, 1941332.665639756713063 ], [ 964916.453328820993192, 1941334.918627397855744 ], [ 964914.700937010115013, 1941334.341125518782064 ] ] ] } },
{ "type": "Feature", "properties": { "GU_NAM": "강남구", "F_SHIM": 0.2, "F_AREA": 510.81, "F_DISA_NM": "2022년 8.8. ~ 17. 호우(재난지원금)", "F_RSN_DTL": "침수", "TYPE": "주택", "F_SAT_YMD": "20220817 - 0000" }, "geometry": { "type": "Polygon", "coordinates": [ [ [ 964587.694176353048533, 1941045.187373287277296 ], [ 964593.005377583438531, 1941046.172878802753985 ], [ 964593.447388935950585, 1941043.373601573752239 ], [ 964594.962254675570875, 1941034.013135686749592 ], [ 964596.026452469523065, 1941028.271681584650651 ], [ 964596.851928410353139, 1941023.132262781495228 ], [ 964590.569179868325591, 1941021.02932532154955 ], [ 964581.063775219256058, 1941017.815871843602508 ], [ 964578.798071064986289, 1941019.031406012596563 ], [ 964576.083667105645873, 1941020.838091349462047 ], [ 964575.203837525681593, 1941025.906824881909415 ], [ 964574.60239473823458, 1941029.368694663746282 ], [ 964572.317943593836389, 1941042.529792149085552 ], [ 964574.643614966887981, 1941042.823367374017835 ], [ 964587.694176353048533, 1941045.187373287277296 ] ] ] } },
{ "type": "Feature", "properties": { "GU_NAM": "강남구", "F_SHIM": 0.2, "F_AREA": 144.9, "F_DISA_NM": "2022년 8.8. ~ 17. 호우(재난지원금)", "F_RSN_DTL": "침수", "TYPE": "주택", "F_SAT_YMD": "20220817 - 0000" }, "geometry": { "type": "Polygon", "coordinates": [ [ [ 964497.281231255619787, 1941043.814587326487526 ], [ 964502.53723851183895, 1941044.759400619659573 ], [ 964506.805518676177599, 1941022.642198930028826 ], [ 964499.484357684617862, 1941021.142530098557472 ], [ 964497.281231255619787, 1941043.814587326487526 ] ] ] } },
{ "type": "Feature", "properties": { "GU_NAM": "강남구", "F_SHIM": 0.2, "F_AREA": 339.81, "F_DISA_NM": "2022년 8.8. ~ 17. 호우(재난지원금)", "F_RSN_DTL": "침수", "TYPE": "주택", "F_SAT_YMD": "20220812 - 0000" }, "geometry": { "type": "Polygon", "coordinates": [ [ [ 964497.124969494179823, 1941110.803982851328328 ], [ 964509.385890760691836, 1941112.990236307494342 ], [ 964512.708710482111201, 1941095.818162821233273 ], [ 964495.0266267178813, 1941092.457057883962989 ], [ 964493.736808134010062, 1941092.20998071692884 ], [ 964490.424577028257772, 1941109.682884274981916 ], [ 964497.124969494179823, 1941110.803982851328328 ] ] ] } },
{ "type": "Feature", "properties": { "GU_NAM": "강남구", "F_SHIM": 0.2, "F_AREA": 198.07, "F_DISA_NM": "2022년 8.8. ~ 17. 호우(재난지원금)", "F_RSN_DTL": "침수", "TYPE": "주택", "F_SAT_YMD": "20220826 - 1134" }, "geometry": { "type": "Polygon", "coordinates": [ [ [ 963320.886363529716618, 1943887.881928976625204 ], [ 963314.113271695096046, 1943905.691071808803827 ], [ 963323.76026924175676, 1943909.588491030735895 ], [ 963330.513633728725836, 1943891.82943391148001 ], [ 963320.886363529716618, 1943887.881928976625204 ] ] ] } },
{ "type": "Feature", "properties": { "GU_NAM": "강남구", "F_SHIM": 0.2, "F_AREA": 198.08, "F_DISA_NM": "2022년 8.8. ~ 17. 호우(재난지원금)", "F_RSN_DTL": "침수", "TYPE": "주택", "F_SAT_YMD": "20220808 - 2300" }, "geometry": { "type": "Polygon", "coordinates": [ [ [ 963310.58565704128705, 1943985.169688426656649 ], [ 963325.491744749480858, 1943991.158454395132139 ], [ 963329.949244618881494, 1943979.679183363681659 ], [ 963315.033108180272393, 1943973.680474235443398 ], [ 963310.58565704128705, 1943985.169688426656649 ] ] ] } },
{ "type": "Feature", "properties": { "GU_NAM": "강남구", "F_SHIM": 0.2, "F_AREA": 330.55, "F_DISA_NM": "2022년 8.8. ~ 17. 호우(재난지원금)", "F_RSN_DTL": "침수", "TYPE": "주택", "F_SAT_YMD": "20220826 - 1137" }, "geometry": { "type": "Polygon", "coordinates": [ [ [ 963320.376920375507325, 1944086.149609612533823 ], [ 963335.663860001484863, 1944092.326285101706162 ], [ 963343.162628362304531, 1944073.753585759783164 ], [ 963327.865693042171188, 1944067.576962945051491 ], [ 963320.376920375507325, 1944086.149609612533823 ] ] ] } },
{ "type": "Feature", "properties": { "GU_NAM": "강남구", "F_SHIM": 0.2, "F_AREA": 197.88, "F_DISA_NM": "2022년 8.8. ~ 17. 호우(재난지원금)", "F_RSN_DTL": "침수", "TYPE": "주택", "F_SAT_YMD": "20220818 - 0000" }, "geometry": { "type": "Polygon", "coordinates": [ [ [ 963199.254874194273725, 1943588.209630827885121 ], [ 963215.954098278773017, 1943594.918632752960548 ], [ 963219.728023816947825, 1943584.60254335985519 ], [ 963203.008755065267906, 1943577.88365119905211 ], [ 963199.254874194273725, 1943588.209630827885121 ] ] ] } },
{ "type": "Feature", "properties": { "GU_NAM": "강남구", "F_SHIM": 0.2, "F_AREA": 201.34, "F_DISA_NM": "2022년 8.8. ~ 17. 호우(재난지원금)", "F_RSN_DTL": "침수", "TYPE": "주택", "F_SAT_YMD": "20220826 - 1135" }, "geometry": { "type": "Polygon", "coordinates": [ [ [ 963259.63904685084708, 1943655.604263806017116 ], [ 963275.603961723390967, 1943661.447481510927901 ], [ 963279.673582813469693, 1943650.340125465299934 ], [ 963263.718611087999307, 1943644.486858722753823 ], [ 963259.63904685084708, 1943655.604263806017116 ] ] ] } },
{ "type": "Feature", "properties": { "GU_NAM": "강남구", "F_SHIM": 0.2, "F_AREA": 231.51, "F_DISA_NM": "2022년 8.8. ~ 17. 호우(재난지원금)", "F_RSN_DTL": "침수", "TYPE": "주택", "F_SAT_YMD": "20220826 - 1126" }, "geometry": { "type": "Polygon", "coordinates": [ [ [ 963150.011328268563375, 1943612.341361172264442 ], [ 963164.877485370496288, 1943618.340341866249219 ], [ 963169.991750411572866, 1943604.408519117860124 ], [ 963158.441501169698313, 1943599.761461637215689 ], [ 963153.873946984997019, 1943601.784892046125606 ], [ 963150.011328268563375, 1943612.341361172264442 ] ] ] } },
{ "type": "Feature", "properties": { "GU_NAM": "강남구", "F_SHIM": 0.2, "F_AREA": 196.42, "F_DISA_NM": "2022년 8.8. ~ 17. 호우(재난지원금)", "F_RSN_DTL": "침수", "TYPE": "주택", "F_SAT_YMD": "20220818 - 1418" }, "geometry": { "type": "Polygon", "coordinates": [ [ [ 963185.223754288628697, 1943626.639422550564632 ], [ 963200.039666555356234, 1943632.58868775353767 ], [ 963204.266841430799104, 1943621.03066677460447 ], [ 963189.460978175397031, 1943615.091344420332462 ], [ 963185.223754288628697, 1943626.639422550564632 ] ] ] } },
{ "type": "Feature", "properties": { "GU_NAM": "강남구", "F_SHIM": 0.2, "F_AREA": 347.28, "F_DISA_NM": "2022년 8.8. ~ 17. 호우(재난지원금)", "F_RSN_DTL": "침수", "TYPE": "주택", "F_SAT_YMD": "20220822 - 1428" }, "geometry": { "type": "Polygon", "coordinates": [ [ [ 961461.062234770972282, 1942068.071423242567107 ], [ 961461.487968665314838, 1942066.540744785685092 ], [ 961464.362263244227506, 1942061.135557860136032 ], [ 961464.062055921182036, 1942060.886241473257542 ], [ 961462.533078102162108, 1942057.57158584240824 ], [ 961436.509293132112361, 1942033.480463954387233 ], [ 961432.412283240584657, 1942037.719564791303128 ], [ 961430.451300951419398, 1942040.793792476179078 ], [ 961431.740748372743838, 1942040.969897807342932 ], [ 961461.062234770972282, 1942068.071423242567107 ] ] ] } },
{ "type": "Feature", "properties": { "GU_NAM": "강남구", "F_SHIM": 0.2, "F_AREA": 201.0, "F_DISA_NM": "2022년 8.8. ~ 17. 호우(재난지원금)", "F_RSN_DTL": "침수", "TYPE": "주택", "F_SAT_YMD": "20220826 - 1150" }, "geometry": { "type": "Polygon", "coordinates": [ [ [ 963271.534340747864917, 1943672.554837652249262 ], [ 963287.479210710269399, 1943678.388164915842935 ], [ 963291.54883154341951, 1943667.280808940995485 ], [ 963275.603961723390967, 1943661.447481510927901 ], [ 963271.534340747864917, 1943672.554837652249262 ] ] ] } },
{ "type": "Feature", "properties": { "GU_NAM": "강남구", "F_SHIM": 0.2, "F_AREA": 199.0, "F_DISA_NM": "2022년 8.8. ~ 17. 호우(재난지원금)", "F_RSN_DTL": "침수", "TYPE": "주택", "F_SAT_YMD": "20220818 - 0000" }, "geometry": { "type": "Polygon", "coordinates": [ [ [ 963299.790485047269613, 1943673.844666535733268 ], [ 963314.843969270936213, 1943679.352838626829907 ], [ 963319.100919125718065, 1943667.754676335258409 ], [ 963304.066950529580936, 1943662.156434770906344 ], [ 963299.790485047269613, 1943673.844666535733268 ] ] ] } },
{ "type": "Feature", "properties": { "GU_NAM": "강남구", "F_SHIM": 0.2, "F_AREA": 197.92, "F_DISA_NM": "2022년 8.8. ~ 17. 호우(재난지원금)", "F_RSN_DTL": "침수", "TYPE": "주택", "F_SAT_YMD": "20220826 - 1315" }, "geometry": { "type": "Polygon", "coordinates": [ [ [ 963309.663869322743267, 1943646.872568657388911 ], [ 963324.687259547878057, 1943652.360908054281026 ], [ 963328.924111961969174, 1943640.742859994992614 ], [ 963313.910717811086215, 1943635.25446750014089 ], [ 963309.663869322743267, 1943646.872568657388911 ] ] ] } },
{ "type": "Feature", "properties": { "GU_NAM": "강남구", "F_SHIM": 0.2, "F_AREA": 231.7, "F_DISA_NM": "2022년 8.8. ~ 17. 호우(재난지원금)", "F_RSN_DTL": "침수", "TYPE": "주택", "F_SAT_YMD": "20220808 - 1100" }, "geometry": { "type": "Polygon", "coordinates": [ [ [ 963069.173295395332389, 1943608.830911793047562 ], [ 963080.855883066193201, 1943615.816384398611262 ], [ 963089.52393963187933, 1943600.966082226019353 ], [ 963077.912488257978112, 1943594.200149662559852 ], [ 963069.173295395332389, 1943608.830911793047562 ] ] ] } },
{ "type": "Feature", "properties": { "GU_NAM": "강남구", "F_SHIM": 0.2, "F_AREA": 231.31, "F_DISA_NM": "2022년 8.8. ~ 17. 호우(재난지원금)", "F_RSN_DTL": "침수", "TYPE": "주택", "F_SAT_YMD": "20220826 - 1322" }, "geometry": { "type": "Polygon", "coordinates": [ [ [ 963054.215997862396762, 1943525.211759703466669 ], [ 963069.199407781241462, 1943530.700314298737794 ], [ 963073.983596901176497, 1943516.730253522284329 ], [ 963059.212007394991815, 1943511.600441043730825 ], [ 963054.215997862396762, 1943525.211759703466669 ] ] ] } },
{ "type": "Feature", "properties": { "GU_NAM": "강남구", "F_SHIM": 0.2, "F_AREA": 232.86, "F_DISA_NM": "2022년 8.8. ~ 17. 호우(재난지원금)", "F_RSN_DTL": "침수", "TYPE": "주택", "F_SAT_YMD": "20220818 - 1438" }, "geometry": { "type": "Polygon", "coordinates": [ [ [ 963089.900185899343342, 1943537.987902323016897 ], [ 963104.923632005811669, 1943543.486240718746558 ], [ 963109.908586446545087, 1943529.675056843552738 ], [ 963094.866366021800786, 1943524.406730731483549 ], [ 963089.900185899343342, 1943537.987902323016897 ] ] ] } },
{ "type": "Feature", "properties": { "GU_NAM": "강남구", "F_SHIM": 0.2, "F_AREA": 230.41, "F_DISA_NM": "2022년 8.8. ~ 17. 호우(재난지원금)", "F_RSN_DTL": "침수", "TYPE": "주택", "F_SAT_YMD": "20220826 - 1118" }, "geometry": { "type": "Polygon", "coordinates": [ [ [ 963084.19563273480162, 1943489.526444436516613 ], [ 963099.179677122272551, 1943495.134950717445463 ], [ 963104.106403367826715, 1943481.653950609499589 ], [ 963089.301597983110696, 1943475.914544180501252 ], [ 963084.19563273480162, 1943489.526444436516613 ] ] ] } },
{ "type": "Feature", "properties": { "GU_NAM": "강남구", "F_SHIM": 0.2, "F_AREA": 169.59, "F_DISA_NM": "2022년 8.8. ~ 17. 호우(재난지원금)", "F_RSN_DTL": "침수", "TYPE": "주택", "F_SAT_YMD": "20220826 - 1439" }, "geometry": { "type": "Polygon", "coordinates": [ [ [ 963091.920555701013654, 1943581.620701539563015 ], [ 963106.063353578560054, 1943586.933774302247912 ], [ 963109.916082685929723, 1943576.397349586943164 ], [ 963095.783280865987763, 1943571.084223750513047 ], [ 963091.920555701013654, 1943581.620701539563015 ] ] ] } },
{ "type": "Feature", "properties": { "GU_NAM": "강남구", "F_SHIM": 0.2, "F_AREA": 231.51, "F_DISA_NM": "2022년 8.8. ~ 17. 호우(재난지원금)", "F_RSN_DTL": "침수", "TYPE": "주택", "F_SAT_YMD": "20220826 - 1132" }, "geometry": { "type": "Polygon", "coordinates": [ [ [ 963033.681762493331917, 1943517.283531101653352 ], [ 963048.71531119721476, 1943522.801809111610055 ], [ 963053.691593563533388, 1943509.240575946634635 ], [ 963038.658045019488782, 1943503.722297740634531 ], [ 963033.681762493331917, 1943517.283531101653352 ] ] ] } },
{ "type": "Feature", "properties": { "GU_NAM": "강남구", "F_SHIM": 0.2, "F_AREA": 231.51, "F_DISA_NM": "2022년 8.8. ~ 17. 호우(재난지원금)", "F_RSN_DTL": "침수", "TYPE": "주택", "F_SAT_YMD": "20220808 - 0600" }, "geometry": { "type": "Polygon", "coordinates": [ [ [ 963028.715529010747559, 1943530.854707616847008 ], [ 963043.749024943099357, 1943536.362989494111389 ], [ 963048.71531119721476, 1943522.801809111610055 ], [ 963033.681762493331917, 1943517.283531101653352 ], [ 963028.715529010747559, 1943530.854707616847008 ] ] ] } },
{ "type": "Feature", "properties": { "GU_NAM": "강남구", "F_SHIM": 0.2, "F_AREA": 177.69, "F_DISA_NM": "2022년 8.8. ~ 17. 호우(재난지원금)", "F_RSN_DTL": "침수", "TYPE": "주택", "F_SAT_YMD": "20220818 - 1430" }, "geometry": { "type": "Polygon", "coordinates": [ [ [ 963262.295348431216553, 1943538.054662029026076 ], [ 963277.368877282482572, 1943543.572726634796709 ], [ 963281.310458087478764, 1943532.825912985485047 ], [ 963269.552095521008596, 1943528.519828592194244 ], [ 963265.014952986501157, 1943530.623067114502192 ], [ 963262.295348431216553, 1943538.054662029026076 ] ] ] } },
{ "type": "Feature", "properties": { "GU_NAM": "강남구", "F_SHIM": 0.2, "F_AREA": 229.19, "F_DISA_NM": "2022년 8.8. ~ 17. 호우(재난지원금)", "F_RSN_DTL": "침수", "TYPE": "주택", "F_SAT_YMD": "20220808 - 2300" }, "geometry": { "type": "Polygon", "coordinates": [ [ [ 962694.237714628921822, 1942806.989903230220079 ], [ 962710.846965825534426, 1942809.920826493762434 ], [ 962713.255149438162334, 1942796.533128363778815 ], [ 962696.705926919006743, 1942793.611883278004825 ], [ 962694.237714628921822, 1942806.989903230220079 ] ] ] } },
{ "type": "Feature", "properties": { "GU_NAM": "강남구", "F_SHIM": 0.2, "F_AREA": 197.89, "F_DISA_NM": "2022년 8.8. ~ 17. 호우(재난지원금)", "F_RSN_DTL": "침수", "TYPE": "주택", "F_SAT_YMD": "20220818 - 1412" }, "geometry": { "type": "Polygon", "coordinates": [ [ [ 963306.320021063438617, 1943702.539220529841259 ], [ 963321.353460539365187, 1943708.037502044579014 ], [ 963325.610410008113831, 1943696.439339700620621 ], [ 963310.586966607253999, 1943690.94100509211421 ], [ 963306.320021063438617, 1943702.539220529841259 ] ] ] } },
{ "type": "Feature", "properties": { "GU_NAM": "강남구", "F_SHIM": 0.2, "F_AREA": 193.58, "F_DISA_NM": "2022년 8.8. ~ 17. 호우(재난지원금)", "F_RSN_DTL": "침수", "TYPE": "주택", "F_SAT_YMD": "20220826 - 1138" }, "geometry": { "type": "Polygon", "coordinates": [ [ [ 963206.604982609162107, 1943926.652681015897542 ], [ 963223.023687461274676, 1943933.243207668187097 ], [ 963226.858061232953332, 1943923.016762828687206 ], [ 963210.40926283178851, 1943916.406402950175107 ], [ 963206.604982609162107, 1943926.652681015897542 ] ] ] } },
{ "type": "Feature", "properties": { "GU_NAM": "강남구", "F_SHIM": 0.2, "F_AREA": 199.7, "F_DISA_NM": "2022년 8.8. ~ 17. 호우(재난지원금)", "F_RSN_DTL": "침수", "TYPE": "주택", "F_SAT_YMD": "20220824 - 1742" }, "geometry": { "type": "Polygon", "coordinates": [ [ [ 963257.502717025228776, 1944016.688982372870669 ], [ 963272.388813917641528, 1944022.677854040171951 ], [ 963276.825739474734291, 1944011.088732752250507 ], [ 963261.87950828881003, 1944005.070190724218264 ], [ 963257.502717025228776, 1944016.688982372870669 ] ] ] } },
{ "type": "Feature", "properties": { "GU_NAM": "강남구", "F_SHIM": 0.2, "F_AREA": 197.92, "F_DISA_NM": "2022년 8.8. ~ 17. 호우(재난지원금)", "F_RSN_DTL": "침수", "TYPE": "주택", "F_SAT_YMD": "20220808 - 0600" }, "geometry": { "type": "Polygon", "coordinates": [ [ [ 963201.015223558060825, 1943735.6445402209647 ], [ 963211.084168348228559, 1943739.939576057950035 ], [ 963217.202137288521044, 1943723.003572640474886 ], [ 963211.411462982767262, 1943720.575166819384322 ], [ 963207.330411863746122, 1943718.197685123421252 ], [ 963201.015223558060825, 1943735.6445402209647 ] ] ] } },
{ "type": "Feature", "properties": { "GU_NAM": "강남구", "F_SHIM": 0.2, "F_AREA": 197.94, "F_DISA_NM": "2022년 8.8. ~ 17. 호우(재난지원금)", "F_RSN_DTL": "침수", "TYPE": "주택", "F_SAT_YMD": "20220808 - 0600" }, "geometry": { "type": "Polygon", "coordinates": [ [ [ 963211.084168348228559, 1943739.939576057950035 ], [ 963221.203039811225608, 1943744.224351201439276 ], [ 963227.330739881377667, 1943727.238315318711102 ], [ 963217.202137288521044, 1943723.003572640474886 ], [ 963211.084168348228559, 1943739.939576057950035 ] ] ] } },
{ "type": "Feature", "properties": { "GU_NAM": "강남구", "F_SHIM": 0.2, "F_AREA": 187.11, "F_DISA_NM": "2022년 8.8. ~ 17. 호우(재난지원금)", "F_RSN_DTL": "침수", "TYPE": "주택", "F_SAT_YMD": "20220808 - 0600" }, "geometry": { "type": "Polygon", "coordinates": [ [ [ 963172.45082911348436, 1943719.561940770596266 ], [ 963182.475714569212869, 1943723.087501346599311 ], [ 963187.887730505084619, 1943706.86496738018468 ], [ 963179.023742114775814, 1943701.703875496750697 ], [ 963172.45082911348436, 1943719.561940770596266 ] ] ] } },
{ "type": "Feature", "properties": { "GU_NAM": "강남구", "F_SHIM": 0.2, "F_AREA": 240.41, "F_DISA_NM": "2022년 8.8. ~ 17. 호우(재난지원금)", "F_RSN_DTL": "침수(도로범람유입)", "TYPE": "주택", "F_SAT_YMD": "20220809 - 0200" }, "geometry": { "type": "Polygon", "coordinates": [ [ [ 958682.799757957691327, 1944312.66407636157237 ], [ 958695.693340912577696, 1944318.023764213779941 ], [ 958700.98643571161665, 1944303.881001429632306 ], [ 958699.310637504328042, 1944300.781037316890433 ], [ 958688.850685549667105, 1944296.278135868953541 ], [ 958682.799757957691327, 1944312.66407636157237 ] ] ] } },
{ "type": "Feature", "properties": { "GU_NAM": "강남구", "F_SHIM": 0.2, "F_AREA": 542.96, "F_DISA_NM": "2022년 8.8. ~ 17. 호우(재난지원금)", "F_RSN_DTL": "침수(도로범람유입)", "TYPE": "주택", "F_SAT_YMD": "20220809 - 0200" }, "geometry": { "type": "Polygon", "coordinates": [ [ [ 958699.188617492909543, 1944268.303809584118426 ], [ 958728.793455505627207, 1944278.853023585164919 ], [ 958734.766744825639762, 1944262.907331064343452 ], [ 958705.229602720588446, 1944251.927918592467904 ], [ 958699.188617492909543, 1944268.303809584118426 ] ] ] } },
{ "type": "Feature", "properties": { "GU_NAM": "강남구", "F_SHIM": 0.2, "F_AREA": 301.47, "F_DISA_NM": "2022년 8.8. ~ 17. 호우(재난지원금)", "F_RSN_DTL": "침수", "TYPE": "주택", "F_SAT_YMD": "20220808 - 2300" }, "geometry": { "type": "Polygon", "coordinates": [ [ [ 960596.374833784066141, 1944641.332443763501942 ], [ 960607.985466715064831, 1944646.049154967069626 ], [ 960615.967324342462234, 1944626.204314245609567 ], [ 960591.768518714234233, 1944617.165922391228378 ], [ 960590.643643552786671, 1944619.940840684343129 ], [ 960603.564383485121652, 1944624.770568284904584 ], [ 960596.374833784066141, 1944641.332443763501942 ] ] ] } },
{ "type": "Feature", "properties": { "GU_NAM": "강남구", "F_SHIM": 0.2, "F_AREA": 280.35, "F_DISA_NM": "2022년 8.8. ~ 17. 호우(재난지원금)", "F_RSN_DTL": "침수", "TYPE": "주택", "F_SAT_YMD": "20220823 - 1411" }, "geometry": { "type": "Polygon", "coordinates": [ [ [ 960603.847903190529905, 1944621.680226280819625 ], [ 960615.967324342462234, 1944626.204314245609567 ], [ 960622.982336716959253, 1944608.773690169444308 ], [ 960598.863181524211541, 1944599.674898586934432 ], [ 960597.73835926130414, 1944602.45981280086562 ], [ 960609.958163615781814, 1944607.063339359592646 ], [ 960603.847903190529905, 1944621.680226280819625 ] ] ] } },
{ "type": "Feature", "properties": { "GU_NAM": "강남구", "F_SHIM": 0.2, "F_AREA": 227.94, "F_DISA_NM": "2022년 8.8. ~ 17. 호우(재난지원금)", "F_RSN_DTL": "침수", "TYPE": "주택", "F_SAT_YMD": "20220808 - 2300" }, "geometry": { "type": "Polygon", "coordinates": [ [ [ 960598.863181524211541, 1944599.674898586934432 ], [ 960611.022904159850441, 1944604.258750895736739 ], [ 960617.480789940920658, 1944587.330889991717413 ], [ 960609.055863423156552, 1944583.916810045018792 ], [ 960604.457940357970074, 1944585.870438035810366 ], [ 960598.863181524211541, 1944599.674898586934432 ] ] ] } },
{ "type": "Feature", "properties": { "GU_NAM": "강남구", "F_SHIM": 0.2, "F_AREA": 243.44, "F_DISA_NM": "2022년 8.8. ~ 17. 호우(재난지원금)", "F_RSN_DTL": "침수", "TYPE": "주택", "F_SAT_YMD": "20220808 - 2230" }, "geometry": { "type": "Polygon", "coordinates": [ [ [ 960424.840389474877156, 1944617.020427795592695 ], [ 960441.046109784743749, 1944623.022311313310638 ], [ 960446.084906807169318, 1944609.940522771794349 ], [ 960429.709043424809352, 1944603.899555202806368 ], [ 960424.840389474877156, 1944617.020427795592695 ] ] ] } },
{ "type": "Feature", "properties": { "GU_NAM": "강남구", "F_SHIM": 0.2, "F_AREA": 195.17, "F_DISA_NM": "2022년 8.8. ~ 17. 호우(재난지원금)", "F_RSN_DTL": "침수", "TYPE": "주택", "F_SAT_YMD": "20220825 - 1435" }, "geometry": { "type": "Polygon", "coordinates": [ [ [ 958900.979117987910286, 1944818.639124366221949 ], [ 958915.862579308915883, 1944812.792446959298104 ], [ 958911.40409425238613, 1944801.440311812795699 ], [ 958896.520632782950997, 1944807.286989065352827 ], [ 958900.979117987910286, 1944818.639124366221949 ] ] ] } },
{ "type": "Feature", "properties": { "GU_NAM": "강남구", "F_SHIM": 0.2, "F_AREA": 426.92, "F_DISA_NM": "2022년 8.8. ~ 17. 호우(재난지원금)", "F_RSN_DTL": "침수", "TYPE": "주택", "F_SAT_YMD": "20220812 - 0000" }, "geometry": { "type": "Polygon", "coordinates": [ [ [ 958846.527794462046586, 1944778.69256190629676 ], [ 958873.190022761467844, 1944782.879726073937491 ], [ 958873.631625141366385, 1944779.438671627547592 ], [ 958867.318832059623674, 1944763.368123505497351 ], [ 958848.634999656584114, 1944761.327882888261229 ], [ 958846.527794462046586, 1944778.69256190629676 ] ] ] } },
{ "type": "Feature", "properties": { "GU_NAM": "강남구", "F_SHIM": 0.2, "F_AREA": 560.14, "F_DISA_NM": "2022년 8.8. ~ 17. 호우(재난지원금)", "F_RSN_DTL": "침수", "TYPE": "주택", "F_SAT_YMD": "20220816 - 0000" }, "geometry": { "type": "Polygon", "coordinates": [ [ [ 958749.998296406120062, 1944807.843144922982901 ], [ 958757.864016166422516, 1944815.138743218267336 ], [ 958762.149689772399142, 1944812.736932016210631 ], [ 958777.647970068617724, 1944804.068050093948841 ], [ 958775.013974478119053, 1944799.353767110500485 ], [ 958774.428700952441432, 1944798.317255317931995 ], [ 958763.040020714746788, 1944793.989215523935854 ], [ 958744.249269330292009, 1944786.861441570334136 ], [ 958740.967196949990466, 1944795.675540626514703 ], [ 958742.122527704806998, 1944800.537603457691148 ], [ 958749.998296406120062, 1944807.843144922982901 ] ] ] } },
{ "type": "Feature", "properties": { "GU_NAM": "강남구", "F_SHIM": 0.2, "F_AREA": 210.88, "F_DISA_NM": "2022년 8.8. ~ 17. 호우(재난지원금)", "F_RSN_DTL": "침수(도로범람유입)", "TYPE": "주택", "F_SAT_YMD": "20220809 - 0200" }, "geometry": { "type": "Polygon", "coordinates": [ [ [ 958584.447883291635662, 1944775.342461362248287 ], [ 958594.524285014835186, 1944779.147650576429442 ], [ 958601.232600065530278, 1944760.42909293808043 ], [ 958591.35733599786181, 1944756.852752393344417 ], [ 958584.447883291635662, 1944775.342461362248287 ] ] ] } },
{ "type": "Feature", "properties": { "GU_NAM": "강남구", "F_SHIM": 0.2, "F_AREA": 353.27, "F_DISA_NM": "2022년 8.8. ~ 17. 호우(재난지원금)", "F_RSN_DTL": "침수", "TYPE": "주택", "F_SAT_YMD": "20220824 - 1745" }, "geometry": { "type": "Polygon", "coordinates": [ [ [ 958627.200667358003557, 1944950.620503945508972 ], [ 958640.912337394896895, 1944955.675961923319846 ], [ 958647.77122371236328, 1944937.076561630237848 ], [ 958630.98369055299554, 1944930.697895545279607 ], [ 958625.167330003227107, 1944946.072975629242137 ], [ 958627.200667358003557, 1944950.620503945508972 ] ] ] } },
{ "type": "Feature", "properties": { "GU_NAM": "강남구", "F_SHIM": 0.2, "F_AREA": 204.41, "F_DISA_NM": "2022년 8.8. ~ 17. 호우(재난지원금)", "F_RSN_DTL": "침수", "TYPE": "주택", "F_SAT_YMD": "20220808 - 2300" }, "geometry": { "type": "Polygon", "coordinates": [ [ [ 960887.049453218351118, 1944634.494897044496611 ], [ 960899.591189516359009, 1944639.486570163164288 ], [ 960905.10274874069728, 1944625.072783650830388 ], [ 960892.962121788761579, 1944620.318895787466317 ], [ 960887.049453218351118, 1944634.494897044496611 ] ] ] } },
{ "type": "Feature", "properties": { "GU_NAM": "강남구", "F_SHIM": 0.2, "F_AREA": 254.1, "F_DISA_NM": "2022년 8.8. ~ 17. 호우(재난지원금)", "F_RSN_DTL": "침수", "TYPE": "주택", "F_SAT_YMD": "20220808 - 2200" }, "geometry": { "type": "Polygon", "coordinates": [ [ [ 960874.003667791606858, 1944655.126267369603738 ], [ 960883.831309625180438, 1944659.152683418942615 ], [ 960892.899590860237367, 1944636.823025839403272 ], [ 960883.152658133767545, 1944632.936129538808018 ], [ 960874.003667791606858, 1944655.126267369603738 ] ] ] } },
{ "type": "Feature", "properties": { "GU_NAM": "강남구", "F_SHIM": 0.2, "F_AREA": 181.57, "F_DISA_NM": "2022년 8.8. ~ 17. 호우(재난지원금)", "F_RSN_DTL": "침수", "TYPE": "주택", "F_SAT_YMD": "20220808 - 2200" }, "geometry": { "type": "Polygon", "coordinates": [ [ [ 960982.531298801768571, 1944649.163481997326016 ], [ 960994.292395781027153, 1944653.979356643045321 ], [ 960999.599756830255501, 1944640.64624727377668 ], [ 960987.899059311137535, 1944635.910022530704737 ], [ 960982.531298801768571, 1944649.163481997326016 ] ] ] } },
{ "type": "Feature", "properties": { "GU_NAM": "강남구", "F_SHIM": 0.2, "F_AREA": 194.02, "F_DISA_NM": "2022년 8.8. ~ 17. 호우(재난지원금)", "F_RSN_DTL": "침수", "TYPE": "주택", "F_SAT_YMD": "20220831 - 0000" }, "geometry": { "type": "Polygon", "coordinates": [ [ [ 961031.761135686421767, 1944684.70927999727428 ], [ 961043.823434680933133, 1944689.773464683210477 ], [ 961049.408617097069509, 1944676.04903090163134 ], [ 961037.316383305704221, 1944670.995000859722495 ], [ 961031.761135686421767, 1944684.70927999727428 ] ] ] } },
{ "type": "Feature", "properties": { "GU_NAM": "강남구", "F_SHIM": 0.2, "F_AREA": 191.55, "F_DISA_NM": "2022년 8.8. ~ 17. 호우(재난지원금)", "F_RSN_DTL": "침수", "TYPE": "주택", "F_SAT_YMD": "20220808 - 2300" }, "geometry": { "type": "Polygon", "coordinates": [ [ [ 961247.239372691721655, 1944975.208312464412302 ], [ 961259.557775121531449, 1944983.329985102638602 ], [ 961266.788177317124791, 1944972.595710380701348 ], [ 961254.189835242112167, 1944964.465524203376845 ], [ 961247.239372691721655, 1944975.208312464412302 ] ] ] } },
{ "type": "Feature", "properties": { "GU_NAM": "강남구", "F_SHIM": 0.2, "F_AREA": 312.87, "F_DISA_NM": "2022년 8.8. ~ 17. 호우(재난지원금)", "F_RSN_DTL": "침수(도로범람유입)", "TYPE": "주택", "F_SAT_YMD": "20220811 - 0000" }, "geometry": { "type": "Polygon", "coordinates": [ [ [ 959967.787861492834054, 1942339.595504296012223 ], [ 959986.023329091840424, 1942341.918060214491561 ], [ 959988.173207491985522, 1942325.052994888275862 ], [ 959974.289005204685964, 1942323.277189851272851 ], [ 959969.937687057768926, 1942322.720442669698969 ], [ 959967.787861492834054, 1942339.595504296012223 ] ] ] } },
{ "type": "Feature", "properties": { "GU_NAM": "강남구", "F_SHIM": 0.2, "F_AREA": 238.12, "F_DISA_NM": "2022년 8.8. ~ 17. 호우(재난지원금)", "F_RSN_DTL": "침수(도로범람유입)", "TYPE": "주택", "F_SAT_YMD": "20220819 - 0000" }, "geometry": { "type": "Polygon", "coordinates": [ [ [ 959974.289005204685964, 1942323.277189851272851 ], [ 959988.173207491985522, 1942325.052994888275862 ], [ 959990.31303730327636, 1942308.177986583206803 ], [ 959976.438883969793096, 1942306.412124353926629 ], [ 959974.289005204685964, 1942323.277189851272851 ] ] ] } },
{ "type": "Feature", "properties": { "GU_NAM": "강남구", "F_SHIM": 0.2, "F_AREA": 230.42, "F_DISA_NM": "2022년 8.8. ~ 17. 호우(재난지원금)", "F_RSN_DTL": "침수(도로범람유입)", "TYPE": "주택", "F_SAT_YMD": "20220823 - 0000" }, "geometry": { "type": "Polygon", "coordinates": [ [ [ 959480.528693482396193, 1944132.794964752625674 ], [ 959490.965149816125631, 1944136.638235531514511 ], [ 959496.300970388576388, 1944121.125772195868194 ], [ 959482.810605490347371, 1944116.329037219518796 ], [ 959478.425390190910548, 1944128.247809356311336 ], [ 959480.528693482396193, 1944132.794964752625674 ] ] ] } },
{ "type": "Feature", "properties": { "GU_NAM": "강남구", "F_SHIM": 0.2, "F_AREA": 221.96, "F_DISA_NM": "2022년 8.8. ~ 17. 호우(재난지원금)", "F_RSN_DTL": "침수(도로범람유입)", "TYPE": "주택", "F_SAT_YMD": "20220826 - 1350" }, "geometry": { "type": "Polygon", "coordinates": [ [ [ 959378.834652878227644, 1944119.188816623995081 ], [ 959392.264672869467176, 1944123.915897853905335 ], [ 959397.391319748829119, 1944108.544488328974694 ], [ 959387.82620677514933, 1944105.016482663806528 ], [ 959383.278997644782066, 1944107.109789936104789 ], [ 959378.834652878227644, 1944119.188816623995081 ] ] ] } },
{ "type": "Feature", "properties": { "GU_NAM": "강남구", "F_SHIM": 0.2, "F_AREA": 212.43, "F_DISA_NM": "2022년 8.8. ~ 17. 호우(재난지원금)", "F_RSN_DTL": "침수(도로범람유입)", "TYPE": "주택", "F_SAT_YMD": "20220824 - 1309" }, "geometry": { "type": "Polygon", "coordinates": [ [ [ 959392.264672869467176, 1944123.915897853905335 ], [ 959404.472800891613588, 1944128.199618238955736 ], [ 959410.001245528808795, 1944113.195942651247606 ], [ 959397.391319748829119, 1944108.544488328974694 ], [ 959392.264672869467176, 1944123.915897853905335 ] ] ] } },
{ "type": "Feature", "properties": { "GU_NAM": "강남구", "F_SHIM": 0.2, "F_AREA": 231.69, "F_DISA_NM": "2022년 8.8. ~ 17. 호우(재난지원금)", "F_RSN_DTL": "침수(도로범람유입)", "TYPE": "주택", "F_SAT_YMD": "20220809 - 0000" }, "geometry": { "type": "Polygon", "coordinates": [ [ [ 959403.6746139312163, 1944130.373033795505762 ], [ 959415.533358962507918, 1944134.748570675961673 ], [ 959421.869933438720182, 1944117.561430802568793 ], [ 959410.001245528808795, 1944113.195942651247606 ], [ 959403.6746139312163, 1944130.373033795505762 ] ] ] } },
{ "type": "Feature", "properties": { "GU_NAM": "강남구", "F_SHIM": 0.2, "F_AREA": 231.66, "F_DISA_NM": "2022년 8.8. ~ 17. 호우(재난지원금)", "F_RSN_DTL": "침수(도로범람유입)", "TYPE": "주택", "F_SAT_YMD": "20220809 - 0000" }, "geometry": { "type": "Polygon", "coordinates": [ [ [ 959427.392050919705071, 1944139.114111464237794 ], [ 959439.260791662731208, 1944143.489595186896622 ], [ 959445.587422775919549, 1944126.312504617730156 ], [ 959433.728678173851222, 1944121.936967769172043 ], [ 959427.392050919705071, 1944139.114111464237794 ] ] ] } },
{ "type": "Feature", "properties": { "GU_NAM": "강남구", "F_SHIM": 0.2, "F_AREA": 193.17, "F_DISA_NM": "2022년 8.8. ~ 17. 호우(재난지원금)", "F_RSN_DTL": "침수(도로범람유입)", "TYPE": "주택", "F_SAT_YMD": "20220826 - 1238" }, "geometry": { "type": "Polygon", "coordinates": [ [ [ 959323.747358963941224, 1944253.600385926663876 ], [ 959331.640083331265487, 1944258.446757487719879 ], [ 959342.562005627551116, 1944240.705529356142506 ], [ 959334.659285463858396, 1944235.859210640890524 ], [ 959323.747358963941224, 1944253.600385926663876 ] ] ] } },
{ "type": "Feature", "properties": { "GU_NAM": "강남구", "F_SHIM": 0.2, "F_AREA": 241.13, "F_DISA_NM": "2022년 8.8. ~ 17. 호우(재난지원금)", "F_RSN_DTL": "침수(도로범람유입)", "TYPE": "주택", "F_SAT_YMD": "20220826 - 1056" }, "geometry": { "type": "Polygon", "coordinates": [ [ [ 960347.371639413526282, 1944379.619948161998764 ], [ 960362.026131313643418, 1944385.280183153459802 ], [ 960366.717296672286466, 1944372.620078380219638 ], [ 960365.463343759765849, 1944369.897743316134438 ], [ 960352.703437296207994, 1944365.237095362972468 ], [ 960347.371639413526282, 1944379.619948161998764 ] ] ] } },
{ "type": "Feature", "properties": { "GU_NAM": "강남구", "F_SHIM": 0.2, "F_AREA": 210.86, "F_DISA_NM": "2022년 8.8. ~ 17. 호우(재난지원금)", "F_RSN_DTL": "침수", "TYPE": "주택", "F_SAT_YMD": "20220808 - 2200" }, "geometry": { "type": "Polygon", "coordinates": [ [ [ 960370.899717101710849, 1944867.862117219716311 ], [ 960382.457620995119214, 1944872.059301034081727 ], [ 960387.846570016001351, 1944855.257050867658108 ], [ 960377.009382046875544, 1944851.245978222228587 ], [ 960370.899717101710849, 1944867.862117219716311 ] ] ] } },
{ "type": "Feature", "properties": { "GU_NAM": "강남구", "F_SHIM": 0.2, "F_AREA": 171.8, "F_DISA_NM": "2022년 8.8. ~ 17. 호우(재난지원금)", "F_RSN_DTL": "침수", "TYPE": "주택", "F_SAT_YMD": "20220808 - 2300" }, "geometry": { "type": "Polygon", "coordinates": [ [ [ 960387.846570016001351, 1944855.257050867658108 ], [ 960399.344762550550513, 1944859.504532278049737 ], [ 960404.132651242427528, 1944846.234142101602629 ], [ 960392.914345976547338, 1944841.985178082250059 ], [ 960387.846570016001351, 1944855.257050867658108 ] ] ] } },
{ "type": "Feature", "properties": { "GU_NAM": "강남구", "F_SHIM": 0.2, "F_AREA": 425.7, "F_DISA_NM": "2022년 8.8. ~ 17. 호우(재난지원금)", "F_RSN_DTL": "침수(도로범람유입)", "TYPE": "주택", "F_SAT_YMD": "20220822 - 1111" }, "geometry": { "type": "Polygon", "coordinates": [ [ [ 959959.467582079931162, 1944238.158126425929368 ], [ 959976.905565800960176, 1944244.673298737034202 ], [ 959984.95260126166977, 1944225.807735599344596 ], [ 959976.929838530137204, 1944222.831355347065255 ], [ 959978.054662685608491, 1944220.046439707046375 ], [ 959967.52798306720797, 1944216.15366843668744 ], [ 959959.467582079931162, 1944238.158126425929368 ] ] ] } },
{ "type": "Feature", "properties": { "GU_NAM": "강남구", "F_SHIM": 0.2, "F_AREA": 223.82, "F_DISA_NM": "2022년 8.8. ~ 17. 호우(재난지원금)", "F_RSN_DTL": "침수", "TYPE": "주택", "F_SAT_YMD": "20220816 - 0000" }, "geometry": { "type": "Polygon", "coordinates": [ [ [ 959616.602145063458011, 1944086.431421792134643 ], [ 959632.707387055270374, 1944092.333889397094026 ], [ 959637.160774089279585, 1944080.074885638430715 ], [ 959621.045589207787998, 1944074.182466763304546 ], [ 959616.602145063458011, 1944086.431421792134643 ] ] ] } },
{ "type": "Feature", "properties": { "GU_NAM": "강남구", "F_SHIM": 0.2, "F_AREA": 239.53, "F_DISA_NM": "2022년 8.8. ~ 17. 호우(재난지원금)", "F_RSN_DTL": "침수(도로범람유입)", "TYPE": "주택", "F_SAT_YMD": "20220824 - 0000" }, "geometry": { "type": "Polygon", "coordinates": [ [ [ 959626.055086840991862, 1944210.344952702755108 ], [ 959639.936404965119436, 1944215.349536493420601 ], [ 959645.514350245473906, 1944200.255635742563754 ], [ 959631.54227441130206, 1944195.101588536752388 ], [ 959626.055086840991862, 1944210.344952702755108 ] ] ] } },
{ "type": "Feature", "properties": { "GU_NAM": "강남구", "F_SHIM": 0.2, "F_AREA": 227.42, "F_DISA_NM": "2022년 8.8. ~ 17. 호우(재난지원금)", "F_RSN_DTL": "침수", "TYPE": "주택", "F_SAT_YMD": "20220816 - 0000" }, "geometry": { "type": "Polygon", "coordinates": [ [ [ 960417.935971472528763, 1945742.324766227276996 ], [ 960427.584938386222348, 1945750.360615092329681 ], [ 960437.56368750880938, 1945737.622511469060555 ], [ 960437.198048054124229, 1945734.645566309103742 ], [ 960428.806308905477636, 1945728.06250941590406 ], [ 960417.935971472528763, 1945742.324766227276996 ] ] ] } },
{ "type": "Feature", "properties": { "GU_NAM": "강남구", "F_SHIM": 0.2, "F_AREA": 241.19, "F_DISA_NM": "2022년 8.8. ~ 17. 호우(재난지원금)", "F_RSN_DTL": "침수(도로범람유입)", "TYPE": "주택", "F_SAT_YMD": "20220809 - 0200" }, "geometry": { "type": "Polygon", "coordinates": [ [ [ 958910.776572299422696, 1944348.892705355538055 ], [ 958925.520838980562985, 1944354.512489080894738 ], [ 958931.513270673109218, 1944338.406757852528244 ], [ 958919.006430189940147, 1944336.233832073165104 ], [ 958914.661150717874989, 1944338.705930194817483 ], [ 958910.776572299422696, 1944348.892705355538055 ] ] ] } },
{ "type": "Feature", "properties": { "GU_NAM": "강남구", "F_SHIM": 0.2, "F_AREA": 359.32, "F_DISA_NM": "2022년 8.8. ~ 17. 호우(재난지원금)", "F_RSN_DTL": "침수", "TYPE": "주택", "F_SAT_YMD": "20220812 - 0000" }, "geometry": { "type": "Polygon", "coordinates": [ [ [ 958735.851325821480714, 1944271.398414348252118 ], [ 958758.388407772523351, 1944279.985805632546544 ], [ 958763.572711604530923, 1944266.063538065180182 ], [ 958743.137698941514827, 1944258.014808564912528 ], [ 958740.415094087249599, 1944259.218783372314647 ], [ 958735.851325821480714, 1944271.398414348252118 ] ] ] } },
{ "type": "Feature", "properties": { "GU_NAM": "강남구", "F_SHIM": 0.2, "F_AREA": 250.74, "F_DISA_NM": "2022년 8.8. ~ 17. 호우(재난지원금)", "F_RSN_DTL": "침수", "TYPE": "주택", "F_SAT_YMD": "20220826 - 1613" }, "geometry": { "type": "Polygon", "coordinates": [ [ [ 958572.786255081417039, 1944275.940641374560073 ], [ 958587.820463364012539, 1944281.568889037705958 ], [ 958593.180990170454606, 1944266.945946774678305 ], [ 958578.026830190094188, 1944261.318334179231897 ], [ 958572.786255081417039, 1944275.940641374560073 ] ] ] } },
{ "type": "Feature", "properties": { "GU_NAM": "강남구", "F_SHIM": 0.2, "F_AREA": 231.75, "F_DISA_NM": "2022년 8.8. ~ 17. 호우(재난지원금)", "F_RSN_DTL": "침수", "TYPE": "주택", "F_SAT_YMD": "20220825 - 1536" }, "geometry": { "type": "Polygon", "coordinates": [ [ [ 958741.383403338259086, 1944315.592602780321613 ], [ 958742.305902549764141, 1944318.016810093540698 ], [ 958754.376055012573488, 1944322.671123527688906 ], [ 958760.014826738392003, 1944307.736825779778883 ], [ 958746.651592148584314, 1944302.409614270552993 ], [ 958741.383403338259086, 1944315.592602780321613 ] ] ] } },
{ "type": "Feature", "properties": { "GU_NAM": "강남구", "F_SHIM": 0.2, "F_AREA": 251.59, "F_DISA_NM": "2022년 8.8. ~ 17. 호우(재난지원금)", "F_RSN_DTL": "침수", "TYPE": "주택", "F_SAT_YMD": "20220808 - 2200" }, "geometry": { "type": "Polygon", "coordinates": [ [ [ 958592.26415346225258, 1944039.085852295160294 ], [ 958606.978117803693749, 1944044.645825758110732 ], [ 958611.52258589095436, 1944032.596247902372852 ], [ 958575.073070021579042, 1944018.794500009855255 ], [ 958574.373253900092095, 1944020.667508400510997 ], [ 958595.708066113875248, 1944028.741468281717971 ], [ 958592.26415346225258, 1944039.085852295160294 ] ] ] } },
{ "type": "Feature", "properties": { "GU_NAM": "강남구", "F_SHIM": 0.2, "F_AREA": 586.51, "F_DISA_NM": "2022년 8.8. ~ 17. 호우(재난지원금)", "F_RSN_DTL": "침수", "TYPE": "주택", "F_SAT_YMD": "20220825 - 1429" }, "geometry": { "type": "Polygon", "coordinates": [ [ [ 958711.655137844383717, 1944234.550364473601803 ], [ 958741.262463208986446, 1944245.569390804739669 ], [ 958747.797636440838687, 1944228.131279162596911 ], [ 958718.041165751288645, 1944217.262986234854907 ], [ 958711.655137844383717, 1944234.550364473601803 ] ] ] } },
{ "type": "Feature", "properties": { "GU_NAM": "강남구", "F_SHIM": 0.2, "F_AREA": 584.81, "F_DISA_NM": "2022년 8.8. ~ 17. 호우(재난지원금)", "F_RSN_DTL": "침수", "TYPE": "주택", "F_SAT_YMD": "20220816 - 0000" }, "geometry": { "type": "Polygon", "coordinates": [ [ [ 958705.229602720588446, 1944251.927918592467904 ], [ 958734.766744825639762, 1944262.907331064343452 ], [ 958741.262463208986446, 1944245.569390804739669 ], [ 958711.655137844383717, 1944234.550364473601803 ], [ 958705.229602720588446, 1944251.927918592467904 ] ] ] } },
{ "type": "Feature", "properties": { "GU_NAM": "강남구", "F_SHIM": 0.2, "F_AREA": 167.03, "F_DISA_NM": "2022년 8.8. ~ 17. 호우(재난지원금)", "F_RSN_DTL": "침수", "TYPE": "주택", "F_SAT_YMD": "20220812 - 0000" }, "geometry": { "type": "Polygon", "coordinates": [ [ [ 958789.420859565492719, 1944041.030635085422546 ], [ 958800.092276774928905, 1944038.275129452347755 ], [ 958793.100880589452572, 1944022.418090295046568 ], [ 958785.011436294182204, 1944023.840414987644181 ], [ 958789.420859565492719, 1944041.030635085422546 ] ] ] } },
{ "type": "Feature", "properties": { "GU_NAM": "강남구", "F_SHIM": 0.2, "F_AREA": 222.55, "F_DISA_NM": "2022년 8.8. ~ 17. 호우(재난지원금)", "F_RSN_DTL": "침수(도로범람유입)", "TYPE": "주택", "F_SAT_YMD": "20220809 - 0200" }, "geometry": { "type": "Polygon", "coordinates": [ [ [ 958609.521456555463374, 1944037.904867886332795 ], [ 958624.186499405652285, 1944043.665025718742982 ], [ 958629.364728866494261, 1944030.4825134803541 ], [ 958614.420751347905025, 1944024.903765487484634 ], [ 958609.521456555463374, 1944037.904867886332795 ] ] ] } },
{ "type": "Feature", "properties": { "GU_NAM": "강남구", "F_SHIM": 0.2, "F_AREA": 250.31, "F_DISA_NM": "2022년 8.8. ~ 17. 호우(재난지원금)", "F_RSN_DTL": "침수", "TYPE": "주택", "F_SAT_YMD": "20220825 - 1452" }, "geometry": { "type": "Polygon", "coordinates": [ [ [ 958614.420751347905025, 1944024.903765487484634 ], [ 958625.428417704883032, 1944029.013915317831561 ], [ 958626.828049839939922, 1944025.267898734193295 ], [ 958630.323637563386001, 1944026.568894319469109 ], [ 958635.016986872535199, 1944014.318603047868237 ], [ 958620.463753024931066, 1944008.907722106436267 ], [ 958614.420751347905025, 1944024.903765487484634 ] ] ] } },
{ "type": "Feature", "properties": { "GU_NAM": "강남구", "F_SHIM": 0.2, "F_AREA": 277.64, "F_DISA_NM": "2022년 8.8. ~ 17. 호우(재난지원금)", "F_RSN_DTL": "침수(도로범람유입)", "TYPE": "주택", "F_SAT_YMD": "20220809 - 0200" }, "geometry": { "type": "Polygon", "coordinates": [ [ [ 958620.463753024931066, 1944008.907722106436267 ], [ 958649.540232556289993, 1944019.729642629157752 ], [ 958650.594928184058517, 1944016.9151058094576 ], [ 958636.211943996720947, 1944011.563301009358838 ], [ 958640.462302765925415, 1944000.604874480748549 ], [ 958625.639071512152441, 1943995.175430654315278 ], [ 958620.463753024931066, 1944008.907722106436267 ] ] ] } },
{ "type": "Feature", "properties": { "GU_NAM": "강남구", "F_SHIM": 0.2, "F_AREA": 163.98, "F_DISA_NM": "2022년 8.8. ~ 17. 호우(재난지원금)", "F_RSN_DTL": "침수", "TYPE": "주택", "F_SAT_YMD": "20220816 - 0000" }, "geometry": { "type": "Polygon", "coordinates": [ [ [ 958639.960339056677185, 1944056.826546285999939 ], [ 958654.383836770546623, 1944062.278098488692194 ], [ 958658.048719418700784, 1944052.132470238022506 ], [ 958645.728402632055804, 1944047.429496261291206 ], [ 958642.996012970455922, 1944048.673507468309253 ], [ 958639.960339056677185, 1944056.826546285999939 ] ] ] } },
{ "type": "Feature", "properties": { "GU_NAM": "강남구", "F_SHIM": 0.2, "F_AREA": 237.42, "F_DISA_NM": "2022년 8.8. ~ 17. 호우(재난지원금)", "F_RSN_DTL": "침수(도로범람유입)", "TYPE": "주택", "F_SAT_YMD": "20220809 - 0200" }, "geometry": { "type": "Polygon", "coordinates": [ [ [ 958669.357319701113738, 1944022.463635988533497 ], [ 958683.671072630677372, 1944027.955754813505337 ], [ 958689.122202049009502, 1944013.452290940331295 ], [ 958674.718855947605334, 1944008.030620263889432 ], [ 958669.357319701113738, 1944022.463635988533497 ] ] ] } },
{ "type": "Feature", "properties": { "GU_NAM": "강남구", "F_SHIM": 0.2, "F_AREA": 589.85, "F_DISA_NM": "2022년 8.8. ~ 17. 호우(재난지원금)", "F_RSN_DTL": "침수", "TYPE": "주택", "F_SAT_YMD": "20220826 - 1031" }, "geometry": { "type": "Polygon", "coordinates": [ [ [ 958671.103049283847213, 1944061.419843939132988 ], [ 958704.416406549047679, 1944073.838719807798043 ], [ 958710.222149938112125, 1944058.34374752570875 ], [ 958676.948459418257698, 1944045.864683498162776 ], [ 958671.103049283847213, 1944061.419843939132988 ] ] ] } },
{ "type": "Feature", "properties": { "GU_NAM": "강남구", "F_SHIM": 0.2, "F_AREA": 199.99, "F_DISA_NM": "2022년 8.8. ~ 17. 호우(재난지원금)", "F_RSN_DTL": "침수(도로범람유입)", "TYPE": "주택", "F_SAT_YMD": "20220809 - 0200" }, "geometry": { "type": "Polygon", "coordinates": [ [ [ 958659.268053062143736, 1944048.317434699041769 ], [ 958662.42324771778658, 1944049.520270123844966 ], [ 958661.753049131366424, 1944051.323147635674104 ], [ 958673.281459296122193, 1944055.610472009517252 ], [ 958677.884897050331347, 1944043.370653578545898 ], [ 958663.010998034267686, 1944037.811527501093224 ], [ 958659.268053062143736, 1944048.317434699041769 ] ] ] } },
{ "type": "Feature", "properties": { "GU_NAM": "강남구", "F_SHIM": 0.2, "F_AREA": 195.11, "F_DISA_NM": "2022년 8.8. ~ 17. 호우(재난지원금)", "F_RSN_DTL": "침수(도로범람유입)", "TYPE": "주택", "F_SAT_YMD": "20220817 - 1016" }, "geometry": { "type": "Polygon", "coordinates": [ [ [ 959988.471136182080954, 1942468.187776447273791 ], [ 959991.542069986346178, 1942468.581365080550313 ], [ 960003.345627913135104, 1942470.088287899037823 ], [ 960004.976677401456982, 1942457.184485762612894 ], [ 959990.102238638792187, 1942455.293970078695565 ], [ 959988.471136182080954, 1942468.187776447273791 ] ] ] } },
{ "type": "Feature", "properties": { "GU_NAM": "강남구", "F_SHIM": 0.2, "F_AREA": 195.13, "F_DISA_NM": "2022년 8.8. ~ 17. 호우(재난지원금)", "F_RSN_DTL": "침수(도로범람유입)", "TYPE": "주택", "F_SAT_YMD": "20220817 - 0000" }, "geometry": { "type": "Polygon", "coordinates": [ [ [ 960003.345627913135104, 1942470.088287899037823 ], [ 960005.426219360553659, 1942470.347171923378482 ], [ 960018.22006649186369, 1942471.978803320322186 ], [ 960019.851115928147919, 1942459.075001388788223 ], [ 960004.976677401456982, 1942457.184485762612894 ], [ 960003.345627913135104, 1942470.088287899037823 ] ] ] } },
{ "type": "Feature", "properties": { "GU_NAM": "강남구", "F_SHIM": 0.2, "F_AREA": 223.55, "F_DISA_NM": "2022년 8.8. ~ 17. 호우(재난지원금)", "F_RSN_DTL": "침수", "TYPE": "주택", "F_SAT_YMD": "20220816 - 0000" }, "geometry": { "type": "Polygon", "coordinates": [ [ [ 958969.711299326969311, 1943946.2309199066367 ], [ 958982.924641821882688, 1943951.568925340194255 ], [ 958988.494240333558992, 1943936.784943835809827 ], [ 958975.241972772870213, 1943931.647069650469348 ], [ 958969.711299326969311, 1943946.2309199066367 ] ] ] } },
{ "type": "Feature", "properties": { "GU_NAM": "강남구", "F_SHIM": 0.2, "F_AREA": 319.84, "F_DISA_NM": "2022년 8.8. ~ 17. 호우(재난지원금)", "F_RSN_DTL": "침수(도로범람유입)", "TYPE": "주택", "F_SAT_YMD": "20220809 - 0200" }, "geometry": { "type": "Polygon", "coordinates": [ [ [ 958900.031234008725733, 1943933.754722691839561 ], [ 958910.728703381959349, 1943937.806537459604442 ], [ 958910.827286917134188, 1943937.546112489653751 ], [ 958918.339680465986021, 1943940.415242477320135 ], [ 958924.076564524788409, 1943925.130560848629102 ], [ 958905.767588934046216, 1943918.370080947410315 ], [ 958900.031234008725733, 1943933.754722691839561 ] ] ] } },
{ "type": "Feature", "properties": { "GU_NAM": "강남구", "F_SHIM": 0.2, "F_AREA": 200.38, "F_DISA_NM": "2022년 8.8. ~ 17. 호우(재난지원금)", "F_RSN_DTL": "침수", "TYPE": "주택", "F_SAT_YMD": "20220824 - 1740" }, "geometry": { "type": "Polygon", "coordinates": [ [ [ 958915.553094318835065, 1943921.9868896426633 ], [ 958926.840961840702221, 1943926.155533110257238 ], [ 958932.785856110043824, 1943910.509884614031762 ], [ 958921.837375825853087, 1943906.249477318720892 ], [ 958915.553094318835065, 1943921.9868896426633 ] ] ] } },
{ "type": "Feature", "properties": { "GU_NAM": "강남구", "F_SHIM": 0.2, "F_AREA": 320.72, "F_DISA_NM": "2022년 8.8. ~ 17. 호우(재난지원금)", "F_RSN_DTL": "침수", "TYPE": "주택", "F_SAT_YMD": "20220816 - 0000" }, "geometry": { "type": "Polygon", "coordinates": [ [ [ 958873.091125613544136, 1943905.408031035447493 ], [ 958892.404517470044084, 1943913.072852569166571 ], [ 958897.895684368908405, 1943898.579176892992109 ], [ 958878.523057919810526, 1943891.054616507841274 ], [ 958873.091125613544136, 1943905.408031035447493 ] ] ] } },
{ "type": "Feature", "properties": { "GU_NAM": "강남구", "F_SHIM": 0.2, "F_AREA": 164.69, "F_DISA_NM": "2022년 8.8. ~ 17. 호우(재난지원금)", "F_RSN_DTL": "침수", "TYPE": "주택", "F_SAT_YMD": "20220830 - 1820" }, "geometry": { "type": "Polygon", "coordinates": [ [ [ 958995.552508482825942, 1943935.068193060578778 ], [ 959009.073661581380293, 1943940.014714126475155 ], [ 959013.115691904677078, 1943929.357283522840589 ], [ 958999.584278259659186, 1943924.3608353366144 ], [ 958995.552508482825942, 1943935.068193060578778 ] ] ] } },
{ "type": "Feature", "properties": { "GU_NAM": "강남구", "F_SHIM": 0.2, "F_AREA": 212.29, "F_DISA_NM": "2022년 8.8. ~ 17. 호우(재난지원금)", "F_RSN_DTL": "침수(도로범람유입)", "TYPE": "주택", "F_SAT_YMD": "20220809 - 0200" }, "geometry": { "type": "Polygon", "coordinates": [ [ [ 959039.632966420613229, 1943972.240777366794646 ], [ 959052.413781004375778, 1943977.07126311189495 ], [ 959058.095399017096497, 1943962.676543638342991 ], [ 959045.204522887710482, 1943957.826648047193885 ], [ 959039.632966420613229, 1943972.240777366794646 ] ] ] } },
{ "type": "Feature", "properties": { "GU_NAM": "강남구", "F_SHIM": 0.2, "F_AREA": 193.78, "F_DISA_NM": "2022년 8.8. ~ 17. 호우(재난지원금)", "F_RSN_DTL": "침수(도로범람유입)", "TYPE": "주택", "F_SAT_YMD": "20220809 - 0200" }, "geometry": { "type": "Polygon", "coordinates": [ [ [ 958846.625662012607791, 1943915.724381752777845 ], [ 958862.661262105335481, 1943921.687203627778217 ], [ 958866.003212471143343, 1943912.852799200918525 ], [ 958864.759148952784017, 1943910.110414186026901 ], [ 958852.729883822845295, 1943905.625815910520032 ], [ 958849.987498592119664, 1943906.869879350066185 ], [ 958846.625662012607791, 1943915.724381752777845 ] ] ] } },
{ "type": "Feature", "properties": { "GU_NAM": "강남구", "F_SHIM": 0.2, "F_AREA": 188.14, "F_DISA_NM": "2022년 8.8. ~ 17. 호우(재난지원금)", "F_RSN_DTL": "침수", "TYPE": "주택", "F_SAT_YMD": "20220816 - 0000" }, "geometry": { "type": "Polygon", "coordinates": [ [ [ 958850.969117123750038, 1943963.873386764433235 ], [ 958867.476857980247587, 1943970.27354315132834 ], [ 958871.272165056900121, 1943960.217193311313167 ], [ 958856.747758624376729, 1943954.586242377990857 ], [ 958854.025206637335941, 1943955.800212130183354 ], [ 958850.969117123750038, 1943963.873386764433235 ] ] ] } },
{ "type": "Feature", "properties": { "GU_NAM": "강남구", "F_SHIM": 0.2, "F_AREA": 160.55, "F_DISA_NM": "2022년 8.8. ~ 17. 호우(재난지원금)", "F_RSN_DTL": "침수", "TYPE": "주택", "F_SAT_YMD": "20220809 - 0000" }, "geometry": { "type": "Polygon", "coordinates": [ [ [ 958855.87916079419665, 1943850.969548088032752 ], [ 958868.860691049369052, 1943855.948917549103498 ], [ 958872.951855926541612, 1943845.131285243434832 ], [ 958859.950598482973874, 1943840.20200144755654 ], [ 958855.87916079419665, 1943850.969548088032752 ] ] ] } },
{ "type": "Feature", "properties": { "GU_NAM": "강남구", "F_SHIM": 0.2, "F_AREA": 179.16, "F_DISA_NM": "2022년 8.8. ~ 17. 호우(재난지원금)", "F_RSN_DTL": "침수", "TYPE": "주택", "F_SAT_YMD": "20220812 - 0000" }, "geometry": { "type": "Polygon", "coordinates": [ [ [ 958809.258016992360353, 1943938.073994772974402 ], [ 958821.698918116511777, 1943942.896285999333486 ], [ 958826.440077163162641, 1943930.23589758342132 ], [ 958813.970088113215752, 1943925.583696780027822 ], [ 958809.258016992360353, 1943938.073994772974402 ] ] ] } },
{ "type": "Feature", "properties": { "GU_NAM": "강남구", "F_SHIM": 0.2, "F_AREA": 764.31, "F_DISA_NM": "2022년 8.8. ~ 17. 호우(재난지원금)", "F_RSN_DTL": "침수", "TYPE": "주택", "F_SAT_YMD": "20220812 - 0000" }, "geometry": { "type": "Polygon", "coordinates": [ [ [ 958904.460926090716384, 1943722.590143527835608 ], [ 958933.506029141135514, 1943733.15233302116394 ], [ 958942.12146218190901, 1943710.245251954998821 ], [ 958913.253905418794602, 1943699.232289716368541 ], [ 958904.460926090716384, 1943722.590143527835608 ] ] ] } },
{ "type": "Feature", "properties": { "GU_NAM": "강남구", "F_SHIM": 0.2, "F_AREA": 221.79, "F_DISA_NM": "2022년 풍수해보험금 지급", "F_RSN_DTL": "침수", "TYPE": "주택", "F_SAT_YMD": "20220808" }, "geometry": { "type": "Polygon", "coordinates": [ [ [ 958625.639071512152441, 1943995.175430654315278 ], [ 958637.076988612883724, 1943999.363272440386936 ], [ 958640.682796005625278, 1943989.387893656734377 ], [ 958658.401220012106933, 1943996.00155746890232 ], [ 958659.455968637485057, 1943993.197016692254692 ], [ 958630.46945362444967, 1943982.374619020149112 ], [ 958625.639071512152441, 1943995.175430654315278 ] ] ] } },
{ "type": "Feature", "properties": { "GU_NAM": "강남구", "F_SHIM": 0.2, "F_AREA": 199.05, "F_DISA_NM": "2022년 8.8. ~ 17. 호우(재난지원금)", "F_RSN_DTL": "침수", "TYPE": "주택", "F_SAT_YMD": "20220824 - 1720" }, "geometry": { "type": "Polygon", "coordinates": [ [ [ 958637.076988612883724, 1943999.363272440386936 ], [ 958654.734642781317234, 1944005.827313885558397 ], [ 958658.401220012106933, 1943996.00155746890232 ], [ 958640.682796005625278, 1943989.387893656734377 ], [ 958637.076988612883724, 1943999.363272440386936 ] ] ] } },
{ "type": "Feature", "properties": { "GU_NAM": "강남구", "F_SHIM": 0.2, "F_AREA": 288.58, "F_DISA_NM": "2022년 8.8. ~ 17. 호우(재난지원금)", "F_RSN_DTL": "침수", "TYPE": "주택", "F_SAT_YMD": "20220812 - 0000" }, "geometry": { "type": "Polygon", "coordinates": [ [ [ 960884.654301336151548, 1944569.182127565611154 ], [ 960895.883865958545357, 1944573.670942871831357 ], [ 960904.858850128832273, 1944550.712017185986042 ], [ 960897.205309756565839, 1944547.613732257857919 ], [ 960892.607388044940308, 1944549.567359449109063 ], [ 960884.654301336151548, 1944569.182127565611154 ] ] ] } },
{ "type": "Feature", "properties": { "GU_NAM": "강남구", "F_SHIM": 0.2, "F_AREA": 255.56, "F_DISA_NM": "2022년 8.8. ~ 17. 호우(재난지원금)", "F_RSN_DTL": "침수", "TYPE": "주택", "F_SAT_YMD": "20220808 - 2300" }, "geometry": { "type": "Polygon", "coordinates": [ [ [ 960554.265934532624669, 1944500.778314571594819 ], [ 960573.921170670422725, 1944508.821156654739752 ], [ 960578.469487907015719, 1944497.501307877479121 ], [ 960558.326408367371187, 1944489.830910505726933 ], [ 960554.265934532624669, 1944500.778314571594819 ] ] ] } },
{ "type": "Feature", "properties": { "GU_NAM": "강남구", "F_SHIM": 0.2, "F_AREA": 227.64, "F_DISA_NM": "2022년 8.8. ~ 17. 호우(재난지원금)", "F_RSN_DTL": "침수", "TYPE": "주택", "F_SAT_YMD": "20220830 - 0000" }, "geometry": { "type": "Polygon", "coordinates": [ [ [ 960448.241148477303796, 1944484.816052143462002 ], [ 960465.238296136143617, 1944491.143622424220666 ], [ 960469.693685690523125, 1944479.264474647352472 ], [ 960452.757731653051451, 1944473.166493804659694 ], [ 960448.241148477303796, 1944484.816052143462002 ] ] ] } },
{ "type": "Feature", "properties": { "GU_NAM": "강남구", "F_SHIM": 0.2, "F_AREA": 235.96, "F_DISA_NM": "2022년 8.8. ~ 17. 호우(재난지원금)", "F_RSN_DTL": "침수", "TYPE": "주택", "F_SAT_YMD": "20220812 - 0000" }, "geometry": { "type": "Polygon", "coordinates": [ [ [ 960456.027753888512962, 1944456.415454553440213 ], [ 960472.184022187953815, 1944462.51756508462131 ], [ 960476.741379950661212, 1944460.454193536192179 ], [ 960479.599763978854753, 1944452.801921013975516 ], [ 960460.208762650378048, 1944445.577369873644784 ], [ 960456.027753888512962, 1944456.415454553440213 ] ] ] } },
{ "type": "Feature", "properties": { "GU_NAM": "강남구", "F_SHIM": 0.2, "F_AREA": 163.09, "F_DISA_NM": "2022년 8.8. ~ 17. 호우(재난지원금)", "F_RSN_DTL": "침수", "TYPE": "주택", "F_SAT_YMD": "20220808 - 2300" }, "geometry": { "type": "Polygon", "coordinates": [ [ [ 960751.878419518703595, 1944407.666282608406618 ], [ 960753.861981410300359, 1944412.254050253890455 ], [ 960763.60843812499661, 1944416.050985738867894 ], [ 960767.774314816808328, 1944404.243349189404398 ], [ 960757.19671070354525, 1944400.170920621138066 ], [ 960754.424132130574435, 1944401.375157880829647 ], [ 960751.878419518703595, 1944407.666282608406618 ] ] ] } },
{ "type": "Feature", "properties": { "GU_NAM": "강남구", "F_SHIM": 0.2, "F_AREA": 548.64, "F_DISA_NM": "2022년 8.8. ~ 17. 호우(재난지원금)", "F_RSN_DTL": "침수", "TYPE": "주택", "F_SAT_YMD": "20220808 - 2230" }, "geometry": { "type": "Polygon", "coordinates": [ [ [ 960672.812969807069749, 1944418.021296132355928 ], [ 960690.19313603383489, 1944424.946612344356254 ], [ 960701.3535701072542, 1944397.507786463946104 ], [ 960684.334106131456792, 1944390.740499424282461 ], [ 960672.812969807069749, 1944418.021296132355928 ] ] ] } },
{ "type": "Feature", "properties": { "GU_NAM": "강남구", "F_SHIM": 0.2, "F_AREA": 232.81, "F_DISA_NM": "2022년 8.8. ~ 17. 호우(재난지원금)", "F_RSN_DTL": "침수", "TYPE": "주택", "F_SAT_YMD": "20220808 - 2200" }, "geometry": { "type": "Polygon", "coordinates": [ [ [ 960702.875135071575642, 1944429.997523988829926 ], [ 960717.550566486548632, 1944435.837577537866309 ], [ 960722.804405407747254, 1944421.835000409511849 ], [ 960708.539814650430344, 1944416.182699457276613 ], [ 960702.875135071575642, 1944429.997523988829926 ] ] ] } },
{ "type": "Feature", "properties": { "GU_NAM": "강남구", "F_SHIM": 0.2, "F_AREA": 517.33, "F_DISA_NM": "2022년 8.8. ~ 17. 호우(재난지원금)", "F_RSN_DTL": "침수", "TYPE": "주택", "F_SAT_YMD": "20220823 - 1011" }, "geometry": { "type": "Polygon", "coordinates": [ [ [ 960692.093338956590742, 1944387.370655315695331 ], [ 960706.618460198282264, 1944393.141531955450773 ], [ 960718.790956416749395, 1944362.388589539565146 ], [ 960704.26583555561956, 1944356.617712488397956 ], [ 960692.093338956590742, 1944387.370655315695331 ] ] ] } },
{ "type": "Feature", "properties": { "GU_NAM": "강남구", "F_SHIM": 0.2, "F_AREA": 195.06, "F_DISA_NM": "2022년 8.8. ~ 17. 호우(재난지원금)", "F_RSN_DTL": "침수", "TYPE": "주택", "F_SAT_YMD": "20220812 - 0000" }, "geometry": { "type": "Polygon", "coordinates": [ [ [ 960616.054313099593855, 1944393.491223097778857 ], [ 960618.809503984055482, 1944394.666184551082551 ], [ 960618.089645273983479, 1944396.529298979789019 ], [ 960628.656778534175828, 1944400.511817435268313 ], [ 960633.906075364910066, 1944387.53887663804926 ], [ 960620.294344773865305, 1944382.472895538900048 ], [ 960616.054313099593855, 1944393.491223097778857 ] ] ] } },
{ "type": "Feature", "properties": { "GU_NAM": "강남구", "F_SHIM": 0.2, "F_AREA": 348.67, "F_DISA_NM": "2022년 8.8. ~ 17. 호우(재난지원금)", "F_RSN_DTL": "침수", "TYPE": "주택", "F_SAT_YMD": "20220823 - 1322" }, "geometry": { "type": "Polygon", "coordinates": [ [ [ 960761.538525040028617, 1944383.834053088445216 ], [ 960778.987761116120964, 1944390.589067305438221 ], [ 960785.913924784050323, 1944373.368839797796682 ], [ 960768.573903424083255, 1944366.473299453267828 ], [ 960761.538525040028617, 1944383.834053088445216 ] ] ] } },
{ "type": "Feature", "properties": { "GU_NAM": "강남구", "F_SHIM": 0.2, "F_AREA": 234.62, "F_DISA_NM": "2022년 8.8. ~ 17. 호우(재난지원금)", "F_RSN_DTL": "침수", "TYPE": "주택", "F_SAT_YMD": "20220812 - 0000" }, "geometry": { "type": "Polygon", "coordinates": [ [ [ 959215.221093093859963, 1944039.015596157871187 ], [ 959229.223850513692014, 1944044.299436961300671 ], [ 959234.693168638041243, 1944029.456012336770073 ], [ 959220.950889228493907, 1944024.280750788282603 ], [ 959215.221093093859963, 1944039.015596157871187 ] ] ] } },
{ "type": "Feature", "properties": { "GU_NAM": "강남구", "F_SHIM": 0.2, "F_AREA": 177.99, "F_DISA_NM": "2022년 8.8. ~ 17. 호우(재난지원금)", "F_RSN_DTL": "침수", "TYPE": "주택", "F_SAT_YMD": "20220812 - 0000" }, "geometry": { "type": "Polygon", "coordinates": [ [ [ 959127.101381718064658, 1943985.662378866691142 ], [ 959140.463338526547886, 1943990.74968923535198 ], [ 959144.980781207443215, 1943979.260052449302748 ], [ 959131.558160461601801, 1943974.043111780192703 ], [ 959127.101381718064658, 1943985.662378866691142 ] ] ] } },
{ "type": "Feature", "properties": { "GU_NAM": "강남구", "F_SHIM": 0.2, "F_AREA": 204.46, "F_DISA_NM": "2022년 8.8. ~ 17. 호우(재난지원금)", "F_RSN_DTL": "침수", "TYPE": "주택", "F_SAT_YMD": "20220816 - 0000" }, "geometry": { "type": "Polygon", "coordinates": [ [ [ 959515.813077047467232, 1943956.793900577351451 ], [ 959533.779742454062216, 1943963.096360145136714 ], [ 959537.555002030567266, 1943953.030127499718219 ], [ 959519.455371705582365, 1943946.158585145371035 ], [ 959519.947300954605453, 1943948.445123326499015 ], [ 959515.813077047467232, 1943956.793900577351451 ] ] ] } },
{ "type": "Feature", "properties": { "GU_NAM": "강남구", "F_SHIM": 0.2, "F_AREA": 423.85, "F_DISA_NM": "2022년 8.8. ~ 17. 호우(재난지원금)", "F_RSN_DTL": "침수", "TYPE": "주택", "F_SAT_YMD": "20220820 - 0844" }, "geometry": { "type": "Polygon", "coordinates": [ [ [ 959135.89426128717605, 1943577.198494886280969 ], [ 959149.145942353177816, 1943582.226417482364923 ], [ 959159.623781761620194, 1943554.241375990910456 ], [ 959146.372100992826745, 1943549.213453048374504 ], [ 959135.89426128717605, 1943577.198494886280969 ] ] ] } },
{ "type": "Feature", "properties": { "GU_NAM": "강남구", "F_SHIM": 0.2, "F_AREA": 243.15, "F_DISA_NM": "2022년 8.8. ~ 17. 호우(재난지원금)", "F_RSN_DTL": "침수", "TYPE": "주택", "F_SAT_YMD": "20220823 - 0928" }, "geometry": { "type": "Polygon", "coordinates": [ [ [ 959943.057582138106227, 1942401.993093235651031 ], [ 959956.819758152007125, 1942399.601105160545558 ], [ 959954.798896810505539, 1942387.966167465085164 ], [ 959951.351015105494298, 1942384.345783990575001 ], [ 959939.541582682984881, 1942381.729306850582361 ], [ 959943.057582138106227, 1942401.993093235651031 ] ] ] } },
{ "type": "Feature", "properties": { "GU_NAM": "강남구", "F_SHIM": 0.2, "F_AREA": 189.58, "F_DISA_NM": "2022년 8.8. ~ 17. 호우(재난지원금)", "F_RSN_DTL": "침수(도로범람유입)", "TYPE": "주택", "F_SAT_YMD": "20220812 - 0000" }, "geometry": { "type": "Polygon", "coordinates": [ [ [ 959963.061850250232965, 1942400.437733583617955 ], [ 959974.945429148734547, 1942401.954229943919927 ], [ 959976.701188360457309, 1942388.060138172935694 ], [ 959964.727592812618241, 1942386.534121930366382 ], [ 959961.268044372671284, 1942390.151088247308508 ], [ 959963.061850250232965, 1942400.437733583617955 ] ] ] } },
{ "type": "Feature", "properties": { "GU_NAM": "강남구", "F_SHIM": 0.2, "F_AREA": 302.27, "F_DISA_NM": "2022년 8.8. ~ 17. 호우(재난지원금)", "F_RSN_DTL": "침수(도로범람유입)", "TYPE": "주택", "F_SAT_YMD": "20220823 - 0911" }, "geometry": { "type": "Polygon", "coordinates": [ [ [ 959419.186750046908855, 1943888.371395638911054 ], [ 959430.58472583303228, 1943892.569442941341549 ], [ 959439.127320020576008, 1943869.122960434295237 ], [ 959427.819414136465639, 1943864.944428426912054 ], [ 959419.186750046908855, 1943888.371395638911054 ] ] ] } },
{ "type": "Feature", "properties": { "GU_NAM": "강남구", "F_SHIM": 0.2, "F_AREA": 305.65, "F_DISA_NM": "2022년 8.8. ~ 17. 호우(재난지원금)", "F_RSN_DTL": "침수", "TYPE": "주택", "F_SAT_YMD": "20220812 - 0000" }, "geometry": { "type": "Polygon", "coordinates": [ [ [ 959392.098933277418837, 1944083.182015005964786 ], [ 959409.396506505901925, 1944089.607971481746063 ], [ 959415.21229419822339, 1944074.122954002814367 ], [ 959397.794928229996003, 1944067.727620459860191 ], [ 959392.098933277418837, 1944083.182015005964786 ] ] ] } },
{ "type": "Feature", "properties": { "GU_NAM": "강남구", "F_SHIM": 0.2, "F_AREA": 185.54, "F_DISA_NM": "2022년 8.8. ~ 17. 호우(재난지원금)", "F_RSN_DTL": "침수(도로범람유입)", "TYPE": "주택", "F_SAT_YMD": "20220825 - 1615" }, "geometry": { "type": "Polygon", "coordinates": [ [ [ 959482.906507182517089, 1943964.555324620800093 ], [ 959494.183736726990901, 1943968.604066244792193 ], [ 959499.52405964571517, 1943953.941262108739465 ], [ 959488.168132845894434, 1943950.132847308181226 ], [ 959482.906507182517089, 1943964.555324620800093 ] ] ] } },
{ "type": "Feature", "properties": { "GU_NAM": "강남구", "F_SHIM": 0.2, "F_AREA": 215.81, "F_DISA_NM": "2022년 8.8. ~ 17. 호우(재난지원금)", "F_RSN_DTL": "침수", "TYPE": "주택", "F_SAT_YMD": "20220808 - 2300" }, "geometry": { "type": "Polygon", "coordinates": [ [ [ 961003.878986650612205, 1944533.223949870560318 ], [ 961017.192474694806151, 1944538.601389761548489 ], [ 961022.126343697309494, 1944526.46980862529017 ], [ 961020.952200112282299, 1944523.717064279364422 ], [ 961009.652347860625014, 1944519.168643780983984 ], [ 961003.878986650612205, 1944533.223949870560318 ] ] ] } },
{ "type": "Feature", "properties": { "GU_NAM": "강남구", "F_SHIM": 0.2, "F_AREA": 219.36, "F_DISA_NM": "2022년 8.8. ~ 17. 호우(재난지원금)", "F_RSN_DTL": "침수", "TYPE": "주택", "F_SAT_YMD": "20220819 - 0000" }, "geometry": { "type": "Polygon", "coordinates": [ [ [ 959810.518524824408814, 1942723.224697654368356 ], [ 959824.53884239285253, 1942733.716511235339567 ], [ 959832.03293483320158, 1942723.690575457643718 ], [ 959818.002621515071951, 1942713.198814732488245 ], [ 959810.518524824408814, 1942723.224697654368356 ] ] ] } },
{ "type": "Feature", "properties": { "GU_NAM": "강남구", "F_SHIM": 0.2, "F_AREA": 133.64, "F_DISA_NM": "2022년 8.8. ~ 17. 호우(재난지원금)", "F_RSN_DTL": "침수(도로범람유입)", "TYPE": "주택", "F_SAT_YMD": "20220809 - 0000" }, "geometry": { "type": "Polygon", "coordinates": [ [ [ 959194.735980483004823, 1943132.178186705103144 ], [ 959196.520929386024363, 1943129.27381815481931 ], [ 959200.919990527094342, 1943121.855291100218892 ], [ 959191.357408959185705, 1943115.973141246009618 ], [ 959185.387154039228335, 1943126.264916345011443 ], [ 959194.735980483004823, 1943132.178186705103144 ] ] ] } },
{ "type": "Feature", "properties": { "GU_NAM": "강남구", "F_SHIM": 0.2, "F_AREA": 191.61, "F_DISA_NM": "2022년 8.8. ~ 17. 호우(재난지원금)", "F_RSN_DTL": "침수(도로범람유입)", "TYPE": "주택", "F_SAT_YMD": "20220820 - 0952" }, "geometry": { "type": "Polygon", "coordinates": [ [ [ 959183.736065199016593, 1943148.220452936599031 ], [ 959184.811252609128132, 1943148.331716279266402 ], [ 959194.735980483004823, 1943132.178186705103144 ], [ 959185.387154039228335, 1943126.264916345011443 ], [ 959178.920113084255718, 1943122.2136855146382 ], [ 959178.979630669346079, 1943122.693190985592082 ], [ 959183.736065199016593, 1943148.220452936599031 ] ] ] } },
{ "type": "Feature", "properties": { "GU_NAM": "강남구", "F_SHIM": 0.2, "F_AREA": 111.34, "F_DISA_NM": "2022년 8.8. ~ 17. 호우(재난지원금)", "F_RSN_DTL": "침수", "TYPE": "주택", "F_SAT_YMD": "20220820 - 0841" }, "geometry": { "type": "Polygon", "coordinates": [ [ [ 959192.257785833324306, 1943165.382898100651801 ], [ 959197.624477790668607, 1943156.263881292659789 ], [ 959188.719103817129508, 1943150.656148073496297 ], [ 959183.913588865543716, 1943158.526659282622859 ], [ 959185.370373617624864, 1943161.231931495480239 ], [ 959192.257785833324306, 1943165.382898100651801 ] ] ] } },
{ "type": "Feature", "properties": { "GU_NAM": "강남구", "F_SHIM": 0.2, "F_AREA": 107.23, "F_DISA_NM": "2022년 8.8. ~ 17. 호우(재난지원금)", "F_RSN_DTL": "침수(도로범람유입)", "TYPE": "주택", "F_SAT_YMD": "20220820 - 0855" }, "geometry": { "type": "Polygon", "coordinates": [ [ [ 959192.257785833324306, 1943165.382898100651801 ], [ 959199.588444193825126, 1943169.800417178310454 ], [ 959202.164415899431333, 1943168.844130259240046 ], [ 959206.572987922932953, 1943161.900375164113939 ], [ 959197.624477790668607, 1943156.263881292659789 ], [ 959192.257785833324306, 1943165.382898100651801 ] ] ] } },
{ "type": "Feature", "properties": { "GU_NAM": "강남구", "F_SHIM": 0.2, "F_AREA": 108.35, "F_DISA_NM": "2022년 8.8. ~ 17. 호우(재난지원금)", "F_RSN_DTL": "침수(도로범람유입)", "TYPE": "주택", "F_SAT_YMD": "20220809 - 0000" }, "geometry": { "type": "Polygon", "coordinates": [ [ [ 959197.624477790668607, 1943156.263881292659789 ], [ 959206.572987922932953, 1943161.900375164113939 ], [ 959211.991751085733995, 1943153.364864524453878 ], [ 959202.719719811226241, 1943147.607129562878981 ], [ 959197.624477790668607, 1943156.263881292659789 ] ] ] } },
{ "type": "Feature", "properties": { "GU_NAM": "강남구", "F_SHIM": 0.2, "F_AREA": 106.45, "F_DISA_NM": "2022년 8.8. ~ 17. 호우(재난지원금)", "F_RSN_DTL": "침수(도로범람유입)", "TYPE": "주택", "F_SAT_YMD": "20220822 - 1407" }, "geometry": { "type": "Polygon", "coordinates": [ [ [ 959211.991751085733995, 1943153.364864524453878 ], [ 959217.139883951866068, 1943145.257627318380401 ], [ 959207.591048025991768, 1943139.328422599239275 ], [ 959202.719719811226241, 1943147.607129562878981 ], [ 959211.991751085733995, 1943153.364864524453878 ] ] ] } },
{ "type": "Feature", "properties": { "GU_NAM": "강남구", "F_SHIM": 0.2, "F_AREA": 183.45, "F_DISA_NM": "2022년 8.8. ~ 17. 호우(재난지원금)", "F_RSN_DTL": "침수(도로범람유입)", "TYPE": "주택", "F_SAT_YMD": "20220820 - 0903" }, "geometry": { "type": "Polygon", "coordinates": [ [ [ 959225.39800777239725, 1943169.651763960951939 ], [ 959229.745880423346534, 1943165.781181377125904 ], [ 959229.81796692230273, 1943162.781921080313623 ], [ 959228.092514051357284, 1943160.497914560139179 ], [ 959227.324080623220652, 1943157.341165224323049 ], [ 959217.931101217283867, 1943151.018282358301803 ], [ 959211.80011121253483, 1943160.971035534748808 ], [ 959225.39800777239725, 1943169.651763960951939 ] ] ] } },
{ "type": "Feature", "properties": { "GU_NAM": "강남구", "F_SHIM": 0.2, "F_AREA": 138.31, "F_DISA_NM": "2022년 8.8. ~ 17. 호우(재난지원금)", "F_RSN_DTL": "침수(도로범람유입)", "TYPE": "주택", "F_SAT_YMD": "20220820 - 0901" }, "geometry": { "type": "Polygon", "coordinates": [ [ [ 959217.139883951866068, 1943145.257627318380401 ], [ 959223.584655809099786, 1943134.719431179342791 ], [ 959213.783382835215889, 1943129.067459836602211 ], [ 959213.639974529971369, 1943128.980252047535032 ], [ 959207.673284288262948, 1943139.190038754139096 ], [ 959207.591048025991768, 1943139.328422599239275 ], [ 959217.139883951866068, 1943145.257627318380401 ] ] ] } },
{ "type": "Feature", "properties": { "GU_NAM": "강남구", "F_SHIM": 0.2, "F_AREA": 143.51, "F_DISA_NM": "2022년 8.8. ~ 17. 호우(재난지원금)", "F_RSN_DTL": "침수(도로범람유입)", "TYPE": "주택", "F_SAT_YMD": "20220809 - 0000" }, "geometry": { "type": "Polygon", "coordinates": [ [ [ 959184.231406284729019, 1943180.036933466792107 ], [ 959190.085369578097016, 1943182.331068206112832 ], [ 959198.464619237696752, 1943183.158375322353095 ], [ 959202.135833129403181, 1943176.661358754616231 ], [ 959190.660734112840146, 1943169.413850251818076 ], [ 959184.231406284729019, 1943180.036933466792107 ] ] ] } },
{ "type": "Feature", "properties": { "GU_NAM": "강남구", "F_SHIM": 0.2, "F_AREA": 198.67, "F_DISA_NM": "2022년 8.8. ~ 17. 호우(재난지원금)", "F_RSN_DTL": "침수", "TYPE": "주택", "F_SAT_YMD": "20220817 - 0000" }, "geometry": { "type": "Polygon", "coordinates": [ [ [ 959863.364500681404024, 1942862.142765597905964 ], [ 959874.83519689948298, 1942868.749536015791818 ], [ 959882.303520211018622, 1942855.744852141709998 ], [ 959870.832824181066826, 1942849.13808161416091 ], [ 959863.364500681404024, 1942862.142765597905964 ] ] ] } },
{ "type": "Feature", "properties": { "GU_NAM": "강남구", "F_SHIM": 0.2, "F_AREA": 192.77, "F_DISA_NM": "2022년 8.8. ~ 17. 호우(재난지원금)", "F_RSN_DTL": "침수(도로범람유입)", "TYPE": "주택", "F_SAT_YMD": "20220822 - 1712" }, "geometry": { "type": "Polygon", "coordinates": [ [ [ 958919.039778129197657, 1943187.262911165133119 ], [ 958931.689545696601272, 1943195.662768987938762 ], [ 958938.742229087511078, 1943185.339269010117278 ], [ 958926.270801631151699, 1943176.638578863814473 ], [ 958919.039778129197657, 1943187.262911165133119 ] ] ] } },
{ "type": "Feature", "properties": { "GU_NAM": "강남구", "F_SHIM": 0.2, "F_AREA": 2953.79, "F_DISA_NM": "2022년 8.8. ~ 17. 호우(재난지원금)", "F_RSN_DTL": "침수(도로범람유입)", "TYPE": "주택", "F_SAT_YMD": "20220820 - 1014" }, "geometry": { "type": "Polygon", "coordinates": [ [ [ 958825.372895241016522, 1943269.978156364057213 ], [ 958865.813487807754427, 1943297.483670650981367 ], [ 958874.297388651059009, 1943285.603169684763998 ], [ 958877.587240054854192, 1943287.694962095469236 ], [ 958884.586079116095789, 1943276.642018511891365 ], [ 958889.000138609553687, 1943279.607529673492536 ], [ 958899.663263597292826, 1943252.63112546177581 ], [ 958857.107434002798982, 1943223.987239606911317 ], [ 958825.372895241016522, 1943269.978156364057213 ] ] ] } },
{ "type": "Feature", "properties": { "GU_NAM": "강남구", "F_SHIM": 0.2, "F_AREA": 302.05, "F_DISA_NM": "2022년 8.8. ~ 17. 호우(재난지원금)", "F_RSN_DTL": "침수(도로범람유입)", "TYPE": "주택", "F_SAT_YMD": "20220820 - 0925" }, "geometry": { "type": "Polygon", "coordinates": [ [ [ 958759.996390344924293, 1943401.955167790642008 ], [ 958768.00164785888046, 1943390.297116835601628 ], [ 958750.951826762175187, 1943377.802096742205322 ], [ 958742.767646830994636, 1943389.651024291291833 ], [ 958759.996390344924293, 1943401.955167790642008 ] ] ] } },
{ "type": "Feature", "properties": { "GU_NAM": "강남구", "F_SHIM": 0.2, "F_AREA": 1416.91, "F_DISA_NM": "2022년 8.8. ~ 17. 호우(재난지원금)", "F_RSN_DTL": "침수", "TYPE": "주택", "F_SAT_YMD": "20220811 - 0930" }, "geometry": { "type": "Polygon", "coordinates": [ [ [ 962023.292491888161749, 1942344.704780375352129 ], [ 962025.104269847972319, 1942342.337077864212915 ], [ 962026.948806904023513, 1942339.926218139240518 ], [ 962024.50805838976521, 1942335.83468650886789 ], [ 962024.243612698977813, 1942334.976410529110581 ], [ 962023.711711949086748, 1942333.2578752534464 ], [ 962022.915371356531978, 1942330.870992364594713 ], [ 962022.118713262723759, 1942328.424133766209707 ], [ 962020.397084870724939, 1942323.839979384792969 ], [ 962017.096868798136711, 1942315.822479246882722 ], [ 962014.772286000661552, 1942310.25988682731986 ], [ 962012.143202016712166, 1942306.46923904796131 ], [ 962006.157283042557538, 1942303.226162250386551 ], [ 962002.363019858719781, 1942301.207017320906743 ], [ 961997.418888736749068, 1942299.130983377806842 ], [ 961987.221158275613561, 1942294.67966712359339 ], [ 961981.545252409297973, 1942299.203021089080721 ], [ 961976.85252876218874, 1942304.963701927801594 ], [ 961971.982101061148569, 1942311.334094119956717 ], [ 961978.217118775821291, 1942317.634699365589768 ], [ 961980.592799289850518, 1942320.198151799850166 ], [ 961987.318582340725698, 1942326.867019071476534 ], [ 961996.298390081617981, 1942332.001527465181425 ], [ 962002.956589229172096, 1942335.911792280385271 ], [ 962009.188102079206146, 1942340.983878791797906 ], [ 962015.851881555397995, 1942343.304713076213375 ], [ 962023.292491888161749, 1942344.704780375352129 ] ] ] } },
{ "type": "Feature", "properties": { "GU_NAM": "강남구", "F_SHIM": 0.2, "F_AREA": 194.91, "F_DISA_NM": "2022년 8.8. ~ 17. 호우(재난지원금)", "F_RSN_DTL": "침수(도로범람유입)", "TYPE": "주택", "F_SAT_YMD": "20220819 - 0000" }, "geometry": { "type": "Polygon", "coordinates": [ [ [ 960263.502187631907873, 1942253.711634095292538 ], [ 960275.088074437109753, 1942263.196719636209309 ], [ 960283.341650530346669, 1942253.126786974258721 ], [ 960271.73587782215327, 1942243.66179916379042 ], [ 960263.502187631907873, 1942253.711634095292538 ] ] ] } },
{ "type": "Feature", "properties": { "GU_NAM": "강남구", "F_SHIM": 0.2, "F_AREA": 310.22, "F_DISA_NM": "2022년 8.8. ~ 17. 호우(재난지원금)", "F_RSN_DTL": "침수(도로범람유입)", "TYPE": "주택", "F_SAT_YMD": "20220812 - 0000" }, "geometry": { "type": "Polygon", "coordinates": [ [ [ 960115.667928808485158, 1942229.223720024107024 ], [ 960127.675394349149428, 1942239.036451950902119 ], [ 960129.810770084266551, 1942236.426122024888173 ], [ 960140.348604758735746, 1942223.545144948642701 ], [ 960128.301367319887504, 1942213.772608510218561 ], [ 960115.667928808485158, 1942229.223720024107024 ] ] ] } },
{ "type": "Feature", "properties": { "GU_NAM": "강남구", "F_SHIM": 0.2, "F_AREA": 182.1, "F_DISA_NM": "2022년 8.8. ~ 17. 호우(재난지원금)", "F_RSN_DTL": "침수", "TYPE": "주택", "F_SAT_YMD": "20220812 - 0000" }, "geometry": { "type": "Polygon", "coordinates": [ [ [ 961272.466218765941449, 1942822.604342421982437 ], [ 961281.850341214099899, 1942831.601255647372454 ], [ 961291.54321456910111, 1942821.5037161342334 ], [ 961282.159092312562279, 1942812.506802900228649 ], [ 961272.466218765941449, 1942822.604342421982437 ] ] ] } },
{ "type": "Feature", "properties": { "GU_NAM": "강남구", "F_SHIM": 0.2, "F_AREA": 169.74, "F_DISA_NM": "2022년 8.8. ~ 17. 호우(재난지원금)", "F_RSN_DTL": "침수", "TYPE": "주택", "F_SAT_YMD": "20220812 - 0000" }, "geometry": { "type": "Polygon", "coordinates": [ [ [ 961174.253315492998809, 1942884.941080718534067 ], [ 961183.778123944648542, 1942894.07719676848501 ], [ 961192.755469413124956, 1942884.773146931314841 ], [ 961183.37118676234968, 1942875.746245503658429 ], [ 961174.253315492998809, 1942884.941080718534067 ] ] ] } },
{ "type": "Feature", "properties": { "GU_NAM": "강남구", "F_SHIM": 0.2, "F_AREA": 130.32, "F_DISA_NM": "2022년 8.8. ~ 17. 호우(재난지원금)", "F_RSN_DTL": "침수", "TYPE": "주택", "F_SAT_YMD": "20220808 - 1344" }, "geometry": { "type": "Polygon", "coordinates": [ [ [ 961177.795233393320814, 1942844.017709942534566 ], [ 961184.999172404990532, 1942850.936952486867085 ], [ 961194.025968868285418, 1942841.532678853953257 ], [ 961186.812034034985118, 1942834.613489225506783 ], [ 961177.795233393320814, 1942844.017709942534566 ] ] ] } },
{ "type": "Feature", "properties": { "GU_NAM": "강남구", "F_SHIM": 0.2, "F_AREA": 210.26, "F_DISA_NM": "2022년 8.8. ~ 17. 호우(재난지원금)", "F_RSN_DTL": "침수", "TYPE": "주택", "F_SAT_YMD": "20220808 - 0900" }, "geometry": { "type": "Polygon", "coordinates": [ [ [ 961224.867126946570352, 1942862.821323056938127 ], [ 961236.521980626275763, 1942874.005386799806729 ], [ 961245.528890278423205, 1942864.621211237506941 ], [ 961233.864040869288146, 1942853.43720040586777 ], [ 961224.867126946570352, 1942862.821323056938127 ] ] ] } },
{ "type": "Feature", "properties": { "GU_NAM": "강남구", "F_SHIM": 0.2, "F_AREA": 52629.53, "F_DISA_NM": "2022년 8.8. ~ 17. 호우(재난지원금)", "F_RSN_DTL": "침수", "TYPE": "주택", "F_SAT_YMD": "20220816 - 1100" }, "geometry": { "type": "Polygon", "coordinates": [ [ [ 961027.403728842036799, 1943070.948954669293016 ], [ 961029.525473397225142, 1943073.316826340742409 ], [ 961033.848048208397813, 1943068.445761856622994 ], [ 961047.704929522355087, 1943080.167959485435858 ], [ 961045.172313159448095, 1943083.270207922672853 ], [ 961060.585614962736145, 1943098.202954317210242 ], [ 961058.727113974629901, 1943100.242031800793484 ], [ 961065.070178636349738, 1943105.046628017211333 ], [ 961072.665384911117144, 1943110.344406476709992 ], [ 961080.448926646378823, 1943115.341300392523408 ], [ 961088.420803828747012, 1943120.03730977117084 ], [ 961096.570967568084598, 1943124.422491583973169 ], [ 961104.879373002913781, 1943128.486955728381872 ], [ 961109.157810714561492, 1943130.383580709807575 ], [ 961111.183060157462023, 1943125.854556203121319 ], [ 961128.718493601540104, 1943133.788691755849868 ], [ 961129.250495336716995, 1943132.316427416168153 ], [ 961147.785365878837183, 1943140.215282150311396 ], [ 961145.59558376239147, 1943145.764794289367273 ], [ 961183.014653485850431, 1943161.460690575418994 ], [ 961231.608837939449586, 1943163.812411687802523 ], [ 961232.714059259393252, 1943151.661127696279436 ], [ 961254.318036633427255, 1943153.945836315164343 ], [ 961253.536224981886335, 1943164.875866331392899 ], [ 961276.773452789988369, 1943166.00235922075808 ], [ 961188.352130095241591, 1943078.293694510823116 ], [ 961422.14952835207805, 1942807.427263924619183 ], [ 961398.810851400834508, 1942787.138509962940589 ], [ 961373.917259298963472, 1942816.789200303144753 ], [ 961345.630811089882627, 1942817.338811033405364 ], [ 961323.216117303003557, 1942848.845676177414134 ], [ 961300.316563760745339, 1942856.743991939350963 ], [ 961284.185300208628178, 1942870.464269896037877 ], [ 961265.644672654219903, 1942878.469459244282916 ], [ 961236.917360363178886, 1942884.489349547307938 ], [ 961222.09972798009403, 1942893.324508510762826 ], [ 961199.541265632142313, 1942905.229512852150947 ], [ 961157.988067101221532, 1942894.123776938766241 ], [ 961135.784582121646963, 1942903.217958847526461 ], [ 961116.282956799957901, 1942909.079046246828511 ], [ 961105.453142914106138, 1942921.561713733477518 ], [ 961123.593958621495403, 1942964.539470829768106 ], [ 961095.622796491486952, 1942971.774902724195272 ], [ 961057.14047683600802, 1942962.942048947094008 ], [ 961056.9851152227493, 1942984.574739787727594 ], [ 961050.248487296514213, 1943003.613264446146786 ], [ 961056.187635907554068, 1943035.96964367153123 ], [ 961027.403728842036799, 1943070.948954669293016 ] ] ] } },
{ "type": "Feature", "properties": { "GU_NAM": "강남구", "F_SHIM": 0.2, "F_AREA": 187.53, "F_DISA_NM": "2022년 8.8. ~ 17. 호우(재난지원금)", "F_RSN_DTL": "침수", "TYPE": "주택", "F_SAT_YMD": "20220823 - 0000" }, "geometry": { "type": "Polygon", "coordinates": [ [ [ 959673.42661326052621, 1942677.297979060793296 ], [ 959674.342650770558976, 1942678.50267639872618 ], [ 959682.042971847229637, 1942688.548131965333596 ], [ 959692.536447567981668, 1942680.505566742504016 ], [ 959683.92008917441126, 1942669.255413888255134 ], [ 959673.42661326052621, 1942677.297979060793296 ] ] ] } },
{ "type": "Feature", "properties": { "GU_NAM": "강남구", "F_SHIM": 0.2, "F_AREA": 231.18, "F_DISA_NM": "2022년 8.8. ~ 17. 호우(재난지원금)", "F_RSN_DTL": "침수", "TYPE": "주택", "F_SAT_YMD": "20220819 - 0000" }, "geometry": { "type": "Polygon", "coordinates": [ [ [ 959760.479175670188852, 1942685.823730214498937 ], [ 959775.292192284483463, 1942696.881134720286354 ], [ 959782.7763424719451, 1942686.86524760001339 ], [ 959767.953383037936874, 1942675.817891917424276 ], [ 959760.479175670188852, 1942685.823730214498937 ] ] ] } },
{ "type": "Feature", "properties": { "GU_NAM": "강남구", "F_SHIM": 0.2, "F_AREA": 219.01, "F_DISA_NM": "2022년 8.8. ~ 17. 호우(재난지원금)", "F_RSN_DTL": "침수", "TYPE": "주택", "F_SAT_YMD": "20220819 - 0000" }, "geometry": { "type": "Polygon", "coordinates": [ [ [ 959803.044371232390404, 1942733.240531843621284 ], [ 959817.054693052079529, 1942743.732398277614266 ], [ 959824.53884239285253, 1942733.716511235339567 ], [ 959810.518524824408814, 1942723.224697654368356 ], [ 959803.044371232390404, 1942733.240531843621284 ] ] ] } },
{ "type": "Feature", "properties": { "GU_NAM": "강남구", "F_SHIM": 0.2, "F_AREA": 193.6, "F_DISA_NM": "2022년 8.8. ~ 17. 호우(재난지원금)", "F_RSN_DTL": "침수", "TYPE": "주택", "F_SAT_YMD": "20220811 - 0000" }, "geometry": { "type": "Polygon", "coordinates": [ [ [ 959751.927812908776104, 1942624.541970854625106 ], [ 959762.345074177137576, 1942632.313887908589095 ], [ 959771.258590780082159, 1942620.39114507031627 ], [ 959760.851325687137432, 1942612.619175032246858 ], [ 959751.927812908776104, 1942624.541970854625106 ] ] ] } },
{ "type": "Feature", "properties": { "GU_NAM": "강남구", "F_SHIM": 0.2, "F_AREA": 193.7, "F_DISA_NM": "2022년 8.8. ~ 17. 호우(재난지원금)", "F_RSN_DTL": "침수", "TYPE": "주택", "F_SAT_YMD": "20220818 - 0000" }, "geometry": { "type": "Polygon", "coordinates": [ [ [ 959762.345074177137576, 1942632.313887908589095 ], [ 959772.752392338705249, 1942640.095853690989316 ], [ 959781.675851792679168, 1942628.163062013918534 ], [ 959771.258590780082159, 1942620.39114507031627 ], [ 959762.345074177137576, 1942632.313887908589095 ] ] ] } },
{ "type": "Feature", "properties": { "GU_NAM": "강남구", "F_SHIM": 0.2, "F_AREA": 187.43, "F_DISA_NM": "2022년 8.8. ~ 17. 호우(재난지원금)", "F_RSN_DTL": "침수", "TYPE": "주택", "F_SAT_YMD": "20220819 - 0000" }, "geometry": { "type": "Polygon", "coordinates": [ [ [ 959682.042971847229637, 1942688.548131965333596 ], [ 959684.317886444274336, 1942691.524968715617433 ], [ 959690.659277566126548, 1942699.788288683630526 ], [ 959701.152753090718761, 1942691.745723409112543 ], [ 959692.536447567981668, 1942680.505566742504016 ], [ 959682.042971847229637, 1942688.548131965333596 ] ] ] } },
{ "type": "Feature", "properties": { "GU_NAM": "강남구", "F_SHIM": 0.2, "F_AREA": 256.75, "F_DISA_NM": "2022년 8.8. ~ 17. 호우(재난지원금)", "F_RSN_DTL": "침수(도로범람유입)", "TYPE": "주택", "F_SAT_YMD": "20220817 - 0000" }, "geometry": { "type": "Polygon", "coordinates": [ [ [ 959791.524730299250223, 1942403.954875595169142 ], [ 959803.976099638734013, 1942414.534970344975591 ], [ 959814.078610648284666, 1942402.505973034305498 ], [ 959801.627294499892741, 1942391.93587421067059 ], [ 959791.524730299250223, 1942403.954875595169142 ] ] ] } },
{ "type": "Feature", "properties": { "GU_NAM": "강남구", "F_SHIM": 0.2, "F_AREA": 17741.39, "F_DISA_NM": "2022년 8.8. ~ 17. 호우(재난지원금)", "F_RSN_DTL": "침수", "TYPE": "주택", "F_SAT_YMD": "20220812 - 0905" }, "geometry": { "type": "Polygon", "coordinates": [ [ [ 960812.160063950694166, 1943187.145390327321365 ], [ 960839.371942836907692, 1943215.860465610167012 ], [ 960870.816885753301904, 1943247.342077629873529 ], [ 960876.432909392751753, 1943243.213881113799289 ], [ 960884.899839709396474, 1943237.571152731310576 ], [ 960901.040374376578256, 1943227.489446132909507 ], [ 960912.082505475147627, 1943221.123349326662719 ], [ 960905.580427122069523, 1943208.942367075942457 ], [ 960921.508036943036132, 1943200.181292781140655 ], [ 960928.089818143518642, 1943212.311871650861576 ], [ 960940.1128766736947, 1943206.190487418090925 ], [ 960936.369911058689468, 1943197.813461351208389 ], [ 960965.996527914889157, 1943186.060950257349759 ], [ 960989.743520805961452, 1943177.738294197944924 ], [ 961004.016577493399382, 1943173.664223476080224 ], [ 961005.274269339628518, 1943173.317691945005208 ], [ 961003.265104719554074, 1943165.781166798435152 ], [ 961013.67586305749137, 1943162.887110671028495 ], [ 961009.872840643627569, 1943146.943247308721766 ], [ 961031.035701875225641, 1943141.433223023777828 ], [ 961022.412567816092633, 1943098.694962337613106 ], [ 961018.698395338375121, 1943095.755740146385506 ], [ 961021.095249417237937, 1943093.443913582712412 ], [ 961016.371107121813111, 1943088.55077533214353 ], [ 961015.858507918543182, 1943088.023688551504165 ], [ 961015.09426307969261, 1943087.168058157665655 ], [ 960997.171480287797749, 1943109.914441152941436 ], [ 960946.982572701876052, 1943104.672249709954485 ], [ 960908.943293314194307, 1943109.661859538871795 ], [ 960904.881238222122192, 1943125.977244755020365 ], [ 960887.043308244319633, 1943140.206381964730099 ], [ 960834.948675472987816, 1943126.197579166386276 ], [ 960831.536692709894851, 1943133.133046227041632 ], [ 960827.49513014126569, 1943141.991125829983503 ], [ 960823.754187573329546, 1943150.987561211921275 ], [ 960820.323755119927227, 1943160.102307505905628 ], [ 960817.203832791303284, 1943169.33536470704712 ], [ 960814.404310705605894, 1943178.666687950724736 ], [ 960812.160063950694166, 1943187.145390327321365 ] ] ] } },
{ "type": "Feature", "properties": { "GU_NAM": "강남구", "F_SHIM": 0.2, "F_AREA": 246.55, "F_DISA_NM": "2022년 8.8. ~ 17. 호우(재난지원금)", "F_RSN_DTL": "침수", "TYPE": "주택", "F_SAT_YMD": "20220819 - 1535" }, "geometry": { "type": "Polygon", "coordinates": [ [ [ 959826.666052625863813, 1942740.892556763021275 ], [ 959841.06775198620744, 1942751.672242116881534 ], [ 959849.266583665041253, 1942740.702927215024829 ], [ 959834.854888586793095, 1942729.923294706968591 ], [ 959826.666052625863813, 1942740.892556763021275 ] ] ] } },
{ "type": "Feature", "properties": { "GU_NAM": "강남구", "F_SHIM": 0.2, "F_AREA": 246.55, "F_DISA_NM": "2022년 8.8. ~ 17. 호우(재난지원금)", "F_RSN_DTL": "침수", "TYPE": "주택", "F_SAT_YMD": "20220823 - 0000" }, "geometry": { "type": "Polygon", "coordinates": [ [ [ 959834.854888586793095, 1942729.923294706968591 ], [ 959849.266583665041253, 1942740.702927215024829 ], [ 959857.455419428180903, 1942729.733665429288521 ], [ 959843.053720578551292, 1942718.953979921760038 ], [ 959834.854888586793095, 1942729.923294706968591 ] ] ] } },
{ "type": "Feature", "properties": { "GU_NAM": "강남구", "F_SHIM": 0.2, "F_AREA": 195.03, "F_DISA_NM": "2022년 8.8. ~ 17. 호우(재난지원금)", "F_RSN_DTL": "침수(도로범람유입)", "TYPE": "주택", "F_SAT_YMD": "20220819 - 0000" }, "geometry": { "type": "Polygon", "coordinates": [ [ [ 960293.855143050430343, 1942273.413500004913658 ], [ 960305.45113147853408, 1942282.918524010106921 ], [ 960313.684873897000216, 1942272.878685253439471 ], [ 960302.088779839687049, 1942263.353669261094183 ], [ 960293.855143050430343, 1942273.413500004913658 ] ] ] } },
{ "type": "Feature", "properties": { "GU_NAM": "강남구", "F_SHIM": 0.2, "F_AREA": 268.68, "F_DISA_NM": "2022년 8.8. ~ 17. 호우(재난지원금)", "F_RSN_DTL": "침수(도로범람유입)", "TYPE": "주택", "F_SAT_YMD": "20220819 - 0000" }, "geometry": { "type": "Polygon", "coordinates": [ [ [ 960360.283293774817139, 1942256.997864668024704 ], [ 960374.69037673692219, 1942268.797140329843387 ], [ 960384.433192673139274, 1942258.68933614064008 ], [ 960369.152650555362925, 1942246.17495441948995 ], [ 960360.283293774817139, 1942256.997864668024704 ] ] ] } },
{ "type": "Feature", "properties": { "GU_NAM": "강남구", "F_SHIM": 0.2, "F_AREA": 210.0, "F_DISA_NM": "2022년 8.8. ~ 17. 호우(재난지원금)", "F_RSN_DTL": "침수(도로범람유입)", "TYPE": "주택", "F_SAT_YMD": "20220816 - 0000" }, "geometry": { "type": "Polygon", "coordinates": [ [ [ 960207.428383215796202, 1942020.53603079286404 ], [ 960218.271179889561608, 1942029.385293378261849 ], [ 960227.766212501213886, 1942017.789360223570839 ], [ 960216.933359105489217, 1942008.930048705078661 ], [ 960207.428383215796202, 1942020.53603079286404 ] ] ] } },
{ "type": "Feature", "properties": { "GU_NAM": "강남구", "F_SHIM": 0.2, "F_AREA": 209.99, "F_DISA_NM": "2022년 8.8. ~ 17. 호우(재난지원금)", "F_RSN_DTL": "침수(도로범람유입)", "TYPE": "주택", "F_SAT_YMD": "20220812 - 0000" }, "geometry": { "type": "Polygon", "coordinates": [ [ [ 960218.271179889561608, 1942029.385293378261849 ], [ 960229.104033466195688, 1942038.244604641804472 ], [ 960238.609114740160294, 1942026.65861458866857 ], [ 960227.766212501213886, 1942017.789360223570839 ], [ 960218.271179889561608, 1942029.385293378261849 ] ] ] } },
{ "type": "Feature", "properties": { "GU_NAM": "강남구", "F_SHIM": 0.2, "F_AREA": 239.73, "F_DISA_NM": "2022년 8.8. ~ 17. 호우(재난지원금)", "F_RSN_DTL": "침수", "TYPE": "주택", "F_SAT_YMD": "20220808 - 0600" }, "geometry": { "type": "Polygon", "coordinates": [ [ [ 960210.822797178174369, 1942202.889673420460895 ], [ 960201.337815622915514, 1942214.4955517295748 ], [ 960213.72671432455536, 1942224.60615124553442 ], [ 960223.201805489370599, 1942213.020317845977843 ], [ 960210.822797178174369, 1942202.889673420460895 ] ] ] } },
{ "type": "Feature", "properties": { "GU_NAM": "강남구", "F_SHIM": 0.2, "F_AREA": 265.17, "F_DISA_NM": "2022년 8.8. ~ 17. 호우(재난지원금)", "F_RSN_DTL": "침수(도로범람유입)", "TYPE": "주택", "F_SAT_YMD": "20220818 - 0000" }, "geometry": { "type": "Polygon", "coordinates": [ [ [ 960135.066392718115821, 1942107.566600532270968 ], [ 960125.213886482059024, 1942119.614259486319497 ], [ 960138.386069330386817, 1942130.400459778727964 ], [ 960148.238575288210995, 1942118.35280088102445 ], [ 960135.066392718115821, 1942107.566600532270968 ] ] ] } },
{ "type": "Feature", "properties": { "GU_NAM": "강남구", "F_SHIM": 0.2, "F_AREA": 265.28, "F_DISA_NM": "2022년 8.8. ~ 17. 호우(재난지원금)", "F_RSN_DTL": "침수(도로범람유입)", "TYPE": "주택", "F_SAT_YMD": "20220811 - 0000" }, "geometry": { "type": "Polygon", "coordinates": [ [ [ 960115.361380297341384, 1942131.661918703932315 ], [ 960128.53361634502653, 1942142.458114905515686 ], [ 960138.386069330386817, 1942130.400459778727964 ], [ 960125.213886482059024, 1942119.614259486319497 ], [ 960115.361380297341384, 1942131.661918703932315 ] ] ] } },
{ "type": "Feature", "properties": { "GU_NAM": "강남구", "F_SHIM": 0.2, "F_AREA": 258.46, "F_DISA_NM": "2022년 8.8. ~ 17. 호우(재난지원금)", "F_RSN_DTL": "침수(도로범람유입)", "TYPE": "주택", "F_SAT_YMD": "20220817 - 0000" }, "geometry": { "type": "Polygon", "coordinates": [ [ [ 960146.120052061975002, 1942133.588307718979195 ], [ 960158.107524253660813, 1942143.401146406074986 ], [ 960168.655250053736381, 1942130.500125920167193 ], [ 960156.667725221021101, 1942120.6772912053857 ], [ 960146.120052061975002, 1942133.588307718979195 ] ] ] } },
{ "type": "Feature", "properties": { "GU_NAM": "강남구", "F_SHIM": 0.2, "F_AREA": 258.68, "F_DISA_NM": "2022년 8.8. ~ 17. 호우(재난지원금)", "F_RSN_DTL": "침수(도로범람유입)", "TYPE": "주택", "F_SAT_YMD": "20220816 - 0000" }, "geometry": { "type": "Polygon", "coordinates": [ [ [ 960195.838690609904006, 1942131.185913429828361 ], [ 960185.290965130669065, 1942144.086933540645987 ], [ 960197.278542751679197, 1942153.919763617916033 ], [ 960207.836263930541463, 1942141.0186906484887 ], [ 960195.838690609904006, 1942131.185913429828361 ] ] ] } },
{ "type": "Feature", "properties": { "GU_NAM": "강남구", "F_SHIM": 0.2, "F_AREA": 264.36, "F_DISA_NM": "2022년 8.8. ~ 17. 호우(재난지원금)", "F_RSN_DTL": "침수(도로범람유입)", "TYPE": "주택", "F_SAT_YMD": "20220818 - 0000" }, "geometry": { "type": "Polygon", "coordinates": [ [ [ 960027.712610596674494, 1942131.356194976717234 ], [ 960040.864697201992385, 1942142.122510109329596 ], [ 960050.707313894527033, 1942130.0948946706485 ], [ 960037.555227568955161, 1942119.32857947750017 ], [ 960027.712610596674494, 1942131.356194976717234 ] ] ] } },
{ "type": "Feature", "properties": { "GU_NAM": "강남구", "F_SHIM": 0.2, "F_AREA": 258.2, "F_DISA_NM": "2022년 8.8. ~ 17. 호우(재난지원금)", "F_RSN_DTL": "침수(도로범람유입)", "TYPE": "주택", "F_SAT_YMD": "20220817 - 0000" }, "geometry": { "type": "Polygon", "coordinates": [ [ [ 960090.619808774790727, 1942225.917609377531335 ], [ 960102.587343631428666, 1942235.740549250273034 ], [ 960113.135068763047457, 1942222.83952693734318 ], [ 960101.167534178239293, 1942213.016587009420618 ], [ 960090.619808774790727, 1942225.917609377531335 ] ] ] } },
{ "type": "Feature", "properties": { "GU_NAM": "강남구", "F_SHIM": 0.2, "F_AREA": 108.19, "F_DISA_NM": "2022년 8.8. ~ 17. 호우(재난지원금)", "F_RSN_DTL": "침수(도로범람유입)", "TYPE": "주택", "F_SAT_YMD": "20220816 - 0000" }, "geometry": { "type": "Polygon", "coordinates": [ [ [ 959963.119669764651917, 1942107.347256697714329 ], [ 959972.426524503272958, 1942114.965115916216746 ], [ 959977.481826556380838, 1942108.770665971329436 ], [ 959978.117494418751448, 1942107.997589383739978 ], [ 959968.820688684121706, 1942100.389673201134428 ], [ 959963.119669764651917, 1942107.347256697714329 ] ] ] } },
{ "type": "Feature", "properties": { "GU_NAM": "강남구", "F_SHIM": 0.2, "F_AREA": 180.06, "F_DISA_NM": "2022년 8.8. ~ 17. 호우(재난지원금)", "F_RSN_DTL": "침수(도로범람유입)", "TYPE": "주택", "F_SAT_YMD": "20220808 - 2100" }, "geometry": { "type": "Polygon", "coordinates": [ [ [ 959930.214223328279331, 1942100.214185956399888 ], [ 959939.530756821623072, 1942107.772016756003723 ], [ 959941.109904111246578, 1942105.83438014658168 ], [ 959949.025738368858583, 1942096.166083306074142 ], [ 959939.719148122705519, 1942088.598203577566892 ], [ 959930.214223328279331, 1942100.214185956399888 ] ] ] } },
{ "type": "Feature", "properties": { "GU_NAM": "강남구", "F_SHIM": 0.2, "F_AREA": 179.95, "F_DISA_NM": "2022년 8.8. ~ 17. 호우(재난지원금)", "F_RSN_DTL": "침수(도로범람유입)", "TYPE": "주택", "F_SAT_YMD": "20220812 - 1039" }, "geometry": { "type": "Polygon", "coordinates": [ [ [ 959939.719148122705519, 1942088.598203577566892 ], [ 959949.025738368858583, 1942096.166083306074142 ], [ 959950.287025265279226, 1942094.609987048432231 ], [ 959958.510671075200662, 1942084.550207038875669 ], [ 959949.214076997013763, 1942076.982274351874366 ], [ 959939.719148122705519, 1942088.598203577566892 ] ] ] } },
{ "type": "Feature", "properties": { "GU_NAM": "강남구", "F_SHIM": 0.2, "F_AREA": 107.96, "F_DISA_NM": "2022년 8.8. ~ 17. 호우(재난지원금)", "F_RSN_DTL": "침수(도로범람유입)", "TYPE": "주택", "F_SAT_YMD": "20220816 - 0000" }, "geometry": { "type": "Polygon", "coordinates": [ [ [ 959943.315856649307534, 1942150.545944417594001 ], [ 959952.602561240782961, 1942158.133921270025894 ], [ 959958.29363678349182, 1942151.186386273475364 ], [ 959949.006826471188106, 1942143.578417446697131 ], [ 959943.941528523573652, 1942149.772920691408217 ], [ 959943.315856649307534, 1942150.545944417594001 ] ] ] } },
{ "type": "Feature", "properties": { "GU_NAM": "강남구", "F_SHIM": 0.2, "F_AREA": 258.08, "F_DISA_NM": "2022년 8.8. ~ 17. 호우(재난지원금)", "F_RSN_DTL": "침수(도로범람유입)", "TYPE": "주택", "F_SAT_YMD": "20220812 - 0000" }, "geometry": { "type": "Polygon", "coordinates": [ [ [ 960111.715312560671009, 1942200.125560905318707 ], [ 960123.682846870622598, 1942209.948500891216099 ], [ 960134.230625041062012, 1942197.057475138455629 ], [ 960122.263091003405862, 1942187.234535097144544 ], [ 960111.715312560671009, 1942200.125560905318707 ] ] ] } },
{ "type": "Feature", "properties": { "GU_NAM": "강남구", "F_SHIM": 0.2, "F_AREA": 258.08, "F_DISA_NM": "2022년 8.8. ~ 17. 호우(재난지원금)", "F_RSN_DTL": "침수(도로범람유입)", "TYPE": "주택", "F_SAT_YMD": "20220813 - 1335" }, "geometry": { "type": "Polygon", "coordinates": [ [ [ 960101.167534178239293, 1942213.016587009420618 ], [ 960113.135068763047457, 1942222.83952693734318 ], [ 960123.682846870622598, 1942209.948500891216099 ], [ 960111.715312560671009, 1942200.125560905318707 ], [ 960101.167534178239293, 1942213.016587009420618 ] ] ] } },
{ "type": "Feature", "properties": { "GU_NAM": "강남구", "F_SHIM": 0.2, "F_AREA": 265.62, "F_DISA_NM": "2022년 8.8. ~ 17. 호우(재난지원금)", "F_RSN_DTL": "침수(도로범람유입)", "TYPE": "주택", "F_SAT_YMD": "20220811 - 0000" }, "geometry": { "type": "Polygon", "coordinates": [ [ [ 959859.607960175024346, 1942067.600310916081071 ], [ 959872.700548839289695, 1942078.45691017457284 ], [ 959874.249920039204881, 1942076.55941612040624 ], [ 959882.592830526991747, 1942066.369052780559286 ], [ 959869.480356029001996, 1942055.53255124296993 ], [ 959859.607960175024346, 1942067.600310916081071 ] ] ] } },
{ "type": "Feature", "properties": { "GU_NAM": "강남구", "F_SHIM": 0.2, "F_AREA": 108.05, "F_DISA_NM": "2022년 8.8. ~ 17. 호우(재난지원금)", "F_RSN_DTL": "침수(도로범람유입)", "TYPE": "주택", "F_SAT_YMD": "20220812 - 0000" }, "geometry": { "type": "Polygon", "coordinates": [ [ [ 959954.707845204509795, 1942136.62083362066187 ], [ 959963.994602483930066, 1942144.218806494958699 ], [ 959969.685572230839171, 1942137.251279718941078 ], [ 959960.398815063410439, 1942129.653306821361184 ], [ 959955.333517084829509, 1942135.847809911007062 ], [ 959954.707845204509795, 1942136.62083362066187 ] ] ] } },
{ "type": "Feature", "properties": { "GU_NAM": "강남구", "F_SHIM": 0.2, "F_AREA": 108.19, "F_DISA_NM": "2022년 8.8. ~ 17. 호우(재난지원금)", "F_RSN_DTL": "침수(도로범람유입)", "TYPE": "주택", "F_SAT_YMD": "20220815 - 1553" }, "geometry": { "type": "Polygon", "coordinates": [ [ [ 959957.428699753014371, 1942114.314783340785652 ], [ 959966.73550169065129, 1942121.922646562801674 ], [ 959971.790856642997824, 1942115.738192512420937 ], [ 959972.426524503272958, 1942114.965115916216746 ], [ 959963.119669764651917, 1942107.347256697714329 ], [ 959957.428699753014371, 1942114.314783340785652 ] ] ] } },
{ "type": "Feature", "properties": { "GU_NAM": "강남구", "F_SHIM": 0.2, "F_AREA": 264.99, "F_DISA_NM": "2022년 8.8. ~ 17. 호우(재난지원금)", "F_RSN_DTL": "침수(도로범람유입)", "TYPE": "주택", "F_SAT_YMD": "20220824 - 0000" }, "geometry": { "type": "Polygon", "coordinates": [ [ [ 960174.496357236872427, 1942059.365865467349067 ], [ 960187.668485765694641, 1942070.142070078989491 ], [ 960195.514716904028319, 1942060.544118344085291 ], [ 960195.008558547240682, 1942055.568664462771267 ], [ 960184.577289488050155, 1942047.037103546783328 ], [ 960174.496357236872427, 1942059.365865467349067 ] ] ] } },
{ "type": "Feature", "properties": { "GU_NAM": "강남구", "F_SHIM": 0.2, "F_AREA": 284.17, "F_DISA_NM": "2022년 8.8. ~ 17. 호우(재난지원금)", "F_RSN_DTL": "침수(도로범람유입)", "TYPE": "주택", "F_SAT_YMD": "20220816 - 0000" }, "geometry": { "type": "Polygon", "coordinates": [ [ [ 960125.605869334773161, 1942008.603801946388558 ], [ 960139.139440437080339, 1942019.67798208608292 ], [ 960149.419023108202964, 1942007.108258503023535 ], [ 960135.885452306829393, 1941996.034078298835084 ], [ 960125.605869334773161, 1942008.603801946388558 ] ] ] } },
{ "type": "Feature", "properties": { "GU_NAM": "강남구", "F_SHIM": 0.2, "F_AREA": 273.0, "F_DISA_NM": "2022년 8.8. ~ 17. 호우(재난지원금)", "F_RSN_DTL": "침수(도로범람유입)", "TYPE": "주택", "F_SAT_YMD": "20220813 - 1333" }, "geometry": { "type": "Polygon", "coordinates": [ [ [ 960051.678783726412803, 1942034.135717864381149 ], [ 960065.252498862915672, 1942045.239674765150994 ], [ 960075.105059625231661, 1942033.202011783374473 ], [ 960061.541340754367411, 1942022.098001902690157 ], [ 960051.678783726412803, 1942034.135717864381149 ] ] ] } },
{ "type": "Feature", "properties": { "GU_NAM": "강남구", "F_SHIM": 0.2, "F_AREA": 272.75, "F_DISA_NM": "2022년 8.8. ~ 17. 호우(재난지원금)", "F_RSN_DTL": "침수(도로범람유입)", "TYPE": "주택", "F_SAT_YMD": "20220825 - 0000" }, "geometry": { "type": "Polygon", "coordinates": [ [ [ 960091.089028255664743, 1941985.985067223664373 ], [ 960104.662689318880439, 1941997.07902839500457 ], [ 960114.733733018045314, 1941984.770311068743467 ], [ 960103.900878601009026, 1941975.910998085979372 ], [ 960098.925423855893314, 1941976.417156023671851 ], [ 960091.089028255664743, 1941985.985067223664373 ] ] ] } },
{ "type": "Feature", "properties": { "GU_NAM": "강남구", "F_SHIM": 0.2, "F_AREA": 284.28, "F_DISA_NM": "2022년 8.8. ~ 17. 호우(재난지원금)", "F_RSN_DTL": "침수(도로범람유입)", "TYPE": "주택", "F_SAT_YMD": "20220811 - 0000" }, "geometry": { "type": "Polygon", "coordinates": [ [ [ 960094.7471817440819, 1942046.32307636924088 ], [ 960108.28075374965556, 1942057.397256324067712 ], [ 960118.570332216797397, 1942044.827478983439505 ], [ 960105.036760510294698, 1942033.753298967145383 ], [ 960094.7471817440819, 1942046.32307636924088 ] ] ] } },
{ "type": "Feature", "properties": { "GU_NAM": "강남구", "F_SHIM": 0.2, "F_AREA": 583.28, "F_DISA_NM": "2022년 8.8. ~ 17. 호우(재난지원금)", "F_RSN_DTL": "침수(도로범람유입)", "TYPE": "주택", "F_SAT_YMD": "20220811 - 0000" }, "geometry": { "type": "Polygon", "coordinates": [ [ [ 960107.69845945504494, 1942021.043968219542876 ], [ 960080.561132752103731, 1941998.855993415927514 ], [ 960070.033184395520948, 1942011.71692392998375 ], [ 960097.160568655934185, 1942033.914947490207851 ], [ 960107.69845945504494, 1942021.043968219542876 ] ] ] } },
{ "type": "Feature", "properties": { "GU_NAM": "강남구", "F_SHIM": 0.2, "F_AREA": 235.2, "F_DISA_NM": "2022년 8.8. ~ 17. 호우(재난지원금)", "F_RSN_DTL": "침수(도로범람유입)", "TYPE": "주택", "F_SAT_YMD": "20220811 - 0000" }, "geometry": { "type": "Polygon", "coordinates": [ [ [ 960075.105059625231661, 1942033.202011783374473 ], [ 960088.658729538554326, 1942044.296078278450295 ], [ 960097.160568655934185, 1942033.914947490207851 ], [ 960083.596903016907163, 1942022.820933862356469 ], [ 960075.105059625231661, 1942033.202011783374473 ] ] ] } },
{ "type": "Feature", "properties": { "GU_NAM": "강남구", "F_SHIM": 0.2, "F_AREA": 284.17, "F_DISA_NM": "2022년 8.8. ~ 17. 호우(재난지원금)", "F_RSN_DTL": "침수(도로범람유입)", "TYPE": "주택", "F_SAT_YMD": "20220812 - 0000" }, "geometry": { "type": "Polygon", "coordinates": [ [ [ 960105.036760510294698, 1942033.753298967145383 ], [ 960118.570332216797397, 1942044.827478983439505 ], [ 960128.849914768128656, 1942032.257754836697131 ], [ 960115.316343367332593, 1942021.183574760798365 ], [ 960105.036760510294698, 1942033.753298967145383 ] ] ] } },
{ "type": "Feature", "properties": { "GU_NAM": "강남구", "F_SHIM": 0.2, "F_AREA": 265.28, "F_DISA_NM": "2022년 8.8. ~ 17. 호우(재난지원금)", "F_RSN_DTL": "침수(도로범람유입)", "TYPE": "주택", "F_SAT_YMD": "20220812 - 0000" }, "geometry": { "type": "Polygon", "coordinates": [ [ [ 959889.235143867670558, 1942031.396979758748785 ], [ 959902.357402120367624, 1942042.193444594508037 ], [ 959903.906773345195688, 1942040.295950659317896 ], [ 959912.23968799773138, 1942030.105640888446942 ], [ 959899.107539880671538, 1942019.32922085816972 ], [ 959889.235143867670558, 1942031.396979758748785 ] ] ] } },
{ "type": "Feature", "properties": { "GU_NAM": "강남구", "F_SHIM": 0.2, "F_AREA": 265.36, "F_DISA_NM": "2022년 8.8. ~ 17. 호우(재난지원금)", "F_RSN_DTL": "침수(도로범람유입)", "TYPE": "주택", "F_SAT_YMD": "20220813 - 1217" }, "geometry": { "type": "Polygon", "coordinates": [ [ [ 959879.362747909501195, 1942043.464738914975896 ], [ 959892.475116295972839, 1942054.281248558312654 ], [ 959894.024487513932399, 1942052.383754581911489 ], [ 959902.357402120367624, 1942042.193444594508037 ], [ 959889.235143867670558, 1942031.396979758748785 ], [ 959879.362747909501195, 1942043.464738914975896 ] ] ] } },
{ "type": "Feature", "properties": { "GU_NAM": "강남구", "F_SHIM": 0.2, "F_AREA": 251.02, "F_DISA_NM": "2022년 8.8. ~ 17. 호우(재난지원금)", "F_RSN_DTL": "침수(도로범람유입)", "TYPE": "주택", "F_SAT_YMD": "20220808 - 2030" }, "geometry": { "type": "Polygon", "coordinates": [ [ [ 960032.732198772253469, 1942020.221266498090699 ], [ 960046.255722491536289, 1942031.28550451551564 ], [ 960055.353510704124346, 1942020.181488431058824 ], [ 960041.829987250268459, 1942009.117250358918682 ], [ 960032.732198772253469, 1942020.221266498090699 ] ] ] } },
{ "type": "Feature", "properties": { "GU_NAM": "강남구", "F_SHIM": 0.2, "F_AREA": 281.12, "F_DISA_NM": "2022년 8.8. ~ 17. 호우(재난지원금)", "F_RSN_DTL": "침수(도로범람유입)", "TYPE": "주택", "F_SAT_YMD": "20220816 - 0000" }, "geometry": { "type": "Polygon", "coordinates": [ [ [ 959982.446475208736956, 1941917.386095952475443 ], [ 959996.381579545210116, 1941928.778033754555508 ], [ 960006.263865916989744, 1941916.690232488559559 ], [ 959992.318818818312138, 1941905.308343513403088 ], [ 959982.446475208736956, 1941917.386095952475443 ] ] ] } },
{ "type": "Feature", "properties": { "GU_NAM": "강남구", "F_SHIM": 0.2, "F_AREA": 281.34, "F_DISA_NM": "2022년 8.8. ~ 17. 호우(재난지원금)", "F_RSN_DTL": "침수(도로범람유입)", "TYPE": "주택", "F_SAT_YMD": "20220812 - 0000" }, "geometry": { "type": "Polygon", "coordinates": [ [ [ 959996.381579545210116, 1941928.778033754555508 ], [ 960010.31673672166653, 1941940.179967183386907 ], [ 960020.199022798449732, 1941928.09216597978957 ], [ 960006.263865916989744, 1941916.690232488559559 ], [ 959996.381579545210116, 1941928.778033754555508 ] ] ] } },
{ "type": "Feature", "properties": { "GU_NAM": "강남구", "F_SHIM": 0.2, "F_AREA": 245.86, "F_DISA_NM": "2022년 8.8. ~ 17. 호우(재난지원금)", "F_RSN_DTL": "침수(도로범람유입)", "TYPE": "주택", "F_SAT_YMD": "20220816 - 1619" }, "geometry": { "type": "Polygon", "coordinates": [ [ [ 960232.082345940521918, 1942013.588079367065802 ], [ 960244.76250100787729, 1942023.957041980931535 ], [ 960254.287627160549164, 1942012.380942411487922 ], [ 960241.597423468250781, 1942002.002036690246314 ], [ 960232.082345940521918, 1942013.588079367065802 ] ] ] } },
{ "type": "Feature", "properties": { "GU_NAM": "강남구", "F_SHIM": 0.2, "F_AREA": 242.69, "F_DISA_NM": "2022년 8.8. ~ 17. 호우(재난지원금)", "F_RSN_DTL": "침수(도로범람유입)", "TYPE": "주택", "F_SAT_YMD": "20220817 - 0000" }, "geometry": { "type": "Polygon", "coordinates": [ [ [ 960567.12301361898426, 1941876.935144274262711 ], [ 960579.541944539407268, 1941887.055581600870937 ], [ 960581.271189467748627, 1941885.147140920627862 ], [ 960589.217960947542451, 1941875.658621368696913 ], [ 960576.627987654181197, 1941865.329168201191351 ], [ 960567.12301361898426, 1941876.935144274262711 ] ] ] } },
{ "type": "Feature", "properties": { "GU_NAM": "강남구", "F_SHIM": 0.2, "F_AREA": 172.49, "F_DISA_NM": "2022년 8.8. ~ 17. 호우(재난지원금)", "F_RSN_DTL": "침수(도로범람유입)", "TYPE": "주택", "F_SAT_YMD": "20220816 - 2021" }, "geometry": { "type": "Polygon", "coordinates": [ [ [ 960508.046514766756445, 1941829.97560416534543 ], [ 960516.941675053793006, 1941837.245772275608033 ], [ 960526.436654134187847, 1941825.639848882798105 ], [ 960517.541441116016358, 1941818.359684769297019 ], [ 960508.046514766756445, 1941829.97560416534543 ] ] ] } },
{ "type": "Feature", "properties": { "GU_NAM": "강남구", "F_SHIM": 0.2, "F_AREA": 267.09, "F_DISA_NM": "2022년 8.8. ~ 17. 호우(재난지원금)", "F_RSN_DTL": "침수(도로범람유입)", "TYPE": "주택", "F_SAT_YMD": "20220824 - 0000" }, "geometry": { "type": "Polygon", "coordinates": [ [ [ 960444.185089707258157, 1941747.754627585643902 ], [ 960456.554093951941468, 1941757.885328523116186 ], [ 960467.121654990362003, 1941744.954222864704207 ], [ 960454.752703942125663, 1941734.833517840830609 ], [ 960444.185089707258157, 1941747.754627585643902 ] ] ] } },
{ "type": "Feature", "properties": { "GU_NAM": "강남구", "F_SHIM": 0.2, "F_AREA": 169.15, "F_DISA_NM": "2022년 8.8. ~ 17. 호우(재난지원금)", "F_RSN_DTL": "침수(도로범람유입)", "TYPE": "주택", "F_SAT_YMD": "20220822 - 0000" }, "geometry": { "type": "Polygon", "coordinates": [ [ [ 960379.474946544854902, 1941752.585473778657615 ], [ 960379.971054281806573, 1941757.550983785884455 ], [ 960386.928580038947985, 1941763.242006439249963 ], [ 960395.787840590230189, 1941752.399162177694961 ], [ 960386.109501957660541, 1941744.473385425051674 ], [ 960379.474946544854902, 1941752.585473778657615 ] ] ] } },
{ "type": "Feature", "properties": { "GU_NAM": "강남구", "F_SHIM": 0.2, "F_AREA": 330.75, "F_DISA_NM": "2022년 8.8. ~ 17. 호우(재난지원금)", "F_RSN_DTL": "침수(도로범람유입)", "TYPE": "주택", "F_SAT_YMD": "20220819 - 0000" }, "geometry": { "type": "Polygon", "coordinates": [ [ [ 960548.016491837799549, 1941721.384709027828649 ], [ 960560.827168898424134, 1941731.862939948216081 ], [ 960573.470499884337187, 1941716.391797827323899 ], [ 960570.227727788966149, 1941713.74996082438156 ], [ 960560.659876084071584, 1941705.92356279771775 ], [ 960548.016491837799549, 1941721.384709027828649 ] ] ] } },
{ "type": "Feature", "properties": { "GU_NAM": "강남구", "F_SHIM": 0.2, "F_AREA": 270.08, "F_DISA_NM": "2022년 8.8. ~ 17. 호우(재난지원금)", "F_RSN_DTL": "침수(도로범람유입)", "TYPE": "주택", "F_SAT_YMD": "20220822 - 0000" }, "geometry": { "type": "Polygon", "coordinates": [ [ [ 960599.885686963563785, 1941794.782493567792699 ], [ 960608.23873569467105, 1941801.615696009946987 ], [ 960611.491609695600346, 1941804.277471616398543 ], [ 960622.893591298023239, 1941790.352322277380154 ], [ 960611.287668849574402, 1941780.857344171497971 ], [ 960599.885686963563785, 1941794.782493567792699 ] ] ] } },
{ "type": "Feature", "properties": { "GU_NAM": "강남구", "F_SHIM": 0.2, "F_AREA": 168.93, "F_DISA_NM": "2022년 8.8. ~ 17. 호우(재난지원금)", "F_RSN_DTL": "침수(도로범람유입)", "TYPE": "주택", "F_SAT_YMD": "20220816 - 0000" }, "geometry": { "type": "Polygon", "coordinates": [ [ [ 960305.954022658756003, 1941692.437349876621738 ], [ 960306.45013011386618, 1941697.402860317379236 ], [ 960313.38761120766867, 1941703.083993723383173 ], [ 960322.256869138916954, 1941692.241096256766468 ], [ 960312.588579123024829, 1941684.325261301361024 ], [ 960305.954022658756003, 1941692.437349876621738 ] ] ] } },
{ "type": "Feature", "properties": { "GU_NAM": "강남구", "F_SHIM": 0.2, "F_AREA": 230.09, "F_DISA_NM": "2022년 8.8. ~ 17. 호우(재난지원금)", "F_RSN_DTL": "침수(도로범람유입)", "TYPE": "주택", "F_SAT_YMD": "20220812 - 1720" }, "geometry": { "type": "Polygon", "coordinates": [ [ [ 960166.694849504157901, 1941692.174856944242492 ], [ 960167.191009949194267, 1941697.150364103494212 ], [ 960177.602178234723397, 1941705.662043033866212 ], [ 960186.401888913125731, 1941694.89948208979331 ], [ 960173.25985844573006, 1941684.143105290830135 ], [ 960166.694849504157901, 1941692.174856944242492 ] ] ] } },
{ "type": "Feature", "properties": { "GU_NAM": "강남구", "F_SHIM": 0.2, "F_AREA": 175.5, "F_DISA_NM": "2022년 8.8. ~ 17. 호우(재난지원금)", "F_RSN_DTL": "침수(도로범람유입)", "TYPE": "주택", "F_SAT_YMD": "20220812 - 0000" }, "geometry": { "type": "Polygon", "coordinates": [ [ [ 960281.643867046455853, 1941641.585150874685496 ], [ 960291.703640127554536, 1941649.808798117097467 ], [ 960300.245148271787912, 1941639.367485763970762 ], [ 960290.195318438927643, 1941631.133789602667093 ], [ 960281.643867046455853, 1941641.585150874685496 ] ] ] } },
{ "type": "Feature", "properties": { "GU_NAM": "강남구", "F_SHIM": 0.2, "F_AREA": 383.37, "F_DISA_NM": "2022년 8.8. ~ 17. 호우(재난지원금)", "F_RSN_DTL": "침수", "TYPE": "주택", "F_SAT_YMD": "20220830 - 1345" }, "geometry": { "type": "Polygon", "coordinates": [ [ [ 961306.215219428762794, 1946503.250979052390903 ], [ 961334.001818219432607, 1946510.241068200906739 ], [ 961339.514778838260099, 1946503.644328945782036 ], [ 961319.774327819934115, 1946487.065199067816138 ], [ 961306.215219428762794, 1946503.250979052390903 ] ] ] } },
{ "type": "Feature", "properties": { "GU_NAM": "강남구", "F_SHIM": 0.2, "F_AREA": 1454.34, "F_DISA_NM": "2022년 8.8. ~ 17. 호우(재난지원금)", "F_RSN_DTL": "침수", "TYPE": "주택", "F_SAT_YMD": "20220824 - 1550" }, "geometry": { "type": "Polygon", "coordinates": [ [ [ 961210.570509446435608, 1946584.247475802898407 ], [ 961242.014926481293514, 1946581.651780277257785 ], [ 961238.79207396809943, 1946535.606181634124368 ], [ 961207.477551207644865, 1946538.191191121703014 ], [ 961210.570509446435608, 1946584.247475802898407 ] ] ] } },
{ "type": "Feature", "properties": { "GU_NAM": "강남구", "F_SHIM": 0.2, "F_AREA": 288.5, "F_DISA_NM": "2022년 8.8. ~ 17. 호우(재난지원금)", "F_RSN_DTL": "침수", "TYPE": "주택", "F_SAT_YMD": "20220826 - 1706" }, "geometry": { "type": "Polygon", "coordinates": [ [ [ 961595.69967918144539, 1946456.724103375338018 ], [ 961615.035593906533904, 1946461.09996799333021 ], [ 961618.249215703224763, 1946446.918274362571537 ], [ 961598.913301110267639, 1946442.54240946075879 ], [ 961595.69967918144539, 1946456.724103375338018 ] ] ] } },
{ "type": "Feature", "properties": { "GU_NAM": "강남구", "F_SHIM": 0.2, "F_AREA": 955.85, "F_DISA_NM": "2022년 8.8. ~ 17. 호우(재난지원금)", "F_RSN_DTL": "침수", "TYPE": "주택", "F_SAT_YMD": "20220811 - 0000" }, "geometry": { "type": "Polygon", "coordinates": [ [ [ 961379.58332131349016, 1946634.502710152184591 ], [ 961404.357423541136086, 1946633.261860065395012 ], [ 961407.767308037029579, 1946618.389382242690772 ], [ 961411.157518627122045, 1946603.576986204367131 ], [ 961404.261617184616625, 1946601.974141370272264 ], [ 961396.958317738724872, 1946600.833282099338248 ], [ 961389.578069519833662, 1946600.262616130290553 ], [ 961381.52862165204715, 1946599.795458321226761 ], [ 961378.018797509255819, 1946603.352723791496828 ], [ 961379.58332131349016, 1946634.502710152184591 ] ] ] } },
{ "type": "Feature", "properties": { "GU_NAM": "강남구", "F_SHIM": 0.2, "F_AREA": 1401.5, "F_DISA_NM": "2022년 8.8. ~ 17. 호우(재난지원금)", "F_RSN_DTL": "침수", "TYPE": "주택", "F_SAT_YMD": "20220822 - 1350" }, "geometry": { "type": "Polygon", "coordinates": [ [ [ 961220.864244668977335, 1946634.73392576049082 ], [ 961221.520260554272681, 1946639.688585056224838 ], [ 961253.160329259699211, 1946653.265767444623634 ], [ 961257.808754107449204, 1946651.411825358867645 ], [ 961269.875198861584067, 1946623.298440919956192 ], [ 961269.851808918407187, 1946607.564483249094337 ], [ 961264.296593419858254, 1946600.526576208649203 ], [ 961220.864244668977335, 1946634.73392576049082 ] ] ] } },
{ "type": "Feature", "properties": { "GU_NAM": "강남구", "F_SHIM": 0.2, "F_AREA": 249.07, "F_DISA_NM": "2022년 8.8. ~ 17. 호우(재난지원금)", "F_RSN_DTL": "침수", "TYPE": "주택", "F_SAT_YMD": "20220816 - 0000" }, "geometry": { "type": "Polygon", "coordinates": [ [ [ 960740.253381885238923, 1946687.28170487517491 ], [ 960749.240371246938594, 1946698.669790901709348 ], [ 960751.031782141304575, 1946700.949439051328227 ], [ 960760.618014072999358, 1946693.371472083730623 ], [ 960759.38014183670748, 1946691.798624360701069 ], [ 960761.20193542225752, 1946690.379500715760514 ], [ 960751.791090390062891, 1946678.233945949934423 ], [ 960740.253381885238923, 1946687.28170487517491 ] ] ] } },
{ "type": "Feature", "properties": { "GU_NAM": "강남구", "F_SHIM": 0.2, "F_AREA": 303.61, "F_DISA_NM": "2022년 8.8. ~ 17. 호우(재난지원금)", "F_RSN_DTL": "침수", "TYPE": "주택", "F_SAT_YMD": "20220816 - 0000" }, "geometry": { "type": "Polygon", "coordinates": [ [ [ 960673.09991367708426, 1945944.166704054921865 ], [ 960683.830841260612942, 1945946.988772235577926 ], [ 960688.105500835226849, 1945944.397090481827036 ], [ 960692.09102152637206, 1945926.852556306868792 ], [ 960678.487385902437381, 1945923.315981023479253 ], [ 960673.09991367708426, 1945944.166704054921865 ] ] ] } },
{ "type": "Feature", "properties": { "GU_NAM": "강남구", "F_SHIM": 0.2, "F_AREA": 176.39, "F_DISA_NM": "2022년 8.8. ~ 17. 호우(재난지원금)", "F_RSN_DTL": "침수", "TYPE": "주택", "F_SAT_YMD": "20220816 - 0000" }, "geometry": { "type": "Polygon", "coordinates": [ [ [ 960392.745348376454785, 1945863.07296199654229 ], [ 960400.84641135041602, 1945869.507614109665155 ], [ 960412.284293101052754, 1945854.822506370488554 ], [ 960402.576275006635115, 1945850.735489770770073 ], [ 960392.745348376454785, 1945863.07296199654229 ] ] ] } },
{ "type": "Feature", "properties": { "GU_NAM": "강남구", "F_SHIM": 0.2, "F_AREA": 169.76, "F_DISA_NM": "2022년 8.8. ~ 17. 호우(재난지원금)", "F_RSN_DTL": "침수", "TYPE": "주택", "F_SAT_YMD": "20220809 - 0700" }, "geometry": { "type": "Polygon", "coordinates": [ [ [ 960487.415934689925052, 1945788.749126224080101 ], [ 960500.945230769226328, 1945795.234991272212937 ], [ 960506.058589720050804, 1945783.022475801641122 ], [ 960497.142107864492573, 1945779.281134258024395 ], [ 960494.24719572707545, 1945780.036192903760821 ], [ 960487.415934689925052, 1945788.749126224080101 ] ] ] } }
]
}
