{
"type": "FeatureCollection",
"name": "sancheong_gun_dong_5179",
"crs": { "type": "name", "properties": { "name": "urn:ogc:def:crs:EPSG::5179" } },
"features": [
{ "type": "Feature", "properties": { "BASE_DATE": "20250630", "ADM_CD": "38570110", "ADM_NM": "산청읍" }, "geometry": { "type": "Polygon", "coordinates": [ [ [ 1036887.032999998889863, 1718256.572900000493973 ], [ 1036891.850399999762885, 1718252.928299999330193 ], [ 1036984.169400000362657, 1718267.476300000213087 ], [ 1037012.063400000915863, 1718281.51410000026226 ], [ 1037041.774, 1718285.151300000259653 ], [ 1037114.448600000236183, 1718270.097300000488758 ], [ 1037146.294399999664165, 1718275.709899999201298 ], [ 1037144.137000000220723, 1718221.577700000721961 ], [ 1037220.777199999662116, 1718197.5285 ], [ 1037270.239399999263696, 1718179.278300000354648 ], [ 1037272.020799999707378, 1718177.743899998720735 ], [ 1037305.220800001290627, 1718162.156499999109656 ], [ 1037342.349800000200048, 1718137.613300000317395 ], [ 1037338.055999999050982, 1718096.073100000619888 ], [ 1037335.019999998738058, 1718074.606300001265481 ], [ 1037352.273600000306033, 1718045.431700001005083 ], [ 1037359.385199999669567, 1718033.689300000667572 ], [ 1037361.4491, 1718030.286699999822304 ], [ 1037393.2562, 1718022.523099998943508 ], [ 1037406.418999998830259, 1718022.298700000625104 ], [ 1037428.441599998855963, 1718022.278499999782071 ], [ 1037432.222800000454299, 1718020.877100000390783 ], [ 1037461.8448, 1717998.599899999564514 ], [ 1037514.401200000429526, 1717981.914100000401959 ], [ 1037541.609999999636784, 1717981.3550999998115 ], [ 1037563.039200000814162, 1717984.167699999874458 ], [ 1037581.594999999506399, 1717986.603700001724064 ], [ 1037628.69559999986086, 1717931.223300000885502 ], [ 1037640.87700000021141, 1717928.093699999386445 ], [ 1037692.97759999986738, 1717914.7083 ], [ 1037691.7512, 1717900.653899999102578 ], [ 1037691.753300000331365, 1717900.557600000640377 ], [ 1037692.0153999987524, 1717888.469200000632554 ], [ 1037692.095799999544397, 1717884.761500000255182 ], [ 1037703.789499999140389, 1717875.54759999900125 ], [ 1037723.082200000411831, 1717860.346499999752268 ], [ 1037726.626899998635054, 1717852.545800001360476 ], [ 1037732.2056, 1717840.269499998772517 ], [ 1037792.28, 1717799.095100000267848 ], [ 1037797.998600000631995, 1717798.132599999662489 ], [ 1037797.987200001138262, 1717785.772399999666959 ], [ 1037792.7488, 1717782.261499998392537 ], [ 1037787.500800000620075, 1717779.38050000090152 ], [ 1037783.308200000785291, 1717780.089999999618158 ], [ 1037778.3322, 1717774.890699999174103 ], [ 1037766.951800000621006, 1717772.165999999269843 ], [ 1037766.319400001433678, 1717772.014599999878556 ], [ 1037762.946000000229105, 1717753.248199999565259 ], [ 1037767.630199999199249, 1717742.617599999066442 ], [ 1037766.726400000508875, 1717735.847299999557436 ], [ 1037765.490200000465848, 1717730.130100001115352 ], [ 1037763.346200000611134, 1717723.202299999073148 ], [ 1037776.279400001396425, 1717717.106700000353158 ], [ 1037775.628999999258667, 1717711.033600000664592 ], [ 1037772.022199999308214, 1717702.008300001733005 ], [ 1037776.697600000537932, 1717669.440400001592934 ], [ 1037777.373400000738911, 1717664.7282 ], [ 1037777.530799999833107, 1717663.634 ], [ 1037792.339800000656396, 1717615.64839999913238 ], [ 1037803.1973, 1717600.987600000575185 ], [ 1037812.985400000354275, 1717587.770899998256937 ], [ 1037813.78259999922011, 1717586.694499999051914 ], [ 1037800.815100000589155, 1717553.340900000184774 ], [ 1037799.719599999720231, 1717550.523099999642 ], [ 1037798.649599999422207, 1717546.5193000016734 ], [ 1037797.429399998742156, 1717541.953699999721721 ], [ 1037792.743999999016523, 1717524.426299998769537 ], [ 1037792.300800000783056, 1717522.7703 ], [ 1037771.39480000094045, 1717498.061799999792129 ], [ 1037763.838000001152977, 1717489.130500000435859 ], [ 1037761.329300001380034, 1717474.877599999541417 ], [ 1037760.588899999158457, 1717470.670999999158084 ], [ 1037757.500200000125915, 1717453.122099998639897 ], [ 1037756.037799999467097, 1717444.814300001133233 ], [ 1037762.772199998958968, 1717427.648099999642 ], [ 1037773.787200000369921, 1717399.570699999807402 ], [ 1037761.625000000582077, 1717353.630100001115352 ], [ 1037760.431000000913627, 1717336.899800001410767 ], [ 1037760.067400000989437, 1717331.798000000882894 ], [ 1037748.314399998751469, 1717299.832000000169501 ], [ 1037748.141200001002289, 1717299.3613 ], [ 1037750.00820000062231, 1717289.427500000456348 ], [ 1037748.7224, 1717272.125999998766929 ], [ 1037743.840400001150556, 1717256.256899998756126 ], [ 1037762.205600001034327, 1717215.557800000533462 ], [ 1037763.230600000475533, 1717207.889699999708682 ], [ 1037764.357200000202283, 1717199.461399999679998 ], [ 1037765.529199999873526, 1717191.650099999736995 ], [ 1037766.139399999752641, 1717169.722299999557436 ], [ 1037817.347199999028817, 1717148.03669999842532 ], [ 1037825.670900001190603, 1717146.395199999213219 ], [ 1037840.152999999467283, 1717143.539500000420958 ], [ 1037846.502800000132993, 1717104.646400001598522 ], [ 1037858.98, 1717069.010799999115989 ], [ 1037843.0428, 1717040.406600000336766 ], [ 1037830.328599999193102, 1717017.587100000586361 ], [ 1037836.319599999580532, 1716998.7136 ], [ 1037849.732999999658205, 1716979.035000000381842 ], [ 1037859.707200000993907, 1716957.015699999872595 ], [ 1037873.049000000231899, 1716933.6161999986507 ], [ 1037881.087000000639819, 1716918.183399999048561 ], [ 1037884.569999999715947, 1716911.49620000156574 ], [ 1037880.469999999506399, 1716893.588799999561161 ], [ 1037879.802000001305714, 1716890.670800000196323 ], [ 1037869.146200000774115, 1716875.261800000444055 ], [ 1037866.951999998884276, 1716869.083599999547005 ], [ 1037872.679399998742156, 1716861.137400000356138 ], [ 1037891.150400000740774, 1716835.5110999988392 ], [ 1037912.1204, 1716802.998700000811368 ], [ 1037921.563400000683032, 1716788.358199999667704 ], [ 1037927.649200000334531, 1716767.17339999973774 ], [ 1037939.248400000506081, 1716726.79619999974966 ], [ 1037950.566400000825524, 1716686.2349 ], [ 1037951.574400000739843, 1716665.742200001142919 ], [ 1037960.3676, 1716648.2785 ], [ 1037963.271800000802614, 1716642.5108 ], [ 1037971.650600000284612, 1716605.61759999836795 ], [ 1037970.057, 1716591.284299999475479 ], [ 1037968.986400000285357, 1716572.252400000579655 ], [ 1037970.475399999530055, 1716496.510800001211464 ], [ 1037968.480199999292381, 1716488.195599999045953 ], [ 1037965.460199998808093, 1716475.608800001209602 ], [ 1037950.899600000237115, 1716414.924400000367314 ], [ 1037951.05640000058338, 1716409.7569 ], [ 1037958.090999999898486, 1716411.955399999162182 ], [ 1037971.423200000892393, 1716416.12209999980405 ], [ 1037998.863699999288656, 1716417.295700001530349 ], [ 1038069.963000001385808, 1716420.336700000334531 ], [ 1038107.0942, 1716407.522299998672679 ], [ 1038110.125199999078177, 1716405.658500000834465 ], [ 1038112.331599999568425, 1716404.301300000399351 ], [ 1038120.174799999338575, 1716397.523800000548363 ], [ 1038132.2624, 1716391.990500001236796 ], [ 1038135.899199999053963, 1716390.325599999399856 ], [ 1038143.877799999783747, 1716384.067500000819564 ], [ 1038155.630800001439638, 1716371.249899999704212 ], [ 1038208.4124, 1716330.233499999390915 ], [ 1038252.022899999283254, 1716297.929199999663979 ], [ 1038274.36139999947045, 1716281.381999999284744 ], [ 1038299.985000000102445, 1716267.609999999636784 ], [ 1038310.710400000447407, 1716262.514300000388175 ], [ 1038328.28940000012517, 1716244.7336 ], [ 1038336.555799999041483, 1716229.101199998985976 ], [ 1038350.480399999651127, 1716230.508299999171868 ], [ 1038354.2203, 1716232.604800001252443 ], [ 1038364.152799999457784, 1716238.17259999900125 ], [ 1038410.579999999026768, 1716267.812599999364465 ], [ 1038428.711799999233335, 1716272.986900000832975 ], [ 1038429.478100000531413, 1716272.9561 ], [ 1038451.6914, 1716272.064300001133233 ], [ 1038504.5794, 1716253.507899999152869 ], [ 1038533.910100000794046, 1716271.83170000044629 ], [ 1038535.8886, 1716273.06760000041686 ], [ 1038578.810300000826828, 1716279.749000000534579 ], [ 1038583.97220000019297, 1716280.552500000456348 ], [ 1038586.080200000200421, 1716281.5419 ], [ 1038609.432799999485724, 1716292.502399998949841 ], [ 1038616.7452, 1716297.219499998725951 ], [ 1038672.808399999863468, 1716316.06470000045374 ], [ 1038739.110800000140443, 1716328.919099999591708 ], [ 1038759.817200000979938, 1716310.491100001847371 ], [ 1038846.876, 1716297.090700001455843 ], [ 1038894.214599998667836, 1716289.804199999198318 ], [ 1038918.06279999925755, 1716299.6598 ], [ 1038961.803399999043904, 1716317.735999998403713 ], [ 1038985.922000000951812, 1716333.12529999949038 ], [ 1038964.406000001356006, 1716284.1977 ], [ 1038954.236600001575425, 1716260.204099999042228 ], [ 1038970.488000000128523, 1716232.648699999786913 ], [ 1038999.418999999412335, 1716204.3956 ], [ 1038980.84259999950882, 1716151.720599999185652 ], [ 1038981.436200000811368, 1716120.584299999056384 ], [ 1038985.454199998406693, 1716108.862299999687821 ], [ 1038994.431399999302812, 1716077.03669999842532 ], [ 1038998.824799999827519, 1716035.7397 ], [ 1039037.160999999265186, 1715944.197399999480695 ], [ 1039038.150799998897128, 1715917.103900000685826 ], [ 1039098.253799999714829, 1715877.82979999948293 ], [ 1039094.771200001006946, 1715825.684499999508262 ], [ 1039093.216599999112077, 1715768.543700000504032 ], [ 1039096.180200000992045, 1715743.169400000246242 ], [ 1039098.268799998797476, 1715727.64310000045225 ], [ 1039118.484800000791438, 1715657.782199999084696 ], [ 1039117.193200000328943, 1715609.773099999409169 ], [ 1039158.357800000114366, 1715581.757299999007955 ], [ 1039188.567199999699369, 1715551.910700002452359 ], [ 1039235.117000000784174, 1715497.900600001215935 ], [ 1039251.643999999272637, 1715478.824100001249462 ], [ 1039278.098799998871982, 1715461.177700000582263 ], [ 1039279.786199999856763, 1715460.606399998534471 ], [ 1039345.257200000807643, 1715422.849400001112372 ], [ 1039376.221399999340065, 1715385.295499999076128 ], [ 1039387.630399999208748, 1715369.27750000054948 ], [ 1039405.877999999560416, 1715334.641300001181662 ], [ 1039398.888000000384636, 1715310.00599999865517 ], [ 1039439.2368, 1715264.328400002326816 ], [ 1039484.537799999350682, 1715266.900599998654798 ], [ 1039514.554399999440648, 1715282.235999999567866 ], [ 1039565.202800001134165, 1715293.531199998920783 ], [ 1039723.271600000676699, 1715293.292699999175966 ], [ 1039809.255, 1715280.266700000502169 ], [ 1039811.70060000102967, 1715213.4513 ], [ 1039834.222799999057315, 1715141.4132999998983 ], [ 1039852.166800000239164, 1715084.019099999219179 ], [ 1039856.877399999764748, 1715041.715500001097098 ], [ 1039864.019, 1714977.578500001225621 ], [ 1039866.712599999387749, 1714906.597899999702349 ], [ 1039866.270799999823794, 1714841.407299998449162 ], [ 1039870.148400001344271, 1714812.161299998871982 ], [ 1039872.213999999104999, 1714795.365299999248236 ], [ 1039873.195999999414198, 1714787.381300000473857 ], [ 1039882.628199999569915, 1714756.170299999415874 ], [ 1039931.644600000116043, 1714712.98589999973774 ], [ 1039963.534599999315105, 1714693.118099999846891 ], [ 1039995.87220000103116, 1714678.804999999003485 ], [ 1040026.194600000279024, 1714665.383899999316782 ], [ 1040037.2194, 1714654.946299999486655 ], [ 1040080.43120000034105, 1714614.035900000249967 ], [ 1040083.659, 1714592.648800000548363 ], [ 1040085.233600000152364, 1714582.216499999165535 ], [ 1040080.121299999882467, 1714566.624899999238551 ], [ 1040068.036799999768846, 1714529.76850000070408 ], [ 1040066.000000000349246, 1714501.0843 ], [ 1040053.277600000379607, 1714451.47330000018701 ], [ 1040052.053200000547804, 1714435.649399999529123 ], [ 1040049.715999999199994, 1714405.444700000341982 ], [ 1040060.2742000001017, 1714348.187899998854846 ], [ 1040064.724200000986457, 1714317.077900002012029 ], [ 1040073.1436, 1714298.3351 ], [ 1040075.577599999611266, 1714232.754100000252947 ], [ 1040069.2654, 1714178.591100001707673 ], [ 1040066.973600000492297, 1714158.834899999666959 ], [ 1040067.041599999414757, 1714142.37610000022687 ], [ 1040067.208999999100342, 1714101.843100000405684 ], [ 1040071.668800000217743, 1714045.13469999958761 ], [ 1040070.862400000332855, 1714029.902099999831989 ], [ 1040069.151600000914186, 1713959.214299999177456 ], [ 1040031.291800000704825, 1713813.068099999334663 ], [ 1040057.414200000464916, 1713704.567099998239428 ], [ 1040061.670599999371916, 1713701.82899999897927 ], [ 1040139.264599999412894, 1713651.912900001043454 ], [ 1040185.151600000681356, 1713632.542499999515712 ], [ 1040219.7096, 1713611.710700000170618 ], [ 1040266.00279999896884, 1713618.595099999802187 ], [ 1040335.14480000094045, 1713574.814699998823926 ], [ 1040462.757000000216067, 1713525.527699999511242 ], [ 1040491.993199999327771, 1713493.158099999418482 ], [ 1040564.236999999033287, 1713474.974300000118092 ], [ 1040589.707599999266677, 1713454.265300000784919 ], [ 1040639.049000000115484, 1713425.360900000203401 ], [ 1040702.123400000506081, 1713385.670099999755621 ], [ 1040747.619800000102259, 1713368.724300000350922 ], [ 1040794.529199998942204, 1713357.645899998955429 ], [ 1040836.479799999506213, 1713362.825799999525771 ], [ 1040975.049599998630583, 1713333.702299999073148 ], [ 1041027.554399999440648, 1713316.2887 ], [ 1041061.6388, 1713300.477899999823421 ], [ 1041137.141200000536628, 1713225.418099997797981 ], [ 1041178.6312000004109, 1713198.126299999654293 ], [ 1041224.369000000297092, 1713194.572299999650568 ], [ 1041278.903799999388866, 1713181.506100001046434 ], [ 1041300.286000000312924, 1713170.238499999744818 ], [ 1041321.906199998920783, 1713159.009700000286102 ], [ 1041368.484199999598786, 1713144.853300001472235 ], [ 1041402.279200000455603, 1713125.777900000102818 ], [ 1041402.91950000077486, 1713125.311499999836087 ], [ 1041434.196199999423698, 1713102.5315 ], [ 1041479.45740000042133, 1713051.844700000248849 ], [ 1041516.049300000770018, 1712998.982499999692664 ], [ 1041522.102799999760464, 1712990.237299998058006 ], [ 1041514.7202, 1712979.721500000217929 ], [ 1041462.655399999464862, 1712941.238100000424311 ], [ 1041390.751599999610335, 1712860.1184 ], [ 1041348.858599998988211, 1712822.748100001132116 ], [ 1041334.414800001075491, 1712803.017100002383813 ], [ 1041310.366200000513345, 1712793.736999998800457 ], [ 1041285.901799999410287, 1712784.296499999240041 ], [ 1041239.527800000505522, 1712734.209700000938028 ], [ 1041218.6963, 1712708.11710000038147 ], [ 1041191.250199998961762, 1712673.739299999549985 ], [ 1041186.955799999763258, 1712643.330100000603124 ], [ 1041176.00400000042282, 1712592.575800001854077 ], [ 1041174.81759999867063, 1712587.077500000130385 ], [ 1041170.7536, 1712568.243699999526143 ], [ 1041168.073199999402277, 1712567.083499998785555 ], [ 1041121.351799999829382, 1712546.860900001600385 ], [ 1041098.6164, 1712536.57630000053905 ], [ 1041003.852599999285303, 1712474.9359 ], [ 1040974.4234, 1712442.441400000592694 ], [ 1040973.135800000862218, 1712439.355699999257922 ], [ 1040940.501000000280328, 1712361.152100000530481 ], [ 1040921.507800000952557, 1712322.47569999913685 ], [ 1040900.22819999861531, 1712279.143499999539927 ], [ 1040893.785999999847263, 1712253.153899999801069 ], [ 1040881.241799999843352, 1712206.954700001049787 ], [ 1040857.781399999395944, 1712168.419899999164045 ], [ 1040844.966599999344908, 1712159.35869999951683 ], [ 1040841.481200001202524, 1712157.540100001264364 ], [ 1040838.618599998997524, 1712150.246900000609457 ], [ 1040835.2254, 1712144.92850000038743 ], [ 1040836.416199999512173, 1712142.009299999568611 ], [ 1040838.268400000291876, 1712137.468699999619275 ], [ 1040835.05140000092797, 1712135.970699998782948 ], [ 1040832.018800000543706, 1712130.637299999594688 ], [ 1040830.5682, 1712124.631499999435619 ], [ 1040830.199799998663366, 1712118.957100000232458 ], [ 1040829.950199999613687, 1712113.676699999254197 ], [ 1040828.276999999303371, 1712110.906500000273809 ], [ 1040826.662399999331683, 1712108.232699999352917 ], [ 1040824.927999999723397, 1712104.448300001211464 ], [ 1040823.675399999134243, 1712101.807000000728294 ], [ 1040821.502999999444, 1712092.817900000838563 ], [ 1040825.9958, 1712094.394500002264977 ], [ 1040835.745999999460764, 1712082.70369999948889 ], [ 1040833.997399999061599, 1712080.06789999967441 ], [ 1040837.497000001370907, 1712076.785299997776747 ], [ 1040839.104399998788722, 1712078.676899999380112 ], [ 1040841.114400001126342, 1712076.2667 ], [ 1040841.565599999856204, 1712075.710699999239296 ], [ 1040841.52300000062678, 1712074.245700000785291 ], [ 1040846.448799999896437, 1712068.763099998701364 ], [ 1040839.858999999240041, 1712058.5992999994196 ], [ 1040837.319200000958517, 1712050.704899999778718 ], [ 1040836.417600000393577, 1712045.525699999416247 ], [ 1040836.318599999533035, 1712039.572899998864159 ], [ 1040832.946399999433197, 1712034.2675 ], [ 1040829.815399999497458, 1712032.990700001362711 ], [ 1040828.301999999093823, 1712027.2273 ], [ 1040827.426199999288656, 1712014.277499999850988 ], [ 1040824.4392, 1712013.236200001556426 ], [ 1040823.943199999863282, 1712012.738100001355633 ], [ 1040822.121599999140017, 1712010.90889999922365 ], [ 1040826.876599999493919, 1712004.111499999882653 ], [ 1040827.861400000168942, 1712002.7037 ], [ 1040831.225800001062453, 1711997.894100000616163 ], [ 1040839.126199998776428, 1711993.559100000187755 ], [ 1040841.1626, 1711991.0321 ], [ 1040846.765999999595806, 1711985.4983 ], [ 1040848.546199998934753, 1711980.550699998624623 ], [ 1040851.944800000404939, 1711981.7578999993857 ], [ 1040853.878799999831244, 1711980.859499999787658 ], [ 1040855.07500000053551, 1711980.303900001570582 ], [ 1040855.963199999881908, 1711979.8137 ], [ 1040859.229799998924136, 1711975.697100001387298 ], [ 1040862.605600000708364, 1711971.194100000197068 ], [ 1040862.405800000298768, 1711970.031700002262369 ], [ 1040861.682599999709055, 1711967.368500000331551 ], [ 1040863.279800000484101, 1711966.030700000235811 ], [ 1040868.471000000834465, 1711969.852300001075491 ], [ 1040877.57380000106059, 1711960.260099999140948 ], [ 1040876.703399999300018, 1711958.215299998410046 ], [ 1040880.577799999737181, 1711956.835100000957027 ], [ 1040886.7516, 1711954.577099999878556 ], [ 1040888.921399999177083, 1711951.557500000111759 ], [ 1040895.457999999402091, 1711952.892100000986829 ], [ 1040899.776199999381788, 1711948.185300000710413 ], [ 1040902.847799998708069, 1711938.057499998249114 ], [ 1040905.193799998960458, 1711936.708500000182539 ], [ 1040897.623399999458343, 1711931.545099999057129 ], [ 1040884.46799999976065, 1711931.040499999653548 ], [ 1040879.872999999672174, 1711926.082100000232458 ], [ 1040878.416799999540672, 1711925.486700000241399 ], [ 1040878.576400000485592, 1711924.862099999096245 ], [ 1040880.208600000594743, 1711918.471899998839945 ], [ 1040882.474599999608472, 1711912.152299999259412 ], [ 1040883.457600001012906, 1711906.4821 ], [ 1040886.595599999302067, 1711901.426699999719858 ], [ 1040885.794599998742342, 1711896.809699998702854 ], [ 1040887.668200001236983, 1711889.167899999301881 ], [ 1040893.547799998894334, 1711884.479499999433756 ], [ 1040893.361399999121204, 1711881.59770000143908 ], [ 1040891.466199999558739, 1711879.7761 ], [ 1040892.787799999816343, 1711877.044700001366436 ], [ 1040893.5162, 1711873.024900002870709 ], [ 1040895.817399999243207, 1711871.721899999771267 ], [ 1040896.569999999599531, 1711816.185900001088157 ], [ 1040904.861999998800457, 1711752.069700001273304 ], [ 1040907.3688, 1711732.438299999572337 ], [ 1040910.0234, 1711710.423099999548867 ], [ 1040911.511000000289641, 1711696.191099999472499 ], [ 1040900.216199998627417, 1711641.844300001859665 ], [ 1040891.008000001311302, 1711624.875700000673532 ], [ 1040862.58600000012666, 1711593.841499998932704 ], [ 1040860.805599999497645, 1711591.89729999890551 ], [ 1040852.122000000439584, 1711572.731899997452274 ], [ 1040854.217400000896305, 1711565.24529999983497 ], [ 1040858.0701999993762, 1711551.478900000220165 ], [ 1040858.33820000034757, 1711548.163199999602512 ], [ 1040858.75620000064373, 1711515.261299999896437 ], [ 1040856.414999999338761, 1711485.865700001362711 ], [ 1040843.962200000532903, 1711485.563700000522658 ], [ 1040824.861400000285357, 1711484.789499999722466 ], [ 1040746.990399999427609, 1711481.633599999593571 ], [ 1040692.76620000123512, 1711486.125700000906363 ], [ 1040676.362199999159202, 1711485.582699998514727 ], [ 1040651.399599999771453, 1711481.784299999242648 ], [ 1040599.316199999302626, 1711398.371700000250712 ], [ 1040593.625799999455921, 1711394.222300000954419 ], [ 1040573.43959999922663, 1711379.616900001186877 ], [ 1040555.433199999621138, 1711319.581499999389052 ], [ 1040566.225200001033954, 1711276.55510000186041 ], [ 1040532.768999999272637, 1711209.557000000961125 ], [ 1040529.221399999572895, 1711191.286299998639151 ], [ 1040502.251200000289828, 1711143.15650000073947 ], [ 1040502.663199999602512, 1711136.845499999821186 ], [ 1040506.5746, 1711078.027200000127777 ], [ 1040507.865399998729117, 1711058.6144999996759 ], [ 1040506.639400000683963, 1711056.983300000661984 ], [ 1040479.461000000243075, 1711020.819299999624491 ], [ 1040465.307799999718554, 1710977.61670000012964 ], [ 1040439.1242, 1710944.1493 ], [ 1040443.595000000554137, 1710893.359099998371676 ], [ 1040443.873000000487082, 1710892.707699999213219 ], [ 1040462.981000000378117, 1710847.926699999254197 ], [ 1040462.5768, 1710844.899900001008064 ], [ 1040461.558599999756552, 1710807.050700000254437 ], [ 1040519.526200000662357, 1710752.802499999757856 ], [ 1040504.035799998557195, 1710737.2199 ], [ 1040501.591000000829808, 1710653.329099999275059 ], [ 1040520.198200001148507, 1710598.558899999596179 ], [ 1040511.507799999206327, 1710567.520300001371652 ], [ 1040508.801199998822995, 1710557.8531 ], [ 1040512.62099999981001, 1710548.87610000022687 ], [ 1040521.088000000687316, 1710528.9774999988731 ], [ 1040504.30519999936223, 1710509.189699999056756 ], [ 1040455.386999999638647, 1710451.51270000054501 ], [ 1040453.236800000304356, 1710447.90110000083223 ], [ 1040441.113999999011867, 1710427.2149 ], [ 1040439.024500000989065, 1710423.649299999466166 ], [ 1040436.498200000845827, 1710419.33830000134185 ], [ 1040422.221200000261888, 1710394.976099999621511 ], [ 1040421.882000000681728, 1710387.805700000142679 ], [ 1040418.539599998854101, 1710317.158699999563396 ], [ 1040301.235599999548867, 1710190.691700001712888 ], [ 1040253.645199999329634, 1710083.680299998726696 ], [ 1040224.700800000224262, 1710024.018899999326095 ], [ 1040314.2998, 1709800.736699999077246 ], [ 1040314.107200001017191, 1709760.316299999132752 ], [ 1040313.984199999365956, 1709734.539099999004975 ], [ 1040222.523999999510124, 1709675.889300001319498 ], [ 1040169.435999999055639, 1709649.788899999344721 ], [ 1040107.328200000105426, 1709539.942900000140071 ], [ 1039869.9542, 1709494.735300000756979 ], [ 1039843.229399999021553, 1709448.222300000488758 ], [ 1039781.626400001114234, 1709341.00569999916479 ], [ 1039623.0138, 1709305.883300000103191 ], [ 1039581.864799999399111, 1709284.251700000604615 ], [ 1039506.115800000261515, 1709231.2511 ], [ 1039496.822599999140948, 1709224.212099998956546 ], [ 1039494.185399999492802, 1709188.806999999564141 ], [ 1039474.018400000873953, 1709134.5715 ], [ 1039441.598600000375882, 1709090.199500000104308 ], [ 1039411.969400000292808, 1709051.901500000618398 ], [ 1039362.204, 1708949.029899999499321 ], [ 1039343.651800001156516, 1708940.945099998731166 ], [ 1039316.7508, 1708907.7401 ], [ 1039267.115400000358932, 1708869.732899998314679 ], [ 1039220.263399998773821, 1708816.236699999310076 ], [ 1039192.401200000895187, 1708766.203299998771399 ], [ 1039193.779, 1708765.10689999954775 ], [ 1039164.986399999586865, 1708744.315500000724569 ], [ 1039162.500199998845346, 1708741.470300000160933 ], [ 1039157.652199999894947, 1708737.614800001494586 ], [ 1039144.580599999520928, 1708730.965500000864267 ], [ 1039141.3422, 1708732.152300001122057 ], [ 1039124.4757999998983, 1708719.43709999974817 ], [ 1039122.065999999758787, 1708716.858499999390915 ], [ 1039107.778800001135096, 1708693.28749999939464 ], [ 1039101.403800001018681, 1708682.986900000832975 ], [ 1039096.301599999191239, 1708674.742900000885129 ], [ 1039090.332799999509007, 1708672.231100001838058 ], [ 1039087.421600000350736, 1708669.3731 ], [ 1039054.998399999109097, 1708667.347500000614673 ], [ 1039054.980999998748302, 1708669.54670000099577 ], [ 1039054.930000000400469, 1708675.965700000990182 ], [ 1039006.693799998727627, 1708671.1331 ], [ 1038992.92139999975916, 1708667.1963 ], [ 1038985.40919999871403, 1708661.492900001816452 ], [ 1038974.276600001147017, 1708650.240099999587983 ], [ 1038938.597, 1708605.58049999945797 ], [ 1038904.490200000815094, 1708599.924100000411272 ], [ 1038827.894800000358373, 1708556.081299999728799 ], [ 1038773.5714, 1708531.407500000437722 ], [ 1038761.036999998963438, 1708523.437299999408424 ], [ 1038752.287799998885021, 1708514.231700000585988 ], [ 1038723.954600000753999, 1708496.738500001141801 ], [ 1038696.124200001358986, 1708467.484300000593066 ], [ 1038695.215399999637157, 1708465.906500001437962 ], [ 1038694.781999998609535, 1708465.1541 ], [ 1038687.331399999558926, 1708462.5559 ], [ 1038677.02520000108052, 1708458.816500000655651 ], [ 1038675.800599999260157, 1708458.370899998350069 ], [ 1038668.475599998841062, 1708446.40430000028573 ], [ 1038662.871, 1708440.792099999496713 ], [ 1038661.779600000823848, 1708437.048300000838935 ], [ 1038662.2776, 1708436.7061 ], [ 1038668.534600000246428, 1708436.280699999304488 ], [ 1038673.101200000732206, 1708436.829500001156703 ], [ 1038676.879799999413081, 1708439.0483 ], [ 1038677.434799998765811, 1708435.739100000821054 ], [ 1038676.091999999480322, 1708432.081500000320375 ], [ 1038671.696800000499934, 1708429.451899999752641 ], [ 1038670.242599999299273, 1708426.527699999045581 ], [ 1038667.560599999618717, 1708424.680900000268593 ], [ 1038673.9082, 1708423.773499999195337 ], [ 1038670.826999999699183, 1708420.48549999948591 ], [ 1038664.051999998977408, 1708412.333299999823794 ], [ 1038650.390999999712221, 1708405.517300001345575 ], [ 1038634.54600000102073, 1708397.585699999006465 ], [ 1038618.86099999898579, 1708389.73450000025332 ], [ 1038587.347799999406561, 1708366.368100001476705 ], [ 1038568.419199999421835, 1708357.548500001430511 ], [ 1038537.695600000210106, 1708330.211899999761954 ], [ 1038515.962400000193156, 1708321.037699999287724 ], [ 1038483.392400001408532, 1708295.622499998658895 ], [ 1038435.539399999426678, 1708277.189899998018518 ], [ 1038418.524400000227615, 1708270.635899999411777 ], [ 1038409.5632, 1708264.621899999678135 ], [ 1038403.308400000329129, 1708258.724099999293685 ], [ 1038398.276600000215694, 1708254.726299998816103 ], [ 1038382.096199998515658, 1708250.58269999967888 ], [ 1038366.874999998835847, 1708248.756400001235306 ], [ 1038355.573000000789762, 1708247.605699998792261 ], [ 1038312.764199999510311, 1708243.247500000521541 ], [ 1038289.883799999253824, 1708236.515900001395494 ], [ 1038267.526400000788271, 1708221.280699999304488 ], [ 1038266.691800001077354, 1708220.572300001280382 ], [ 1038262.586399999796413, 1708217.087500002002344 ], [ 1038247.430000000167638, 1708207.248299998464063 ], [ 1038228.608799999230541, 1708200.72569999890402 ], [ 1038219.381400000303984, 1708197.527899999404326 ], [ 1038209.1136, 1708193.969499999890104 ], [ 1038159.359199999133125, 1708184.151699998881668 ], [ 1038143.482199999270961, 1708176.538299999432638 ], [ 1038118.078200000454672, 1708166.703899999614805 ], [ 1038056.658000000286847, 1708131.470499999122694 ], [ 1038008.84080000105314, 1708124.456700001843274 ], [ 1037972.256799999042414, 1708141.955099999671802 ], [ 1037922.875799998757429, 1708142.807499999878928 ], [ 1037870.487400000914931, 1708150.819700001273304 ], [ 1037828.480399998719804, 1708154.704699999187142 ], [ 1037806.388999999733642, 1708155.1937000004109 ], [ 1037787.627999998978339, 1708152.676299999235198 ], [ 1037774.401599999866448, 1708147.041699999477714 ], [ 1037772.844800000661053, 1708145.32530000153929 ], [ 1037769.613400000846013, 1708141.389299998991191 ], [ 1037764.822999999509193, 1708128.557499998714775 ], [ 1037763.870200000703335, 1708094.570900000398979 ], [ 1037754.370999999460764, 1708091.68309999932535 ], [ 1037701.73040000081528, 1708075.6923 ], [ 1037690.005599999451078, 1708072.130599999800324 ], [ 1037685.884600000688806, 1708070.878699999302626 ], [ 1037690.32380000082776, 1708052.187499999534339 ], [ 1037700.719999998807907, 1708008.414699999848381 ], [ 1037722.107800000812858, 1707910.2822999979835 ], [ 1037739.08299999916926, 1707835.870100001804531 ], [ 1037747.954799999250099, 1707797.733999997610226 ], [ 1037756.099999998928979, 1707760.390100000193343 ], [ 1037767.570800000568852, 1707719.560100000351667 ], [ 1037776.708800000371411, 1707658.036299999104813 ], [ 1037776.037000000593252, 1707633.503499999875203 ], [ 1037774.471400000620633, 1707576.3341 ], [ 1037773.639400000567548, 1707545.9495000008028 ], [ 1037773.472399999853224, 1707545.936300001572818 ], [ 1037743.871599999489263, 1707546.823100000619888 ], [ 1037737.635399998980574, 1707547.009500002022833 ], [ 1037671.618800000404008, 1707548.983100001234561 ], [ 1037636.095599998603575, 1707550.476299999747425 ], [ 1037615.111600000876933, 1707555.893699999898672 ], [ 1037597.362599999527447, 1707558.266900000162423 ], [ 1037564.954400000511669, 1707555.229699998162687 ], [ 1037532.614399999263696, 1707533.850500000175089 ], [ 1037512.371000000159256, 1707520.568500000983477 ], [ 1037484.834399999585003, 1707502.855500000528991 ], [ 1037454.500800000620075, 1707503.531899999128655 ], [ 1037408.251000000745989, 1707523.9774999988731 ], [ 1037379.9744, 1707531.406499999575317 ], [ 1037359.568199999397621, 1707530.876700001768768 ], [ 1037325.984000000520609, 1707518.838300001109019 ], [ 1037288.383000001544133, 1707505.261099999770522 ], [ 1037220.116000000503846, 1707503.593699998687953 ], [ 1037159.23020000057295, 1707518.746500000590459 ], [ 1037137.035999999148771, 1707535.3117 ], [ 1037115.2867999994196, 1707541.818299998994917 ], [ 1037094.596800000639632, 1707545.500900000100955 ], [ 1037055.254199999617413, 1707548.3427 ], [ 1037033.769, 1707550.206299999495968 ], [ 1037020.406600000453182, 1707551.365299999481067 ], [ 1036999.689000000362284, 1707553.16249999939464 ], [ 1036987.3918, 1707553.961099999025464 ], [ 1036975.423999999416992, 1707564.319499998586252 ], [ 1036970.001600000774488, 1707569.012700000777841 ], [ 1036941.007599999546073, 1707593.77250000089407 ], [ 1036903.941599999321625, 1707621.318499998189509 ], [ 1036871.974199999123812, 1707644.721699998248369 ], [ 1036850.790800000540912, 1707647.691099999472499 ], [ 1036836.20580000046175, 1707649.351899999892339 ], [ 1036801.065199998905882, 1707651.371900000143796 ], [ 1036769.216800000169314, 1707652.728900001151487 ], [ 1036756.236399999237619, 1707660.08600000012666 ], [ 1036714.856999999727122, 1707683.539499999256805 ], [ 1036693.515000000828877, 1707702.438299999339506 ], [ 1036683.922999999835156, 1707705.807899999897927 ], [ 1036675.7096, 1707708.693299999460578 ], [ 1036652.991600000299513, 1707702.029699998907745 ], [ 1036626.161999998614192, 1707693.92469999846071 ], [ 1036615.759799999301322, 1707696.113100000424311 ], [ 1036615.313599999062717, 1707696.005099999485537 ], [ 1036613.835399999865331, 1707695.646900000981987 ], [ 1036606.933800000348128, 1707694.694100000429899 ], [ 1036602.068000001134351, 1707696.503900001524016 ], [ 1036598.24120000062976, 1707704.727300000376999 ], [ 1036585.794799999566749, 1707714.203700000420213 ], [ 1036577.8138000004692, 1707714.684699998935685 ], [ 1036569.011800001258962, 1707713.694499998120591 ], [ 1036562.09099999954924, 1707718.85789999878034 ], [ 1036559.041600000811741, 1707723.433299998519942 ], [ 1036558.90959999919869, 1707727.214100000448525 ], [ 1036540.266200000420213, 1707718.316199998836964 ], [ 1036534.061400000820868, 1707715.354900001781061 ], [ 1036533.075400000438094, 1707714.284299999475479 ], [ 1036525.41700000083074, 1707711.5261 ], [ 1036518.2276, 1707716.746900000143796 ], [ 1036512.789600000833161, 1707717.844900001771748 ], [ 1036504.07900000049267, 1707712.751099999295548 ], [ 1036474.046799998730421, 1707719.686299999710172 ], [ 1036452.562999999616295, 1707721.5737 ], [ 1036451.505000000819564, 1707721.6669 ], [ 1036438.769600000581704, 1707722.785499998601153 ], [ 1036406.711399999330752, 1707716.45649999869056 ], [ 1036403.434800000512041, 1707715.809499999508262 ], [ 1036402.443999999668449, 1707715.613900000695139 ], [ 1036365.445199999841861, 1707708.30970000103116 ], [ 1036364.456799998879433, 1707708.114799999864772 ], [ 1036326.723600000608712, 1707700.66609999909997 ], [ 1036321.55080000043381, 1707699.644700000295416 ], [ 1036310.833999999449588, 1707681.0463 ], [ 1036286.191800001077354, 1707638.283099999651313 ], [ 1036279.620400000596419, 1707626.879499999806285 ], [ 1036209.265599999111146, 1707603.635500000789762 ], [ 1036193.578599999542348, 1707597.746100000105798 ], [ 1036177.732400000211783, 1707591.796900001121685 ], [ 1036111.022600000607781, 1707565.098099999362603 ], [ 1036056.869000000762753, 1707563.232900000177324 ], [ 1036019.009999999892898, 1707559.560900000389665 ], [ 1035995.708200000342913, 1707557.3007 ], [ 1035987.324400000507012, 1707566.702899999683723 ], [ 1035953.156199999852106, 1707605.021299998508766 ], [ 1035881.386399999260902, 1707619.575099998852238 ], [ 1035843.075000001117587, 1707627.521500000962988 ], [ 1035738.676599999191239, 1707650.22539999964647 ], [ 1035727.757199999294244, 1707652.600099998759106 ], [ 1035558.1054, 1707574.466499999165535 ], [ 1035390.696199999656528, 1707565.152300001122057 ], [ 1035153.1022, 1707562.418500001775101 ], [ 1035117.325399999273941, 1707547.310699999798089 ], [ 1034923.587399999145418, 1707444.631200001575053 ], [ 1034903.849200000637211, 1707434.1701 ], [ 1034867.162699999753386, 1707481.390200000721961 ], [ 1034864.253099999390543, 1707485.135199999669567 ], [ 1034583.508900000248104, 1707605.886399999260902 ], [ 1034288.629500000388362, 1707597.421800001524389 ], [ 1034288.334099998581223, 1707597.413200001697987 ], [ 1034275.9581, 1707597.058000000426546 ], [ 1034150.369699998875149, 1707501.653400000417605 ], [ 1034029.591900001396425, 1707411.510800000280142 ], [ 1033990.58090000145603, 1707428.687999998917803 ], [ 1033960.999099998734891, 1707441.713199999183416 ], [ 1033911.544499999727122, 1707463.488800001330674 ], [ 1033872.459100000676699, 1707472.240199998952448 ], [ 1033759.900900000706315, 1707497.442199998069555 ], [ 1033580.622100000735372, 1707659.2966 ], [ 1033557.524699999717996, 1707741.693599999882281 ], [ 1033509.341299999621697, 1707884.306399998720735 ], [ 1033465.23089999880176, 1707949.512599998619407 ], [ 1033351.260899999295361, 1708010.233200000831857 ], [ 1033226.743300001020543, 1708057.471799998776987 ], [ 1033204.360700000659563, 1708065.963199998717755 ], [ 1033165.065000000526197, 1708091.714999999385327 ], [ 1033133.23889999918174, 1708112.5722 ], [ 1033098.5165, 1708286.083399999886751 ], [ 1033096.5397, 1708295.962600000202656 ], [ 1033127.786699999123812, 1708413.106799999484792 ], [ 1033099.110500001115724, 1708486.490599999204278 ], [ 1033050.84310000075493, 1708540.562400000635535 ], [ 1033039.195699999108911, 1708588.854 ], [ 1032991.8701, 1708623.546800000593066 ], [ 1032987.858700000448152, 1708626.48740000044927 ], [ 1032964.120900000212714, 1708653.326999998884276 ], [ 1032945.2031, 1708669.379600001499057 ], [ 1032899.180100001161918, 1708708.433199999621138 ], [ 1032822.751699999789707, 1708828.642600000370294 ], [ 1032782.1689, 1708907.348399999318644 ], [ 1032815.654900001478381, 1708997.297599998302758 ], [ 1032801.014899999252521, 1709082.876399998553097 ], [ 1032770.761699999682605, 1709188.631799999624491 ], [ 1032770.118100000428967, 1709191.455399998929352 ], [ 1032753.558900000527501, 1709264.102999999187887 ], [ 1032744.434299999033101, 1709276.513399999821559 ], [ 1032698.155899999896064, 1709339.456999999471009 ], [ 1032628.089300000690855, 1709465.963600000133738 ], [ 1032586.157100000651553, 1709545.051999998278916 ], [ 1032551.7423, 1709602.88899999926798 ], [ 1032519.892699998803437, 1709665.997799998614937 ], [ 1032483.121899999212474, 1709706.958599999314174 ], [ 1032469.980100000160746, 1709745.265399998286739 ], [ 1032449.629700000747107, 1709814.996200000634417 ], [ 1032449.425299999536946, 1709815.521299999207258 ], [ 1032424.219499998725951, 1709880.294600000139326 ], [ 1032389.3481, 1709927.464000000618398 ], [ 1032341.0999, 1709976.834799998439848 ], [ 1032310.971499999053776, 1710008.144400002202019 ], [ 1032294.868700000457466, 1710018.02800000179559 ], [ 1032266.917099999147467, 1710038.4316 ], [ 1032211.25150000071153, 1710068.990399999078363 ], [ 1032208.521299999789335, 1710070.014799998607486 ], [ 1032158.477199998800643, 1710088.795299998717383 ], [ 1032187.423800000338815, 1710226.59669999894686 ], [ 1032233.6158, 1710334.724700000602752 ], [ 1032251.141000000294298, 1710451.988099999725819 ], [ 1032231.838999998872168, 1710545.459899998269975 ], [ 1032233.213000000221655, 1710593.9869 ], [ 1032220.564000000362284, 1710655.710499999113381 ], [ 1032245.295600000652485, 1710707.637300000991672 ], [ 1032232.848199998959899, 1710816.313500000396743 ], [ 1032211.315600000903942, 1710934.084500000113621 ], [ 1032223.309399998513982, 1710982.5071 ], [ 1032243.455199999851175, 1711051.336300000781193 ], [ 1032281.39819999912288, 1711097.062700000125915 ], [ 1032292.709199999575503, 1711110.693900000303984 ], [ 1032349.2914, 1711149.747799998614937 ], [ 1032499.451199999311939, 1711288.433700000867248 ], [ 1032499.488300000783056, 1711288.484200000297278 ], [ 1032527.143599999370053, 1711326.117900000885129 ], [ 1032565.648199998540804, 1711516.525100000202656 ], [ 1032621.614, 1711616.724300001282245 ], [ 1032624.860800000955351, 1711633.126400000182912 ], [ 1032638.030799998785369, 1711699.658600000198931 ], [ 1032629.257400000584312, 1711741.033099999651313 ], [ 1032613.710399999748915, 1711764.191800001077354 ], [ 1032551.0388, 1711848.277600000146776 ], [ 1032535.445700000971556, 1711895.058499998413026 ], [ 1032526.762199999764562, 1711921.110099998768419 ], [ 1032534.331799999345094, 1711970.1413 ], [ 1032540.454199999221601, 1712009.797700000461191 ], [ 1032535.137, 1712022.984300000825897 ], [ 1032524.678800000459887, 1712048.920299999881536 ], [ 1032535.819599999696948, 1712067.786100000143051 ], [ 1032557.568599999300204, 1712104.616099999286234 ], [ 1032567.213800000492483, 1712119.400699998484924 ], [ 1032580.61440000042785, 1712160.976299998350441 ], [ 1032586.819800000521354, 1712180.861899999668822 ], [ 1032566.800999999628402, 1712201.906300000380725 ], [ 1032561.366000000969507, 1712223.117000001482666 ], [ 1032558.796200000797398, 1712233.145500000333413 ], [ 1032571.132800000486895, 1712282.557700001401827 ], [ 1032582.867599999648519, 1712292.939900000812486 ], [ 1032639.175600000540726, 1712342.757300000172108 ], [ 1032659.806000000564381, 1712446.242100002011284 ], [ 1032659.788600000552833, 1712447.533500001300126 ], [ 1032665.9214, 1712518.369700000155717 ], [ 1032666.402800000156276, 1712523.929500000318512 ], [ 1032663.569199998979457, 1712599.868100000778213 ], [ 1032657.435399999492802, 1712680.433499999344349 ], [ 1032662.388999999384396, 1712696.891899998299778 ], [ 1032675.442599999718368, 1712733.87029999983497 ], [ 1032706.594799998914823, 1712795.455299998167902 ], [ 1032706.621399999596179, 1712795.50789999961853 ], [ 1032713.8538, 1712823.396700000623241 ], [ 1032717.726200000848621, 1712838.32850000099279 ], [ 1032705.738000000361353, 1712865.53749999939464 ], [ 1032694.963999999454245, 1712879.031700000166893 ], [ 1032687.823800001177005, 1712887.292899998836219 ], [ 1032697.160399999469519, 1712937.413199999602512 ], [ 1032777.861599999596365, 1712966.72770000086166 ], [ 1032824.369400001363829, 1713007.487100000493228 ], [ 1032849.994600000442006, 1713029.945100001059473 ], [ 1032861.371599999372847, 1713051.286300001433119 ], [ 1032864.645599999348633, 1713057.427699999883771 ], [ 1032865.065600001136772, 1713098.521699999459088 ], [ 1032938.865599999320693, 1713140.641299999319017 ], [ 1032979.082200000411831, 1713160.465499999467283 ], [ 1032979.543600000906736, 1713159.722500001080334 ], [ 1032985.855999999213964, 1713149.558299999218434 ], [ 1032990.393200000165962, 1713139.890799997607246 ], [ 1033003.411600000108592, 1713111.189099997514859 ], [ 1033037.168299999437295, 1713117.414200000464916 ], [ 1033060.2126, 1713121.663899999577552 ], [ 1033080.862200001487508, 1713170.052700000116602 ], [ 1033094.250200000707991, 1713194.995899999747053 ], [ 1033107.58119999896735, 1713219.833100000396371 ], [ 1033142.402199999545701, 1713327.914500000886619 ], [ 1033146.330199999851175, 1713340.106899998150766 ], [ 1033226.847000001114793, 1713359.619900001212955 ], [ 1033287.811800000490621, 1713383.522500001359731 ], [ 1033346.755799999809824, 1713398.178400000557303 ], [ 1033418.372800000477582, 1713420.234500000718981 ], [ 1033458.002999998629093, 1713432.439499999862164 ], [ 1033551.306399999302812, 1713464.573300000512972 ], [ 1033694.364599999506027, 1713504.605100000277162 ], [ 1033742.410000000731088, 1713518.049699999624863 ], [ 1033817.408199999830686, 1713541.896600000793114 ], [ 1033847.499400000437163, 1713551.737899999367073 ], [ 1033895.136800001375377, 1713567.317700000246987 ], [ 1033907.405600000987761, 1713569.690700001083314 ], [ 1033908.695, 1713569.940099999308586 ], [ 1033936.116799999843352, 1713586.524700001813471 ], [ 1033940.025199998985045, 1713588.888499999418855 ], [ 1033957.836599999340251, 1713604.452500001527369 ], [ 1033979.190600001136772, 1713623.836899999296293 ], [ 1033988.166799999889918, 1713635.2647 ], [ 1034001.413199999835342, 1713652.128900002455339 ], [ 1034002.215399999753572, 1713653.169399998849258 ], [ 1034020.951200000592507, 1713677.471699999645352 ], [ 1034043.9204, 1713711.296499999705702 ], [ 1034038.330400001374073, 1713722.5145 ], [ 1034031.630800000624731, 1713735.63529999833554 ], [ 1034066.114600000437349, 1713768.448299999348819 ], [ 1034111.386599999503233, 1713811.402300000656396 ], [ 1034138.713399999076501, 1713840.606100000441074 ], [ 1034148.526199999148957, 1713869.98130000079982 ], [ 1034155.913399998797104, 1713878.043299998855218 ], [ 1034178.7849, 1713904.891699999570847 ], [ 1034183.231799999484792, 1713910.111699999775738 ], [ 1034187.986399999703281, 1713915.61710000038147 ], [ 1034213.102599999401718, 1713944.699300000444055 ], [ 1034217.770399999222718, 1713953.216900000115857 ], [ 1034205.972199999610893, 1713980.92920000012964 ], [ 1034170.445799998822622, 1714064.375900000566617 ], [ 1034157.826199998962693, 1714108.29189999983646 ], [ 1034150.22319999942556, 1714134.750700000906363 ], [ 1034083.751600000425242, 1714179.746500000124797 ], [ 1034002.222000000649132, 1714245.76579999900423 ], [ 1033955.401399998809211, 1714285.8097 ], [ 1033808.293200001120567, 1714356.921499998541549 ], [ 1033740.02180000115186, 1714387.896899999817833 ], [ 1033651.687600000412203, 1714447.679300000891089 ], [ 1033591.553799998946488, 1714477.39540000166744 ], [ 1033468.69240000017453, 1714538.109300000360236 ], [ 1033359.741599999368191, 1714651.75730000063777 ], [ 1033275.963000001036562, 1714739.973900000564754 ], [ 1033236.059600000735372, 1714790.570900001097471 ], [ 1033203.770800000522286, 1714831.5125 ], [ 1033153.962799999746494, 1714853.5807000012137 ], [ 1033104.975599998957478, 1714832.479499997803941 ], [ 1033078.315399998915382, 1714897.597300000954419 ], [ 1033070.431599999079481, 1714939.935900000389665 ], [ 1033006.295199999818578, 1715065.423100000713021 ], [ 1032959.58060000021942, 1715156.823599999537691 ], [ 1032945.665000000968575, 1715183.568499999120831 ], [ 1032923.533200000878423, 1715226.010900000110269 ], [ 1032900.755199999548495, 1715276.080099999671802 ], [ 1032880.752600000938401, 1715325.700500002130866 ], [ 1032874.689500000793487, 1715340.741200000979006 ], [ 1032858.32670000102371, 1715399.915799999143928 ], [ 1032844.3411, 1715453.038200000533834 ], [ 1032816.1751000006916, 1715536.668399999849498 ], [ 1032784.3849, 1715568.251400000415742 ], [ 1032750.188100000610575, 1715612.969600000185892 ], [ 1032717.961700000450946, 1715639.709200000623241 ], [ 1032680.707099999533966, 1715671.2818 ], [ 1032658.515499998698942, 1715710.9848 ], [ 1032647.2697, 1715726.259600000688806 ], [ 1032641.15790000022389, 1715743.1636 ], [ 1032636.844899999792688, 1715765.371400001225993 ], [ 1032636.054900000686757, 1715767.4794 ], [ 1032623.38489999982994, 1715834.501800000434741 ], [ 1032614.666099999332801, 1715851.452999998815358 ], [ 1032593.9067, 1715891.8136 ], [ 1032531.4406999994535, 1715965.8292 ], [ 1032473.942899999557994, 1716045.485199999762699 ], [ 1032450.6183, 1716071.380000001285225 ], [ 1032438.6037, 1716085.24339999910444 ], [ 1032415.156499998876825, 1716112.803200000431389 ], [ 1032370.4283, 1716146.792600000509992 ], [ 1032347.922100000549108, 1716173.034199999645352 ], [ 1032279.905900000128895, 1716227.909600000828505 ], [ 1032254.451500001596287, 1716228.841800000751391 ], [ 1032244.204100000555627, 1716229.217200000304729 ], [ 1032161.372700000647455, 1716232.250999999465421 ], [ 1032107.135100000421517, 1716286.686000000918284 ], [ 1032087.981499998946674, 1716329.002399999648333 ], [ 1032068.755099999485537, 1716372.941400001058355 ], [ 1032032.944499999866821, 1716438.964199999347329 ], [ 1031999.143100000917912, 1716510.706199998268858 ], [ 1032001.926900000195019, 1716544.598799998871982 ], [ 1031994.853900001035072, 1716561.967999999877065 ], [ 1031981.586300000548363, 1716594.549799998756498 ], [ 1031970.6261, 1716634.714800000190735 ], [ 1031964.645499999285676, 1716688.915400000521913 ], [ 1031966.0379, 1716744.403200001223013 ], [ 1031971.319700000225566, 1716807.050000001210719 ], [ 1031971.85809999902267, 1716872.910399998072535 ], [ 1031978.245299998670816, 1716897.099199999822304 ], [ 1032032.004700000397861, 1717002.661800002446398 ], [ 1032054.530500000691973, 1717039.704400000860915 ], [ 1032057.396100000594743, 1717044.416599999647588 ], [ 1032094.260499999509193, 1717083.107999998377636 ], [ 1032124.870299998554401, 1717096.113600001204759 ], [ 1032228.820899999584071, 1717112.319399998988956 ], [ 1032320.079500000108965, 1717120.448800000362098 ], [ 1032400.071300000534393, 1717138.708799999207258 ], [ 1032570.636700000497513, 1717139.296399999177083 ], [ 1032680.407899999641813, 1717142.710999999195337 ], [ 1032800.049300000537187, 1717175.175799999153242 ], [ 1032890.603899999870919, 1717213.155200001318008 ], [ 1033030.234099998837337, 1717262.832599998451769 ], [ 1033070.056899999501184, 1717280.034799999091774 ], [ 1033080.100399999180809, 1717297.704900000942871 ], [ 1033112.525500001036562, 1717274.676799998153001 ], [ 1033112.746300000697374, 1717274.255600000265986 ], [ 1033124.2917, 1717252.2336 ], [ 1033144.546699999133125, 1717187.684800001094118 ], [ 1033156.95989999989979, 1717184.112600000575185 ], [ 1033194.174100000876933, 1717184.729399998672307 ], [ 1033201.622100000851788, 1717183.8562 ], [ 1033203.903900000383146, 1717183.5888 ], [ 1033219.477099999669008, 1717190.981799999484792 ], [ 1033262.222699999343604, 1717211.400799999013543 ], [ 1033260.260900001158006, 1717228.8838 ], [ 1033260.52410000085365, 1717233.567799999611452 ], [ 1033261.131900000153109, 1717244.386199999600649 ], [ 1033268.598899999400601, 1717290.446599999442697 ], [ 1033314.002099999808706, 1717328.044199999189004 ], [ 1033336.838900000788271, 1717359.378599998541176 ], [ 1033377.444899999070913, 1717398.904599999543279 ], [ 1033389.7829, 1717401.582000000867993 ], [ 1033432.7045, 1717433.902599998749793 ], [ 1033437.958099999581464, 1717437.85899999900721 ], [ 1033443.761499999207444, 1717442.229000001214445 ], [ 1033513.801900001242757, 1717423.268999999854714 ], [ 1033516.867199999047443, 1717422.438699999125674 ], [ 1033511.238299999618903, 1717395.5793999992311 ], [ 1033503.7511, 1717359.853599999332801 ], [ 1033519.8429000005126, 1717302.0238 ], [ 1033535.182899999897927, 1717275.9002 ], [ 1033551.795099998824298, 1717261.792800000403076 ], [ 1033570.452500000828877, 1717245.899800000479445 ], [ 1033590.470700001576915, 1717205.376199998892844 ], [ 1033604.706099999835715, 1717175.653999999165535 ], [ 1033610.471699999412522, 1717171.349799999734387 ], [ 1033630.588699999498203, 1717159.102800001157448 ], [ 1033655.762499999254942, 1717117.345799999078736 ], [ 1033658.02449999935925, 1717115.396199999842793 ], [ 1033685.898699999437667, 1717083.868799999123439 ], [ 1033687.169700001017191, 1717081.844599999021739 ], [ 1033693.205500001087785, 1717079.924599999794737 ], [ 1033716.902300001005642, 1717034.488799999700859 ], [ 1033760.57050000037998, 1716993.900000001303852 ], [ 1033778.03330000047572, 1716977.555800000438467 ], [ 1033779.44469999987632, 1716976.234799999278039 ], [ 1033824.636099998722784, 1716919.409600001526996 ], [ 1033823.176099999574944, 1716906.913799998816103 ], [ 1033818.531100001302548, 1716867.158199999015778 ], [ 1033832.1735, 1716851.716200000606477 ], [ 1033847.768700000480749, 1716834.063599999528378 ], [ 1033849.10849999950733, 1716830.054000000469387 ], [ 1033855.2665, 1716811.625600001076236 ], [ 1033858.114699999336153, 1716803.101600001333281 ], [ 1033884.585499999811873, 1716795.549399998271838 ], [ 1033893.5843, 1716794.5554 ], [ 1033969.568100000382401, 1716786.523399999365211 ], [ 1033971.896900000516325, 1716786.392799999332055 ], [ 1033985.087500000256114, 1716785.653599999146536 ], [ 1033991.004200000548735, 1716784.958000000333413 ], [ 1033997.959999998915009, 1716790.483299998799339 ], [ 1034020.239199998788536, 1716808.365499999606982 ], [ 1034031.57699999853503, 1716805.614800000563264 ], [ 1034037.322800001362339, 1716804.098300000652671 ], [ 1034084.251400000997819, 1716793.61009999923408 ], [ 1034113.387999999453314, 1716787.071100000292063 ], [ 1034155.809000000939704, 1716783.379499999340624 ], [ 1034220.408600000315346, 1716772.714299998246133 ], [ 1034221.219600000418723, 1716772.580299999564886 ], [ 1034249.930800000322051, 1716767.074899999890476 ], [ 1034317.170400000177324, 1716750.88689999980852 ], [ 1034351.95240000076592, 1716774.860300000524148 ], [ 1034353.260599999222904, 1716775.703500000527129 ], [ 1034425.590399999637157, 1716822.329900000244379 ], [ 1034439.342200000421144, 1716822.530699999071658 ], [ 1034482.912399998749606, 1716823.167099999263883 ], [ 1034511.9706, 1716833.558700001332909 ], [ 1034571.885399999795482, 1716838.152099999831989 ], [ 1034580.768799999728799, 1716852.687699999893084 ], [ 1034612.240399998729117, 1716904.18309999932535 ], [ 1034600.5276, 1716950.899899999378249 ], [ 1034606.170800001476891, 1716995.437100001145154 ], [ 1034589.767199999769218, 1717047.687899999786168 ], [ 1034599.867399999173358, 1717102.691099999239668 ], [ 1034607.966199999325909, 1717146.7947 ], [ 1034656.038000000873581, 1717196.467399998567998 ], [ 1034656.319799998775125, 1717227.549100000411272 ], [ 1034656.948199999635108, 1717296.829900000244379 ], [ 1034670.490600000717677, 1717331.406700001098216 ], [ 1034691.048999999533407, 1717384.64949999935925 ], [ 1034763.140200000372715, 1717583.253900001524016 ], [ 1034769.597799998824485, 1717601.0439 ], [ 1034786.87579999899026, 1717591.142100000521168 ], [ 1034819.708600000478327, 1717577.809499999275431 ], [ 1034854.085199999739416, 1717467.779300001449883 ], [ 1034857.574200000381097, 1717457.177500000223517 ], [ 1034924.570400000666268, 1717444.675899998750538 ], [ 1034976.981200000504032, 1717395.318899999372661 ], [ 1034999.349399999715388, 1717392.2373 ], [ 1035045.703799999668263, 1717385.851300000213087 ], [ 1035125.500399999786168, 1717381.6943 ], [ 1035140.441600000369363, 1717387.374500000150874 ], [ 1035157.835599999176338, 1717393.987299999222159 ], [ 1035163.51380000053905, 1717389.389699999243021 ], [ 1035180.210599999176338, 1717377.5809 ], [ 1035201.957600000896491, 1717340.364100000821054 ], [ 1035205.800000000395812, 1717333.441900000441819 ], [ 1035249.976800000295043, 1717287.105100001208484 ], [ 1035255.01740000047721, 1717267.680500000715256 ], [ 1035276.737600000808015, 1717247.883899999316782 ], [ 1035332.487399999750778, 1717229.539899999275804 ], [ 1035381.643599999370053, 1717223.372500001220033 ], [ 1035413.302000000840053, 1717220.175100000575185 ], [ 1035426.2531999994535, 1717211.4767 ], [ 1035445.093999998643994, 1717197.909900000318885 ], [ 1035456.8879, 1717199.812299999641255 ], [ 1035469.747799998964183, 1717201.88649999932386 ], [ 1035492.339999999385327, 1717217.726099999621511 ], [ 1035507.787, 1717228.5563 ], [ 1035521.667500001494773, 1717241.278799999738112 ], [ 1035545.952199999475852, 1717263.537499999860302 ], [ 1035596.444800000288524, 1717326.562300000339746 ], [ 1035602.72899999958463, 1717334.406300001312047 ], [ 1035616.013000000501052, 1717340.7791 ], [ 1035725.78299999947194, 1717393.438899999018759 ], [ 1035737.094799999846146, 1717398.865500000538304 ], [ 1035737.151800000341609, 1717398.841099998913705 ], [ 1035761.966199999675155, 1717388.21610000054352 ], [ 1035772.592799999751151, 1717383.666099998867139 ], [ 1035803.105800001183525, 1717397.7027000002563 ], [ 1035831.9924, 1717410.162099999142811 ], [ 1035848.807000000611879, 1717431.031700000166893 ], [ 1035905.820000000298023, 1717470.729300000239164 ], [ 1035909.085399999748915, 1717473.002899999730289 ], [ 1035966.227600000682287, 1717431.727499998407438 ], [ 1036059.584599999827333, 1717426.146699999459088 ], [ 1036118.775199999799952, 1717413.202700002584606 ], [ 1036123.501800000783987, 1717421.737299997825176 ], [ 1036139.634, 1717450.866400001337752 ], [ 1036147.532200000132434, 1717465.127699999837205 ], [ 1036181.03890000062529, 1717482.564899999881163 ], [ 1036203.330200000549667, 1717494.165500000119209 ], [ 1036205.047399999108166, 1717500.5041 ], [ 1036225.074000000255182, 1717557.34809999843128 ], [ 1036227.593200000119396, 1717564.498599999817088 ], [ 1036268.7652, 1717597.9419 ], [ 1036273.630800000508316, 1717601.894099998753518 ], [ 1036275.629500000388362, 1717606.939600001089275 ], [ 1036307.015999998780899, 1717686.170800001360476 ], [ 1036326.643, 1717692.091000000713393 ], [ 1036349.67839999916032, 1717736.081499999389052 ], [ 1036368.175200001453049, 1717790.39919999986887 ], [ 1036380.203799999784678, 1717826.657899999059737 ], [ 1036439.350599999655969, 1717858.1417 ], [ 1036450.423299999558367, 1717877.25650000013411 ], [ 1036463.629200001014397, 1717900.053900000406429 ], [ 1036449.936000000103377, 1717930.872800000477582 ], [ 1036426.514799999422394, 1717953.637599998852238 ], [ 1036420.3049, 1717960.507200000807643 ], [ 1036419.3004, 1717961.618400000268593 ], [ 1036419.100700000533834, 1717964.2148999995552 ], [ 1036415.949999999837019, 1718005.185200000647455 ], [ 1036410.773200000519864, 1718035.074599999468774 ], [ 1036372.843799999332987, 1718111.5461 ], [ 1036375.028899999568239, 1718114.568099999800324 ], [ 1036418.007799999671988, 1718174.008499999763444 ], [ 1036435.605399999185465, 1718198.346200000494719 ], [ 1036440.879099999088794, 1718256.830300000263378 ], [ 1036442.927000000840053, 1718279.540100001497194 ], [ 1036473.878800001111813, 1718297.968200000701472 ], [ 1036508.6292, 1718335.655399999581277 ], [ 1036589.524599999655038, 1718400.497099998639897 ], [ 1036641.720000000554137, 1718419.746700000716373 ], [ 1036641.907000000472181, 1718419.8157 ], [ 1036641.979400000302121, 1718419.925100000575185 ], [ 1036669.352999999187887, 1718461.324100001715124 ], [ 1036678.145800000522286, 1718469.42390000144951 ], [ 1036681.633600001339801, 1718451.651900001103058 ], [ 1036685.370599999208935, 1718432.6103 ], [ 1036681.550999999395572, 1718417.682499998947605 ], [ 1036710.680199999827892, 1718382.54450000054203 ], [ 1036733.764200000674464, 1718356.514900001231581 ], [ 1036773.162800000747666, 1718330.333000000333413 ], [ 1036791.906, 1718314.073899999260902 ], [ 1036875.996199999353848, 1718263.331500000320375 ], [ 1036887.032999998889863, 1718256.572900000493973 ] ] ] } },
{ "type": "Feature", "properties": { "BASE_DATE": "20250630", "ADM_CD": "38570310", "ADM_NM": "차황면" }, "geometry": { "type": "Polygon", "coordinates": [ [ [ 1040797.352200000546873, 1724951.424699999624863 ], [ 1040845.9682, 1724917.710699999704957 ], [ 1040873.075600001146086, 1724902.1208999985829 ], [ 1040902.742999999551103, 1724905.157700001029298 ], [ 1040922.619200000306591, 1724922.641899999696761 ], [ 1040954.089599998900667, 1724923.275499999523163 ], [ 1040962.834799999720417, 1724927.241499999538064 ], [ 1040997.309200000250712, 1724947.238099999725819 ], [ 1041016.461999999592081, 1724941.850899999728426 ], [ 1041068.48459999950137, 1724909.9685 ], [ 1041167.617400000686757, 1724897.84569999948144 ], [ 1041178.845800000941381, 1724900.566099999472499 ], [ 1041214.704, 1724901.864700000267476 ], [ 1041230.952200000174344, 1724901.675100000342354 ], [ 1041232.680600000428967, 1724901.332699999446049 ], [ 1041261.681800001184456, 1724892.697700000368059 ], [ 1041268.817400000756606, 1724882.642699999734759 ], [ 1041296.523799998685718, 1724838.543099999427795 ], [ 1041300.589200000627898, 1724832.893699999898672 ], [ 1041327.65659999975469, 1724822.103299998911098 ], [ 1041335.037600000505336, 1724819.160699999891222 ], [ 1041352.4572, 1724806.601699999766424 ], [ 1041378.059599999687634, 1724788.142699999734759 ], [ 1041388.116999999736436, 1724783.654100000858307 ], [ 1041391.3992, 1724782.189099999377504 ], [ 1041419.536799999303184, 1724762.155299999285489 ], [ 1041443.877300000516698, 1724764.497400001157075 ], [ 1041495.008999999263324, 1724769.417099998798221 ], [ 1041499.096599999815226, 1724770.988099999260157 ], [ 1041508.881900001317263, 1724774.748299999395385 ], [ 1041639.885800000163727, 1724776.686100001679733 ], [ 1041650.073500000871718, 1724777.270899999886751 ], [ 1041676.347800000337884, 1724778.779699999839067 ], [ 1041681.176699999021366, 1724776.04130000108853 ], [ 1041684.225999998976476, 1724774.311499999836087 ], [ 1041687.504799999296665, 1724771.618300000671297 ], [ 1041693.728800000506453, 1724770.353500000201166 ], [ 1041697.209599999710917, 1724769.363700000569224 ], [ 1041796.5864, 1724623.557699999306351 ], [ 1041801.719399999128655, 1724585.339500000933185 ], [ 1041808.5730000003241, 1724516.856300000566989 ], [ 1041815.097599999397062, 1724451.66190000041388 ], [ 1041794.02140000090003, 1724423.680500000249594 ], [ 1041775.170200000400655, 1724313.620500000892207 ], [ 1041768.067599999718368, 1724282.1617 ], [ 1041754.202800001134165, 1724220.424699999857694 ], [ 1041725.696600000141189, 1724149.880200000246987 ], [ 1041723.640599999576807, 1724144.792099998798221 ], [ 1041721.771399999037385, 1724141.123099999502301 ], [ 1041728.103799998993054, 1724130.184100000187755 ], [ 1041739.865799998631701, 1724109.865300001343712 ], [ 1041740.361400000285357, 1724109.009299998171628 ], [ 1041740.576400000602007, 1724107.2281 ], [ 1041738.14760000014212, 1724068.036699999822304 ], [ 1041737.083000000449829, 1724050.8611 ], [ 1041741.558599999290891, 1724040.674799997359514 ], [ 1041751.676400000462309, 1724017.646299999440089 ], [ 1041749.262399999424815, 1723972.339100000448525 ], [ 1041775.785399999353103, 1723889.9189 ], [ 1041778.552799999248236, 1723881.146099999547005 ], [ 1041778.650400000275113, 1723879.711300000548363 ], [ 1041800.6332, 1723863.890699998475611 ], [ 1041801.2738, 1723863.317700000945479 ], [ 1041806.444199998979457, 1723835.525299999862909 ], [ 1041807.548999998602085, 1723829.654300000984222 ], [ 1041808.049599998979829, 1723824.375499999616295 ], [ 1041841.488600000389852, 1723787.557699999772012 ], [ 1041834.111400000867434, 1723755.567099999403581 ], [ 1041843.364999999525025, 1723738.492900000885129 ], [ 1041846.309600000735372, 1723702.237099998630583 ], [ 1041864.922000001301058, 1723680.16209999890998 ], [ 1041878.100999999325722, 1723607.728299999143928 ], [ 1041875.463799999793991, 1723574.030500000342727 ], [ 1041900.695799999637529, 1723536.621099999640137 ], [ 1041907.781999999890104, 1723472.405300000449643 ], [ 1041908.934800000395626, 1723462.343299999600276 ], [ 1041905.392800000496209, 1723405.277300000656396 ], [ 1041908.389999998616986, 1723297.362100000493228 ], [ 1041985.378400000277907, 1723237.7603 ], [ 1041984.131999999284744, 1723231.00630000163801 ], [ 1041973.331900000222959, 1723205.588700000196695 ], [ 1041971.107400000444613, 1723200.3535 ], [ 1041943.994, 1723154.0041 ], [ 1041937.672, 1723125.513499998953193 ], [ 1041926.456200000131503, 1723074.9687 ], [ 1041928.360700001008809, 1723036.370899999514222 ], [ 1041929.886799999629147, 1723005.44209999917075 ], [ 1041937.522799999336712, 1722876.586300000548363 ], [ 1041942.665200000745244, 1722820.334499998483807 ], [ 1041953.189399999449961, 1722778.592700001085177 ], [ 1042059.209400000283495, 1722792.150499999057502 ], [ 1042104.844200000632554, 1722731.620099999243394 ], [ 1042111.819400001200847, 1722722.367900001583621 ], [ 1042158.198999999440275, 1722718.83570000063628 ], [ 1042175.604799999506213, 1722717.510300000198185 ], [ 1042200.251200000871904, 1722669.73890000092797 ], [ 1042203.032399999210611, 1722664.348700000438839 ], [ 1042239.15259999979753, 1722646.986099999630824 ], [ 1042255.288200000533834, 1722631.156899999827147 ], [ 1042281.317500000121072, 1722615.513299999525771 ], [ 1042292.4422, 1722608.827700000954792 ], [ 1042298.630599999567494, 1722604.504499999806285 ], [ 1042345.682400000630878, 1722571.2898 ], [ 1042382.551000000792556, 1722545.263499998953193 ], [ 1042398.801799999899231, 1722525.965899999253452 ], [ 1042417.231599999708124, 1722519.124500001315027 ], [ 1042435.392199999419972, 1722521.541700000176206 ], [ 1042475.934399999212474, 1722505.645099999383092 ], [ 1042519.528400000999682, 1722479.642100001452491 ], [ 1042524.236200000159442, 1722476.445900000166148 ], [ 1042577.683400000212714, 1722435.953299999469891 ], [ 1042609.231599999708124, 1722425.063699999358505 ], [ 1042655.22759999986738, 1722427.347100001294166 ], [ 1042665.196999998763204, 1722427.538699999451637 ], [ 1042700.396400000317954, 1722401.408099998021498 ], [ 1042769.811399998841807, 1722331.660900002112612 ], [ 1042798.384800001280382, 1722324.977499998407438 ], [ 1042839.42439999920316, 1722291.890099999494851 ], [ 1042897.3156, 1722252.995300000300631 ], [ 1042988.836799998767674, 1722235.775300001725554 ], [ 1043022.038800000213087, 1722226.746500000823289 ], [ 1043044.354200000409037, 1722220.679999999236315 ], [ 1043046.072399999364279, 1722220.211300001014024 ], [ 1043057.019600001047365, 1722128.6749 ], [ 1043083.408000000286847, 1722040.932499999878928 ], [ 1043073.349200000986457, 1721943.88109999941662 ], [ 1043097.238600000506267, 1721904.932899999665096 ], [ 1043103.149399999529123, 1721854.526300000259653 ], [ 1043095.9276, 1721803.846900000236928 ], [ 1043085.732599998940714, 1721757.16469999961555 ], [ 1043081.94359999964945, 1721743.138699998846278 ], [ 1043086.948600000585429, 1721729.615900000557303 ], [ 1043117.432599999709055, 1721642.546499999705702 ], [ 1043150.318600000347942, 1721589.919000000692904 ], [ 1043162.277399999438785, 1721570.781300000613555 ], [ 1043163.350600000470877, 1721569.063699999591336 ], [ 1043159.907600000151433, 1721550.193900000536814 ], [ 1043152.98659999971278, 1721512.261700000613928 ], [ 1043148.897999998996966, 1721489.85410000057891 ], [ 1043161.3686, 1721465.952500000828877 ], [ 1043202.939399999566376, 1721388.4661 ], [ 1043209.531400000676513, 1721376.179099998436868 ], [ 1043219.028199998429045, 1721358.476899998495355 ], [ 1043227.608599999221042, 1721343.057299999753013 ], [ 1043169.779800000484101, 1721254.912499998928979 ], [ 1043155.261800000676885, 1721028.69289999967441 ], [ 1043151.226599999004975, 1720964.149499999126419 ], [ 1043126.420399999129586, 1720926.083300000522286 ], [ 1043125.2374, 1720919.990900000324473 ], [ 1043123.166600000346079, 1720909.32630000053905 ], [ 1043120.225199999054894, 1720895.084299999754876 ], [ 1043119.298799999873154, 1720890.597100000828505 ], [ 1043117.772200000123121, 1720883.203899999149144 ], [ 1043092.098399998503737, 1720755.580100000835955 ], [ 1043091.082799999043345, 1720749.840500000631437 ], [ 1043087.7152, 1720730.807699999539182 ], [ 1043076.873399999691173, 1720716.923899999819696 ], [ 1043069.361999998684041, 1720707.304900000337511 ], [ 1043068.865799998864532, 1720706.669500001473352 ], [ 1043134.776399998925626, 1720577.730700000189245 ], [ 1043152.902400000835769, 1720524.688699999591336 ], [ 1043146.689700001152232, 1720482.671499999240041 ], [ 1043139.146800001035444, 1720431.658299999078736 ], [ 1043074.968399998499081, 1720389.932200000621378 ], [ 1043057.645999999367632, 1720378.6699 ], [ 1043050.209800000418909, 1720333.47069999971427 ], [ 1043018.646399999386631, 1720255.773900000378489 ], [ 1042996.523000001092441, 1720227.771300000837073 ], [ 1042996.506199999595992, 1720226.845500000752509 ], [ 1042996.27080000040587, 1720214.184300000313669 ], [ 1043034.476200000150129, 1720040.68390000029467 ], [ 1043077.235399998608045, 1719945.981500001158565 ], [ 1043124.200000000768341, 1719853.848999999230728 ], [ 1043129.158200001344085, 1719844.121700000716373 ], [ 1043158.001199999358505, 1719786.327100000111386 ], [ 1043172.17780000064522, 1719757.919500000309199 ], [ 1043176.579199999105185, 1719749.100499999709427 ], [ 1043178.722899999818765, 1719741.698999999789521 ], [ 1043182.803399999625981, 1719727.610300000756979 ], [ 1043216.181200000690296, 1719612.363700000569224 ], [ 1043269.733200000599027, 1719527.662599999457598 ], [ 1043291.912999999010935, 1719492.581299998098984 ], [ 1043293.163800001260825, 1719489.887299998896196 ], [ 1043458.760400000843219, 1719236.235299999825656 ], [ 1043484.160600000526756, 1719162.556299999123439 ], [ 1043494.95199999876786, 1719103.115499998442829 ], [ 1043466.793399999034591, 1719054.883300002431497 ], [ 1043473.700799998827279, 1719036.007400000235066 ], [ 1043486.243200001190417, 1719001.7329 ], [ 1043516.919, 1718951.125499999616295 ], [ 1043507.634399999515153, 1718925.630999998888001 ], [ 1043472.625400000833906, 1718829.501100000692531 ], [ 1043418.649799999897368, 1718726.322300000116229 ], [ 1043410.5718, 1718660.161499999696389 ], [ 1043398.326199999079108, 1718639.740900001255795 ], [ 1043398.064399999100715, 1718615.6897 ], [ 1043418.489199999487028, 1718563.2375 ], [ 1043420.957999999518506, 1718560.434900001622736 ], [ 1043457.625000001047738, 1718518.807 ], [ 1043464.917999998782761, 1718501.779700000304729 ], [ 1043494.438800000585616, 1718437.579099999042228 ], [ 1043502.041399999870919, 1718428.777899998705834 ], [ 1043564.911000000545755, 1718355.994300001300871 ], [ 1043710.235800000373274, 1718286.543099999660626 ], [ 1043717.541000000433996, 1718283.051699999719858 ], [ 1043715.022199998726137, 1718278.968100000172853 ], [ 1043679.833799999090843, 1718221.923699998995289 ], [ 1043691.701000000932254, 1718188.99090000288561 ], [ 1043736.898600000888109, 1718182.529699999839067 ], [ 1043852.832399998791516, 1718136.143100000917912 ], [ 1043905.155399999115616, 1718078.954699999652803 ], [ 1043928.982200001482852, 1718052.911900001578033 ], [ 1043929.679600000847131, 1718051.843199999071658 ], [ 1043967.710999999660999, 1717993.529900000430644 ], [ 1043992.189199999324046, 1717969.45769999967888 ], [ 1043998.494000000646338, 1717963.257500000298023 ], [ 1044004.563799999072216, 1717882.559699998935685 ], [ 1043988.680399999022484, 1717813.139099999330938 ], [ 1043932.276199999148957, 1717706.715900001814589 ], [ 1043943.527599998633377, 1717620.838500000769272 ], [ 1043907.967400000547059, 1717583.5334 ], [ 1043888.839399999356829, 1717563.46690000128001 ], [ 1043843.107399999396876, 1717559.581700001843274 ], [ 1043815.493999999016523, 1717529.913500000257045 ], [ 1043779.102999999420717, 1717518.792700000340119 ], [ 1043774.011599999852479, 1717489.933100000256673 ], [ 1043718.424600000260398, 1717422.160700000822544 ], [ 1043716.412799998885021, 1717420.223699999041855 ], [ 1043708.443, 1717409.414899999508634 ], [ 1043704.391400000313297, 1717406.1570999994874 ], [ 1043645.588399999658577, 1717405.484500001417473 ], [ 1043624.20600000070408, 1717397.68689999775961 ], [ 1043612.060599999735132, 1717381.05210000090301 ], [ 1043556.793800000450574, 1717365.639300000388175 ], [ 1043528.98759999894537, 1717348.010899999877438 ], [ 1043493.532200000248849, 1717351.796299999346957 ], [ 1043416.683000000659376, 1717302.238299999153242 ], [ 1043413.145799999125302, 1717289.1833 ], [ 1043405.363000001059845, 1717266.515300001017749 ], [ 1043378.236600000178441, 1717256.42689999868162 ], [ 1043359.519399999175221, 1717221.384700001915917 ], [ 1043351.294599999557249, 1717146.186499999603257 ], [ 1043352.647599999676459, 1717118.765499998815358 ], [ 1043352.499800000688992, 1717099.758099999511614 ], [ 1043298.033399999607354, 1717065.36119999946095 ], [ 1043282.362, 1717058.289500000188127 ], [ 1043244.342599999392405, 1717032.11570000089705 ], [ 1043211.39980000059586, 1717017.186900000553578 ], [ 1043105.73019999905955, 1716977.439099999377504 ], [ 1043005.0486000002129, 1716951.127499999012798 ], [ 1042973.010800000629388, 1716926.85179999936372 ], [ 1042953.518200000515208, 1716909.256400000536814 ], [ 1042943.837, 1716915.2493 ], [ 1042937.387800000724383, 1716918.809299998451024 ], [ 1042928.62619999947492, 1716922.8427 ], [ 1042921.73099999979604, 1716926.105899999849498 ], [ 1042903.406599999405444, 1716941.571299999253824 ], [ 1042848.450399999623187, 1716932.293099999660626 ], [ 1042817.628800000878982, 1716932.303700000746176 ], [ 1042764.423799999640323, 1716932.3221 ], [ 1042742.243200000375509, 1716931.9617000001017 ], [ 1042713.403399999486282, 1716931.493100000545382 ], [ 1042695.7242, 1716949.446099999593571 ], [ 1042691.164799999562092, 1716952.890500000445172 ], [ 1042690.92779999866616, 1716953.069700000807643 ], [ 1042674.108799999812618, 1716965.775699998950586 ], [ 1042643.18199999933131, 1716978.222899998538196 ], [ 1042623.031200000201352, 1716985.512299999827519 ], [ 1042578.62700000021141, 1716995.827700000721961 ], [ 1042552.744000000995584, 1717000.5911 ], [ 1042541.788000000175089, 1717003.547100000549108 ], [ 1042506.675999999744818, 1717007.99129999987781 ], [ 1042459.01540000049863, 1716999.917500000447035 ], [ 1042395.604999999748543, 1717000.134700000518933 ], [ 1042327.766400000429712, 1717006.615299999248236 ], [ 1042305.745800000615418, 1717015.565099999308586 ], [ 1042240.733799999812618, 1717000.080499998759478 ], [ 1042189.134800000814721, 1716956.0987000009045 ], [ 1042138.065400000312366, 1716958.597300000721589 ], [ 1042116.582, 1716964.259099998977035 ], [ 1042099.733799998881295, 1716968.054500001249835 ], [ 1042060.317599999485537, 1716962.195099999429658 ], [ 1042031.0228, 1716902.88649999955669 ], [ 1042032.163200000184588, 1716886.617500001098961 ], [ 1042027.289600000251085, 1716841.670099998591468 ], [ 1042036.295199999818578, 1716805.8081 ], [ 1042058.384800001047552, 1716717.836600000504404 ], [ 1042062.23180000053253, 1716702.518300000810996 ], [ 1042065.267999999574386, 1716660.0497 ], [ 1042076.573200001497753, 1716646.129899999825284 ], [ 1042092.8963999991538, 1716626.031099999323487 ], [ 1042098.641800000681542, 1716610.413300000829622 ], [ 1042108.982800000114366, 1716582.035300001036376 ], [ 1042124.725399999530055, 1716545.57490000128746 ], [ 1042133.051999999210238, 1716524.679499999154359 ], [ 1042139.27779999980703, 1716508.971499999519438 ], [ 1042128.393799999263138, 1716491.260700000450015 ], [ 1042114.879800000810064, 1716469.2701 ], [ 1042127.564799999585375, 1716456.726099998923019 ], [ 1042148.321200000587851, 1716436.2008 ], [ 1042180.313800000119954, 1716379.039899998577312 ], [ 1042199.577400000533089, 1716318.338899998459965 ], [ 1042237.007000000448897, 1716300.514299999456853 ], [ 1042257.489599998807535, 1716291.652899999869987 ], [ 1042274.375199999776669, 1716283.382699999725446 ], [ 1042276.009600001038052, 1716257.074500001035631 ], [ 1042298.541599999065511, 1716212.205700000980869 ], [ 1042302.097599999164231, 1716197.816900000907481 ], [ 1042302.26379999902565, 1716197.144099999219179 ], [ 1042314.459399999119341, 1716181.745499999728054 ], [ 1042326.7428, 1716172.083299998659641 ], [ 1042345.137199999182485, 1716157.613899999763817 ], [ 1042361.571800000965595, 1716149.7247 ], [ 1042370.701600000960752, 1716122.781099999323487 ], [ 1042371.939000000245869, 1716073.466900000115857 ], [ 1042381.170200000167824, 1716040.5567 ], [ 1042383.446600000956096, 1716032.441100000636652 ], [ 1042386.676999999559484, 1716020.928899998776615 ], [ 1042405.09419999900274, 1715988.5931 ], [ 1042425.835600000224076, 1715953.932499998947605 ], [ 1042427.016599999391474, 1715951.455300000263378 ], [ 1042430.395200000260957, 1715944.36890000058338 ], [ 1042421.784799999557436, 1715887.632899998920038 ], [ 1042420.67099999950733, 1715876.299699999857694 ], [ 1042421.393599999835715, 1715869.941099999239668 ], [ 1042423.736400000634603, 1715855.6239 ], [ 1042430.721599999349564, 1715828.793099998962134 ], [ 1042443.867199999862351, 1715804.527100000297651 ], [ 1042462.589800000656396, 1715783.606499999761581 ], [ 1042468.45240000099875, 1715759.304099998902529 ], [ 1042482.467199998674914, 1715727.286499999696389 ], [ 1042486.2484, 1715713.375700000906363 ], [ 1042487.220600000582635, 1715700.490299999481067 ], [ 1042489.072000000276603, 1715675.953699999721721 ], [ 1042489.912399999215268, 1715664.814899998949841 ], [ 1042497.783400000655092, 1715656.957100000232458 ], [ 1042535.111999999615364, 1715619.690500002354383 ], [ 1042536.477199999848381, 1715618.327700000489131 ], [ 1042547.46579999953974, 1715601.006900001084432 ], [ 1042551.502600000239909, 1715594.643699999665841 ], [ 1042554.207600001129322, 1715591.815499999560416 ], [ 1042580.9514, 1715563.853499998338521 ], [ 1042592.726600000634789, 1715555.879699999233708 ], [ 1042598.3314, 1715520.302100001601502 ], [ 1042605.070800000103191, 1715497.603700000792742 ], [ 1042609.663, 1715484.376299999421462 ], [ 1042615.418599999509752, 1715467.7972999997437 ], [ 1042640.1652, 1715437.299499999731779 ], [ 1042661.412800001096912, 1715402.541499998886138 ], [ 1042669.488399999099784, 1715371.895099998451769 ], [ 1042694.867600000812672, 1715352.8739 ], [ 1042699.2756, 1715315.037299999501556 ], [ 1042669.98259999928996, 1715264.985500001115724 ], [ 1042608.828399999765679, 1715239.267100001685321 ], [ 1042595.552600000635721, 1715226.656500000506639 ], [ 1042589.657199999899603, 1715221.056299998424947 ], [ 1042527.047400000272319, 1715185.548899999354035 ], [ 1042505.782600000151433, 1715181.850899999728426 ], [ 1042467.44140000094194, 1715179.122099998639897 ], [ 1042437.295999998925254, 1715176.976799999596551 ], [ 1042413.397800000151619, 1715141.850500001106411 ], [ 1042382.401399999624118, 1715096.2915 ], [ 1042359.693400000222027, 1715055.205099999671802 ], [ 1042351.331400000257418, 1715008.248299998231232 ], [ 1042351.450400001485832, 1714963.845299999462441 ], [ 1042338.079199999803677, 1714909.6961 ], [ 1042295.355800000950694, 1714892.689099999377504 ], [ 1042292.9937999995891, 1714891.748899999074638 ], [ 1042259.990000000805594, 1714850.9145 ], [ 1042251.269600000348873, 1714840.125499999150634 ], [ 1042272.635200000717305, 1714802.249900001799688 ], [ 1042273.071400000480935, 1714801.476500001503155 ], [ 1042285.555800001136959, 1714748.591100000310689 ], [ 1042271.80120000068564, 1714697.278499998617917 ], [ 1042258.777999999118038, 1714692.854300000239164 ], [ 1042254.287399999564514, 1714692.699100001715124 ], [ 1042177.5306, 1714690.045499999076128 ], [ 1042137.443399999756366, 1714688.660100000910461 ], [ 1042133.492599999415688, 1714688.523499999660999 ], [ 1042112.372600000933744, 1714687.793299999088049 ], [ 1042099.599800001014955, 1714687.440099998842925 ], [ 1042095.925999999162741, 1714687.338500000536442 ], [ 1042091.041599999298342, 1714687.203299999702722 ], [ 1042085.0704, 1714686.209899999666959 ], [ 1042068.481200000620447, 1714683.449400000739843 ], [ 1042058.211399999447167, 1714681.740499999141321 ], [ 1042031.971599998883903, 1714695.6315 ], [ 1042025.004599999054335, 1714698.161499999463558 ], [ 1042021.937199998996221, 1714700.163200001232326 ], [ 1042020.838399999774992, 1714700.880100000184029 ], [ 1042001.7004, 1714713.365100000286475 ], [ 1041989.1116, 1714721.577700002118945 ], [ 1041969.560400001006201, 1714727.686499998439103 ], [ 1041949.948400000925176, 1714733.814699999755248 ], [ 1041916.291400001500733, 1714753.679099999601021 ], [ 1041880.5884000005899, 1714774.750499999150634 ], [ 1041852.269200000213459, 1714775.670100000454113 ], [ 1041844.931800000485964, 1714775.90790000022389 ], [ 1041811.374800000572577, 1714776.996700000250712 ], [ 1041789.365800000377931, 1714771.964299998478964 ], [ 1041788.784399999887682, 1714771.831299999030307 ], [ 1041778.639200000790879, 1714769.511299999197945 ], [ 1041764.467199999140576, 1714768.803399998228997 ], [ 1041721.529799999669194, 1714761.1535 ], [ 1041676.535799999255687, 1714729.900200000498444 ], [ 1041649.454400000628084, 1714735.247300000861287 ], [ 1041600.440199999837205, 1714755.845100000500679 ], [ 1041577.605399999534711, 1714760.721900000236928 ], [ 1041541.962599999154918, 1714751.12029999983497 ], [ 1041521.891400000778958, 1714753.172599998302758 ], [ 1041486.919599998975173, 1714728.785499999532476 ], [ 1041476.037999999593012, 1714724.121500000590459 ], [ 1041438.4482000003336, 1714714.742499999003485 ], [ 1041416.027999999118038, 1714713.430299999192357 ], [ 1041333.936599999549799, 1714724.224500000476837 ], [ 1041298.3342, 1714717.677300000563264 ], [ 1041283.4284, 1714718.160100000211969 ], [ 1041217.519400000455789, 1714712.290499999653548 ], [ 1041187.1523999995552, 1714716.214900000253692 ], [ 1041156.050399998901412, 1714724.458100000629202 ], [ 1041130.975799999549054, 1714697.832100000465289 ], [ 1041098.466400001314469, 1714691.780700001399964 ], [ 1041082.772000000928529, 1714683.532900000922382 ], [ 1041024.926800000481308, 1714654.597300000721589 ], [ 1040984.488400000846013, 1714638.514699999475852 ], [ 1040963.3198, 1714633.296899999724701 ], [ 1040936.882000000216067, 1714627.922899999888614 ], [ 1040894.087800000444986, 1714625.49590000230819 ], [ 1040874.9348, 1714629.928500001318753 ], [ 1040706.9502, 1714692.81489999871701 ], [ 1040616.877000001259148, 1714710.641299998853356 ], [ 1040590.534399999305606, 1714729.896300001535565 ], [ 1040575.007599999662489, 1714747.142699999734759 ], [ 1040517.094399999012239, 1714781.60869999951683 ], [ 1040473.514800000120886, 1714830.794900003354996 ], [ 1040425.398999999510124, 1714843.075500000733882 ], [ 1040415.781000000890344, 1714845.530300001148134 ], [ 1040396.611399999703281, 1714876.356899998383597 ], [ 1040280.703599998960271, 1714844.769300000509247 ], [ 1040218.395399999455549, 1714759.708299999823794 ], [ 1040158.419200000935234, 1714680.057000000262633 ], [ 1040136.142799998517148, 1714651.434900000691414 ], [ 1040130.005199998617172, 1714643.549100000178441 ], [ 1040082.240400000126101, 1714615.113099999725819 ], [ 1040080.43120000034105, 1714614.035900000249967 ], [ 1040037.2194, 1714654.946299999486655 ], [ 1040026.194600000279024, 1714665.383899999316782 ], [ 1039995.87220000103116, 1714678.804999999003485 ], [ 1039963.534599999315105, 1714693.118099999846891 ], [ 1039931.644600000116043, 1714712.98589999973774 ], [ 1039882.628199999569915, 1714756.170299999415874 ], [ 1039873.195999999414198, 1714787.381300000473857 ], [ 1039872.213999999104999, 1714795.365299999248236 ], [ 1039870.148400001344271, 1714812.161299998871982 ], [ 1039866.270799999823794, 1714841.407299998449162 ], [ 1039866.712599999387749, 1714906.597899999702349 ], [ 1039864.019, 1714977.578500001225621 ], [ 1039856.877399999764748, 1715041.715500001097098 ], [ 1039852.166800000239164, 1715084.019099999219179 ], [ 1039834.222799999057315, 1715141.4132999998983 ], [ 1039811.70060000102967, 1715213.4513 ], [ 1039809.255, 1715280.266700000502169 ], [ 1039723.271600000676699, 1715293.292699999175966 ], [ 1039565.202800001134165, 1715293.531199998920783 ], [ 1039514.554399999440648, 1715282.235999999567866 ], [ 1039484.537799999350682, 1715266.900599998654798 ], [ 1039439.2368, 1715264.328400002326816 ], [ 1039398.888000000384636, 1715310.00599999865517 ], [ 1039405.877999999560416, 1715334.641300001181662 ], [ 1039387.630399999208748, 1715369.27750000054948 ], [ 1039376.221399999340065, 1715385.295499999076128 ], [ 1039345.257200000807643, 1715422.849400001112372 ], [ 1039279.786199999856763, 1715460.606399998534471 ], [ 1039278.098799998871982, 1715461.177700000582263 ], [ 1039251.643999999272637, 1715478.824100001249462 ], [ 1039235.117000000784174, 1715497.900600001215935 ], [ 1039188.567199999699369, 1715551.910700002452359 ], [ 1039158.357800000114366, 1715581.757299999007955 ], [ 1039117.193200000328943, 1715609.773099999409169 ], [ 1039118.484800000791438, 1715657.782199999084696 ], [ 1039098.268799998797476, 1715727.64310000045225 ], [ 1039096.180200000992045, 1715743.169400000246242 ], [ 1039093.216599999112077, 1715768.543700000504032 ], [ 1039094.771200001006946, 1715825.684499999508262 ], [ 1039098.253799999714829, 1715877.82979999948293 ], [ 1039038.150799998897128, 1715917.103900000685826 ], [ 1039037.160999999265186, 1715944.197399999480695 ], [ 1038998.824799999827519, 1716035.7397 ], [ 1038994.431399999302812, 1716077.03669999842532 ], [ 1038985.454199998406693, 1716108.862299999687821 ], [ 1038981.436200000811368, 1716120.584299999056384 ], [ 1038980.84259999950882, 1716151.720599999185652 ], [ 1038999.418999999412335, 1716204.3956 ], [ 1038970.488000000128523, 1716232.648699999786913 ], [ 1038954.236600001575425, 1716260.204099999042228 ], [ 1038964.406000001356006, 1716284.1977 ], [ 1038985.922000000951812, 1716333.12529999949038 ], [ 1038961.803399999043904, 1716317.735999998403713 ], [ 1038918.06279999925755, 1716299.6598 ], [ 1038894.214599998667836, 1716289.804199999198318 ], [ 1038846.876, 1716297.090700001455843 ], [ 1038759.817200000979938, 1716310.491100001847371 ], [ 1038739.110800000140443, 1716328.919099999591708 ], [ 1038672.808399999863468, 1716316.06470000045374 ], [ 1038616.7452, 1716297.219499998725951 ], [ 1038609.432799999485724, 1716292.502399998949841 ], [ 1038586.080200000200421, 1716281.5419 ], [ 1038583.97220000019297, 1716280.552500000456348 ], [ 1038578.810300000826828, 1716279.749000000534579 ], [ 1038535.8886, 1716273.06760000041686 ], [ 1038533.910100000794046, 1716271.83170000044629 ], [ 1038504.5794, 1716253.507899999152869 ], [ 1038451.6914, 1716272.064300001133233 ], [ 1038429.478100000531413, 1716272.9561 ], [ 1038428.711799999233335, 1716272.986900000832975 ], [ 1038410.579999999026768, 1716267.812599999364465 ], [ 1038364.152799999457784, 1716238.17259999900125 ], [ 1038354.2203, 1716232.604800001252443 ], [ 1038350.480399999651127, 1716230.508299999171868 ], [ 1038336.555799999041483, 1716229.101199998985976 ], [ 1038328.28940000012517, 1716244.7336 ], [ 1038310.710400000447407, 1716262.514300000388175 ], [ 1038299.985000000102445, 1716267.609999999636784 ], [ 1038274.36139999947045, 1716281.381999999284744 ], [ 1038252.022899999283254, 1716297.929199999663979 ], [ 1038208.4124, 1716330.233499999390915 ], [ 1038155.630800001439638, 1716371.249899999704212 ], [ 1038143.877799999783747, 1716384.067500000819564 ], [ 1038135.899199999053963, 1716390.325599999399856 ], [ 1038132.2624, 1716391.990500001236796 ], [ 1038120.174799999338575, 1716397.523800000548363 ], [ 1038112.331599999568425, 1716404.301300000399351 ], [ 1038110.125199999078177, 1716405.658500000834465 ], [ 1038107.0942, 1716407.522299998672679 ], [ 1038069.963000001385808, 1716420.336700000334531 ], [ 1037998.863699999288656, 1716417.295700001530349 ], [ 1037971.423200000892393, 1716416.12209999980405 ], [ 1037958.090999999898486, 1716411.955399999162182 ], [ 1037951.05640000058338, 1716409.7569 ], [ 1037950.899600000237115, 1716414.924400000367314 ], [ 1037965.460199998808093, 1716475.608800001209602 ], [ 1037968.480199999292381, 1716488.195599999045953 ], [ 1037970.475399999530055, 1716496.510800001211464 ], [ 1037968.986400000285357, 1716572.252400000579655 ], [ 1037970.057, 1716591.284299999475479 ], [ 1037971.650600000284612, 1716605.61759999836795 ], [ 1037963.271800000802614, 1716642.5108 ], [ 1037960.3676, 1716648.2785 ], [ 1037951.574400000739843, 1716665.742200001142919 ], [ 1037950.566400000825524, 1716686.2349 ], [ 1037939.248400000506081, 1716726.79619999974966 ], [ 1037927.649200000334531, 1716767.17339999973774 ], [ 1037921.563400000683032, 1716788.358199999667704 ], [ 1037912.1204, 1716802.998700000811368 ], [ 1037891.150400000740774, 1716835.5110999988392 ], [ 1037872.679399998742156, 1716861.137400000356138 ], [ 1037866.951999998884276, 1716869.083599999547005 ], [ 1037869.146200000774115, 1716875.261800000444055 ], [ 1037879.802000001305714, 1716890.670800000196323 ], [ 1037880.469999999506399, 1716893.588799999561161 ], [ 1037884.569999999715947, 1716911.49620000156574 ], [ 1037881.087000000639819, 1716918.183399999048561 ], [ 1037873.049000000231899, 1716933.6161999986507 ], [ 1037859.707200000993907, 1716957.015699999872595 ], [ 1037849.732999999658205, 1716979.035000000381842 ], [ 1037836.319599999580532, 1716998.7136 ], [ 1037830.328599999193102, 1717017.587100000586361 ], [ 1037843.0428, 1717040.406600000336766 ], [ 1037858.98, 1717069.010799999115989 ], [ 1037846.502800000132993, 1717104.646400001598522 ], [ 1037840.152999999467283, 1717143.539500000420958 ], [ 1037825.670900001190603, 1717146.395199999213219 ], [ 1037817.347199999028817, 1717148.03669999842532 ], [ 1037766.139399999752641, 1717169.722299999557436 ], [ 1037765.529199999873526, 1717191.650099999736995 ], [ 1037764.357200000202283, 1717199.461399999679998 ], [ 1037763.230600000475533, 1717207.889699999708682 ], [ 1037762.205600001034327, 1717215.557800000533462 ], [ 1037743.840400001150556, 1717256.256899998756126 ], [ 1037748.7224, 1717272.125999998766929 ], [ 1037750.00820000062231, 1717289.427500000456348 ], [ 1037748.141200001002289, 1717299.3613 ], [ 1037748.314399998751469, 1717299.832000000169501 ], [ 1037760.067400000989437, 1717331.798000000882894 ], [ 1037760.431000000913627, 1717336.899800001410767 ], [ 1037761.625000000582077, 1717353.630100001115352 ], [ 1037773.787200000369921, 1717399.570699999807402 ], [ 1037762.772199998958968, 1717427.648099999642 ], [ 1037756.037799999467097, 1717444.814300001133233 ], [ 1037757.500200000125915, 1717453.122099998639897 ], [ 1037760.588899999158457, 1717470.670999999158084 ], [ 1037761.329300001380034, 1717474.877599999541417 ], [ 1037763.838000001152977, 1717489.130500000435859 ], [ 1037771.39480000094045, 1717498.061799999792129 ], [ 1037792.300800000783056, 1717522.7703 ], [ 1037792.743999999016523, 1717524.426299998769537 ], [ 1037797.429399998742156, 1717541.953699999721721 ], [ 1037798.649599999422207, 1717546.5193000016734 ], [ 1037799.719599999720231, 1717550.523099999642 ], [ 1037800.815100000589155, 1717553.340900000184774 ], [ 1037813.78259999922011, 1717586.694499999051914 ], [ 1037812.985400000354275, 1717587.770899998256937 ], [ 1037803.1973, 1717600.987600000575185 ], [ 1037792.339800000656396, 1717615.64839999913238 ], [ 1037777.530799999833107, 1717663.634 ], [ 1037777.373400000738911, 1717664.7282 ], [ 1037776.697600000537932, 1717669.440400001592934 ], [ 1037772.022199999308214, 1717702.008300001733005 ], [ 1037775.628999999258667, 1717711.033600000664592 ], [ 1037776.279400001396425, 1717717.106700000353158 ], [ 1037763.346200000611134, 1717723.202299999073148 ], [ 1037765.490200000465848, 1717730.130100001115352 ], [ 1037766.726400000508875, 1717735.847299999557436 ], [ 1037767.630199999199249, 1717742.617599999066442 ], [ 1037762.946000000229105, 1717753.248199999565259 ], [ 1037766.319400001433678, 1717772.014599999878556 ], [ 1037766.951800000621006, 1717772.165999999269843 ], [ 1037778.3322, 1717774.890699999174103 ], [ 1037783.308200000785291, 1717780.089999999618158 ], [ 1037787.500800000620075, 1717779.38050000090152 ], [ 1037792.7488, 1717782.261499998392537 ], [ 1037797.987200001138262, 1717785.772399999666959 ], [ 1037797.998600000631995, 1717798.132599999662489 ], [ 1037792.28, 1717799.095100000267848 ], [ 1037732.2056, 1717840.269499998772517 ], [ 1037726.626899998635054, 1717852.545800001360476 ], [ 1037723.082200000411831, 1717860.346499999752268 ], [ 1037703.789499999140389, 1717875.54759999900125 ], [ 1037692.095799999544397, 1717884.761500000255182 ], [ 1037692.0153999987524, 1717888.469200000632554 ], [ 1037691.753300000331365, 1717900.557600000640377 ], [ 1037691.7512, 1717900.653899999102578 ], [ 1037692.97759999986738, 1717914.7083 ], [ 1037640.87700000021141, 1717928.093699999386445 ], [ 1037628.69559999986086, 1717931.223300000885502 ], [ 1037581.594999999506399, 1717986.603700001724064 ], [ 1037563.039200000814162, 1717984.167699999874458 ], [ 1037541.609999999636784, 1717981.3550999998115 ], [ 1037514.401200000429526, 1717981.914100000401959 ], [ 1037461.8448, 1717998.599899999564514 ], [ 1037432.222800000454299, 1718020.877100000390783 ], [ 1037428.441599998855963, 1718022.278499999782071 ], [ 1037406.418999998830259, 1718022.298700000625104 ], [ 1037393.2562, 1718022.523099998943508 ], [ 1037361.4491, 1718030.286699999822304 ], [ 1037359.385199999669567, 1718033.689300000667572 ], [ 1037352.273600000306033, 1718045.431700001005083 ], [ 1037335.019999998738058, 1718074.606300001265481 ], [ 1037338.055999999050982, 1718096.073100000619888 ], [ 1037342.349800000200048, 1718137.613300000317395 ], [ 1037305.220800001290627, 1718162.156499999109656 ], [ 1037272.020799999707378, 1718177.743899998720735 ], [ 1037270.239399999263696, 1718179.278300000354648 ], [ 1037220.777199999662116, 1718197.5285 ], [ 1037144.137000000220723, 1718221.577700000721961 ], [ 1037146.294399999664165, 1718275.709899999201298 ], [ 1037114.448600000236183, 1718270.097300000488758 ], [ 1037041.774, 1718285.151300000259653 ], [ 1037012.063400000915863, 1718281.51410000026226 ], [ 1036984.169400000362657, 1718267.476300000213087 ], [ 1036891.850399999762885, 1718252.928299999330193 ], [ 1036887.032999998889863, 1718256.572900000493973 ], [ 1036875.996199999353848, 1718263.331500000320375 ], [ 1036791.906, 1718314.073899999260902 ], [ 1036773.162800000747666, 1718330.333000000333413 ], [ 1036733.764200000674464, 1718356.514900001231581 ], [ 1036710.680199999827892, 1718382.54450000054203 ], [ 1036681.550999999395572, 1718417.682499998947605 ], [ 1036685.370599999208935, 1718432.6103 ], [ 1036681.633600001339801, 1718451.651900001103058 ], [ 1036678.145800000522286, 1718469.42390000144951 ], [ 1036695.618399999220856, 1718502.814300001366064 ], [ 1036689.708599999896251, 1718528.816299997968599 ], [ 1036682.911199999274686, 1718580.217100000707433 ], [ 1036702.972400000900961, 1718615.946100000524893 ], [ 1036698.102999999304302, 1718647.502299999352545 ], [ 1036658.72099999897182, 1718743.1043 ], [ 1036642.582900000503287, 1718782.741800000658259 ], [ 1036634.59040000080131, 1718802.372899999376386 ], [ 1036639.459799999720417, 1718827.448699999600649 ], [ 1036621.095799999427982, 1718872.309900000924245 ], [ 1036630.378399998997338, 1718902.767100000288337 ], [ 1036644.641799999750219, 1718913.487099999794737 ], [ 1036661.640799999120645, 1718926.263299998594448 ], [ 1036682.411199999158271, 1718961.693299998762086 ], [ 1036660.03, 1718993.217100001405925 ], [ 1036638.243599999230355, 1719023.902699998579919 ], [ 1036623.596999999019317, 1719094.113299999386072 ], [ 1036628.616399998543784, 1719144.930700001306832 ], [ 1036656.543199999607168, 1719171.004699999000877 ], [ 1036662.097200000542216, 1719209.1161 ], [ 1036662.534800000372343, 1719248.290900000138208 ], [ 1036653.284800000372343, 1719277.509100000141189 ], [ 1036637.43920000072103, 1719310.81789999967441 ], [ 1036642.797800000291318, 1719321.316900000441819 ], [ 1036645.651799999643117, 1719327.7027 ], [ 1036670.946600000490434, 1719351.346000000135973 ], [ 1036702.799200000590645, 1719402.059699999634176 ], [ 1036717.387999999336898, 1719408.1233 ], [ 1036729.093399998731911, 1719439.960699999239296 ], [ 1036760.874599998933263, 1719441.892100000753999 ], [ 1036783.128799999831244, 1719467.723699999041855 ], [ 1036786.524000001256354, 1719471.043099999893457 ], [ 1036814.468200001167133, 1719497.543700001901016 ], [ 1036831.10520000080578, 1719501.255100000184029 ], [ 1036858.955200000549667, 1719522.785499999765307 ], [ 1036977.450199999730103, 1719565.042500000447035 ], [ 1036988.000799998873845, 1719596.204900001175702 ], [ 1036994.157399999094196, 1719630.163199999602512 ], [ 1036982.069400000502355, 1719677.770300001138821 ], [ 1036958.834000000962988, 1719722.29610000201501 ], [ 1036900.8246, 1719780.660299999406561 ], [ 1036894.3636, 1719832.918900000164285 ], [ 1036928.727600000449456, 1719867.1127 ], [ 1036932.312800000887364, 1719926.107500000391155 ], [ 1036959.273400000180118, 1719954.5973 ], [ 1036984.379599999869242, 1719973.751499997917563 ], [ 1036979.452200001105666, 1720053.395700000692159 ], [ 1037000.355999999213964, 1720077.988899999530986 ], [ 1036998.728000000468455, 1720088.7421000006143 ], [ 1037008.051799998618662, 1720103.202300000237301 ], [ 1037015.886399999726564, 1720118.099899998866022 ], [ 1037020.0426, 1720124.272099999478087 ], [ 1037096.081999999820255, 1720247.645099999615923 ], [ 1037128.563600000576116, 1720289.3139 ], [ 1037135.824599999585189, 1720295.30729999858886 ], [ 1037136.238999999361113, 1720295.6493 ], [ 1037123.293199999257922, 1720309.144299999810755 ], [ 1037090.8814, 1720343.633300000336021 ], [ 1037072.281199999386445, 1720356.950100000947714 ], [ 1037045.603200000943616, 1720398.275900000706315 ], [ 1037020.17510000045877, 1720416.62720000045374 ], [ 1037016.369400001247413, 1720419.37389999977313 ], [ 1037012.239800000330433, 1720454.122700001113117 ], [ 1037020.205799999646842, 1720488.67769999965094 ], [ 1037013.461000000592321, 1720506.323600000701845 ], [ 1037013.33660000062082, 1720517.526099999435246 ], [ 1037014.801600000704639, 1720527.727900000754744 ], [ 1037023.424599999561906, 1720547.74210000038147 ], [ 1037025.366800000309013, 1720568.8125 ], [ 1037028.081799999461509, 1720598.2645 ], [ 1036969.2988, 1720649.902699999045581 ], [ 1036947.812800000654534, 1720658.058499998878688 ], [ 1036935.722799999173731, 1720663.881900000153109 ], [ 1036928.9892, 1720666.090100000146776 ], [ 1036876.402399999205954, 1720683.335699999006465 ], [ 1036864.948399999295361, 1720711.79450000077486 ], [ 1036862.04360000079032, 1720738.491900001652539 ], [ 1036854.602999999769963, 1720764.211699999170378 ], [ 1036844.722799998708069, 1720772.748699999414384 ], [ 1036835.529799999552779, 1720780.691600000718608 ], [ 1036824.2146, 1720790.468100000638515 ], [ 1036831.84020000079181, 1720827.8783 ], [ 1036816.964399999007583, 1720895.83530000038445 ], [ 1036805.118800000753254, 1720920.9397 ], [ 1036816.453799999668263, 1720971.843899999279529 ], [ 1036830.515200001187623, 1720990.218500000657514 ], [ 1036871.420599998906255, 1721020.750700000906363 ], [ 1036870.843399999663234, 1721045.591299999505281 ], [ 1036859.419200000353158, 1721070.226700002094731 ], [ 1036876.8588, 1721100.458000000566244 ], [ 1036896.150999999023043, 1721133.900699998252094 ], [ 1037017.393999999621883, 1721209.0504999991972 ], [ 1037014.783200001576915, 1721231.596500000683591 ], [ 1037004.4112, 1721308.237500000745058 ], [ 1037011.630800001206808, 1721319.32 ], [ 1037057.9879999991972, 1721375.221 ], [ 1037115.095199999632314, 1721391.738900000695139 ], [ 1037160.383600000874139, 1721440.267699998337775 ], [ 1037199.295999999856576, 1721449.394700000761077 ], [ 1037211.837199999834411, 1721452.9737 ], [ 1037228.628000000375323, 1721455.313899998785928 ], [ 1037273.8544, 1721461.617299999110401 ], [ 1037278.858399999793619, 1721511.481499998830259 ], [ 1037284.156399999861605, 1721564.277100000763312 ], [ 1037284.30520000110846, 1721566.8351 ], [ 1037273.289099999819882, 1721620.550100000342354 ], [ 1037272.5026, 1721624.38509999983944 ], [ 1037299.089800000772811, 1721637.553899999475107 ], [ 1037320.462399999145418, 1721623.563299999572337 ], [ 1037417.3444000009913, 1721617.547299998579547 ], [ 1037498.255000000121072, 1721623.844499999191612 ], [ 1037557.242400000803173, 1721666.719699998851866 ], [ 1037614.111400000285357, 1721655.860300001455471 ], [ 1037635.295800000545569, 1721657.280700000468642 ], [ 1037684.850399999530055, 1721660.710699999704957 ], [ 1037705.547600000165403, 1721649.592099999077618 ], [ 1037759.83080000046175, 1721651.01909999945201 ], [ 1037787.777999999700114, 1721628.012900000903755 ], [ 1037795.823399999761023, 1721621.38990000076592 ], [ 1037810.654799999669194, 1721610.348899999400601 ], [ 1037823.858199999551289, 1721613.588700000662357 ], [ 1037825.28999999910593, 1721615.0573 ], [ 1037832.2216, 1721622.167499999515712 ], [ 1037881.534599999664351, 1721650.02250000089407 ], [ 1037898.632799998857081, 1721670.393699999433011 ], [ 1037931.7272, 1721689.738500001374632 ], [ 1037954.972000000532717, 1721688.4295 ], [ 1037972.3264, 1721758.77750000031665 ], [ 1037962.932799998787232, 1721777.360300001688302 ], [ 1037948.150000000139698, 1721800.014700000174344 ], [ 1037981.686000000219792, 1721801.08269999967888 ], [ 1038004.652200000593439, 1721812.3183 ], [ 1038078.673599999281578, 1721802.74269999936223 ], [ 1038096.658999999286607, 1721805.655500001274049 ], [ 1038114.884200000902638, 1721851.852099998854101 ], [ 1038122.529799999669194, 1721908.66929999855347 ], [ 1038133.514000001130626, 1721973.021099999081343 ], [ 1038155.89319999946747, 1721998.458100000396371 ], [ 1038202.731399999000132, 1722014.053300000727177 ], [ 1038249.894399998709559, 1722049.998299998231232 ], [ 1038248.907800000626594, 1722051.79950000019744 ], [ 1038220.077399998903275, 1722108.420100000919774 ], [ 1038254.651000000420026, 1722146.311899998225272 ], [ 1038254.72220000019297, 1722219.5746999992989 ], [ 1038251.234600001131184, 1722253.769500000402331 ], [ 1038274.331200000713579, 1722255.974700000369921 ], [ 1038298.002999998512678, 1722259.293700001668185 ], [ 1038307.0052, 1722276.177300001028925 ], [ 1038321.516999999177642, 1722303.394300001207739 ], [ 1038335.105199999641627, 1722334.855699998792261 ], [ 1038342.2612, 1722351.424499999731779 ], [ 1038353.399400001158938, 1722373.655700000468642 ], [ 1038368.976799999247305, 1722418.666300000157207 ], [ 1038391.735599999898113, 1722443.07289999932982 ], [ 1038406.406400000327267, 1722509.640100000193343 ], [ 1038404.434800000279211, 1722519.832299998728558 ], [ 1038399.605799998971634, 1722564.756899999454618 ], [ 1038398.914999999571592, 1722571.182499999180436 ], [ 1038420.03280000120867, 1722605.116100000217557 ], [ 1038436.436400000937283, 1722653.310899999691173 ], [ 1038437.077999999863096, 1722655.195899999700487 ], [ 1038436.30120000068564, 1722656.270300000905991 ], [ 1038415.871000000857748, 1722684.527500000782311 ], [ 1038402.429399999440648, 1722693.849300000118092 ], [ 1038378.318199999514036, 1722707.239900000859052 ], [ 1038298.952200000407174, 1722725.713499999605119 ], [ 1038307.24000000115484, 1722760.044900000328198 ], [ 1038302.993400001083501, 1722804.867699999595061 ], [ 1038328.671199998818338, 1722813.501899999799207 ], [ 1038363.098399999784306, 1722845.351099998690188 ], [ 1038403.876599999843165, 1722869.280099998926744 ], [ 1038412.899000001139939, 1722874.958699997980148 ], [ 1038416.260200001415797, 1722876.25709999888204 ], [ 1038416.112800000584684, 1722879.132700000656769 ], [ 1038414.627600000821985, 1722908.457699998747557 ], [ 1038414.183999999542721, 1722915.412499999860302 ], [ 1038413.665000000735745, 1722940.473699999274686 ], [ 1038413.943799999542534, 1722945.226900001056492 ], [ 1038413.269600000116043, 1722955.424699999857694 ], [ 1038412.638000001199543, 1723005.064900000113994 ], [ 1038441.569399999571033, 1723043.386099998373538 ], [ 1038427.223599999444559, 1723124.811899998923764 ], [ 1038429.925600000307895, 1723147.613900000229478 ], [ 1038425.390999999479391, 1723201.466900000348687 ], [ 1038418.071399999083951, 1723227.586899999296293 ], [ 1038415.326400000485592, 1723246.7299 ], [ 1038403.282200000365265, 1723328.477100001182407 ], [ 1038380.390999999595806, 1723415.12470000050962 ], [ 1038379.12279999977909, 1723419.735100000165403 ], [ 1038408.245600000140257, 1723468.259500000625849 ], [ 1038429.468399999663234, 1723517.996099999407306 ], [ 1038429.5988, 1723609.663300001993775 ], [ 1038454.6558, 1723664.572100001154467 ], [ 1038470.608400000724941, 1723698.373900000704452 ], [ 1038469.574800000526011, 1723757.507899998687208 ], [ 1038520.061400000588037, 1723810.392899998929352 ], [ 1038524.836599998991005, 1723815.3949000001885 ], [ 1038526.071000000811182, 1723816.68790000025183 ], [ 1038525.3346, 1723818.848099999595433 ], [ 1038510.966000000946224, 1723860.998899998376146 ], [ 1038526.127799999434501, 1723915.920899999793619 ], [ 1038540.492600000929087, 1723923.945000001229346 ], [ 1038540.991800000309013, 1723924.223699999740347 ], [ 1038540.703399998950772, 1723925.405300000216812 ], [ 1038535.365000000922009, 1723947.273499998962507 ], [ 1038535.807799998437986, 1723973.989100001519546 ], [ 1038545.022400000947528, 1724066.0898999995552 ], [ 1038524.892600000137463, 1724137.0899 ], [ 1038546.773400000762194, 1724161.781899998895824 ], [ 1038556.323800000362098, 1724180.666500000283122 ], [ 1038564.569200000260025, 1724196.970700000412762 ], [ 1038557.5382, 1724223.657699998700991 ], [ 1038555.290400000754744, 1724232.189299999736249 ], [ 1038559.827599999611266, 1724243.031500000273809 ], [ 1038579.291400000569411, 1724289.54350000130944 ], [ 1038582.487800000584684, 1724344.471899998374283 ], [ 1038588.780999999609776, 1724398.8821 ], [ 1038577.453600000357255, 1724454.873099998803809 ], [ 1038574.707899999804795, 1724468.575099999317899 ], [ 1038636.175599999260157, 1724512.686699998797849 ], [ 1038647.492800000705756, 1724524.27409999910742 ], [ 1038665.264200000441633, 1724526.017100000986829 ], [ 1038668.822600000537932, 1724526.366100000450388 ], [ 1038669.651, 1724526.128299999749288 ], [ 1038705.733400000142865, 1724515.765499998815358 ], [ 1038714.877800000715069, 1724506.1675 ], [ 1038751.391600000672042, 1724477.284299999009818 ], [ 1038759.026999999419786, 1724484.543700000736862 ], [ 1038785.973199999891222, 1724510.163199999369681 ], [ 1038832.953400000929832, 1724536.961300001479685 ], [ 1038916.833800001069903, 1724538.136899998644367 ], [ 1038922.899199999286793, 1724540.972500000847504 ], [ 1038966.065, 1724541.354299999540672 ], [ 1038980.688999999430962, 1724533.354100001044571 ], [ 1038998.781599999638274, 1724523.456100000534207 ], [ 1039030.725400000577793, 1724522.989499999443069 ], [ 1039060.47100000095088, 1724523.354699998162687 ], [ 1039079.460599999525584, 1724516.133300001034513 ], [ 1039100.48220000078436, 1724506.003900000592694 ], [ 1039113.727399999392219, 1724509.93970000022091 ], [ 1039116.326600001309998, 1724510.712099998258054 ], [ 1039117.128600000170991, 1724510.361500000581145 ], [ 1039120.189499999280088, 1724508.790100000565872 ], [ 1039123.483800000394695, 1724507.099099999759346 ], [ 1039131.274799999548122, 1724503.09950000140816 ], [ 1039133.378799999598414, 1724502.360899999039248 ], [ 1039145.977199999848381, 1724485.680299997329712 ], [ 1039175.5116, 1724476.0631 ], [ 1039207.2223, 1724494.117499998537824 ], [ 1039225.850999999442138, 1724504.723499999381602 ], [ 1039277.032799999695271, 1724534.576500000199303 ], [ 1039310.658000000868924, 1724523.688899999251589 ], [ 1039381.6878, 1724500.7813 ], [ 1039400.627399999299087, 1724493.889699999243021 ], [ 1039451.191799999796785, 1724440.071100000292063 ], [ 1039458.577600000659004, 1724439.7647 ], [ 1039463.594800000777468, 1724431.51549999974668 ], [ 1039479.254200000548735, 1724405.769099998520687 ], [ 1039486.685600000899285, 1724402.34349999926053 ], [ 1039501.171999999554828, 1724414.59569999971427 ], [ 1039552.448200001497753, 1724436.530899999663234 ], [ 1039577.32220000110101, 1724447.17149999900721 ], [ 1039583.686800000839867, 1724442.679500000784174 ], [ 1039604.094199999701232, 1724442.846300001488999 ], [ 1039611.026600001496263, 1724437.653500000946224 ], [ 1039651.928000001003966, 1724426.4201 ], [ 1039655.112000000313856, 1724420.648499998962507 ], [ 1039688.015800000517629, 1724402.800499999662861 ], [ 1039695.849800000316463, 1724402.932300000451505 ], [ 1039710.80700000107754, 1724400.371699999086559 ], [ 1039760.228599998983555, 1724397.897600000258535 ], [ 1039783.130400001071393, 1724396.751100000459701 ], [ 1039811.122800001176074, 1724392.066700000548735 ], [ 1039842.34180000051856, 1724375.183499997714534 ], [ 1039863.319599998998456, 1724363.838699999731034 ], [ 1039878.26310000102967, 1724371.67130000051111 ], [ 1039884.820800000452437, 1724375.108300000196323 ], [ 1039942.740600000368431, 1724380.0349 ], [ 1039979.210600000922568, 1724373.503500000573695 ], [ 1039987.862099998979829, 1724371.95409999974072 ], [ 1040009.395600001211278, 1724368.097899999236688 ], [ 1040029.854599999263883, 1724391.654900000197813 ], [ 1040071.0288, 1724442.347699999576434 ], [ 1040078.640399998868816, 1724451.718699998920783 ], [ 1040085.511199999717064, 1724458.071699999505654 ], [ 1040111.1433999997098, 1724485.362299999687821 ], [ 1040125.757600000710227, 1724492.84410000173375 ], [ 1040137.288199999718927, 1724498.747300000861287 ], [ 1040143.931000000331551, 1724508.6117 ], [ 1040144.267999999807216, 1724509.167099999031052 ], [ 1040156.212800000212155, 1724528.855900001479313 ], [ 1040157.419000000460073, 1724530.844300000462681 ], [ 1040155.806200001155958, 1724547.862500001210719 ], [ 1040154.963800000376068, 1724556.752500001341105 ], [ 1040156.230400000466034, 1724559.943299998529255 ], [ 1040158.268400001223199, 1724565.411299998871982 ], [ 1040174.526999998954125, 1724600.788499998860061 ], [ 1040178.44140000094194, 1724610.108699998818338 ], [ 1040180.271600000443868, 1724628.923099999548867 ], [ 1040193.525000000954606, 1724645.5155 ], [ 1040199.117400000337511, 1724647.066299998667091 ], [ 1040226.235599999781698, 1724646.6305 ], [ 1040227.680599998915568, 1724647.639100001193583 ], [ 1040252.557400000980124, 1724664.598500000778586 ], [ 1040272.250799999223091, 1724670.248099998803809 ], [ 1040277.829399999114685, 1724672.308700000401586 ], [ 1040287.039799999329261, 1724702.462099998956546 ], [ 1040306.640799999586307, 1724743.187500000465661 ], [ 1040330.628800000995398, 1724752.359300000825897 ], [ 1040334.630800001439638, 1724757.443100000964478 ], [ 1040352.596399999340065, 1724788.114700000733137 ], [ 1040362.758999998681247, 1724799.827099999412894 ], [ 1040376.813200000789948, 1724833.895099998917431 ], [ 1040388.277199999545701, 1724838.823899998795241 ], [ 1040415.2018, 1724854.326899998122826 ], [ 1040417.13680000056047, 1724855.164300000760704 ], [ 1040437.049, 1724871.831899999640882 ], [ 1040459.169799999683164, 1724937.772699998691678 ], [ 1040485.524600000120699, 1724911.165700000477955 ], [ 1040495.974, 1724915.006899998988956 ], [ 1040591.385599999106489, 1724923.181899999268353 ], [ 1040611.421599999302998, 1724943.662899999879301 ], [ 1040654.1953999993857, 1724936.580700000282377 ], [ 1040703.605000001145527, 1724964.565699999686331 ], [ 1040711.711599998991005, 1724971.073899999260902 ], [ 1040797.352200000546873, 1724951.424699999624863 ] ] ] } },
{ "type": "Feature", "properties": { "BASE_DATE": "20250630", "ADM_CD": "38570320", "ADM_NM": "오부면" }, "geometry": { "type": "Polygon", "coordinates": [ [ [ 1036549.626000001095235, 1726551.657899999758229 ], [ 1036618.605000001261942, 1726523.352100000483915 ], [ 1036639.932500000461005, 1726542.194900001166388 ], [ 1036643.5036, 1726530.65650000073947 ], [ 1036673.769199999631383, 1726500.1303 ], [ 1036686.563799999072216, 1726488.6801 ], [ 1036711.66540000133682, 1726466.216499997768551 ], [ 1036719.399799999780953, 1726432.990399999544024 ], [ 1036723.887999999336898, 1726413.709099999628961 ], [ 1036736.250799999339506, 1726414.240500000305474 ], [ 1036794.214200000627898, 1726416.732300001196563 ], [ 1036866.535400001215748, 1726370.905300000682473 ], [ 1036911.065700000501238, 1726267.453299999237061 ], [ 1036921.871999999741092, 1726242.347899999003857 ], [ 1036973.646599998814054, 1726222.3807 ], [ 1037022.559200000367127, 1726173.358699999051169 ], [ 1037031.814799999003299, 1726126.836499999277294 ], [ 1037036.477199998800643, 1726107.183099999791011 ], [ 1037040.602199998684227, 1726076.608300000894815 ], [ 1037018.160399999353103, 1726007.333299999125302 ], [ 1037045.89499999966938, 1725974.450599999167025 ], [ 1037048.938199999043718, 1725970.842900001211092 ], [ 1037052.830600000917912, 1725954.183299998985603 ], [ 1037056.822199999238364, 1725937.098500000545755 ], [ 1037070.760900000343099, 1725936.679699999280274 ], [ 1037073.648600000771694, 1725936.593099999241531 ], [ 1037147.944000000832602, 1725912.372499999590218 ], [ 1037177.165399999124929, 1725877.030099998926744 ], [ 1037226.890799999237061, 1725816.8883 ], [ 1037276.838000001618639, 1725805.4735 ], [ 1037299.897399999550544, 1725783.587300000246614 ], [ 1037363.803000001469627, 1725757.490900000324473 ], [ 1037379.238199998973869, 1725750.242499998770654 ], [ 1037385.5902, 1725747.259299998870119 ], [ 1037389.474400000297464, 1725739.078700000885874 ], [ 1037412.54200000083074, 1725690.4925 ], [ 1037424.191800001193769, 1725683.66829999955371 ], [ 1037464.088899999856949, 1725600.329700001049787 ], [ 1037464.677400000276975, 1725599.100899999029934 ], [ 1037513.888600001228042, 1725591.18169999984093 ], [ 1037575.88719999906607, 1725600.315699999686331 ], [ 1037580.145999998785555, 1725597.9369 ], [ 1037636.28459999919869, 1725599.537299999734387 ], [ 1037722.15380000078585, 1725564.101500001037493 ], [ 1037794.402799999457784, 1725551.85969999874942 ], [ 1037805.738800000632182, 1725555.62769999820739 ], [ 1037833.159000000567175, 1725582.137800002004951 ], [ 1037834.472599999397062, 1725583.4077 ], [ 1037841.440700000384822, 1725580.6453 ], [ 1037917.087999999523163, 1725550.654899999732152 ], [ 1037972.4742, 1725551.662299999501556 ], [ 1038022.972800000337884, 1725516.97249999945052 ], [ 1038089.957800001022406, 1725439.039499999023974 ], [ 1038145.740799999563023, 1725398.501700000371784 ], [ 1038196.974000000278465, 1725385.545900000957772 ], [ 1038205.4288, 1725270.415300000691786 ], [ 1038195.391999999410473, 1725247.728500000201166 ], [ 1038186.942399999825284, 1725206.2306999983266 ], [ 1038182.814799999003299, 1725199.625299999723211 ], [ 1038186.735599999432452, 1725141.193900000769645 ], [ 1038119.45260000124108, 1725069.344099999405444 ], [ 1038093.5018, 1725001.5443 ], [ 1038088.556000000447966, 1724985.451099999016151 ], [ 1038079.785999999730848, 1724974.1081000007689 ], [ 1038090.594199999584816, 1724955.686599999433383 ], [ 1038115.087399999494664, 1724913.94109999970533 ], [ 1038143.041199999162927, 1724864.2193 ], [ 1038144.483999999356456, 1724838.064700001850724 ], [ 1038173.579999999026768, 1724805.145300000207499 ], [ 1038186.057000000262633, 1724791.02849999954924 ], [ 1038218.316599998623133, 1724758.612500002142042 ], [ 1038241.518400000641122, 1724735.297899999888614 ], [ 1038257.420200000633486, 1724722.722900000400841 ], [ 1038278.1443, 1724716.894699999596924 ], [ 1038372.6430000012042, 1724690.318299998994917 ], [ 1038407.498200001311488, 1724665.12749999971129 ], [ 1038452.598600001074374, 1724655.438100000843406 ], [ 1038475.864200000185519, 1724578.821900001727045 ], [ 1038520.307600000407547, 1724524.15110000106506 ], [ 1038523.653400001116097, 1724527.018600000534207 ], [ 1038532.120100000291131, 1724516.567500001052395 ], [ 1038528.890699999523349, 1724513.592999999877065 ], [ 1038535.002800000365824, 1724506.074099999852479 ], [ 1038563.5602, 1724468.746700000483543 ], [ 1038567.465600000345148, 1724463.641900000162423 ], [ 1038574.707899999804795, 1724468.575099999317899 ], [ 1038577.453600000357255, 1724454.873099998803809 ], [ 1038588.780999999609776, 1724398.8821 ], [ 1038582.487800000584684, 1724344.471899998374283 ], [ 1038579.291400000569411, 1724289.54350000130944 ], [ 1038559.827599999611266, 1724243.031500000273809 ], [ 1038555.290400000754744, 1724232.189299999736249 ], [ 1038557.5382, 1724223.657699998700991 ], [ 1038564.569200000260025, 1724196.970700000412762 ], [ 1038556.323800000362098, 1724180.666500000283122 ], [ 1038546.773400000762194, 1724161.781899998895824 ], [ 1038524.892600000137463, 1724137.0899 ], [ 1038545.022400000947528, 1724066.0898999995552 ], [ 1038535.807799998437986, 1723973.989100001519546 ], [ 1038535.365000000922009, 1723947.273499998962507 ], [ 1038540.703399998950772, 1723925.405300000216812 ], [ 1038540.991800000309013, 1723924.223699999740347 ], [ 1038540.492600000929087, 1723923.945000001229346 ], [ 1038526.127799999434501, 1723915.920899999793619 ], [ 1038510.966000000946224, 1723860.998899998376146 ], [ 1038525.3346, 1723818.848099999595433 ], [ 1038526.071000000811182, 1723816.68790000025183 ], [ 1038524.836599998991005, 1723815.3949000001885 ], [ 1038520.061400000588037, 1723810.392899998929352 ], [ 1038469.574800000526011, 1723757.507899998687208 ], [ 1038470.608400000724941, 1723698.373900000704452 ], [ 1038454.6558, 1723664.572100001154467 ], [ 1038429.5988, 1723609.663300001993775 ], [ 1038429.468399999663234, 1723517.996099999407306 ], [ 1038408.245600000140257, 1723468.259500000625849 ], [ 1038379.12279999977909, 1723419.735100000165403 ], [ 1038380.390999999595806, 1723415.12470000050962 ], [ 1038403.282200000365265, 1723328.477100001182407 ], [ 1038415.326400000485592, 1723246.7299 ], [ 1038418.071399999083951, 1723227.586899999296293 ], [ 1038425.390999999479391, 1723201.466900000348687 ], [ 1038429.925600000307895, 1723147.613900000229478 ], [ 1038427.223599999444559, 1723124.811899998923764 ], [ 1038441.569399999571033, 1723043.386099998373538 ], [ 1038412.638000001199543, 1723005.064900000113994 ], [ 1038413.269600000116043, 1722955.424699999857694 ], [ 1038413.943799999542534, 1722945.226900001056492 ], [ 1038413.665000000735745, 1722940.473699999274686 ], [ 1038414.183999999542721, 1722915.412499999860302 ], [ 1038414.627600000821985, 1722908.457699998747557 ], [ 1038416.112800000584684, 1722879.132700000656769 ], [ 1038416.260200001415797, 1722876.25709999888204 ], [ 1038412.899000001139939, 1722874.958699997980148 ], [ 1038403.876599999843165, 1722869.280099998926744 ], [ 1038363.098399999784306, 1722845.351099998690188 ], [ 1038328.671199998818338, 1722813.501899999799207 ], [ 1038302.993400001083501, 1722804.867699999595061 ], [ 1038307.24000000115484, 1722760.044900000328198 ], [ 1038298.952200000407174, 1722725.713499999605119 ], [ 1038378.318199999514036, 1722707.239900000859052 ], [ 1038402.429399999440648, 1722693.849300000118092 ], [ 1038415.871000000857748, 1722684.527500000782311 ], [ 1038436.30120000068564, 1722656.270300000905991 ], [ 1038437.077999999863096, 1722655.195899999700487 ], [ 1038436.436400000937283, 1722653.310899999691173 ], [ 1038420.03280000120867, 1722605.116100000217557 ], [ 1038398.914999999571592, 1722571.182499999180436 ], [ 1038399.605799998971634, 1722564.756899999454618 ], [ 1038404.434800000279211, 1722519.832299998728558 ], [ 1038406.406400000327267, 1722509.640100000193343 ], [ 1038391.735599999898113, 1722443.07289999932982 ], [ 1038368.976799999247305, 1722418.666300000157207 ], [ 1038353.399400001158938, 1722373.655700000468642 ], [ 1038342.2612, 1722351.424499999731779 ], [ 1038335.105199999641627, 1722334.855699998792261 ], [ 1038321.516999999177642, 1722303.394300001207739 ], [ 1038307.0052, 1722276.177300001028925 ], [ 1038298.002999998512678, 1722259.293700001668185 ], [ 1038274.331200000713579, 1722255.974700000369921 ], [ 1038251.234600001131184, 1722253.769500000402331 ], [ 1038254.72220000019297, 1722219.5746999992989 ], [ 1038254.651000000420026, 1722146.311899998225272 ], [ 1038220.077399998903275, 1722108.420100000919774 ], [ 1038248.907800000626594, 1722051.79950000019744 ], [ 1038249.894399998709559, 1722049.998299998231232 ], [ 1038202.731399999000132, 1722014.053300000727177 ], [ 1038155.89319999946747, 1721998.458100000396371 ], [ 1038133.514000001130626, 1721973.021099999081343 ], [ 1038122.529799999669194, 1721908.66929999855347 ], [ 1038114.884200000902638, 1721851.852099998854101 ], [ 1038096.658999999286607, 1721805.655500001274049 ], [ 1038078.673599999281578, 1721802.74269999936223 ], [ 1038004.652200000593439, 1721812.3183 ], [ 1037981.686000000219792, 1721801.08269999967888 ], [ 1037948.150000000139698, 1721800.014700000174344 ], [ 1037962.932799998787232, 1721777.360300001688302 ], [ 1037972.3264, 1721758.77750000031665 ], [ 1037954.972000000532717, 1721688.4295 ], [ 1037931.7272, 1721689.738500001374632 ], [ 1037898.632799998857081, 1721670.393699999433011 ], [ 1037881.534599999664351, 1721650.02250000089407 ], [ 1037832.2216, 1721622.167499999515712 ], [ 1037825.28999999910593, 1721615.0573 ], [ 1037823.858199999551289, 1721613.588700000662357 ], [ 1037810.654799999669194, 1721610.348899999400601 ], [ 1037795.823399999761023, 1721621.38990000076592 ], [ 1037787.777999999700114, 1721628.012900000903755 ], [ 1037759.83080000046175, 1721651.01909999945201 ], [ 1037705.547600000165403, 1721649.592099999077618 ], [ 1037684.850399999530055, 1721660.710699999704957 ], [ 1037635.295800000545569, 1721657.280700000468642 ], [ 1037614.111400000285357, 1721655.860300001455471 ], [ 1037557.242400000803173, 1721666.719699998851866 ], [ 1037498.255000000121072, 1721623.844499999191612 ], [ 1037417.3444000009913, 1721617.547299998579547 ], [ 1037320.462399999145418, 1721623.563299999572337 ], [ 1037299.089800000772811, 1721637.553899999475107 ], [ 1037272.5026, 1721624.38509999983944 ], [ 1037273.289099999819882, 1721620.550100000342354 ], [ 1037284.30520000110846, 1721566.8351 ], [ 1037284.156399999861605, 1721564.277100000763312 ], [ 1037278.858399999793619, 1721511.481499998830259 ], [ 1037273.8544, 1721461.617299999110401 ], [ 1037228.628000000375323, 1721455.313899998785928 ], [ 1037211.837199999834411, 1721452.9737 ], [ 1037199.295999999856576, 1721449.394700000761077 ], [ 1037160.383600000874139, 1721440.267699998337775 ], [ 1037115.095199999632314, 1721391.738900000695139 ], [ 1037057.9879999991972, 1721375.221 ], [ 1037011.630800001206808, 1721319.32 ], [ 1037004.4112, 1721308.237500000745058 ], [ 1037014.783200001576915, 1721231.596500000683591 ], [ 1037017.393999999621883, 1721209.0504999991972 ], [ 1036896.150999999023043, 1721133.900699998252094 ], [ 1036876.8588, 1721100.458000000566244 ], [ 1036859.419200000353158, 1721070.226700002094731 ], [ 1036870.843399999663234, 1721045.591299999505281 ], [ 1036871.420599998906255, 1721020.750700000906363 ], [ 1036830.515200001187623, 1720990.218500000657514 ], [ 1036816.453799999668263, 1720971.843899999279529 ], [ 1036805.118800000753254, 1720920.9397 ], [ 1036816.964399999007583, 1720895.83530000038445 ], [ 1036831.84020000079181, 1720827.8783 ], [ 1036824.2146, 1720790.468100000638515 ], [ 1036835.529799999552779, 1720780.691600000718608 ], [ 1036844.722799998708069, 1720772.748699999414384 ], [ 1036854.602999999769963, 1720764.211699999170378 ], [ 1036862.04360000079032, 1720738.491900001652539 ], [ 1036864.948399999295361, 1720711.79450000077486 ], [ 1036876.402399999205954, 1720683.335699999006465 ], [ 1036928.9892, 1720666.090100000146776 ], [ 1036935.722799999173731, 1720663.881900000153109 ], [ 1036947.812800000654534, 1720658.058499998878688 ], [ 1036969.2988, 1720649.902699999045581 ], [ 1037028.081799999461509, 1720598.2645 ], [ 1037025.366800000309013, 1720568.8125 ], [ 1037023.424599999561906, 1720547.74210000038147 ], [ 1037014.801600000704639, 1720527.727900000754744 ], [ 1037013.33660000062082, 1720517.526099999435246 ], [ 1037013.461000000592321, 1720506.323600000701845 ], [ 1037020.205799999646842, 1720488.67769999965094 ], [ 1037012.239800000330433, 1720454.122700001113117 ], [ 1037016.369400001247413, 1720419.37389999977313 ], [ 1037020.17510000045877, 1720416.62720000045374 ], [ 1037045.603200000943616, 1720398.275900000706315 ], [ 1037072.281199999386445, 1720356.950100000947714 ], [ 1037090.8814, 1720343.633300000336021 ], [ 1037123.293199999257922, 1720309.144299999810755 ], [ 1037136.238999999361113, 1720295.6493 ], [ 1037135.824599999585189, 1720295.30729999858886 ], [ 1037128.563600000576116, 1720289.3139 ], [ 1037096.081999999820255, 1720247.645099999615923 ], [ 1037020.0426, 1720124.272099999478087 ], [ 1037015.886399999726564, 1720118.099899998866022 ], [ 1037008.051799998618662, 1720103.202300000237301 ], [ 1036998.728000000468455, 1720088.7421000006143 ], [ 1037000.355999999213964, 1720077.988899999530986 ], [ 1036979.452200001105666, 1720053.395700000692159 ], [ 1036984.379599999869242, 1719973.751499997917563 ], [ 1036959.273400000180118, 1719954.5973 ], [ 1036932.312800000887364, 1719926.107500000391155 ], [ 1036928.727600000449456, 1719867.1127 ], [ 1036894.3636, 1719832.918900000164285 ], [ 1036900.8246, 1719780.660299999406561 ], [ 1036958.834000000962988, 1719722.29610000201501 ], [ 1036982.069400000502355, 1719677.770300001138821 ], [ 1036994.157399999094196, 1719630.163199999602512 ], [ 1036988.000799998873845, 1719596.204900001175702 ], [ 1036977.450199999730103, 1719565.042500000447035 ], [ 1036858.955200000549667, 1719522.785499999765307 ], [ 1036831.10520000080578, 1719501.255100000184029 ], [ 1036814.468200001167133, 1719497.543700001901016 ], [ 1036786.524000001256354, 1719471.043099999893457 ], [ 1036783.128799999831244, 1719467.723699999041855 ], [ 1036760.874599998933263, 1719441.892100000753999 ], [ 1036729.093399998731911, 1719439.960699999239296 ], [ 1036717.387999999336898, 1719408.1233 ], [ 1036702.799200000590645, 1719402.059699999634176 ], [ 1036670.946600000490434, 1719351.346000000135973 ], [ 1036645.651799999643117, 1719327.7027 ], [ 1036642.797800000291318, 1719321.316900000441819 ], [ 1036637.43920000072103, 1719310.81789999967441 ], [ 1036653.284800000372343, 1719277.509100000141189 ], [ 1036662.534800000372343, 1719248.290900000138208 ], [ 1036662.097200000542216, 1719209.1161 ], [ 1036656.543199999607168, 1719171.004699999000877 ], [ 1036628.616399998543784, 1719144.930700001306832 ], [ 1036623.596999999019317, 1719094.113299999386072 ], [ 1036638.243599999230355, 1719023.902699998579919 ], [ 1036660.03, 1718993.217100001405925 ], [ 1036682.411199999158271, 1718961.693299998762086 ], [ 1036661.640799999120645, 1718926.263299998594448 ], [ 1036644.641799999750219, 1718913.487099999794737 ], [ 1036630.378399998997338, 1718902.767100000288337 ], [ 1036621.095799999427982, 1718872.309900000924245 ], [ 1036639.459799999720417, 1718827.448699999600649 ], [ 1036634.59040000080131, 1718802.372899999376386 ], [ 1036642.582900000503287, 1718782.741800000658259 ], [ 1036658.72099999897182, 1718743.1043 ], [ 1036698.102999999304302, 1718647.502299999352545 ], [ 1036702.972400000900961, 1718615.946100000524893 ], [ 1036682.911199999274686, 1718580.217100000707433 ], [ 1036689.708599999896251, 1718528.816299997968599 ], [ 1036695.618399999220856, 1718502.814300001366064 ], [ 1036678.145800000522286, 1718469.42390000144951 ], [ 1036669.352999999187887, 1718461.324100001715124 ], [ 1036641.979400000302121, 1718419.925100000575185 ], [ 1036641.907000000472181, 1718419.8157 ], [ 1036641.720000000554137, 1718419.746700000716373 ], [ 1036589.524599999655038, 1718400.497099998639897 ], [ 1036508.6292, 1718335.655399999581277 ], [ 1036473.878800001111813, 1718297.968200000701472 ], [ 1036442.927000000840053, 1718279.540100001497194 ], [ 1036440.879099999088794, 1718256.830300000263378 ], [ 1036435.605399999185465, 1718198.346200000494719 ], [ 1036418.007799999671988, 1718174.008499999763444 ], [ 1036375.028899999568239, 1718114.568099999800324 ], [ 1036372.843799999332987, 1718111.5461 ], [ 1036410.773200000519864, 1718035.074599999468774 ], [ 1036415.949999999837019, 1718005.185200000647455 ], [ 1036419.100700000533834, 1717964.2148999995552 ], [ 1036419.3004, 1717961.618400000268593 ], [ 1036420.3049, 1717960.507200000807643 ], [ 1036426.514799999422394, 1717953.637599998852238 ], [ 1036449.936000000103377, 1717930.872800000477582 ], [ 1036463.629200001014397, 1717900.053900000406429 ], [ 1036450.423299999558367, 1717877.25650000013411 ], [ 1036439.350599999655969, 1717858.1417 ], [ 1036380.203799999784678, 1717826.657899999059737 ], [ 1036368.175200001453049, 1717790.39919999986887 ], [ 1036349.67839999916032, 1717736.081499999389052 ], [ 1036326.643, 1717692.091000000713393 ], [ 1036307.015999998780899, 1717686.170800001360476 ], [ 1036275.629500000388362, 1717606.939600001089275 ], [ 1036273.630800000508316, 1717601.894099998753518 ], [ 1036268.7652, 1717597.9419 ], [ 1036227.593200000119396, 1717564.498599999817088 ], [ 1036225.074000000255182, 1717557.34809999843128 ], [ 1036205.047399999108166, 1717500.5041 ], [ 1036203.330200000549667, 1717494.165500000119209 ], [ 1036181.03890000062529, 1717482.564899999881163 ], [ 1036147.532200000132434, 1717465.127699999837205 ], [ 1036139.634, 1717450.866400001337752 ], [ 1036123.501800000783987, 1717421.737299997825176 ], [ 1036118.775199999799952, 1717413.202700002584606 ], [ 1036059.584599999827333, 1717426.146699999459088 ], [ 1035966.227600000682287, 1717431.727499998407438 ], [ 1035909.085399999748915, 1717473.002899999730289 ], [ 1035905.820000000298023, 1717470.729300000239164 ], [ 1035848.807000000611879, 1717431.031700000166893 ], [ 1035831.9924, 1717410.162099999142811 ], [ 1035803.105800001183525, 1717397.7027000002563 ], [ 1035772.592799999751151, 1717383.666099998867139 ], [ 1035761.966199999675155, 1717388.21610000054352 ], [ 1035737.151800000341609, 1717398.841099998913705 ], [ 1035737.094799999846146, 1717398.865500000538304 ], [ 1035725.78299999947194, 1717393.438899999018759 ], [ 1035616.013000000501052, 1717340.7791 ], [ 1035602.72899999958463, 1717334.406300001312047 ], [ 1035596.444800000288524, 1717326.562300000339746 ], [ 1035545.952199999475852, 1717263.537499999860302 ], [ 1035521.667500001494773, 1717241.278799999738112 ], [ 1035507.787, 1717228.5563 ], [ 1035492.339999999385327, 1717217.726099999621511 ], [ 1035469.747799998964183, 1717201.88649999932386 ], [ 1035456.8879, 1717199.812299999641255 ], [ 1035445.093999998643994, 1717197.909900000318885 ], [ 1035426.2531999994535, 1717211.4767 ], [ 1035413.302000000840053, 1717220.175100000575185 ], [ 1035381.643599999370053, 1717223.372500001220033 ], [ 1035332.487399999750778, 1717229.539899999275804 ], [ 1035276.737600000808015, 1717247.883899999316782 ], [ 1035255.01740000047721, 1717267.680500000715256 ], [ 1035249.976800000295043, 1717287.105100001208484 ], [ 1035205.800000000395812, 1717333.441900000441819 ], [ 1035201.957600000896491, 1717340.364100000821054 ], [ 1035180.210599999176338, 1717377.5809 ], [ 1035163.51380000053905, 1717389.389699999243021 ], [ 1035157.835599999176338, 1717393.987299999222159 ], [ 1035140.441600000369363, 1717387.374500000150874 ], [ 1035125.500399999786168, 1717381.6943 ], [ 1035045.703799999668263, 1717385.851300000213087 ], [ 1034999.349399999715388, 1717392.2373 ], [ 1034976.981200000504032, 1717395.318899999372661 ], [ 1034924.570400000666268, 1717444.675899998750538 ], [ 1034857.574200000381097, 1717457.177500000223517 ], [ 1034854.085199999739416, 1717467.779300001449883 ], [ 1034819.708600000478327, 1717577.809499999275431 ], [ 1034786.87579999899026, 1717591.142100000521168 ], [ 1034769.597799998824485, 1717601.0439 ], [ 1034763.140200000372715, 1717583.253900001524016 ], [ 1034691.048999999533407, 1717384.64949999935925 ], [ 1034670.490600000717677, 1717331.406700001098216 ], [ 1034656.948199999635108, 1717296.829900000244379 ], [ 1034656.319799998775125, 1717227.549100000411272 ], [ 1034656.038000000873581, 1717196.467399998567998 ], [ 1034607.966199999325909, 1717146.7947 ], [ 1034599.867399999173358, 1717102.691099999239668 ], [ 1034589.767199999769218, 1717047.687899999786168 ], [ 1034606.170800001476891, 1716995.437100001145154 ], [ 1034600.5276, 1716950.899899999378249 ], [ 1034612.240399998729117, 1716904.18309999932535 ], [ 1034580.768799999728799, 1716852.687699999893084 ], [ 1034571.885399999795482, 1716838.152099999831989 ], [ 1034511.9706, 1716833.558700001332909 ], [ 1034482.912399998749606, 1716823.167099999263883 ], [ 1034439.342200000421144, 1716822.530699999071658 ], [ 1034425.590399999637157, 1716822.329900000244379 ], [ 1034353.260599999222904, 1716775.703500000527129 ], [ 1034351.95240000076592, 1716774.860300000524148 ], [ 1034317.170400000177324, 1716750.88689999980852 ], [ 1034249.930800000322051, 1716767.074899999890476 ], [ 1034221.219600000418723, 1716772.580299999564886 ], [ 1034220.408600000315346, 1716772.714299998246133 ], [ 1034155.809000000939704, 1716783.379499999340624 ], [ 1034113.387999999453314, 1716787.071100000292063 ], [ 1034084.251400000997819, 1716793.61009999923408 ], [ 1034037.322800001362339, 1716804.098300000652671 ], [ 1034031.57699999853503, 1716805.614800000563264 ], [ 1034020.239199998788536, 1716808.365499999606982 ], [ 1033997.959999998915009, 1716790.483299998799339 ], [ 1033991.004200000548735, 1716784.958000000333413 ], [ 1033985.087500000256114, 1716785.653599999146536 ], [ 1033971.896900000516325, 1716786.392799999332055 ], [ 1033969.568100000382401, 1716786.523399999365211 ], [ 1033893.5843, 1716794.5554 ], [ 1033884.585499999811873, 1716795.549399998271838 ], [ 1033858.114699999336153, 1716803.101600001333281 ], [ 1033855.2665, 1716811.625600001076236 ], [ 1033849.10849999950733, 1716830.054000000469387 ], [ 1033847.768700000480749, 1716834.063599999528378 ], [ 1033832.1735, 1716851.716200000606477 ], [ 1033818.531100001302548, 1716867.158199999015778 ], [ 1033823.176099999574944, 1716906.913799998816103 ], [ 1033824.636099998722784, 1716919.409600001526996 ], [ 1033779.44469999987632, 1716976.234799999278039 ], [ 1033778.03330000047572, 1716977.555800000438467 ], [ 1033760.57050000037998, 1716993.900000001303852 ], [ 1033716.902300001005642, 1717034.488799999700859 ], [ 1033693.205500001087785, 1717079.924599999794737 ], [ 1033687.169700001017191, 1717081.844599999021739 ], [ 1033685.898699999437667, 1717083.868799999123439 ], [ 1033658.02449999935925, 1717115.396199999842793 ], [ 1033655.762499999254942, 1717117.345799999078736 ], [ 1033630.588699999498203, 1717159.102800001157448 ], [ 1033610.471699999412522, 1717171.349799999734387 ], [ 1033604.706099999835715, 1717175.653999999165535 ], [ 1033590.470700001576915, 1717205.376199998892844 ], [ 1033570.452500000828877, 1717245.899800000479445 ], [ 1033551.795099998824298, 1717261.792800000403076 ], [ 1033535.182899999897927, 1717275.9002 ], [ 1033519.8429000005126, 1717302.0238 ], [ 1033503.7511, 1717359.853599999332801 ], [ 1033511.238299999618903, 1717395.5793999992311 ], [ 1033516.867199999047443, 1717422.438699999125674 ], [ 1033513.801900001242757, 1717423.268999999854714 ], [ 1033443.761499999207444, 1717442.229000001214445 ], [ 1033437.958099999581464, 1717437.85899999900721 ], [ 1033432.7045, 1717433.902599998749793 ], [ 1033389.7829, 1717401.582000000867993 ], [ 1033377.444899999070913, 1717398.904599999543279 ], [ 1033336.838900000788271, 1717359.378599998541176 ], [ 1033314.002099999808706, 1717328.044199999189004 ], [ 1033268.598899999400601, 1717290.446599999442697 ], [ 1033261.131900000153109, 1717244.386199999600649 ], [ 1033260.52410000085365, 1717233.567799999611452 ], [ 1033260.260900001158006, 1717228.8838 ], [ 1033262.222699999343604, 1717211.400799999013543 ], [ 1033219.477099999669008, 1717190.981799999484792 ], [ 1033203.903900000383146, 1717183.5888 ], [ 1033201.622100000851788, 1717183.8562 ], [ 1033194.174100000876933, 1717184.729399998672307 ], [ 1033156.95989999989979, 1717184.112600000575185 ], [ 1033144.546699999133125, 1717187.684800001094118 ], [ 1033124.2917, 1717252.2336 ], [ 1033112.746300000697374, 1717274.255600000265986 ], [ 1033112.525500001036562, 1717274.676799998153001 ], [ 1033080.100399999180809, 1717297.704900000942871 ], [ 1033150.832000000285916, 1717435.90379999880679 ], [ 1033156.552799999131821, 1717512.42310000048019 ], [ 1033142.8492, 1717582.173499999102205 ], [ 1033125.983000000356697, 1717609.9289 ], [ 1033094.508800000417978, 1717661.72330000041984 ], [ 1033053.059999998775311, 1717695.454099999275059 ], [ 1032933.157200000365265, 1717738.343100000405684 ], [ 1032776.938000000547618, 1717770.364299999084324 ], [ 1032727.822000000625849, 1717776.811499999603257 ], [ 1032668.808199999504723, 1717775.499900000868365 ], [ 1032666.3472, 1717775.606499999761581 ], [ 1032576.997999998508021, 1717779.476800000760704 ], [ 1032321.669599999091588, 1717770.068299999227747 ], [ 1032255.949400000739843, 1717768.453900001011789 ], [ 1032162.452799999038689, 1717768.054300000891089 ], [ 1032109.742600001161918, 1717766.231299999635667 ], [ 1032082.615600000601262, 1717784.6009 ], [ 1032060.763400000636466, 1717797.826099999248981 ], [ 1032015.800400000298396, 1717853.5779 ], [ 1031962.011400001239963, 1717927.667700000340119 ], [ 1031953.566399999894202, 1717939.299900001147762 ], [ 1031956.698800000245683, 1717955.006500000599772 ], [ 1031962.944799999706447, 1717986.326499999733642 ], [ 1032003.729000000515953, 1718055.38509999983944 ], [ 1032022.924600000609644, 1718080.809699998004362 ], [ 1032101.502999998745508, 1718141.821100001223385 ], [ 1032131.01920000044629, 1718158.961299999151379 ], [ 1032171.351599998655729, 1718183.2967 ], [ 1032208.881799999508075, 1718204.133600000524893 ], [ 1032382.741800000658259, 1718326.922700001858175 ], [ 1032585.291800000239164, 1718509.490700000431389 ], [ 1032609.128400000859983, 1718539.076899998821318 ], [ 1032640.054600000265054, 1718572.203700000653043 ], [ 1032668.348799998988397, 1718622.507900000549853 ], [ 1032675.969800000195391, 1718651.12529999925755 ], [ 1032677.366000001202337, 1718829.903899998869747 ], [ 1032693.452900000382215, 1718824.399900000542402 ], [ 1032734.555200000526384, 1718810.337099998723716 ], [ 1032818.092299998621456, 1718786.309500000439584 ], [ 1032868.619699999224395, 1718782.63279999839142 ], [ 1032872.246199998888187, 1718782.17769999965094 ], [ 1032878.419100000406615, 1718781.40279999980703 ], [ 1032875.975999999791384, 1718774.3915 ], [ 1032887.289399999775924, 1718763.645300000440329 ], [ 1032894.5292, 1718772.281300000380725 ], [ 1032916.723800000851043, 1718798.759099999442697 ], [ 1032925.832600000780076, 1718809.626099999062717 ], [ 1032963.1854, 1718818.287499999627471 ], [ 1032964.491199999698438, 1718818.590900000883266 ], [ 1032974.662399999680929, 1718846.968599999323487 ], [ 1032976.781199999619275, 1718852.351500001270324 ], [ 1032978.37740000069607, 1718856.313500000163913 ], [ 1033053.937600000179373, 1718871.49309999961406 ], [ 1033110.0654, 1718878.89130000025034 ], [ 1033124.275799999013543, 1718858.057000000728294 ], [ 1033144.687599999364465, 1718847.772900000913069 ], [ 1033154.097399999736808, 1718843.032099998556077 ], [ 1033208.6006, 1718898.901299999793991 ], [ 1033209.2308, 1718902.942500000819564 ], [ 1033215.022800000500865, 1718940.081299999728799 ], [ 1033238.209599999012426, 1718962.342900000978261 ], [ 1033241.673000000999309, 1718965.113099999260157 ], [ 1033263.838000000454485, 1718984.340500001329929 ], [ 1033283.546199999283999, 1719049.113299998221919 ], [ 1033316.946600001305342, 1719075.963499999139458 ], [ 1033341.612200000672601, 1719130.768899999791756 ], [ 1033350.332599999499507, 1719142.230799999786541 ], [ 1033368.419, 1719166.003299998817965 ], [ 1033379.004600000218488, 1719193.427500000223517 ], [ 1033372.207, 1719212.842000000644475 ], [ 1033369.232000000309199, 1719221.339099999284372 ], [ 1033377.902999999816529, 1719307.814899999415502 ], [ 1033367.538599999737926, 1719372.148899999679998 ], [ 1033382.083000000682659, 1719483.402699999744073 ], [ 1033382.358600000850856, 1719486.519899999490008 ], [ 1033350.250000000814907, 1719527.052500001387671 ], [ 1033344.237400000216439, 1719535.126299999887124 ], [ 1033318.090799999656156, 1719555.789899998810142 ], [ 1033319.472600000794046, 1719608.7519 ], [ 1033319.8196, 1719662.411499999230728 ], [ 1033279.466600000858307, 1719729.4339 ], [ 1033229.198200001264922, 1719780.052699999883771 ], [ 1033209.961000000708736, 1719814.885099998675287 ], [ 1033178.949199999799021, 1719901.632099999114871 ], [ 1033180.234, 1719915.761299999896437 ], [ 1033183.578400000929832, 1719952.551699999021366 ], [ 1033176.9712, 1719978.641100000124425 ], [ 1033198.056399999419227, 1720083.518700001761317 ], [ 1033216.240599999786355, 1720134.879499999806285 ], [ 1033210.420800000312738, 1720161.714700000360608 ], [ 1033206.224399999598972, 1720181.065300000598654 ], [ 1033203.310800000908785, 1720194.500700000207871 ], [ 1033191.315200000419281, 1720216.67009999952279 ], [ 1033173.095600000582635, 1720240.426300002960488 ], [ 1033163.911000001011416, 1720267.61629999964498 ], [ 1033156.216400000732392, 1720287.7721 ], [ 1033133.639599999412894, 1720302.598300000652671 ], [ 1033124.627100001322106, 1720312.744500000728294 ], [ 1033093.79940000071656, 1720347.449899999424815 ], [ 1033090.64279999921564, 1720351.00349999871105 ], [ 1033086.603799998876639, 1720366.880699999630451 ], [ 1033079.636399999610148, 1720393.479900000849739 ], [ 1033061.776199999381788, 1720459.32109999936074 ], [ 1033054.371999999391846, 1720517.39289999846369 ], [ 1033049.128999999375083, 1720561.079500001855195 ], [ 1033047.733000001055188, 1720573.787900001043454 ], [ 1033037.8486, 1720595.185100000817329 ], [ 1033028.933600000687875, 1720609.220699998550117 ], [ 1033014.660000000731088, 1720629.209899999666959 ], [ 1032983.84999999939464, 1720640.676200000336394 ], [ 1033017.7398, 1720676.730499999830499 ], [ 1033033.494200000539422, 1720698.4201 ], [ 1033122.835799999767914, 1720753.323599999537691 ], [ 1033183.319199999561533, 1720811.299499999731779 ], [ 1033265.531799998832867, 1720856.411499999463558 ], [ 1033285.884599999873899, 1720863.3755 ], [ 1033295.2196, 1720872.3363 ], [ 1033297.141600000206381, 1720893.059000000357628 ], [ 1033297.44179999968037, 1720896.296100001083687 ], [ 1033329.030600001220591, 1720919.496899998746812 ], [ 1033346.043600001023151, 1720938.272500000428408 ], [ 1033397.644000000320375, 1720989.883300001500174 ], [ 1033437.838999998872168, 1721041.021699999226257 ], [ 1033470.630199999897741, 1721072.32990000071004 ], [ 1033500.568799998727627, 1721095.708900000434369 ], [ 1033543.365600000717677, 1721120.918099999194965 ], [ 1033570.005000000703149, 1721133.87470000050962 ], [ 1033604.6646000003675, 1721140.501299999421462 ], [ 1033638.828999999561347, 1721139.642200000351295 ], [ 1033653.3092, 1721139.278099999763072 ], [ 1033685.387999999220483, 1721124.6937 ], [ 1033718.1188000011025, 1721099.919500001939014 ], [ 1033766.071799999335781, 1721074.482399999862537 ], [ 1033778.053799999412149, 1721068.12629999872297 ], [ 1033798.475399999064393, 1721066.904500001575798 ], [ 1033805.925399999250658, 1721070.170499998377636 ], [ 1033810.106100000906736, 1721075.404299999820068 ], [ 1033862.737799999886192, 1721141.293100000126287 ], [ 1033878.696599999209866, 1721171.964999999385327 ], [ 1033882.474600001121871, 1721179.225899999728426 ], [ 1033889.114400000893511, 1721203.926200000336394 ], [ 1033896.840599999646656, 1721254.929700000211596 ], [ 1033897.181599998963065, 1721260.139899999136105 ], [ 1033898.510799999698065, 1721280.448699999134988 ], [ 1033901.216600000625476, 1721335.688899999251589 ], [ 1033901.876400000997819, 1721357.475499999709427 ], [ 1033905.558000000426546, 1721368.614800000330433 ], [ 1033908.43200000107754, 1721376.582699999213219 ], [ 1033914.231999998912215, 1721389.186500002164394 ], [ 1033916.518200000748038, 1721396.490900000324473 ], [ 1033919.938599998946302, 1721407.419500001473352 ], [ 1033921.3476, 1721409.898099999642 ], [ 1033933.877999999327585, 1721432.313500000396743 ], [ 1033897.216799998888746, 1721480.59389999974519 ], [ 1033868.959799999836832, 1721524.559699998702854 ], [ 1033855.473799998988397, 1721584.676300000399351 ], [ 1033840.593599999207072, 1721688.342099999543279 ], [ 1033845.4108, 1721774.824100002413616 ], [ 1033849.427999999606982, 1721846.945099999662489 ], [ 1033899.2, 1721831.260699999751523 ], [ 1033937.739199999021366, 1721812.417500000214204 ], [ 1033982.2922, 1721860.941400001756847 ], [ 1034035.324199998634867, 1721903.864800000330433 ], [ 1034052.475200000917539, 1721917.746700000949204 ], [ 1034085.152999999700114, 1721927.561099999817088 ], [ 1034090.762000001152046, 1721929.286699998890981 ], [ 1034100.946600001188926, 1721938.106499999761581 ], [ 1034103.101399999810383, 1721939.97249999968335 ], [ 1034126.716499999747612, 1721947.138900001533329 ], [ 1034139.688799998839386, 1721951.0755 ], [ 1034148.365400000126101, 1721959.117000000551343 ], [ 1034162.07140000059735, 1721971.820000000298023 ], [ 1034163.891599999857135, 1721972.153300000354648 ], [ 1034202.185799999162555, 1721979.167899999534711 ], [ 1034207.3106, 1721980.106499999528751 ], [ 1034180.212599999271333, 1722028.87419999926351 ], [ 1034154.684800000628456, 1722080.0459 ], [ 1034113.218000001041219, 1722182.405699999071658 ], [ 1034108.67299999948591, 1722193.6247 ], [ 1034116.244199999026023, 1722255.176699999021366 ], [ 1034119.103800000273623, 1722278.425100000342354 ], [ 1034118.699799999478273, 1722329.243899998255074 ], [ 1034117.8912, 1722366.431099998764694 ], [ 1034117.679600001429208, 1722369.852499999571592 ], [ 1034120.993399999337271, 1722399.8454 ], [ 1034123.977799999876879, 1722426.856699999654666 ], [ 1034124.770200000260957, 1722433.943499997491017 ], [ 1034125.960400001262315, 1722441.603900000452995 ], [ 1034139.682799999252893, 1722529.966099999379367 ], [ 1034140.100400000344962, 1722532.62389999977313 ], [ 1034154.99039999966044, 1722627.393300000345334 ], [ 1034123.200799998943694, 1722657.42710000090301 ], [ 1034094.658999998937361, 1722684.392299999017268 ], [ 1034066.163399998913519, 1722757.648899999679998 ], [ 1034010.544400001177564, 1722808.628699998138472 ], [ 1034007.78650000016205, 1722846.914100000401959 ], [ 1034004.698400000110269, 1722889.782099999021739 ], [ 1034002.557799999136478, 1722896.125099999597296 ], [ 1033994.556200001039542, 1722919.836599999573082 ], [ 1033987.522399999783374, 1722940.679700001142919 ], [ 1034001.797399999457411, 1722971.287100000539795 ], [ 1034004.799800000735559, 1722977.724500000244007 ], [ 1034010.25459999893792, 1722989.85050000064075 ], [ 1034074.803999998723157, 1723028.400500000221655 ], [ 1034138.438999999198131, 1723051.920099998824298 ], [ 1034135.218400000361726, 1723144.099300000816584 ], [ 1034122.419200000935234, 1723213.9132 ], [ 1034110.238599999807775, 1723291.799100001109764 ], [ 1034107.484600000898354, 1723361.19529999839142 ], [ 1034121.885000000474975, 1723446.821499999379739 ], [ 1034129.659200000111014, 1723493.048100001644343 ], [ 1034116.58579999988433, 1723557.27070000092499 ], [ 1034073.7244, 1723670.019099998753518 ], [ 1034126.509400000795722, 1723757.267300002742559 ], [ 1034155.125200000707991, 1723780.162100000772625 ], [ 1034169.378600001335144, 1723860.455499998759478 ], [ 1034184.240000000922009, 1723869.777100000763312 ], [ 1034213.406199999270029, 1723938.314300001366064 ], [ 1034228.629, 1723974.085900000296533 ], [ 1034250.423399999272078, 1723984.425899998052046 ], [ 1034273.781600000569597, 1724022.080500000156462 ], [ 1034281.249400000437163, 1724034.118899998255074 ], [ 1034283.203599998960271, 1724037.26909999968484 ], [ 1034264.3386, 1724133.444499998819083 ], [ 1034286.160799999488518, 1724208.034100000746548 ], [ 1034311.729799999855459, 1724248.104500000597909 ], [ 1034318.092999999294989, 1724269.686499999836087 ], [ 1034318.366000001435168, 1724295.038500001421198 ], [ 1034309.345900000422262, 1724305.227900000289083 ], [ 1034300.874000000534579, 1724314.798099999548867 ], [ 1034283.831000000936911, 1724334.050299999769777 ], [ 1034272.029400000348687, 1724357.757099998183548 ], [ 1034272.592800000333227, 1724361.691199998836964 ], [ 1034282.732399998931214, 1724432.497899999842048 ], [ 1034271.215, 1724437.488900000229478 ], [ 1034204.049399999435991, 1724465.323699999134988 ], [ 1034153.386000000406057, 1724483.0319 ], [ 1034122.219399999710731, 1724493.925499999895692 ], [ 1034102.883000001078472, 1724478.45729999942705 ], [ 1034086.573600000236183, 1724509.56110000051558 ], [ 1034083.86800000059884, 1724514.721000000368804 ], [ 1034068.194999999715947, 1724556.990900001022965 ], [ 1034054.851200000732206, 1724566.530999999027699 ], [ 1034059.99359999911394, 1724603.430299999192357 ], [ 1034073.552000000374392, 1724623.744300000369549 ], [ 1034044.982800000929274, 1724694.855399998836219 ], [ 1034067.6127999991877, 1724723.196900000795722 ], [ 1034076.029400000465102, 1724764.039699998917058 ], [ 1034075.931800001300871, 1724777.533099999185652 ], [ 1034068.219800000544637, 1724817.9707 ], [ 1034102.061200000811368, 1724888.726100000320002 ], [ 1034127.598199999309145, 1724985.548699998995289 ], [ 1034127.300699999672361, 1724985.832399999490008 ], [ 1034084.07399999955669, 1725027.068900001235306 ], [ 1034063.37440000125207, 1725048.200899999588728 ], [ 1034042.739400000311434, 1725067.299500000430271 ], [ 1034025.18540000054054, 1725108.822500000242144 ], [ 1034017.276400000206195, 1725134.59569999971427 ], [ 1034018.509200000669807, 1725147.722499999217689 ], [ 1034020.389400000683963, 1725158.433099999791011 ], [ 1034034.463399999309331, 1725233.424500001128763 ], [ 1034047.510600000619888, 1725270.054899999406189 ], [ 1034056.882599999778904, 1725280.758600000524893 ], [ 1034060.782399999094196, 1725299.476500001270324 ], [ 1034081.467000001110137, 1725343.570499998517334 ], [ 1034087.08, 1725371.373499999754131 ], [ 1034113.6232, 1725405.219700000947341 ], [ 1034123.72680000087712, 1725427.228699999162927 ], [ 1034141.217600001138635, 1725445.362900000996888 ], [ 1034155.223599999328144, 1725469.372099999338388 ], [ 1034154.211600000970066, 1725473.039499999722466 ], [ 1034152.096599999116734, 1725504.85869999974966 ], [ 1034198.577199999825098, 1725558.415100001730025 ], [ 1034201.418199999723583, 1725574.8703 ], [ 1034203.572800000896677, 1725586.483100000536069 ], [ 1034164.23060000105761, 1725670.64049999974668 ], [ 1034178.517000001040287, 1725693.176899999380112 ], [ 1034191.262000000569969, 1725709.536100000143051 ], [ 1034208.457600000896491, 1725747.380699998699129 ], [ 1034231.163400000426918, 1725767.573700000997633 ], [ 1034294.359000001335517, 1725821.070499999215826 ], [ 1034309.199700000695884, 1725829.640300000319257 ], [ 1034348.351100000320002, 1725808.567500000353903 ], [ 1034359.763999999500811, 1725802.424400001764297 ], [ 1034427.178799999295734, 1725756.900900000240654 ], [ 1034463.809000001172535, 1725748.6458 ], [ 1034523.580199999385513, 1725735.17530000093393 ], [ 1034555.3266, 1725767.216299999738112 ], [ 1034631.486600000178441, 1725825.133300001500174 ], [ 1034676.674800000269897, 1725879.05390000063926 ], [ 1034689.666799999191426, 1725912.0639 ], [ 1034703.563200000673532, 1725940.308800001861528 ], [ 1034719.030799998901784, 1725974.84940000041388 ], [ 1034719.753600001218729, 1725976.463500000303611 ], [ 1034722.848000001395121, 1725980.81650000018999 ], [ 1034766.082800000440329, 1726041.636999999638647 ], [ 1034771.451800000155345, 1726049.18970000045374 ], [ 1034778.58249999966938, 1726052.289899999042973 ], [ 1034803.669399999664165, 1726063.197099999757484 ], [ 1034842.349599999724887, 1726091.63020000141114 ], [ 1034856.897499999497086, 1726099.0966 ], [ 1034871.980400000349618, 1726106.837600000435486 ], [ 1034903.326199998962693, 1726135.106399999000132 ], [ 1034956.009999998961575, 1726160.55079999868758 ], [ 1034973.079800001345575, 1726160.664899999508634 ], [ 1035025.497000000323169, 1726158.927700000116602 ], [ 1035030.489100000238977, 1726157.515499998815358 ], [ 1035034.619599999394268, 1726156.346999999601394 ], [ 1035041.213400000240654, 1726157.3125 ], [ 1035048.702700001187623, 1726161.623500000452623 ], [ 1035079.5266, 1726179.365800000727177 ], [ 1035079.250400001299568, 1726193.505999998189509 ], [ 1035088.896599999046884, 1726194.887499999487773 ], [ 1035092.04719999874942, 1726196.586200001649559 ], [ 1035117.661100000259466, 1726218.603499998804182 ], [ 1035120.7394, 1726221.249700001208112 ], [ 1035137.098999999347143, 1726229.7743 ], [ 1035140.240800000261515, 1726229.032099998556077 ], [ 1035184.756399999372661, 1726218.515100000659004 ], [ 1035201.2702, 1726207.506899998988956 ], [ 1035221.048200001241639, 1726206.87690000096336 ], [ 1035239.82139999885112, 1726206.279100000858307 ], [ 1035262.0834, 1726192.619200000539422 ], [ 1035273.279599998961203, 1726185.749099999433383 ], [ 1035294.825799999525771, 1726180.693899999372661 ], [ 1035327.902400000137277, 1726172.933099999558181 ], [ 1035330.829399999696761, 1726168.197299999650568 ], [ 1035350.949399999342859, 1726135.642499999143183 ], [ 1035393.511200000299141, 1726163.607500001322478 ], [ 1035442.336000001174398, 1726154.550899998983368 ], [ 1035455.736199999111705, 1726151.684699999168515 ], [ 1035508.267400000360794, 1726144.630599999800324 ], [ 1035509.066800000611693, 1726144.52409999887459 ], [ 1035533.111600000178441, 1726146.011100000236183 ], [ 1035567.563400000100955, 1726137.321699998574331 ], [ 1035614.475799999549054, 1726140.088499999605119 ], [ 1035640.271999999298714, 1726142.388900000834838 ], [ 1035660.75539999967441, 1726133.520500000333413 ], [ 1035696.508399998769164, 1726100.322500000707805 ], [ 1035701.64599999866914, 1726098.798399999272078 ], [ 1035715.191800000378862, 1726094.779899998800829 ], [ 1035720.951399999437854, 1726099.586400000378489 ], [ 1035743.616400000406429, 1726118.500499998452142 ], [ 1035756.041999999666587, 1726128.869699997827411 ], [ 1035811.764399999286979, 1726157.052700000815094 ], [ 1035819.693200000678189, 1726175.174499999731779 ], [ 1035853.419599998858757, 1726211.855699999025092 ], [ 1035867.651199999265373, 1726221.812699999427423 ], [ 1035895.564999999478459, 1726241.342100000940263 ], [ 1035910.994599999859929, 1726262.144699999829754 ], [ 1035945.435600000200793, 1726309.336900000460446 ], [ 1036005.035, 1726345.907299998216331 ], [ 1036086.401199999265373, 1726473.9605 ], [ 1036088.31900000013411, 1726476.97870000032708 ], [ 1036107.135600000619888, 1726483.636299998499453 ], [ 1036132.3648, 1726492.562500000232831 ], [ 1036138.913600000436418, 1726498.367699998896569 ], [ 1036173.481200001202524, 1726529.009700000751764 ], [ 1036177.339800001238473, 1726531.6983 ], [ 1036203.670800001244061, 1726547.161299999803305 ], [ 1036238.629200001014397, 1726546.02989999926649 ], [ 1036294.115199999068864, 1726588.349300000816584 ], [ 1036302.5132, 1726593.3869 ], [ 1036386.850799999083392, 1726630.694700002670288 ], [ 1036438.231599998893216, 1726632.4197 ], [ 1036520.244999999296851, 1726565.231100000673905 ], [ 1036534.341799999587238, 1726553.682300000451505 ], [ 1036549.626000001095235, 1726551.657899999758229 ] ] ] } },
{ "type": "Feature", "properties": { "BASE_DATE": "20250630", "ADM_CD": "38570330", "ADM_NM": "생초면" }, "geometry": { "type": "Polygon", "coordinates": [ [ [ 1032984.739199999137782, 1731191.618899999419227 ], [ 1032995.947999999159947, 1731189.532299999380484 ], [ 1033014.172600000398234, 1731190.176499999826774 ], [ 1033046.213199998950586, 1731155.839900000486523 ], [ 1033085.146200001239777, 1731123.4685 ], [ 1033162.383699999423698, 1731070.567600000882521 ], [ 1033166.4064, 1731067.812699999893084 ], [ 1033168.457399999373592, 1731067.702299999305978 ], [ 1033226.887199998833239, 1731064.553700001211837 ], [ 1033304.341, 1731042.836899999063462 ], [ 1033305.316800000378862, 1731042.287300000200048 ], [ 1033334.53210000123363, 1731042.438999999081716 ], [ 1033360.405200000619516, 1731042.573300000280142 ], [ 1033366.733600000618026, 1731045.332300000358373 ], [ 1033377.871799999033101, 1731050.188100001309067 ], [ 1033380.3522, 1731051.235899999504909 ], [ 1033396.574399999226443, 1731052.804700000677258 ], [ 1033442.854399998788722, 1731057.516899998066947 ], [ 1033451.676199999754317, 1731061.081900001037866 ], [ 1033460.615400000358932, 1731067.620500000193715 ], [ 1033496.394599999766797, 1731100.755500000435859 ], [ 1033500.939999999827705, 1731105.395500000100583 ], [ 1033547.931800000485964, 1731131.124500000849366 ], [ 1033551.954900001292117, 1731130.103299998445436 ], [ 1033602.146699999459088, 1731117.363099999260157 ], [ 1033616.2184, 1731076.359300000593066 ], [ 1033618.907000000122935, 1731067.06110000028275 ], [ 1033621.436000000452623, 1731058.0055 ], [ 1033621.799599998863414, 1731055.92369999946095 ], [ 1033640.977199998684227, 1730975.246099998475984 ], [ 1033638.487999999430031, 1730932.995299999602139 ], [ 1033631.024600001168437, 1730919.1191 ], [ 1033615.595999999437481, 1730845.339299999410287 ], [ 1033609.906000001472421, 1730818.130500000435859 ], [ 1033623.743399999802932, 1730785.902100001461804 ], [ 1033642.674399999435991, 1730704.572499999310821 ], [ 1033648.443599998834543, 1730662.3625 ], [ 1033702.2654, 1730618.528499999782071 ], [ 1033714.925199999590404, 1730608.217700001783669 ], [ 1033710.891400000429712, 1730595.306199999060482 ], [ 1033702.85700000077486, 1730569.590099998982623 ], [ 1033727.744599999394268, 1730527.684499999275431 ], [ 1033745.46919999900274, 1730508.727099998854101 ], [ 1033784.451800000853837, 1730489.21550000179559 ], [ 1033813.034000001032837, 1730463.050899998052046 ], [ 1033830.175600000540726, 1730422.416500000515953 ], [ 1033834.982399999164045, 1730418.759099998977035 ], [ 1033854.812199999229051, 1730403.671099999686703 ], [ 1033860.1282, 1730373.270800000289455 ], [ 1033862.944200000260025, 1730357.166499999351799 ], [ 1033861.991399999707937, 1730347.874500000616536 ], [ 1033910.668999999645166, 1730295.059699998935685 ], [ 1033921.982999999541789, 1730236.332699999446049 ], [ 1033953.355800000834279, 1730203.266899999463931 ], [ 1033963.970099998521619, 1730196.805299998261034 ], [ 1033963.827399999136105, 1730189.590299999108538 ], [ 1033961.801799998735078, 1730087.17610000167042 ], [ 1033960.942200001329184, 1729997.644300000742078 ], [ 1033952.4024000010686, 1729980.365900000557303 ], [ 1033952.063200000207871, 1729979.985899998806417 ], [ 1033885.96899999876041, 1729908.868100000545382 ], [ 1033828.671599998953752, 1729812.926099999807775 ], [ 1033835.447200000751764, 1729799.543900000397116 ], [ 1033785.526600000215694, 1729750.684500000439584 ], [ 1033779.023400000995025, 1729686.631100001279265 ], [ 1033775.275199999567121, 1729666.860099999466911 ], [ 1033726.484800000791438, 1729608.111799999140203 ], [ 1033671.665800000308082, 1729542.104699999559671 ], [ 1033656.844400000758469, 1729528.566899999510497 ], [ 1033567.895200000610203, 1729447.319900001166388 ], [ 1033509.067200001212768, 1729382.886100000701845 ], [ 1033475.042399998754263, 1729342.520300001138821 ], [ 1033471.821000001044013, 1729338.698299998650327 ], [ 1033472.052600000868551, 1729336.841200001072139 ], [ 1033478.894799999776296, 1729281.996099998941645 ], [ 1033548.783899998990819, 1729251.582900000503287 ], [ 1033552.820399998570792, 1729249.826299999840558 ], [ 1033551.072999999159947, 1729245.511299998266622 ], [ 1033520.267199998954311, 1729169.444300000555813 ], [ 1033520.45, 1729167.193100000731647 ], [ 1033523.957599999732338, 1729123.961599998641759 ], [ 1033526.12999999942258, 1729097.183899999829009 ], [ 1033534.072399998898618, 1729071.361700000474229 ], [ 1033541.152800000505522, 1729048.340700001455843 ], [ 1033541.082299998844974, 1729026.149099999340251 ], [ 1033540.985799999441952, 1728995.832699998281896 ], [ 1033569.729400000534952, 1728888.899499999824911 ], [ 1033573.625699999392964, 1728886.185900000156835 ], [ 1033634.601499999058433, 1728843.720300000626594 ], [ 1033642.227700000628829, 1728725.217700000852346 ], [ 1033676.273300000699237, 1728698.1505 ], [ 1033678.7714, 1728696.230499999830499 ], [ 1033688.646999999298714, 1728688.641299999086186 ], [ 1033725.116499998373911, 1728616.027699999045581 ], [ 1033731.189499999512918, 1728592.4407 ], [ 1033729.144199999282137, 1728583.138499999651685 ], [ 1033725.113699999055825, 1728564.807099999859929 ], [ 1033720.842099999426864, 1728545.3791 ], [ 1033719.725800000713207, 1728540.30350000038743 ], [ 1033716.633300000801682, 1728533.686899999389425 ], [ 1033882.008999999728985, 1728481.5271 ], [ 1033888.979899998521432, 1728480.108700000448152 ], [ 1033892.814199999207631, 1728479.328299998538569 ], [ 1033980.976600000401959, 1728443.118499999167398 ], [ 1034053.349399998900481, 1728414.263900000834838 ], [ 1034139.249599998933263, 1728389.799300000304356 ], [ 1034210.348099999013357, 1728338.221299999859184 ], [ 1034190.400600000517443, 1728173.920099998824298 ], [ 1034163.767499999376014, 1728081.044700000667945 ], [ 1034142.643099999288097, 1727989.775499998824671 ], [ 1034141.754599998821504, 1727988.1545 ], [ 1034134.378100001253188, 1727974.654499999713153 ], [ 1034123.089200000162236, 1727953.99449999933131 ], [ 1034124.225199999287724, 1727935.167899998370558 ], [ 1034130.039900000207126, 1727838.799499999266118 ], [ 1034130.087000000989065, 1727838.015500001376495 ], [ 1034129.822499999543652, 1727837.763699998147786 ], [ 1034112.141699998872355, 1727820.945699999108911 ], [ 1034089.317300000227988, 1727781.615499998442829 ], [ 1034105.364899999462068, 1727721.400699999183416 ], [ 1034110.096099999034777, 1727709.77930000051856 ], [ 1034129.482200000202283, 1727662.160499999765307 ], [ 1034135.81760000041686, 1727646.598500000545755 ], [ 1034139.306699998560362, 1727630.49430000083521 ], [ 1034147.841399999801069, 1727591.097299999557436 ], [ 1034140.260100000305101, 1727572.094699999084696 ], [ 1034138.667400000849739, 1727568.1025 ], [ 1034101.519399998825975, 1727474.991700000595301 ], [ 1034057.425700000603683, 1727442.042300000786781 ], [ 1034045.676600000471808, 1727416.414100001333281 ], [ 1034028.5719, 1727379.103900001384318 ], [ 1034026.937600000528619, 1727375.5387 ], [ 1034025.070899999700487, 1727371.466499999398366 ], [ 1034026.036899999482557, 1727369.3051 ], [ 1034034.007299998542294, 1727351.476500001270324 ], [ 1034052.280699999537319, 1727312.906099999789149 ], [ 1034055.240700000431389, 1727306.657900000456721 ], [ 1034055.261400000890717, 1727292.56209999974817 ], [ 1034055.345200000447221, 1727235.516499999212101 ], [ 1034060.404400000232272, 1727204.521500000264496 ], [ 1034063.443699999595992, 1727185.901300000259653 ], [ 1034042.954100000904873, 1727131.584899999666959 ], [ 1034029.242899999837391, 1727111.47510000015609 ], [ 1033952.607300000148825, 1726998.18889999971725 ], [ 1034021.314199999324046, 1726934.559900000691414 ], [ 1034036.273400000762194, 1726918.3839 ], [ 1034070.106600000755861, 1726881.927300000563264 ], [ 1034087.127400000113994, 1726865.662900000112131 ], [ 1034118.3751999984961, 1726835.804099997738376 ], [ 1034140.209800000535324, 1726815.37610000022687 ], [ 1034150.121399999596179, 1726808.358300000894815 ], [ 1034154.214000000385568, 1726802.273700000252575 ], [ 1034160.890800001216121, 1726792.347100001061335 ], [ 1034167.132600001059473, 1726790.789300000527874 ], [ 1034169.225399998947978, 1726790.266900000162423 ], [ 1034180.51580000098329, 1726784.807299998821691 ], [ 1034183.612199999741279, 1726782.478499998338521 ], [ 1034183.883199999690987, 1726780.014699999243021 ], [ 1034184.561399999191053, 1726773.848500000312924 ], [ 1034187.370600000373088, 1726765.707100002560765 ], [ 1034190.206999999587424, 1726758.037900001043454 ], [ 1034190.347999999765307, 1726750.631699998863041 ], [ 1034191.00200000021141, 1726745.265499999048188 ], [ 1034191.378199999104254, 1726740.811300001107156 ], [ 1034197.452600001473911, 1726725.830499998992309 ], [ 1034203.9818, 1726722.504699999466538 ], [ 1034209.064599999110214, 1726721.511499998392537 ], [ 1034214.398800000199117, 1726714.650699999881908 ], [ 1034220.629599999869242, 1726709.943100000498816 ], [ 1034221.990599999553524, 1726703.509700001217425 ], [ 1034227.04179999884218, 1726697.6512999990955 ], [ 1034230.695999999414198, 1726696.040700000710785 ], [ 1034233.115399998845533, 1726690.256899999687448 ], [ 1034236.648799998918548, 1726686.727099998854101 ], [ 1034229.363800001214258, 1726677.721700000576675 ], [ 1034228.778199998661876, 1726675.241899999557063 ], [ 1034219.094400000758469, 1726665.3169 ], [ 1034220.816799999563955, 1726657.995899999514222 ], [ 1034221.914999999571592, 1726652.873500000685453 ], [ 1034221.482999999076128, 1726647.881700000492856 ], [ 1034222.67659999942407, 1726643.055299999425188 ], [ 1034223.280000001308508, 1726634.103700001724064 ], [ 1034224.242800000822172, 1726627.532900000922382 ], [ 1034224.682000000379048, 1726619.0611 ], [ 1034222.354999999748543, 1726614.495300000999123 ], [ 1034218.232000000192784, 1726611.201899998355657 ], [ 1034216.132200000225566, 1726609.500900000333786 ], [ 1034219.604000000399537, 1726601.206899999640882 ], [ 1034224.712800000212155, 1726592.090700000757352 ], [ 1034225.302800000528805, 1726582.7605 ], [ 1034224.7268, 1726579.548300000373274 ], [ 1034224.334599999594502, 1726577.856100001838058 ], [ 1034224.701200000708923, 1726575.959899999434128 ], [ 1034227.0554, 1726568.354499999433756 ], [ 1034226.144600000465289, 1726564.376099999528378 ], [ 1034224.086600000271574, 1726556.886100000236183 ], [ 1034229.222599998814985, 1726542.0339 ], [ 1034222.623399999807589, 1726528.060300000943244 ], [ 1034220.781399999395944, 1726525.287900002673268 ], [ 1034217.430200000759214, 1726520.780099997762591 ], [ 1034206.907400000840425, 1726493.810599999735132 ], [ 1034214.320799999753945, 1726501.742300000740215 ], [ 1034213.509599999291822, 1726503.537499999627471 ], [ 1034219.865799999446608, 1726518.582299999892712 ], [ 1034221.651800000690855, 1726516.638300000689924 ], [ 1034223.797399998526089, 1726516.46269999910146 ], [ 1034221.309200000367127, 1726504.610899998806417 ], [ 1034217.2912, 1726491.924699999159202 ], [ 1034215.52860000054352, 1726491.082100000232458 ], [ 1034214.332399999606423, 1726488.562300000339746 ], [ 1034213.067800001241267, 1726490.793700000271201 ], [ 1034216.399799999897368, 1726466.402100002160296 ], [ 1034213.819399999338202, 1726454.794500002171844 ], [ 1034212.533399999258108, 1726449.009700000518933 ], [ 1034212.4842, 1726448.788199999835342 ], [ 1034212.74460000032559, 1726438.454699999885634 ], [ 1034214.466400000266731, 1726437.715500001329929 ], [ 1034234.957800001138821, 1726435.525499999523163 ], [ 1034238.713399999309331, 1726436.410699999891222 ], [ 1034244.058600000920705, 1726437.855099998647347 ], [ 1034249.020200000726618, 1726439.196100000757724 ], [ 1034249.5426, 1726438.764099999330938 ], [ 1034257.932399999815971, 1726431.826899999752641 ], [ 1034259.561, 1726431.456900001503527 ], [ 1034259.835000000428408, 1726432.537899999180809 ], [ 1034260.928199999616481, 1726432.881699999561533 ], [ 1034261.302, 1726432.999199999729171 ], [ 1034263.984399999841116, 1726432.286300000268966 ], [ 1034264.079599999357015, 1726431.963500001467764 ], [ 1034265.14659999939613, 1726428.347500000149012 ], [ 1034274.356599998427555, 1726424.038899999344721 ], [ 1034279.096000000485219, 1726419.857000001706183 ], [ 1034282.432000000611879, 1726416.913699998520315 ], [ 1034311.635599999804981, 1726391.146299999207258 ], [ 1034312.294999998761341, 1726390.564500001026317 ], [ 1034337.809599999571219, 1726380.688899998087436 ], [ 1034358.020599999465048, 1726349.797300000675023 ], [ 1034395.105800000601448, 1726324.658099999185652 ], [ 1034502.666000000666827, 1726243.654300000751391 ], [ 1034502.780199998873286, 1726243.568300000391901 ], [ 1034502.638200000161305, 1726243.342100000241771 ], [ 1034492.934599999571219, 1726227.89710000064224 ], [ 1034461.701600001077168, 1726197.523299998603761 ], [ 1034445.762900001253001, 1726164.1570999994874 ], [ 1034430.958599999197759, 1726133.165899998042732 ], [ 1034412.327999998931773, 1726094.165100001264364 ], [ 1034386.24460000032559, 1726056.542300001252443 ], [ 1034358.466800000751391, 1725986.337699999567121 ], [ 1034356.998800001223572, 1725977.681300000753254 ], [ 1034356.741999998455867, 1725976.166500000515953 ], [ 1034350.450199999264441, 1725939.066700000548735 ], [ 1034339.545399999013171, 1725917.926699999254197 ], [ 1034318.541399999754503, 1725893.709100000793114 ], [ 1034291.218799999332987, 1725862.206299999728799 ], [ 1034290.218799999216571, 1725846.675100000342354 ], [ 1034289.794199999771081, 1725840.079600000521168 ], [ 1034289.440999999409541, 1725834.59430000022985 ], [ 1034309.199700000695884, 1725829.640300000319257 ], [ 1034294.359000001335517, 1725821.070499999215826 ], [ 1034231.163400000426918, 1725767.573700000997633 ], [ 1034208.457600000896491, 1725747.380699998699129 ], [ 1034191.262000000569969, 1725709.536100000143051 ], [ 1034178.517000001040287, 1725693.176899999380112 ], [ 1034164.23060000105761, 1725670.64049999974668 ], [ 1034203.572800000896677, 1725586.483100000536069 ], [ 1034201.418199999723583, 1725574.8703 ], [ 1034198.577199999825098, 1725558.415100001730025 ], [ 1034152.096599999116734, 1725504.85869999974966 ], [ 1034154.211600000970066, 1725473.039499999722466 ], [ 1034155.223599999328144, 1725469.372099999338388 ], [ 1034141.217600001138635, 1725445.362900000996888 ], [ 1034123.72680000087712, 1725427.228699999162927 ], [ 1034113.6232, 1725405.219700000947341 ], [ 1034087.08, 1725371.373499999754131 ], [ 1034081.467000001110137, 1725343.570499998517334 ], [ 1034060.782399999094196, 1725299.476500001270324 ], [ 1034056.882599999778904, 1725280.758600000524893 ], [ 1034047.510600000619888, 1725270.054899999406189 ], [ 1034034.463399999309331, 1725233.424500001128763 ], [ 1034020.389400000683963, 1725158.433099999791011 ], [ 1034018.509200000669807, 1725147.722499999217689 ], [ 1034017.276400000206195, 1725134.59569999971427 ], [ 1034025.18540000054054, 1725108.822500000242144 ], [ 1034042.739400000311434, 1725067.299500000430271 ], [ 1034063.37440000125207, 1725048.200899999588728 ], [ 1034084.07399999955669, 1725027.068900001235306 ], [ 1034127.300699999672361, 1724985.832399999490008 ], [ 1034127.598199999309145, 1724985.548699998995289 ], [ 1034102.061200000811368, 1724888.726100000320002 ], [ 1034068.219800000544637, 1724817.9707 ], [ 1034075.931800001300871, 1724777.533099999185652 ], [ 1034076.029400000465102, 1724764.039699998917058 ], [ 1034067.6127999991877, 1724723.196900000795722 ], [ 1034044.982800000929274, 1724694.855399998836219 ], [ 1034073.552000000374392, 1724623.744300000369549 ], [ 1034059.99359999911394, 1724603.430299999192357 ], [ 1034054.851200000732206, 1724566.530999999027699 ], [ 1034068.194999999715947, 1724556.990900001022965 ], [ 1034083.86800000059884, 1724514.721000000368804 ], [ 1034086.573600000236183, 1724509.56110000051558 ], [ 1034102.883000001078472, 1724478.45729999942705 ], [ 1034122.219399999710731, 1724493.925499999895692 ], [ 1034153.386000000406057, 1724483.0319 ], [ 1034204.049399999435991, 1724465.323699999134988 ], [ 1034271.215, 1724437.488900000229478 ], [ 1034282.732399998931214, 1724432.497899999842048 ], [ 1034272.592800000333227, 1724361.691199998836964 ], [ 1034272.029400000348687, 1724357.757099998183548 ], [ 1034283.831000000936911, 1724334.050299999769777 ], [ 1034300.874000000534579, 1724314.798099999548867 ], [ 1034309.345900000422262, 1724305.227900000289083 ], [ 1034318.366000001435168, 1724295.038500001421198 ], [ 1034318.092999999294989, 1724269.686499999836087 ], [ 1034311.729799999855459, 1724248.104500000597909 ], [ 1034286.160799999488518, 1724208.034100000746548 ], [ 1034264.3386, 1724133.444499998819083 ], [ 1034283.203599998960271, 1724037.26909999968484 ], [ 1034281.249400000437163, 1724034.118899998255074 ], [ 1034273.781600000569597, 1724022.080500000156462 ], [ 1034250.423399999272078, 1723984.425899998052046 ], [ 1034228.629, 1723974.085900000296533 ], [ 1034213.406199999270029, 1723938.314300001366064 ], [ 1034184.240000000922009, 1723869.777100000763312 ], [ 1034169.378600001335144, 1723860.455499998759478 ], [ 1034155.125200000707991, 1723780.162100000772625 ], [ 1034126.509400000795722, 1723757.267300002742559 ], [ 1034073.7244, 1723670.019099998753518 ], [ 1034116.58579999988433, 1723557.27070000092499 ], [ 1034129.659200000111014, 1723493.048100001644343 ], [ 1034121.885000000474975, 1723446.821499999379739 ], [ 1034107.484600000898354, 1723361.19529999839142 ], [ 1034110.238599999807775, 1723291.799100001109764 ], [ 1034122.419200000935234, 1723213.9132 ], [ 1034135.218400000361726, 1723144.099300000816584 ], [ 1034138.438999999198131, 1723051.920099998824298 ], [ 1034074.803999998723157, 1723028.400500000221655 ], [ 1034010.25459999893792, 1722989.85050000064075 ], [ 1034004.799800000735559, 1722977.724500000244007 ], [ 1034001.797399999457411, 1722971.287100000539795 ], [ 1033987.522399999783374, 1722940.679700001142919 ], [ 1033994.556200001039542, 1722919.836599999573082 ], [ 1034002.557799999136478, 1722896.125099999597296 ], [ 1034004.698400000110269, 1722889.782099999021739 ], [ 1034007.78650000016205, 1722846.914100000401959 ], [ 1034010.544400001177564, 1722808.628699998138472 ], [ 1034066.163399998913519, 1722757.648899999679998 ], [ 1034094.658999998937361, 1722684.392299999017268 ], [ 1034123.200799998943694, 1722657.42710000090301 ], [ 1034154.99039999966044, 1722627.393300000345334 ], [ 1034140.100400000344962, 1722532.62389999977313 ], [ 1034139.682799999252893, 1722529.966099999379367 ], [ 1034125.960400001262315, 1722441.603900000452995 ], [ 1034124.770200000260957, 1722433.943499997491017 ], [ 1034123.977799999876879, 1722426.856699999654666 ], [ 1034120.993399999337271, 1722399.8454 ], [ 1034117.679600001429208, 1722369.852499999571592 ], [ 1034117.8912, 1722366.431099998764694 ], [ 1034118.699799999478273, 1722329.243899998255074 ], [ 1034119.103800000273623, 1722278.425100000342354 ], [ 1034116.244199999026023, 1722255.176699999021366 ], [ 1034108.67299999948591, 1722193.6247 ], [ 1034113.218000001041219, 1722182.405699999071658 ], [ 1034154.684800000628456, 1722080.0459 ], [ 1034180.212599999271333, 1722028.87419999926351 ], [ 1034207.3106, 1721980.106499999528751 ], [ 1034202.185799999162555, 1721979.167899999534711 ], [ 1034163.891599999857135, 1721972.153300000354648 ], [ 1034162.07140000059735, 1721971.820000000298023 ], [ 1034148.365400000126101, 1721959.117000000551343 ], [ 1034139.688799998839386, 1721951.0755 ], [ 1034126.716499999747612, 1721947.138900001533329 ], [ 1034103.101399999810383, 1721939.97249999968335 ], [ 1034100.946600001188926, 1721938.106499999761581 ], [ 1034090.762000001152046, 1721929.286699998890981 ], [ 1034085.152999999700114, 1721927.561099999817088 ], [ 1034052.475200000917539, 1721917.746700000949204 ], [ 1034035.324199998634867, 1721903.864800000330433 ], [ 1033982.2922, 1721860.941400001756847 ], [ 1033937.739199999021366, 1721812.417500000214204 ], [ 1033899.2, 1721831.260699999751523 ], [ 1033849.427999999606982, 1721846.945099999662489 ], [ 1033845.4108, 1721774.824100002413616 ], [ 1033840.593599999207072, 1721688.342099999543279 ], [ 1033855.473799998988397, 1721584.676300000399351 ], [ 1033868.959799999836832, 1721524.559699998702854 ], [ 1033897.216799998888746, 1721480.59389999974519 ], [ 1033933.877999999327585, 1721432.313500000396743 ], [ 1033921.3476, 1721409.898099999642 ], [ 1033919.938599998946302, 1721407.419500001473352 ], [ 1033916.518200000748038, 1721396.490900000324473 ], [ 1033914.231999998912215, 1721389.186500002164394 ], [ 1033908.43200000107754, 1721376.582699999213219 ], [ 1033905.558000000426546, 1721368.614800000330433 ], [ 1033901.876400000997819, 1721357.475499999709427 ], [ 1033901.216600000625476, 1721335.688899999251589 ], [ 1033898.510799999698065, 1721280.448699999134988 ], [ 1033897.181599998963065, 1721260.139899999136105 ], [ 1033896.840599999646656, 1721254.929700000211596 ], [ 1033889.114400000893511, 1721203.926200000336394 ], [ 1033882.474600001121871, 1721179.225899999728426 ], [ 1033878.696599999209866, 1721171.964999999385327 ], [ 1033862.737799999886192, 1721141.293100000126287 ], [ 1033810.106100000906736, 1721075.404299999820068 ], [ 1033805.925399999250658, 1721070.170499998377636 ], [ 1033798.475399999064393, 1721066.904500001575798 ], [ 1033778.053799999412149, 1721068.12629999872297 ], [ 1033766.071799999335781, 1721074.482399999862537 ], [ 1033718.1188000011025, 1721099.919500001939014 ], [ 1033685.387999999220483, 1721124.6937 ], [ 1033653.3092, 1721139.278099999763072 ], [ 1033638.828999999561347, 1721139.642200000351295 ], [ 1033604.6646000003675, 1721140.501299999421462 ], [ 1033570.005000000703149, 1721133.87470000050962 ], [ 1033543.365600000717677, 1721120.918099999194965 ], [ 1033500.568799998727627, 1721095.708900000434369 ], [ 1033470.630199999897741, 1721072.32990000071004 ], [ 1033437.838999998872168, 1721041.021699999226257 ], [ 1033397.644000000320375, 1720989.883300001500174 ], [ 1033346.043600001023151, 1720938.272500000428408 ], [ 1033329.030600001220591, 1720919.496899998746812 ], [ 1033297.44179999968037, 1720896.296100001083687 ], [ 1033297.141600000206381, 1720893.059000000357628 ], [ 1033295.2196, 1720872.3363 ], [ 1033285.884599999873899, 1720863.3755 ], [ 1033265.531799998832867, 1720856.411499999463558 ], [ 1033183.319199999561533, 1720811.299499999731779 ], [ 1033122.835799999767914, 1720753.323599999537691 ], [ 1033033.494200000539422, 1720698.4201 ], [ 1033017.7398, 1720676.730499999830499 ], [ 1032983.84999999939464, 1720640.676200000336394 ], [ 1033014.660000000731088, 1720629.209899999666959 ], [ 1033028.933600000687875, 1720609.220699998550117 ], [ 1033037.8486, 1720595.185100000817329 ], [ 1033047.733000001055188, 1720573.787900001043454 ], [ 1033049.128999999375083, 1720561.079500001855195 ], [ 1033054.371999999391846, 1720517.39289999846369 ], [ 1033061.776199999381788, 1720459.32109999936074 ], [ 1033079.636399999610148, 1720393.479900000849739 ], [ 1033086.603799998876639, 1720366.880699999630451 ], [ 1033090.64279999921564, 1720351.00349999871105 ], [ 1033093.79940000071656, 1720347.449899999424815 ], [ 1033124.627100001322106, 1720312.744500000728294 ], [ 1033133.639599999412894, 1720302.598300000652671 ], [ 1033156.216400000732392, 1720287.7721 ], [ 1033163.911000001011416, 1720267.61629999964498 ], [ 1033173.095600000582635, 1720240.426300002960488 ], [ 1033191.315200000419281, 1720216.67009999952279 ], [ 1033203.310800000908785, 1720194.500700000207871 ], [ 1033206.224399999598972, 1720181.065300000598654 ], [ 1033210.420800000312738, 1720161.714700000360608 ], [ 1033216.240599999786355, 1720134.879499999806285 ], [ 1033198.056399999419227, 1720083.518700001761317 ], [ 1033176.9712, 1719978.641100000124425 ], [ 1033183.578400000929832, 1719952.551699999021366 ], [ 1033180.234, 1719915.761299999896437 ], [ 1033178.949199999799021, 1719901.632099999114871 ], [ 1033209.961000000708736, 1719814.885099998675287 ], [ 1033229.198200001264922, 1719780.052699999883771 ], [ 1033279.466600000858307, 1719729.4339 ], [ 1033319.8196, 1719662.411499999230728 ], [ 1033319.472600000794046, 1719608.7519 ], [ 1033318.090799999656156, 1719555.789899998810142 ], [ 1033344.237400000216439, 1719535.126299999887124 ], [ 1033350.250000000814907, 1719527.052500001387671 ], [ 1033382.358600000850856, 1719486.519899999490008 ], [ 1033382.083000000682659, 1719483.402699999744073 ], [ 1033367.538599999737926, 1719372.148899999679998 ], [ 1033377.902999999816529, 1719307.814899999415502 ], [ 1033369.232000000309199, 1719221.339099999284372 ], [ 1033372.207, 1719212.842000000644475 ], [ 1033379.004600000218488, 1719193.427500000223517 ], [ 1033368.419, 1719166.003299998817965 ], [ 1033350.332599999499507, 1719142.230799999786541 ], [ 1033341.612200000672601, 1719130.768899999791756 ], [ 1033316.946600001305342, 1719075.963499999139458 ], [ 1033283.546199999283999, 1719049.113299998221919 ], [ 1033263.838000000454485, 1718984.340500001329929 ], [ 1033241.673000000999309, 1718965.113099999260157 ], [ 1033238.209599999012426, 1718962.342900000978261 ], [ 1033215.022800000500865, 1718940.081299999728799 ], [ 1033209.2308, 1718902.942500000819564 ], [ 1033208.6006, 1718898.901299999793991 ], [ 1033154.097399999736808, 1718843.032099998556077 ], [ 1033144.687599999364465, 1718847.772900000913069 ], [ 1033124.275799999013543, 1718858.057000000728294 ], [ 1033110.0654, 1718878.89130000025034 ], [ 1033053.937600000179373, 1718871.49309999961406 ], [ 1032978.37740000069607, 1718856.313500000163913 ], [ 1032976.781199999619275, 1718852.351500001270324 ], [ 1032974.662399999680929, 1718846.968599999323487 ], [ 1032964.491199999698438, 1718818.590900000883266 ], [ 1032963.1854, 1718818.287499999627471 ], [ 1032925.832600000780076, 1718809.626099999062717 ], [ 1032916.723800000851043, 1718798.759099999442697 ], [ 1032894.5292, 1718772.281300000380725 ], [ 1032887.289399999775924, 1718763.645300000440329 ], [ 1032875.975999999791384, 1718774.3915 ], [ 1032878.419100000406615, 1718781.40279999980703 ], [ 1032872.246199998888187, 1718782.17769999965094 ], [ 1032868.619699999224395, 1718782.63279999839142 ], [ 1032818.092299998621456, 1718786.309500000439584 ], [ 1032734.555200000526384, 1718810.337099998723716 ], [ 1032693.452900000382215, 1718824.399900000542402 ], [ 1032677.366000001202337, 1718829.903899998869747 ], [ 1032675.969800000195391, 1718651.12529999925755 ], [ 1032668.348799998988397, 1718622.507900000549853 ], [ 1032640.054600000265054, 1718572.203700000653043 ], [ 1032609.128400000859983, 1718539.076899998821318 ], [ 1032585.291800000239164, 1718509.490700000431389 ], [ 1032382.741800000658259, 1718326.922700001858175 ], [ 1032208.881799999508075, 1718204.133600000524893 ], [ 1032171.351599998655729, 1718183.2967 ], [ 1032131.01920000044629, 1718158.961299999151379 ], [ 1032101.502999998745508, 1718141.821100001223385 ], [ 1032022.924600000609644, 1718080.809699998004362 ], [ 1032003.729000000515953, 1718055.38509999983944 ], [ 1031962.944799999706447, 1717986.326499999733642 ], [ 1031956.698800000245683, 1717955.006500000599772 ], [ 1031953.566399999894202, 1717939.299900001147762 ], [ 1031918.630199998733588, 1717943.17009999952279 ], [ 1031864.529799999087118, 1717949.163299999199808 ], [ 1031861.615000001038425, 1717949.56290000025183 ], [ 1031858.3002, 1717949.871500000357628 ], [ 1031834.277000000118278, 1717953.244899999350309 ], [ 1031830.781199999270029, 1717953.735699999146163 ], [ 1031819.0792, 1717954.474300000816584 ], [ 1031809.456800000160001, 1717954.33909999858588 ], [ 1031805.49359999934677, 1717954.320099999196827 ], [ 1031791.627999999327585, 1717948.209899998735636 ], [ 1031767.80019999970682, 1717956.214099999284372 ], [ 1031751.968399999081157, 1717961.532100001350045 ], [ 1031738.200799999176525, 1717971.09029999980703 ], [ 1031716.16880000079982, 1717986.942500000121072 ], [ 1031667.774800000246614, 1717980.391699998639524 ], [ 1031634.751400000997819, 1717970.801699999487028 ], [ 1031574.7298, 1717957.965700000990182 ], [ 1031492.044799999799579, 1717945.363300000317395 ], [ 1031484.151200001011603, 1717944.160299998708069 ], [ 1031479.728599999449216, 1717947.978100000647828 ], [ 1031453.711600000271574, 1717970.436100000748411 ], [ 1031440.278799999621697, 1717972.82 ], [ 1031407.453999999212101, 1717987.924699999392033 ], [ 1031394.85239999985788, 1718002.144900001119822 ], [ 1031378.741000000503846, 1718019.9903 ], [ 1031296.800800001132302, 1718093.012899999506772 ], [ 1031237.890399999567308, 1718111.393100002314895 ], [ 1031136.152999999467283, 1718129.5097 ], [ 1031081.272600000840612, 1718144.4889000011608 ], [ 1031049.003200000501238, 1718163.324300002772361 ], [ 1030984.772999999579042, 1718073.340500000398606 ], [ 1030944.708199999760836, 1718052.972100002225488 ], [ 1030924.013000001199543, 1718058.2101 ], [ 1030912.101799999829382, 1718041.8429000005126 ], [ 1030850.180200000526384, 1718037.567500001285225 ], [ 1030819.070799999171868, 1718013.804500001017004 ], [ 1030805.491199999698438, 1718003.431700001470745 ], [ 1030774.737599998828955, 1717998.988899998832494 ], [ 1030768.1266, 1717998.006699999561533 ], [ 1030748.666799999307841, 1718002.027100000763312 ], [ 1030714.449600000982173, 1718002.636900000739843 ], [ 1030653.498399998876266, 1718003.722899999702349 ], [ 1030602.055200000992045, 1717992.142899999860674 ], [ 1030556.808199999504723, 1717962.500899999402463 ], [ 1030552.277999999118038, 1717957.970100000267848 ], [ 1030534.132800000603311, 1717939.822699998971075 ], [ 1030504.763000000151806, 1717915.631899998756126 ], [ 1030486.769599999883212, 1717888.414100001100451 ], [ 1030441.36879999935627, 1717846.735300000524148 ], [ 1030434.937800001469441, 1717840.666899998905137 ], [ 1030407.911600000108592, 1717815.1653 ], [ 1030354.619000000180677, 1717771.8581 ], [ 1030337.8748, 1717780.411699999123812 ], [ 1030318.349800000200048, 1717786.9783 ], [ 1030271.402600000379607, 1717836.017300000879914 ], [ 1030250.8870000008028, 1717877.232299999333918 ], [ 1030232.445, 1717967.654500000178814 ], [ 1030200.335600000340492, 1718000.93970000022091 ], [ 1030181.945399999036454, 1718065.595100001432002 ], [ 1030125.818199999397621, 1718161.724099999060854 ], [ 1030100.340200001024641, 1718189.557099999627098 ], [ 1030064.997200000216253, 1718226.369900000281632 ], [ 1030005.928, 1718295.305299998726696 ], [ 1029971.045599999488331, 1718319.237500000512227 ], [ 1029947.03419999871403, 1718325.905700000701472 ], [ 1029918.501000000396743, 1718338.13370000035502 ], [ 1029895.935799999744631, 1718347.803899999707937 ], [ 1029852.710999999078922, 1718396.256400000303984 ], [ 1029845.532799998996779, 1718414.741299999412149 ], [ 1029834.961799999698997, 1718441.9633 ], [ 1029822.948999999673106, 1718451.070499998750165 ], [ 1029822.373800000292249, 1718451.5067 ], [ 1029817.002800000132993, 1718455.577700000489131 ], [ 1029816.35860000050161, 1718456.0659 ], [ 1029800.357000000309199, 1718468.197100000921637 ], [ 1029786.457600001362152, 1718480.147099999478087 ], [ 1029782.652200000942685, 1718483.70049999980256 ], [ 1029776.511800000909716, 1718493.751900000264868 ], [ 1029776.3524, 1718494.012700001709163 ], [ 1029753.800799999153242, 1718530.927899999776855 ], [ 1029715.536799998837523, 1718549.634500000393018 ], [ 1029692.134000000660308, 1718561.075800001854077 ], [ 1029651.479399998672307, 1718615.552500001853332 ], [ 1029650.503200000734068, 1718622.096899999305606 ], [ 1029648.075200000894256, 1718638.37529999949038 ], [ 1029652.60120000061579, 1718670.04109999909997 ], [ 1029654.238999999826774, 1718680.6011 ], [ 1029664.357599999639206, 1718745.842499999329448 ], [ 1029654.05840000056196, 1718768.8103 ], [ 1029621.837399998796172, 1718859.004100000485778 ], [ 1029612.4654, 1718885.091700000688434 ], [ 1029606.553799999062903, 1718908.613099999725819 ], [ 1029604.002800000249408, 1718929.737300001550466 ], [ 1029602.486799999838695, 1718941.269899999722838 ], [ 1029597.247400000458583, 1718981.130100000649691 ], [ 1029590.749800000223331, 1718998.114800000330433 ], [ 1029562.834199999575503, 1719071.086300000781193 ], [ 1029554.4414, 1719102.817500001285225 ], [ 1029537.908399999840185, 1719165.323299999348819 ], [ 1029536.464600000297651, 1719164.01349999778904 ], [ 1029470.024599999072962, 1719199.454099998809397 ], [ 1029447.462000000756234, 1719201.551800000946969 ], [ 1029429.005399999790825, 1719203.267699999501929 ], [ 1029394.290599999483675, 1719198.6267 ], [ 1029369.148999999393709, 1719195.265500000445172 ], [ 1029328.945599999511614, 1719190.810699998633936 ], [ 1029286.554599999450147, 1719188.406899999827147 ], [ 1029243.4518, 1719195.279500000178814 ], [ 1029174.689000000362284, 1719232.752900001360103 ], [ 1029151.065000001341105, 1719265.714400000404567 ], [ 1029147.286599999642931, 1719270.986199999693781 ], [ 1029139.7688, 1719278.871500000357628 ], [ 1029129.142799998633564, 1719275.750499998917803 ], [ 1029044.761599999270402, 1719250.967099999077618 ], [ 1028958.18300000031013, 1719214.792499999748543 ], [ 1028895.852799999760464, 1719183.442500001052395 ], [ 1028883.515200000721961, 1719166.954600001452491 ], [ 1028861.444999999832362, 1719137.460100001422688 ], [ 1028834.317999999504536, 1719098.795499999308959 ], [ 1028790.301599999656901, 1719110.842499999562278 ], [ 1028769.220400000107475, 1719146.537900000344962 ], [ 1028742.182399999466725, 1719150.06389999948442 ], [ 1028682.119599999859929, 1719211.276499998755753 ], [ 1028658.283800001372583, 1719245.005699998000637 ], [ 1028638.246000000392087, 1719271.976899999193847 ], [ 1028615.41080000041984, 1719299.7697 ], [ 1028594.406000000773929, 1719327.070499999681488 ], [ 1028540.812599998898804, 1719383.163899999344721 ], [ 1028537.371000001090579, 1719391.266700000269338 ], [ 1028534.0498, 1719389.521299999207258 ], [ 1028531.758600000641309, 1719388.3153 ], [ 1028527.773599999141879, 1719384.981899999314919 ], [ 1028494.231400000513531, 1719335.624700001208112 ], [ 1028467.729600000893697, 1719345.999199998565018 ], [ 1028427.762800000840798, 1719361.6447 ], [ 1028423.860000001383014, 1719361.534299999009818 ], [ 1028444.9296, 1719389.664100000634789 ], [ 1028486.756599999498576, 1719445.66249999916181 ], [ 1028492.385200001415797, 1719453.208699999842793 ], [ 1028501.245000000111759, 1719481.885100000537932 ], [ 1028522.644200000795536, 1719544.2329 ], [ 1028532.362800000468269, 1719569.954099999042228 ], [ 1028528.813199999392964, 1719578.203299999237061 ], [ 1028516.93979999946896, 1719608.3427 ], [ 1028501.865799998864532, 1719647.9801 ], [ 1028493.274999999324791, 1719672.621300000697374 ], [ 1028490.0182, 1719677.103699999861419 ], [ 1028478.08460000064224, 1719695.530700000468642 ], [ 1028449.727999999886379, 1719739.967099999543279 ], [ 1028438.856999999610707, 1719758.216700000921264 ], [ 1028437.309399998630397, 1719761.1441 ], [ 1028424.020800000987947, 1719777.0481 ], [ 1028397.35199999937322, 1719809.122500000521541 ], [ 1028364.068200000445358, 1719848.975700001232326 ], [ 1028346.792199999676086, 1719867.038699998985976 ], [ 1028334.147000000812113, 1719880.518500001169741 ], [ 1028319.078999999328516, 1719896.5875 ], [ 1028305.908399999840185, 1719911.319299999158829 ], [ 1028301.776999998837709, 1719915.854299999773502 ], [ 1028283.339799999608658, 1719932.580900000641122 ], [ 1028259.709200000972487, 1719954.2835 ], [ 1028252.000799998524599, 1719961.850099999690428 ], [ 1028241.960000001010485, 1719971.491499999305233 ], [ 1028222.041400001035072, 1719985.80369999888353 ], [ 1028201.285000001313165, 1720001.1195 ], [ 1028182.300400001229718, 1720014.944100000429899 ], [ 1028176.457799999159761, 1720020.86119999922812 ], [ 1028168.601000000257045, 1720029.849700000602752 ], [ 1028152.788599998573773, 1720046.984900001902133 ], [ 1028121.6562, 1720079.955299999099225 ], [ 1028078.014800000935793, 1720122.29790000198409 ], [ 1028034.8028, 1720162.997699999716133 ], [ 1028018.506199999712408, 1720177.088799999561161 ], [ 1027963.922799999010749, 1720223.953299999469891 ], [ 1027953.029999999678694, 1720237.9093 ], [ 1027927.708799999789335, 1720271.0213 ], [ 1027922.094999999040738, 1720279.0929000005126 ], [ 1027914.029799998970702, 1720290.003900000359863 ], [ 1027910.400000000372529, 1720295.082700000144541 ], [ 1027939.056199999642558, 1720396.626299999654293 ], [ 1027944.409800000139512, 1720413.754899998893961 ], [ 1027992.141400000895374, 1720566.469900000374764 ], [ 1028073.157999999821186, 1720798.909600000130013 ], [ 1028076.450600000214763, 1720808.355900000780821 ], [ 1027840.193400001269765, 1720950.419900000561029 ], [ 1027818.786399999400601, 1720963.29210000205785 ], [ 1027695.407799999462441, 1721124.748900001635775 ], [ 1027698.818200000678189, 1721169.070899999700487 ], [ 1027699.49050000065472, 1721237.782500000204891 ], [ 1027702.303800000459887, 1721525.283099999185652 ], [ 1027698.08060000021942, 1721542.516699999570847 ], [ 1027715.952100000227802, 1721598.049099998781458 ], [ 1027721.309000000474043, 1721614.693900000536814 ], [ 1027734.203599999658763, 1721668.964299998944625 ], [ 1027764.961400000844151, 1721747.461399999679998 ], [ 1027921.709599999594502, 1721686.852499999338761 ], [ 1027983.195599999162368, 1721714.279500000411645 ], [ 1028052.040599999250844, 1721726.941899999510497 ], [ 1028064.046200000215322, 1721728.911500000394881 ], [ 1028111.204600000986829, 1721727.438699999591336 ], [ 1028127.860200000694022, 1721728.838899999391288 ], [ 1028150.543799999170005, 1721742.483100001001731 ], [ 1028173.580000000656582, 1721745.553400000324473 ], [ 1028190.668200001120567, 1721758.398299999767914 ], [ 1028227.597000001114793, 1721747.357599999755621 ], [ 1028255.425000000279397, 1721703.548699997365475 ], [ 1028288.216799999587238, 1721683.892699999269098 ], [ 1028337.1128000007011, 1721673.790100000333041 ], [ 1028347.973000000230968, 1721684.151500000618398 ], [ 1028372.370399999781512, 1721659.868100000778213 ], [ 1028422.802600000868551, 1721651.148299998603761 ], [ 1028437.315200000302866, 1721648.57709999801591 ], [ 1028441.639200001140125, 1721657.300299999536946 ], [ 1028450.9448, 1721662.984699999447912 ], [ 1028494.314099999377504, 1721687.6266 ], [ 1028522.90000000060536, 1721703.868699999526143 ], [ 1028534.052200000267476, 1721710.199300001142547 ], [ 1028562.255600000265986, 1721710.781300000846386 ], [ 1028562.7114, 1721695.8901 ], [ 1028593.046, 1721696.066400000592694 ], [ 1028597.631400001235306, 1721696.4191000002902 ], [ 1028596.959, 1721711.090299999341369 ], [ 1028651.250199998845346, 1721701.604900000616908 ], [ 1028657.011000000638887, 1721700.598499997984618 ], [ 1028688.214000000851229, 1721687.9005 ], [ 1028704.497200000681914, 1721729.522099999478087 ], [ 1028715.965800000238232, 1721758.837099999189377 ], [ 1028712.699600000516511, 1721792.2915 ], [ 1028743.123199999798089, 1721804.648299999302253 ], [ 1028755.2678, 1721815.972900000633672 ], [ 1028768.615400000126101, 1721824.166500001447275 ], [ 1028777.26419999927748, 1721835.804700000444427 ], [ 1028786.519000000669621, 1721868.6351 ], [ 1028783.756600000197068, 1721902.945499998517334 ], [ 1028805.274000001023524, 1721939.163499999791384 ], [ 1028841.496800000662915, 1721986.288200000766665 ], [ 1028846.681599999079481, 1721992.445300000719726 ], [ 1028852.128600000287406, 1722001.258700001053512 ], [ 1028863.519000001135282, 1722017.568899999838322 ], [ 1028866.89060000050813, 1722029.451300000306219 ], [ 1028870.674399998853914, 1722042.8341 ], [ 1028919.766200000769459, 1722096.248099999269471 ], [ 1028933.989999999525025, 1722110.873500000685453 ], [ 1028944.0022, 1722120.334699998609722 ], [ 1028972.174999998882413, 1722144.805299999658018 ], [ 1028982.014999999664724, 1722169.588300002040341 ], [ 1029031.906199999386445, 1722257.578500000759959 ], [ 1029047.533999999868684, 1722274.182300000218675 ], [ 1029061.677600000868551, 1722289.209699998376891 ], [ 1029062.198999998974614, 1722306.237899999134243 ], [ 1029063.547400000621565, 1722350.281699999701232 ], [ 1029063.660000000847504, 1722353.779500001110137 ], [ 1029061.8954, 1722406.281699999701232 ], [ 1029068.368800000287592, 1722438.827500001061708 ], [ 1029069.445199999841861, 1722478.756899997591972 ], [ 1029071.638000000850298, 1722529.566900001373142 ], [ 1029072.225799999432638, 1722534.529699999140576 ], [ 1029073.28419999871403, 1722540.022699999623001 ], [ 1029074.925800001015887, 1722543.450099999317899 ], [ 1029103.5088, 1722593.28309999871999 ], [ 1029193.390399999683723, 1722652.084100000560284 ], [ 1029226.434399998746812, 1722657.57069999887608 ], [ 1029273.290199999464676, 1722695.206900001736358 ], [ 1029277.626600000774488, 1722829.984099998604506 ], [ 1029265.314000000827946, 1722872.073299999814481 ], [ 1029288.172199999447912, 1722907.988700000569224 ], [ 1029252.387599999783561, 1722959.678099999669939 ], [ 1029257.536599999759346, 1723002.070000000530854 ], [ 1029274.7662, 1723073.559699998702854 ], [ 1029273.421199999633245, 1723085.873900000937283 ], [ 1029264.726400000741705, 1723108.29869999922812 ], [ 1029266.752200001152232, 1723119.705500000389293 ], [ 1029275.00859999936074, 1723168.68709999951534 ], [ 1029278.827999999164604, 1723191.346000000368804 ], [ 1029273.585400000680238, 1723206.904100001323968 ], [ 1029259.759400000795722, 1723247.933500000275671 ], [ 1029255.1312, 1723261.667899998370558 ], [ 1029246.33879999932833, 1723315.101299999514595 ], [ 1029240.614599999855272, 1723349.889699999475852 ], [ 1029244.776999999303371, 1723382.369899998884648 ], [ 1029240.488600000389852, 1723417.687499999767169 ], [ 1029245.439399998635054, 1723422.960899999365211 ], [ 1029283.231399999349378, 1723463.217100000940263 ], [ 1029278.637999999220483, 1723475.830700001679361 ], [ 1029266.656200001016259, 1723508.733299999730662 ], [ 1029263.561399999307469, 1723526.693300000391901 ], [ 1029260.041000001248904, 1723547.123299998696893 ], [ 1029250.001600000425242, 1723587.828699998557568 ], [ 1029235.865199999301694, 1723615.199899998493493 ], [ 1029228.332000000635162, 1723638.820299999788404 ], [ 1029221.436000000569038, 1723639.886100000701845 ], [ 1029192.594999998691492, 1723644.3435 ], [ 1029143.063199998927303, 1723652.230400001164526 ], [ 1029127.1894, 1723651.014099999330938 ], [ 1029111.284000000683591, 1723649.924100000178441 ], [ 1029104.397200000472367, 1723659.23570000147447 ], [ 1029088.522999999113381, 1723682.727300002705306 ], [ 1029054.380200000130571, 1723744.184299998218194 ], [ 1029050.234199999365956, 1723762.0921 ], [ 1029041.3584, 1723800.427699998952448 ], [ 1029060.123000000719912, 1723848.296299998881295 ], [ 1029068.9878, 1723884.25029999949038 ], [ 1029084.550000000395812, 1723904.084699999075383 ], [ 1029109.446200000471435, 1723953.796299998648465 ], [ 1029106.364399999612942, 1723993.6801 ], [ 1029105.429799999692477, 1724005.777099999831989 ], [ 1029083.627399999881163, 1724049.024900001706555 ], [ 1029083.370600000256673, 1724078.634299998870119 ], [ 1029083.215399999287911, 1724096.514400000218302 ], [ 1029082.70020000054501, 1724155.902300000190735 ], [ 1029104.136799999396317, 1724176.30089999944903 ], [ 1029120.176199999055825, 1724187.943299999693409 ], [ 1029136.145800000755116, 1724199.534299998078495 ], [ 1029136.038200001115911, 1724211.876099999761209 ], [ 1029135.928800001041964, 1724224.462300001177937 ], [ 1029140.486600000527687, 1724230.58849999983795 ], [ 1029164.044400000362657, 1724262.255099999019876 ], [ 1029186.912400000379421, 1724281.506699999794364 ], [ 1029194.022999999579042, 1724292.280099998228252 ], [ 1029205.67279999924358, 1724309.930100000463426 ], [ 1029215.711600000271574, 1724311.871700001880527 ], [ 1029226.683599999523722, 1724313.993899999186397 ], [ 1029237.871799998916686, 1724350.756899999687448 ], [ 1029249.235200000344776, 1724388.0955 ], [ 1029257.616600000532344, 1724402.156700000399724 ], [ 1029261.261199999367818, 1724404.01990000042133 ], [ 1029283.389599999645725, 1724415.332499999552965 ], [ 1029285.320199999026954, 1724438.983999999240041 ], [ 1029285.410400000284426, 1724440.721 ], [ 1029285.665799999726005, 1724445.652299998793751 ], [ 1029292.008400000282563, 1724451.055099998833612 ], [ 1029306.371600000537001, 1724463.289499999722466 ], [ 1029301.231600000523031, 1724515.650899999774992 ], [ 1029300.998800000292249, 1724537.391299998853356 ], [ 1029301.025399998645298, 1724555.118100000312552 ], [ 1029314.012999999220483, 1724572.3886999997776 ], [ 1029313.772799999453127, 1724572.7553 ], [ 1029289.587599999620579, 1724609.667299999855459 ], [ 1029273.498800000641495, 1724633.815900000277907 ], [ 1029247.449599999585189, 1724671.351800001226366 ], [ 1029215.160400001448579, 1724703.86030000122264 ], [ 1029193.188400000450201, 1724726.007499999366701 ], [ 1029187.887399999774061, 1724758.535699999891222 ], [ 1029155.55659999884665, 1724783.203900000313297 ], [ 1029145.443200000328943, 1724790.548699999693781 ], [ 1029124.920400000410154, 1724827.510900000808761 ], [ 1029052.824600000516511, 1724808.27519999910146 ], [ 1029004.287000000127591, 1724839.803400001721457 ], [ 1028978.0948, 1724830.486199998296797 ], [ 1028963.644400000572205, 1724845.162500001257285 ], [ 1028946.207, 1724862.117099999217317 ], [ 1028915.972199999727309, 1724905.7043999992311 ], [ 1028889.487000000895932, 1724930.9989 ], [ 1028852.966599999577738, 1724954.750900000799447 ], [ 1028848.814800000633113, 1724967.453099999111146 ], [ 1028799.536200000438839, 1724994.409299999475479 ], [ 1028760.878800000995398, 1725040.100099998293445 ], [ 1028758.274799999780953, 1725112.048699999693781 ], [ 1028712.218099999823608, 1725102.235200000694022 ], [ 1028709.088000000687316, 1725101.568299998994917 ], [ 1028666.227599998819642, 1725119.246099998708814 ], [ 1028647.928600000799634, 1725126.491499999305233 ], [ 1028643.296500000404194, 1725141.388699999079108 ], [ 1028639.937200000393204, 1725152.19220000016503 ], [ 1028671.001199999591336, 1725192.361199998529628 ], [ 1028670.605, 1725212.821900001028553 ], [ 1028685.091600001091138, 1725230.053699999582022 ], [ 1028685.5626, 1725267.487500001210719 ], [ 1028722.128599999472499, 1725333.178899998078123 ], [ 1028739.886600001016632, 1725367.40190000180155 ], [ 1028743.764200000907294, 1725417.484499999554828 ], [ 1028734.980200001155026, 1725428.555899999337271 ], [ 1028728.894000000553206, 1725441.814699999056756 ], [ 1028724.321999999461696, 1725482.944300001021475 ], [ 1028730.155799999134615, 1725512.291699999710545 ], [ 1028727.328200001036748, 1725546.087700000265613 ], [ 1028749.717199999606237, 1725581.896299999207258 ], [ 1028816.345199999399483, 1725607.032899999525398 ], [ 1028854.373199999099597, 1725683.759 ], [ 1028900.966899999300949, 1725663.449800000526011 ], [ 1028940.90580000076443, 1725646.040900000371039 ], [ 1028941.485000000568107, 1725645.788499999558553 ], [ 1028941.953900000313297, 1725645.865500001236796 ], [ 1029017.451599999680184, 1725658.226800000527874 ], [ 1029046.575599999167025, 1725691.517499999841675 ], [ 1029079.602400000323541, 1725712.183900000527501 ], [ 1029086.2112, 1725729.620200000237674 ], [ 1029095.874399999156594, 1725755.114299999317154 ], [ 1029102.500699999392964, 1725772.978100000182167 ], [ 1029108.162199999322183, 1725788.240099999820814 ], [ 1029115.68039999960456, 1725787.7643 ], [ 1029182.417000001296401, 1725783.538699999451637 ], [ 1029199.877399999648333, 1725802.003900000592694 ], [ 1029264.073799999197945, 1725821.84239999926649 ], [ 1029302.800999999162741, 1725882.447200001915917 ], [ 1029342.042000001529232, 1725908.877800001064315 ], [ 1029361.551599998958409, 1725937.235099998768419 ], [ 1029397.674599998514168, 1725958.667899998137727 ], [ 1029435.4112000009045, 1726014.904500000178814 ], [ 1029438.812200000393204, 1726051.4019 ], [ 1029455.376599998911843, 1726071.746899999212474 ], [ 1029480.378999999724329, 1726092.81389999948442 ], [ 1029484.679600000265054, 1726146.533900000853464 ], [ 1029505.194599999813363, 1726169.87250000028871 ], [ 1029500.7171, 1726196.317900000605732 ], [ 1029499.821700000436977, 1726201.606899999314919 ], [ 1029496.156800000113435, 1726223.253099999856204 ], [ 1029505.450400000321679, 1726258.049100001109764 ], [ 1029506.9502, 1726263.664300000295043 ], [ 1029537.20590000145603, 1726253.452099998947233 ], [ 1029550.44939999980852, 1726248.981899998383597 ], [ 1029575.326999999117106, 1726270.347300000954419 ], [ 1029630.003200000501238, 1726291.436300000408664 ], [ 1029656.669599999091588, 1726351.43030000012368 ], [ 1029650.41660000057891, 1726387.226799999829382 ], [ 1029666.5218, 1726440.465099999448285 ], [ 1029677.894999998505227, 1726459.540100001497194 ], [ 1029714.254800000810064, 1726472.443299998762086 ], [ 1029738.747999999439344, 1726503.930099999532104 ], [ 1029785.228800000390038, 1726553.703500001458451 ], [ 1029797.475599999423139, 1726578.834100000327453 ], [ 1029811.880800000391901, 1726598.549499999498948 ], [ 1029819.79340000054799, 1726606.692500001750886 ], [ 1029842.212, 1726629.756700001657009 ], [ 1029842.268199999583885, 1726630.352299998980016 ], [ 1029846.6354, 1726676.697000000858679 ], [ 1029881.766999999759719, 1726705.849300002213567 ], [ 1029900.370400000130758, 1726740.19349999865517 ], [ 1029883.450399999856018, 1726803.9215 ], [ 1029909.424599999794737, 1726819.892699999501929 ], [ 1029932.486, 1726815.340099999681115 ], [ 1029949.370799999218434, 1726831.201500000432134 ], [ 1029953.826600001077168, 1726853.699899999424815 ], [ 1029989.658799999626353, 1726873.180900000268593 ], [ 1030022.346599999116734, 1726913.20130000053905 ], [ 1030026.01459999952931, 1726915.900499998824671 ], [ 1030058.141400000778958, 1726943.849300000350922 ], [ 1030057.251799999154173, 1726971.504100000718608 ], [ 1030057.034999999101274, 1726978.246300000464544 ], [ 1030070.342600000207312, 1727002.248699999414384 ], [ 1030073.553200000431389, 1727008.039299998432398 ], [ 1030076.3706, 1727023.519899999257177 ], [ 1030082.549399999552406, 1727057.472300000954419 ], [ 1030083.751199999358505, 1727060.7441 ], [ 1030092.398599999141879, 1727084.285499999299645 ], [ 1030094.598799999221228, 1727148.745300000300631 ], [ 1030121.444199999561533, 1727157.370500000892207 ], [ 1030128.901399999740534, 1727168.343699998222291 ], [ 1030135.464200000278652, 1727187.47389999916777 ], [ 1030138.925400000647642, 1727194.175099999876693 ], [ 1030148.586799999466166, 1727212.879899999359623 ], [ 1030154.780199999688193, 1727212.689100000774488 ], [ 1030192.872999999322928, 1727211.51549999974668 ], [ 1030208.398800000664778, 1727218.012199999764562 ], [ 1030240.292400000616908, 1727250.38370000012219 ], [ 1030254.313199998694472, 1727264.614499998744577 ], [ 1030271.695199999725446, 1727282.256699999794364 ], [ 1030344.1974, 1727351.015799998305738 ], [ 1030356.341199999442324, 1727392.763299998594448 ], [ 1030372.428999999305233, 1727405.441100002033636 ], [ 1030384.79040000133682, 1727415.1775 ], [ 1030411.7558, 1727436.416099999332801 ], [ 1030415.609800000325777, 1727437.7945 ], [ 1030433.065799999516457, 1727444.038899998413399 ], [ 1030458.470800000824966, 1727495.527100000996143 ], [ 1030543.903199999709614, 1727532.859899999108166 ], [ 1030556.871799999848008, 1727546.631099998950958 ], [ 1030573.280400000629015, 1727610.254100001882762 ], [ 1030696.790600000997074, 1727660.263299999060109 ], [ 1030727.961400001076981, 1727696.838099998421967 ], [ 1030758.8698, 1727712.284900000318885 ], [ 1030813.148600000538863, 1727784.680299998493865 ], [ 1030855.346600000979379, 1727809.033699999563396 ], [ 1030920.154600000591017, 1727918.952900000149384 ], [ 1030930.884399999864399, 1727959.005499999271706 ], [ 1030926.143799999612384, 1728022.484699999447912 ], [ 1030937.7928, 1728065.235300000756979 ], [ 1030940.484400001354516, 1728072.4742 ], [ 1030954.259600001387298, 1728109.5219 ], [ 1030957.581600000965409, 1728155.093100001104176 ], [ 1030958.018800000427291, 1728161.088499999605119 ], [ 1030959.263399999239482, 1728203.423099999316037 ], [ 1030974.857400000910275, 1728217.040899998741224 ], [ 1030993.820599999278784, 1728217.787699998822063 ], [ 1031013.62439999950584, 1728223.8877 ], [ 1031054.620799998636357, 1728270.112299999687821 ], [ 1031102.7274, 1728314.067900001071393 ], [ 1031111.065399998798966, 1728344.419 ], [ 1031128.849700000835583, 1728375.716499998699874 ], [ 1031131.61300000094343, 1728380.5795 ], [ 1031125.686999999801628, 1728406.909600000828505 ], [ 1031133.940999999758787, 1728432.795100000221282 ], [ 1031135.780599999241531, 1728438.564099998679012 ], [ 1031147.324799998779781, 1728473.207999999634922 ], [ 1031222.064600000740029, 1728533.411499999463558 ], [ 1031240.280399999697693, 1728630.527899999404326 ], [ 1031240.45859999966342, 1728631.476899999659508 ], [ 1031240.813400000915863, 1728631.971100001595914 ], [ 1031260.606599998660386, 1728659.560699999332428 ], [ 1031265.310799999628216, 1728666.117300000507385 ], [ 1031304.0984, 1728707.887199999531731 ], [ 1031323.55620000034105, 1728718.778500000713393 ], [ 1031384.7274, 1728753.019500000402331 ], [ 1031383.333399999537505, 1728804.660100000910461 ], [ 1031404.931599999312311, 1728856.824099999386817 ], [ 1031402.875000000232831, 1728919.556099998299032 ], [ 1031407.244200000539422, 1728962.029700001003221 ], [ 1031428.563600000459701, 1729002.372500001220033 ], [ 1031496.565199999720789, 1729058.128900000592694 ], [ 1031513.703199999872595, 1729117.748100001132116 ], [ 1031518.891999999410473, 1729158.938500001328066 ], [ 1031519.853400000138208, 1729166.570000000298023 ], [ 1031526.36119999946095, 1729174.181299999123439 ], [ 1031536.249999999185093, 1729185.746700000949204 ], [ 1031538.801000001141801, 1729188.729900000616908 ], [ 1031542.638200001092628, 1729189.545100000221282 ], [ 1031566.005999999586493, 1729194.511499998858199 ], [ 1031642.363600000739098, 1729228.952500001061708 ], [ 1031716.108599998988211, 1729240.714700000127777 ], [ 1031761.768199999583885, 1729276.327500000596046 ], [ 1031775.914400000707246, 1729294.013900000369176 ], [ 1031827.884599999291822, 1729329.952500000828877 ], [ 1031842.6182, 1729358.849700000369921 ], [ 1031869.0354, 1729381.9703 ], [ 1031910.063600000808947, 1729440.408099998021498 ], [ 1031926.212600000202656, 1729452.898700000951067 ], [ 1031928.029599999426864, 1729491.846100001595914 ], [ 1031929.049999999348074, 1729513.71570000029169 ], [ 1031947.842800000798889, 1729545.643899999326095 ], [ 1031948.050000000395812, 1729545.995899999281392 ], [ 1031947.847000000416301, 1729546.506100001744926 ], [ 1031941.343600000138395, 1729562.825799998827279 ], [ 1031936.544200000353158, 1729574.869100001174957 ], [ 1031920.360200000577606, 1729587.170099999755621 ], [ 1031907.107799999881536, 1729597.242900001816452 ], [ 1031907.931000000680797, 1729599.408299999544397 ], [ 1031923.284999998984858, 1729639.797700000926852 ], [ 1031973.045600000536069, 1729714.308900000760332 ], [ 1031978.374800000805408, 1729742.878100000321865 ], [ 1032007.426400000462309, 1729810.965900000184774 ], [ 1032017.3762, 1729863.813500001095235 ], [ 1032027.702000000281259, 1729885.828299998072907 ], [ 1032041.704599998658523, 1729906.124200000427663 ], [ 1032065.237200000789016, 1729926.917499999515712 ], [ 1032072.137000001152046, 1729994.290100001497194 ], [ 1032069.780399999464862, 1730028.504499998409301 ], [ 1032097.792400000151247, 1730076.653799999505281 ], [ 1032182.443400001036935, 1730163.434699999168515 ], [ 1032193.612399999052286, 1730191.506400000769645 ], [ 1032200.449199999216944, 1730209.2447 ], [ 1032215.964399999706075, 1730232.234700001543388 ], [ 1032225.484400001354516, 1730323.519099998287857 ], [ 1032284.033600000548176, 1730400.110700000543147 ], [ 1032294.57970000046771, 1730435.072300001047552 ], [ 1032301.85860000026878, 1730436.428700000979006 ], [ 1032309.820600000210106, 1730419.368100001243874 ], [ 1032366.051199999637902, 1730430.272699999623001 ], [ 1032443.622400000225753, 1730473.231499998830259 ], [ 1032448.349000001209788, 1730467.493899998720735 ], [ 1032462.8522, 1730475.8987 ], [ 1032496.266200001118705, 1730491.524900002405047 ], [ 1032545.927999999257736, 1730557.38209999864921 ], [ 1032524.537500000675209, 1730577.694599999114871 ], [ 1032486.0212000006577, 1730614.269699999131262 ], [ 1032479.700199999497272, 1730620.601500000804663 ], [ 1032494.429800000158139, 1730653.460499999811873 ], [ 1032513.404199999757111, 1730655.412100001005456 ], [ 1032530.555400000768714, 1730657.177300001494586 ], [ 1032577.559699999750592, 1730679.480399999301881 ], [ 1032622.265200000139885, 1730700.692700000712648 ], [ 1032647.358400000841357, 1730746.711300001014024 ], [ 1032689.501799998572096, 1730856.936699999030679 ], [ 1032682.702399999368936, 1730882.508300000801682 ], [ 1032742.177399999811314, 1730936.472899998538196 ], [ 1032747.395600000279956, 1730960.764699999475852 ], [ 1032752.392600000835955, 1730984.0263 ], [ 1032752.455599999870174, 1730984.129699999699369 ], [ 1032797.673799999873154, 1731058.283500001067296 ], [ 1032818.5703999993857, 1731059.264900000300258 ], [ 1032905.797600000747479, 1731147.311299999244511 ], [ 1032956.7067, 1731175.885000000242144 ], [ 1032969.19710000033956, 1731182.895500001963228 ], [ 1032984.739199999137782, 1731191.618899999419227 ] ] ] } },
{ "type": "Feature", "properties": { "BASE_DATE": "20250630", "ADM_CD": "38570340", "ADM_NM": "금서면" }, "geometry": { "type": "Polygon", "coordinates": [ [ [ 1028540.812599998898804, 1719383.163899999344721 ], [ 1028594.406000000773929, 1719327.070499999681488 ], [ 1028615.41080000041984, 1719299.7697 ], [ 1028638.246000000392087, 1719271.976899999193847 ], [ 1028658.283800001372583, 1719245.005699998000637 ], [ 1028682.119599999859929, 1719211.276499998755753 ], [ 1028742.182399999466725, 1719150.06389999948442 ], [ 1028769.220400000107475, 1719146.537900000344962 ], [ 1028790.301599999656901, 1719110.842499999562278 ], [ 1028834.317999999504536, 1719098.795499999308959 ], [ 1028861.444999999832362, 1719137.460100001422688 ], [ 1028883.515200000721961, 1719166.954600001452491 ], [ 1028895.852799999760464, 1719183.442500001052395 ], [ 1028958.18300000031013, 1719214.792499999748543 ], [ 1029044.761599999270402, 1719250.967099999077618 ], [ 1029129.142799998633564, 1719275.750499998917803 ], [ 1029139.7688, 1719278.871500000357628 ], [ 1029147.286599999642931, 1719270.986199999693781 ], [ 1029151.065000001341105, 1719265.714400000404567 ], [ 1029174.689000000362284, 1719232.752900001360103 ], [ 1029243.4518, 1719195.279500000178814 ], [ 1029286.554599999450147, 1719188.406899999827147 ], [ 1029328.945599999511614, 1719190.810699998633936 ], [ 1029369.148999999393709, 1719195.265500000445172 ], [ 1029394.290599999483675, 1719198.6267 ], [ 1029429.005399999790825, 1719203.267699999501929 ], [ 1029447.462000000756234, 1719201.551800000946969 ], [ 1029470.024599999072962, 1719199.454099998809397 ], [ 1029536.464600000297651, 1719164.01349999778904 ], [ 1029537.908399999840185, 1719165.323299999348819 ], [ 1029554.4414, 1719102.817500001285225 ], [ 1029562.834199999575503, 1719071.086300000781193 ], [ 1029590.749800000223331, 1718998.114800000330433 ], [ 1029597.247400000458583, 1718981.130100000649691 ], [ 1029602.486799999838695, 1718941.269899999722838 ], [ 1029604.002800000249408, 1718929.737300001550466 ], [ 1029606.553799999062903, 1718908.613099999725819 ], [ 1029612.4654, 1718885.091700000688434 ], [ 1029621.837399998796172, 1718859.004100000485778 ], [ 1029654.05840000056196, 1718768.8103 ], [ 1029664.357599999639206, 1718745.842499999329448 ], [ 1029654.238999999826774, 1718680.6011 ], [ 1029652.60120000061579, 1718670.04109999909997 ], [ 1029648.075200000894256, 1718638.37529999949038 ], [ 1029650.503200000734068, 1718622.096899999305606 ], [ 1029651.479399998672307, 1718615.552500001853332 ], [ 1029692.134000000660308, 1718561.075800001854077 ], [ 1029715.536799998837523, 1718549.634500000393018 ], [ 1029753.800799999153242, 1718530.927899999776855 ], [ 1029776.3524, 1718494.012700001709163 ], [ 1029776.511800000909716, 1718493.751900000264868 ], [ 1029782.652200000942685, 1718483.70049999980256 ], [ 1029786.457600001362152, 1718480.147099999478087 ], [ 1029800.357000000309199, 1718468.197100000921637 ], [ 1029816.35860000050161, 1718456.0659 ], [ 1029817.002800000132993, 1718455.577700000489131 ], [ 1029822.373800000292249, 1718451.5067 ], [ 1029822.948999999673106, 1718451.070499998750165 ], [ 1029834.961799999698997, 1718441.9633 ], [ 1029845.532799998996779, 1718414.741299999412149 ], [ 1029852.710999999078922, 1718396.256400000303984 ], [ 1029895.935799999744631, 1718347.803899999707937 ], [ 1029918.501000000396743, 1718338.13370000035502 ], [ 1029947.03419999871403, 1718325.905700000701472 ], [ 1029971.045599999488331, 1718319.237500000512227 ], [ 1030005.928, 1718295.305299998726696 ], [ 1030064.997200000216253, 1718226.369900000281632 ], [ 1030100.340200001024641, 1718189.557099999627098 ], [ 1030125.818199999397621, 1718161.724099999060854 ], [ 1030181.945399999036454, 1718065.595100001432002 ], [ 1030200.335600000340492, 1718000.93970000022091 ], [ 1030232.445, 1717967.654500000178814 ], [ 1030250.8870000008028, 1717877.232299999333918 ], [ 1030271.402600000379607, 1717836.017300000879914 ], [ 1030318.349800000200048, 1717786.9783 ], [ 1030337.8748, 1717780.411699999123812 ], [ 1030354.619000000180677, 1717771.8581 ], [ 1030407.911600000108592, 1717815.1653 ], [ 1030434.937800001469441, 1717840.666899998905137 ], [ 1030441.36879999935627, 1717846.735300000524148 ], [ 1030486.769599999883212, 1717888.414100001100451 ], [ 1030504.763000000151806, 1717915.631899998756126 ], [ 1030534.132800000603311, 1717939.822699998971075 ], [ 1030552.277999999118038, 1717957.970100000267848 ], [ 1030556.808199999504723, 1717962.500899999402463 ], [ 1030602.055200000992045, 1717992.142899999860674 ], [ 1030653.498399998876266, 1718003.722899999702349 ], [ 1030714.449600000982173, 1718002.636900000739843 ], [ 1030748.666799999307841, 1718002.027100000763312 ], [ 1030768.1266, 1717998.006699999561533 ], [ 1030774.737599998828955, 1717998.988899998832494 ], [ 1030805.491199999698438, 1718003.431700001470745 ], [ 1030819.070799999171868, 1718013.804500001017004 ], [ 1030850.180200000526384, 1718037.567500001285225 ], [ 1030912.101799999829382, 1718041.8429000005126 ], [ 1030924.013000001199543, 1718058.2101 ], [ 1030944.708199999760836, 1718052.972100002225488 ], [ 1030984.772999999579042, 1718073.340500000398606 ], [ 1031049.003200000501238, 1718163.324300002772361 ], [ 1031081.272600000840612, 1718144.4889000011608 ], [ 1031136.152999999467283, 1718129.5097 ], [ 1031237.890399999567308, 1718111.393100002314895 ], [ 1031296.800800001132302, 1718093.012899999506772 ], [ 1031378.741000000503846, 1718019.9903 ], [ 1031394.85239999985788, 1718002.144900001119822 ], [ 1031407.453999999212101, 1717987.924699999392033 ], [ 1031440.278799999621697, 1717972.82 ], [ 1031453.711600000271574, 1717970.436100000748411 ], [ 1031479.728599999449216, 1717947.978100000647828 ], [ 1031484.151200001011603, 1717944.160299998708069 ], [ 1031492.044799999799579, 1717945.363300000317395 ], [ 1031574.7298, 1717957.965700000990182 ], [ 1031634.751400000997819, 1717970.801699999487028 ], [ 1031667.774800000246614, 1717980.391699998639524 ], [ 1031716.16880000079982, 1717986.942500000121072 ], [ 1031738.200799999176525, 1717971.09029999980703 ], [ 1031751.968399999081157, 1717961.532100001350045 ], [ 1031767.80019999970682, 1717956.214099999284372 ], [ 1031791.627999999327585, 1717948.209899998735636 ], [ 1031805.49359999934677, 1717954.320099999196827 ], [ 1031809.456800000160001, 1717954.33909999858588 ], [ 1031819.0792, 1717954.474300000816584 ], [ 1031830.781199999270029, 1717953.735699999146163 ], [ 1031834.277000000118278, 1717953.244899999350309 ], [ 1031858.3002, 1717949.871500000357628 ], [ 1031861.615000001038425, 1717949.56290000025183 ], [ 1031864.529799999087118, 1717949.163299999199808 ], [ 1031918.630199998733588, 1717943.17009999952279 ], [ 1031953.566399999894202, 1717939.299900001147762 ], [ 1031962.011400001239963, 1717927.667700000340119 ], [ 1032015.800400000298396, 1717853.5779 ], [ 1032060.763400000636466, 1717797.826099999248981 ], [ 1032082.615600000601262, 1717784.6009 ], [ 1032109.742600001161918, 1717766.231299999635667 ], [ 1032162.452799999038689, 1717768.054300000891089 ], [ 1032255.949400000739843, 1717768.453900001011789 ], [ 1032321.669599999091588, 1717770.068299999227747 ], [ 1032576.997999998508021, 1717779.476800000760704 ], [ 1032666.3472, 1717775.606499999761581 ], [ 1032668.808199999504723, 1717775.499900000868365 ], [ 1032727.822000000625849, 1717776.811499999603257 ], [ 1032776.938000000547618, 1717770.364299999084324 ], [ 1032933.157200000365265, 1717738.343100000405684 ], [ 1033053.059999998775311, 1717695.454099999275059 ], [ 1033094.508800000417978, 1717661.72330000041984 ], [ 1033125.983000000356697, 1717609.9289 ], [ 1033142.8492, 1717582.173499999102205 ], [ 1033156.552799999131821, 1717512.42310000048019 ], [ 1033150.832000000285916, 1717435.90379999880679 ], [ 1033080.100399999180809, 1717297.704900000942871 ], [ 1033070.056899999501184, 1717280.034799999091774 ], [ 1033030.234099998837337, 1717262.832599998451769 ], [ 1032890.603899999870919, 1717213.155200001318008 ], [ 1032800.049300000537187, 1717175.175799999153242 ], [ 1032680.407899999641813, 1717142.710999999195337 ], [ 1032570.636700000497513, 1717139.296399999177083 ], [ 1032400.071300000534393, 1717138.708799999207258 ], [ 1032320.079500000108965, 1717120.448800000362098 ], [ 1032228.820899999584071, 1717112.319399998988956 ], [ 1032124.870299998554401, 1717096.113600001204759 ], [ 1032094.260499999509193, 1717083.107999998377636 ], [ 1032057.396100000594743, 1717044.416599999647588 ], [ 1032054.530500000691973, 1717039.704400000860915 ], [ 1032032.004700000397861, 1717002.661800002446398 ], [ 1031978.245299998670816, 1716897.099199999822304 ], [ 1031971.85809999902267, 1716872.910399998072535 ], [ 1031971.319700000225566, 1716807.050000001210719 ], [ 1031966.0379, 1716744.403200001223013 ], [ 1031964.645499999285676, 1716688.915400000521913 ], [ 1031970.6261, 1716634.714800000190735 ], [ 1031981.586300000548363, 1716594.549799998756498 ], [ 1031994.853900001035072, 1716561.967999999877065 ], [ 1032001.926900000195019, 1716544.598799998871982 ], [ 1031999.143100000917912, 1716510.706199998268858 ], [ 1032032.944499999866821, 1716438.964199999347329 ], [ 1032068.755099999485537, 1716372.941400001058355 ], [ 1032087.981499998946674, 1716329.002399999648333 ], [ 1032107.135100000421517, 1716286.686000000918284 ], [ 1032161.372700000647455, 1716232.250999999465421 ], [ 1032244.204100000555627, 1716229.217200000304729 ], [ 1032254.451500001596287, 1716228.841800000751391 ], [ 1032279.905900000128895, 1716227.909600000828505 ], [ 1032347.922100000549108, 1716173.034199999645352 ], [ 1032370.4283, 1716146.792600000509992 ], [ 1032415.156499998876825, 1716112.803200000431389 ], [ 1032438.6037, 1716085.24339999910444 ], [ 1032450.6183, 1716071.380000001285225 ], [ 1032473.942899999557994, 1716045.485199999762699 ], [ 1032531.4406999994535, 1715965.8292 ], [ 1032593.9067, 1715891.8136 ], [ 1032614.666099999332801, 1715851.452999998815358 ], [ 1032623.38489999982994, 1715834.501800000434741 ], [ 1032636.054900000686757, 1715767.4794 ], [ 1032636.844899999792688, 1715765.371400001225993 ], [ 1032641.15790000022389, 1715743.1636 ], [ 1032647.2697, 1715726.259600000688806 ], [ 1032658.515499998698942, 1715710.9848 ], [ 1032680.707099999533966, 1715671.2818 ], [ 1032717.961700000450946, 1715639.709200000623241 ], [ 1032750.188100000610575, 1715612.969600000185892 ], [ 1032784.3849, 1715568.251400000415742 ], [ 1032816.1751000006916, 1715536.668399999849498 ], [ 1032844.3411, 1715453.038200000533834 ], [ 1032858.32670000102371, 1715399.915799999143928 ], [ 1032874.689500000793487, 1715340.741200000979006 ], [ 1032880.752600000938401, 1715325.700500002130866 ], [ 1032900.755199999548495, 1715276.080099999671802 ], [ 1032923.533200000878423, 1715226.010900000110269 ], [ 1032945.665000000968575, 1715183.568499999120831 ], [ 1032959.58060000021942, 1715156.823599999537691 ], [ 1033006.295199999818578, 1715065.423100000713021 ], [ 1033070.431599999079481, 1714939.935900000389665 ], [ 1033078.315399998915382, 1714897.597300000954419 ], [ 1033104.975599998957478, 1714832.479499997803941 ], [ 1033153.962799999746494, 1714853.5807000012137 ], [ 1033203.770800000522286, 1714831.5125 ], [ 1033236.059600000735372, 1714790.570900001097471 ], [ 1033275.963000001036562, 1714739.973900000564754 ], [ 1033359.741599999368191, 1714651.75730000063777 ], [ 1033468.69240000017453, 1714538.109300000360236 ], [ 1033591.553799998946488, 1714477.39540000166744 ], [ 1033651.687600000412203, 1714447.679300000891089 ], [ 1033740.02180000115186, 1714387.896899999817833 ], [ 1033808.293200001120567, 1714356.921499998541549 ], [ 1033955.401399998809211, 1714285.8097 ], [ 1034002.222000000649132, 1714245.76579999900423 ], [ 1034083.751600000425242, 1714179.746500000124797 ], [ 1034150.22319999942556, 1714134.750700000906363 ], [ 1034157.826199998962693, 1714108.29189999983646 ], [ 1034170.445799998822622, 1714064.375900000566617 ], [ 1034205.972199999610893, 1713980.92920000012964 ], [ 1034217.770399999222718, 1713953.216900000115857 ], [ 1034213.102599999401718, 1713944.699300000444055 ], [ 1034187.986399999703281, 1713915.61710000038147 ], [ 1034183.231799999484792, 1713910.111699999775738 ], [ 1034178.7849, 1713904.891699999570847 ], [ 1034155.913399998797104, 1713878.043299998855218 ], [ 1034148.526199999148957, 1713869.98130000079982 ], [ 1034138.713399999076501, 1713840.606100000441074 ], [ 1034111.386599999503233, 1713811.402300000656396 ], [ 1034066.114600000437349, 1713768.448299999348819 ], [ 1034031.630800000624731, 1713735.63529999833554 ], [ 1034038.330400001374073, 1713722.5145 ], [ 1034043.9204, 1713711.296499999705702 ], [ 1034020.951200000592507, 1713677.471699999645352 ], [ 1034002.215399999753572, 1713653.169399998849258 ], [ 1034001.413199999835342, 1713652.128900002455339 ], [ 1033988.166799999889918, 1713635.2647 ], [ 1033979.190600001136772, 1713623.836899999296293 ], [ 1033957.836599999340251, 1713604.452500001527369 ], [ 1033940.025199998985045, 1713588.888499999418855 ], [ 1033936.116799999843352, 1713586.524700001813471 ], [ 1033908.695, 1713569.940099999308586 ], [ 1033907.405600000987761, 1713569.690700001083314 ], [ 1033895.136800001375377, 1713567.317700000246987 ], [ 1033847.499400000437163, 1713551.737899999367073 ], [ 1033817.408199999830686, 1713541.896600000793114 ], [ 1033742.410000000731088, 1713518.049699999624863 ], [ 1033694.364599999506027, 1713504.605100000277162 ], [ 1033551.306399999302812, 1713464.573300000512972 ], [ 1033458.002999998629093, 1713432.439499999862164 ], [ 1033418.372800000477582, 1713420.234500000718981 ], [ 1033346.755799999809824, 1713398.178400000557303 ], [ 1033287.811800000490621, 1713383.522500001359731 ], [ 1033226.847000001114793, 1713359.619900001212955 ], [ 1033146.330199999851175, 1713340.106899998150766 ], [ 1033142.402199999545701, 1713327.914500000886619 ], [ 1033107.58119999896735, 1713219.833100000396371 ], [ 1033094.250200000707991, 1713194.995899999747053 ], [ 1033080.862200001487508, 1713170.052700000116602 ], [ 1033060.2126, 1713121.663899999577552 ], [ 1033037.168299999437295, 1713117.414200000464916 ], [ 1033003.411600000108592, 1713111.189099997514859 ], [ 1032990.393200000165962, 1713139.890799997607246 ], [ 1032985.855999999213964, 1713149.558299999218434 ], [ 1032979.543600000906736, 1713159.722500001080334 ], [ 1032979.082200000411831, 1713160.465499999467283 ], [ 1032938.865599999320693, 1713140.641299999319017 ], [ 1032865.065600001136772, 1713098.521699999459088 ], [ 1032864.645599999348633, 1713057.427699999883771 ], [ 1032861.371599999372847, 1713051.286300001433119 ], [ 1032849.994600000442006, 1713029.945100001059473 ], [ 1032824.369400001363829, 1713007.487100000493228 ], [ 1032777.861599999596365, 1712966.72770000086166 ], [ 1032697.160399999469519, 1712937.413199999602512 ], [ 1032687.823800001177005, 1712887.292899998836219 ], [ 1032694.963999999454245, 1712879.031700000166893 ], [ 1032705.738000000361353, 1712865.53749999939464 ], [ 1032717.726200000848621, 1712838.32850000099279 ], [ 1032713.8538, 1712823.396700000623241 ], [ 1032706.621399999596179, 1712795.50789999961853 ], [ 1032706.594799998914823, 1712795.455299998167902 ], [ 1032675.442599999718368, 1712733.87029999983497 ], [ 1032662.388999999384396, 1712696.891899998299778 ], [ 1032657.435399999492802, 1712680.433499999344349 ], [ 1032663.569199998979457, 1712599.868100000778213 ], [ 1032666.402800000156276, 1712523.929500000318512 ], [ 1032665.9214, 1712518.369700000155717 ], [ 1032659.788600000552833, 1712447.533500001300126 ], [ 1032659.806000000564381, 1712446.242100002011284 ], [ 1032639.175600000540726, 1712342.757300000172108 ], [ 1032582.867599999648519, 1712292.939900000812486 ], [ 1032571.132800000486895, 1712282.557700001401827 ], [ 1032558.796200000797398, 1712233.145500000333413 ], [ 1032561.366000000969507, 1712223.117000001482666 ], [ 1032566.800999999628402, 1712201.906300000380725 ], [ 1032586.819800000521354, 1712180.861899999668822 ], [ 1032580.61440000042785, 1712160.976299998350441 ], [ 1032567.213800000492483, 1712119.400699998484924 ], [ 1032557.568599999300204, 1712104.616099999286234 ], [ 1032535.819599999696948, 1712067.786100000143051 ], [ 1032524.678800000459887, 1712048.920299999881536 ], [ 1032535.137, 1712022.984300000825897 ], [ 1032540.454199999221601, 1712009.797700000461191 ], [ 1032534.331799999345094, 1711970.1413 ], [ 1032526.762199999764562, 1711921.110099998768419 ], [ 1032535.445700000971556, 1711895.058499998413026 ], [ 1032551.0388, 1711848.277600000146776 ], [ 1032613.710399999748915, 1711764.191800001077354 ], [ 1032629.257400000584312, 1711741.033099999651313 ], [ 1032638.030799998785369, 1711699.658600000198931 ], [ 1032624.860800000955351, 1711633.126400000182912 ], [ 1032621.614, 1711616.724300001282245 ], [ 1032565.648199998540804, 1711516.525100000202656 ], [ 1032527.143599999370053, 1711326.117900000885129 ], [ 1032499.488300000783056, 1711288.484200000297278 ], [ 1032499.451199999311939, 1711288.433700000867248 ], [ 1032349.2914, 1711149.747799998614937 ], [ 1032292.709199999575503, 1711110.693900000303984 ], [ 1032281.39819999912288, 1711097.062700000125915 ], [ 1032243.455199999851175, 1711051.336300000781193 ], [ 1032223.309399998513982, 1710982.5071 ], [ 1032211.315600000903942, 1710934.084500000113621 ], [ 1032232.848199998959899, 1710816.313500000396743 ], [ 1032245.295600000652485, 1710707.637300000991672 ], [ 1032220.564000000362284, 1710655.710499999113381 ], [ 1032233.213000000221655, 1710593.9869 ], [ 1032231.838999998872168, 1710545.459899998269975 ], [ 1032251.141000000294298, 1710451.988099999725819 ], [ 1032233.6158, 1710334.724700000602752 ], [ 1032187.423800000338815, 1710226.59669999894686 ], [ 1032158.477199998800643, 1710088.795299998717383 ], [ 1032126.483, 1710077.7445 ], [ 1032100.311599999549799, 1710064.98130000103265 ], [ 1032031.874399999156594, 1710039.926699999719858 ], [ 1031983.383000000729226, 1709990.841499999631196 ], [ 1031931.135800000745803, 1709944.423900000751019 ], [ 1031855.060399999259971, 1709907.349099998595193 ], [ 1031811.146799999754876, 1709891.1469 ], [ 1031804.39439999894239, 1709863.083299999125302 ], [ 1031803.2694, 1709858.407500001834705 ], [ 1031783.318799998611212, 1709864.03690000041388 ], [ 1031742.252799999085255, 1709875.624299999792129 ], [ 1031676.277600000379607, 1709897.400900001171976 ], [ 1031629.505199998617172, 1709901.05210000090301 ], [ 1031584.841400000383146, 1709902.840299998642877 ], [ 1031537.618800000171177, 1709898.076500001130626 ], [ 1031518.5952, 1709894.156900000758469 ], [ 1031497.093200000934303, 1709889.726800000760704 ], [ 1031479.582999998470768, 1709886.14350000070408 ], [ 1031432.141000000294298, 1709879.479699997697026 ], [ 1031427.529400000232272, 1709878.620899999048561 ], [ 1031421.135599998640828, 1709877.430100000463426 ], [ 1031417.138799999491312, 1709876.912500000558794 ], [ 1031412.768600000301376, 1709876.651499999687076 ], [ 1031286.392399999778718, 1709872.192699998850003 ], [ 1031270.323000000906177, 1709836.526900000870228 ], [ 1031237.143400000873953, 1709800.498500000452623 ], [ 1031189.482600000454113, 1709772.052499999757856 ], [ 1031127.9306, 1709745.106099999509752 ], [ 1031089.4004, 1709701.2037 ], [ 1031054.384600001038052, 1709661.305700000841171 ], [ 1031024.095800000941381, 1709657.435100000118837 ], [ 1030970.852600000333041, 1709638.122300002491102 ], [ 1030953.226800000760704, 1709635.965900000650436 ], [ 1030889.2382, 1709628.137199998833239 ], [ 1030852.967399999499321, 1709611.662900001043454 ], [ 1030814.94479999889154, 1709594.392899999162182 ], [ 1030777.677000001189299, 1709604.967899999814108 ], [ 1030735.842599999625236, 1709634.2394999996759 ], [ 1030714.22479999915231, 1709657.736899999668822 ], [ 1030675.284000000916421, 1709678.895699999760836 ], [ 1030660.321399999898858, 1709696.451099999016151 ], [ 1030627.277599999448285, 1709723.8021 ], [ 1030604.0674, 1709743.013499999884516 ], [ 1030581.794800000265241, 1709760.915700000245124 ], [ 1030550.593000001157634, 1709768.064699998591095 ], [ 1030523.226999999606051, 1709777.098500000312924 ], [ 1030464.057600000873208, 1709789.183300000382587 ], [ 1030448.316600000136532, 1709789.932299999520183 ], [ 1030437.7208, 1709796.963500001933426 ], [ 1030422.207199999480508, 1709797.846300000557676 ], [ 1030385.992399998940527, 1709803.766300001181662 ], [ 1030360.359400000772439, 1709814.364800000796095 ], [ 1030285.934199998970143, 1709847.856699998956174 ], [ 1030239.305800000671297, 1709868.839899999788031 ], [ 1030238.45619999896735, 1709869.222300000954419 ], [ 1030051.510800000396557, 1709728.974099998828024 ], [ 1029945.448399999295361, 1709652.538300000363961 ], [ 1029676.610600000130944, 1709458.615900001022965 ], [ 1029649.647799999453127, 1709405.490100000286475 ], [ 1029646.072600000537932, 1709398.445299999089912 ], [ 1029627.093200000468642, 1709361.049499999266118 ], [ 1029596.329999999492429, 1709271.568100000498816 ], [ 1029596.283800000557676, 1709207.619100001640618 ], [ 1029605.613000000710599, 1709180.673299999674782 ], [ 1029643.414399999659508, 1709071.490099999122322 ], [ 1029639.931400000816211, 1709066.881100001977757 ], [ 1029589.133999998448417, 1708999.662099999375641 ], [ 1029495.620600000955164, 1708928.06650000018999 ], [ 1029363.566999999340624, 1708826.963799999793991 ], [ 1029347.641200000769459, 1708814.770699999295175 ], [ 1029342.908800001372583, 1708809.474899999564514 ], [ 1029250.888199999462813, 1708706.49809999903664 ], [ 1029168.050800000317395, 1708662.697799999499694 ], [ 1029145.56619999918621, 1708650.809099999489263 ], [ 1029137.784599998849444, 1708622.382500000763685 ], [ 1029128.533599999849685, 1708588.587500000139698 ], [ 1029121.378800000413321, 1708562.450699999462813 ], [ 1029093.449000000720844, 1708469.898300000233576 ], [ 1029091.204899999545887, 1708467.301199999870732 ], [ 1029031.004200000199489, 1708397.629699999699369 ], [ 1029005.295200000633486, 1708367.876100000925362 ], [ 1029003.451800001086667, 1708365.7426999991294 ], [ 1029002.609800000209361, 1708368.439899998949841 ], [ 1028992.808399999514222, 1708375.0417 ], [ 1028966.969799999031238, 1708392.445499998517334 ], [ 1028897.593399999779649, 1708367.88529999833554 ], [ 1028835.482799999648705, 1708383.277300000423566 ], [ 1028810.64119999948889, 1708372.994500000728294 ], [ 1028794.825400001369417, 1708366.447699999669567 ], [ 1028767.314400000614114, 1708393.152300000889227 ], [ 1028750.117999999551103, 1708417.939699999056756 ], [ 1028729.516, 1708447.636299998499453 ], [ 1028711.997000000323169, 1708461.543299997691065 ], [ 1028693.797799999592826, 1708462.663499999558553 ], [ 1028678.42659999942407, 1708463.8353 ], [ 1028610.561600000481121, 1708498.85050000064075 ], [ 1028584.18520000053104, 1708493.165700000245124 ], [ 1028572.471400001086295, 1708490.641100000124425 ], [ 1028564.7255999998888, 1708497.170300000347197 ], [ 1028541.463200000231154, 1708516.778800000436604 ], [ 1028520.12040000106208, 1708506.349500000476837 ], [ 1028516.278399999719113, 1708504.472100001759827 ], [ 1028485.68539999879431, 1708512.365099999820814 ], [ 1028473.667000000365078, 1708515.465900000417605 ], [ 1028390.293800000101328, 1708523.631300000706688 ], [ 1028368.700599999632686, 1708530.804900000104681 ], [ 1028317.7782, 1708541.65870000096038 ], [ 1028275.773199998540804, 1708553.681099998997524 ], [ 1028261.041599998949096, 1708557.89729999890551 ], [ 1028226.229000001447275, 1708597.309900000458583 ], [ 1028190.040400001220405, 1708642.786900000879541 ], [ 1028176.615799999679439, 1708695.03690000041388 ], [ 1028161.6288, 1708697.674299997743219 ], [ 1028127.573200000682846, 1708681.035299999639392 ], [ 1028088.134200000320561, 1708698.137499998789281 ], [ 1028019.0406, 1708703.640300001017749 ], [ 1028004.276599999633618, 1708704.816099998541176 ], [ 1027970.987199999624863, 1708714.288500000257045 ], [ 1027970.717799999169074, 1708736.975099998526275 ], [ 1027970.662999999360181, 1708741.578900000313297 ], [ 1027959.931400001165457, 1708758.956100000534207 ], [ 1027943.707, 1708786.6144999996759 ], [ 1027913.650399998878129, 1708807.208699999144301 ], [ 1027878.096199998632073, 1708848.276300000725314 ], [ 1027830.219399998895824, 1708914.269899998791516 ], [ 1027800.629199999268167, 1708932.619899999117479 ], [ 1027757.002399999881163, 1708942.044500001240522 ], [ 1027755.014200000325218, 1708941.532500000670552 ], [ 1027746.784599999897182, 1708939.4132 ], [ 1027733.019600001163781, 1708954.4687 ], [ 1027677.131000000517815, 1709015.5979 ], [ 1027599.611899999319576, 1709038.320000000763685 ], [ 1027534.351999999838881, 1709057.448700000531971 ], [ 1027495.302199998870492, 1709098.303299999795854 ], [ 1027465.60140000062529, 1709129.376700001303107 ], [ 1027378.623800000175834, 1709158.800899998983368 ], [ 1027312.105200000456534, 1709181.613699999405071 ], [ 1027293.0132, 1709188.161299998871982 ], [ 1027257.126599999843165, 1709195.159899999853224 ], [ 1027243.321000000811182, 1709215.771100000478327 ], [ 1027237.971400000620633, 1709223.757700000191107 ], [ 1027219.295999999158084, 1709335.532499999506399 ], [ 1027187.376600000192411, 1709458.244899998651817 ], [ 1027170.618699999875389, 1709522.669599999673665 ], [ 1027166.519399999757297, 1709538.429500001482666 ], [ 1027145.82700000051409, 1709582.000399999320507 ], [ 1027130.985399999422953, 1709613.251899999100715 ], [ 1027096.873599999002181, 1709687.758099999278784 ], [ 1027064.461800000281073, 1709758.551200001500547 ], [ 1027028.481200001086108, 1709814.425100000808015 ], [ 1027006.222799999290146, 1709848.989900001557544 ], [ 1026956.816399998846464, 1710060.597100000828505 ], [ 1026952.135800001095049, 1710080.643700000131503 ], [ 1026883.373999998904765, 1710144.4297 ], [ 1026781.8378, 1710199.210899999830872 ], [ 1026699.523599998909049, 1710281.301199999637902 ], [ 1026598.292399998870678, 1710331.7897 ], [ 1026500.769399999291636, 1710444.91950000077486 ], [ 1026395.718000000691973, 1710493.609299999661744 ], [ 1026317.325, 1710583.423299999441952 ], [ 1026257.287999999127351, 1710684.100499999709427 ], [ 1026232.667999998782761, 1710725.386399999260902 ], [ 1026209.071599999442697, 1710764.95570000144653 ], [ 1026174.563599999062717, 1710775.296099999453872 ], [ 1026133.660400001332164, 1710787.5529 ], [ 1026076.701799999806099, 1710734.166900000534952 ], [ 1026074.091199999558739, 1710721.167099998798221 ], [ 1026069.35359999909997, 1710697.576300001470372 ], [ 1026070.470999999204651, 1710633.499299999792129 ], [ 1026064.63900000101421, 1710616.858500000787899 ], [ 1026049.322200000518933, 1710573.155100000556558 ], [ 1026042.600599998841062, 1710544.2859 ], [ 1025952.588600000715815, 1710473.583300000987947 ], [ 1025786.574799999129027, 1710400.788699998753145 ], [ 1025654.2202, 1710367.881700000725687 ], [ 1025433.884200001019053, 1710351.69969999906607 ], [ 1025337.633200000505894, 1710327.2949 ], [ 1025248.568400000222027, 1710255.571900000795722 ], [ 1025191.486800000770018, 1710193.079500001389533 ], [ 1025102.481999999028631, 1710099.127299998886883 ], [ 1025077.655399999697693, 1710008.305900000268593 ], [ 1025089.044400001061149, 1709915.491100000683218 ], [ 1025073.187600000645034, 1709873.643699999665841 ], [ 1025036.046600000816397, 1709833.48769999970682 ], [ 1024854.71979999972973, 1709722.596300000790507 ], [ 1024646.176199998590164, 1709527.657500001601875 ], [ 1024507.975799999316223, 1709524.061699998565018 ], [ 1024279.154399999766611, 1709583.719299999764189 ], [ 1024195.1678, 1709579.530500000575557 ], [ 1024002.3632, 1709557.9929 ], [ 1023932.101600000518374, 1709572.285700001288205 ], [ 1023874.857999999658205, 1709585.383300000801682 ], [ 1023770.3094, 1709653.992699998430908 ], [ 1023580.764999999548309, 1709778.25290000019595 ], [ 1023393.999600000563078, 1709791.241500000236556 ], [ 1023195.817000000854023, 1709743.489799999631941 ], [ 1023132.703599999891594, 1709743.980500001925975 ], [ 1022946.049800000968389, 1709753.1101 ], [ 1022935.201999998651445, 1709753.640799998305738 ], [ 1022935.196799999219365, 1709754.426699999719858 ], [ 1022939.538800001144409, 1709757.160100000211969 ], [ 1022939.773600000189617, 1709834.9497 ], [ 1022939.9604, 1709896.767899998696521 ], [ 1022898.757600000826642, 1710001.70989999989979 ], [ 1022796.593200000119396, 1710158.46739999926649 ], [ 1022715.870999999693595, 1710349.086599999573082 ], [ 1022675.427200000965968, 1710517.731499998131767 ], [ 1022635.87940000067465, 1710610.3109 ], [ 1022631.322400000412017, 1710728.703299999237061 ], [ 1022631.443400000687689, 1710820.958699998445809 ], [ 1022556.048600000562146, 1711064.278699998743832 ], [ 1022549.386699998751283, 1711093.479399998672307 ], [ 1022532.027300000772811, 1711169.572100000223145 ], [ 1022535.733699999283999, 1711191.2063 ], [ 1022554.361700000939891, 1711299.931800000136718 ], [ 1022560.335100000258535, 1711307.508400000631809 ], [ 1022587.40149999957066, 1711335.328400001395494 ], [ 1022636.691299999598414, 1711384.822899999562651 ], [ 1022662.663100000587292, 1711394.031999998958781 ], [ 1022777.037099999724887, 1711434.656200000550598 ], [ 1022848.972899999585934, 1711484.380400000372902 ], [ 1022994.227299999445677, 1711584.713400001404807 ], [ 1023088.331299999845214, 1711638.433000000426546 ], [ 1023252.132700000656769, 1711712.620999999111518 ], [ 1023295.878900000825524, 1711746.66609999909997 ], [ 1023389.832899998989888, 1711820.00400000042282 ], [ 1023417.639899999718182, 1711852.584200001321733 ], [ 1023469.493699999875389, 1711914.809899999760091 ], [ 1023513.314500000560656, 1711982.293799998471513 ], [ 1023530.849100001272745, 1712009.349399999016896 ], [ 1023550.890100001473911, 1712040.9825 ], [ 1023553.771299999789335, 1712045.529799999203533 ], [ 1023554.970900001237169, 1712050.452600000426173 ], [ 1023558.512900001020171, 1712064.989999999292195 ], [ 1023569.483499999158084, 1712110.015799999469891 ], [ 1023576.640500000561588, 1712139.388499998720363 ], [ 1023590.198500000755303, 1712176.662499999860302 ], [ 1023595.819900000584312, 1712192.071300000185147 ], [ 1023605.844900000258349, 1712219.549400000367314 ], [ 1023608.114699998754077, 1712254.647599999792874 ], [ 1023612.387099999701604, 1712327.858200000366196 ], [ 1023612.190499999560416, 1712334.099799998337403 ], [ 1023608.698499998892657, 1712445.02800000179559 ], [ 1023585.109299999428913, 1712549.16359999938868 ], [ 1023570.132499999832362, 1712682.4608 ], [ 1023566.17150000075344, 1712813.781200000550598 ], [ 1023532.018299999763258, 1713028.233200001064688 ], [ 1023522.973200000822544, 1713113.22639999887906 ], [ 1023516.271900000749156, 1713176.2006 ], [ 1023542.563699999009259, 1713310.555400000186637 ], [ 1023559.302100000437349, 1713322.200500000268221 ], [ 1023639.579100000439212, 1713378.05079999845475 ], [ 1023740.050900000613183, 1713418.384800000116229 ], [ 1023807.107300000148825, 1713472.7734 ], [ 1023821.090099998749793, 1713483.104400001931936 ], [ 1023829.593099999357946, 1713502.864700000965968 ], [ 1023855.266599998925813, 1713508.607400002423674 ], [ 1023840.560099999653175, 1713553.178200001129881 ], [ 1023868.363099999609403, 1713628.004599999869242 ], [ 1023879.793800000450574, 1713642.769299999810755 ], [ 1023899.1119, 1713667.722599999513477 ], [ 1023952.102900000638328, 1713651.993000000482425 ], [ 1023988.174700000556186, 1713669.412499999627471 ], [ 1024034.736100000445731, 1713691.823599998373538 ], [ 1024067.4185, 1713693.814900000579655 ], [ 1024097.039299999247305, 1713738.769200001144782 ], [ 1024130.603100000531413, 1713748.267799999332055 ], [ 1024252.1037, 1713790.059200000483543 ], [ 1024302.097500000963919, 1713818.028399999719113 ], [ 1024325.833700000308454, 1713823.5304 ], [ 1024394.60030000063125, 1713826.744999999878928 ], [ 1024415.253099999739788, 1713852.6912 ], [ 1024508.24, 1713914.038799998583272 ], [ 1024511.612499998882413, 1713975.886199999134988 ], [ 1024509.952100000227802, 1714012.1124 ], [ 1024526.97629999963101, 1714036.858299999730662 ], [ 1024503.050500000827014, 1714130.125399999320507 ], [ 1024435.3849, 1714153.144599999301136 ], [ 1024394.644399999524467, 1714201.001000000396743 ], [ 1024391.663099998608232, 1714266.485599999548867 ], [ 1024402.253900000709109, 1714328.794399998616427 ], [ 1024402.050299999886192, 1714331.638999998802319 ], [ 1024393.490100000519305, 1714448.926200000336394 ], [ 1024409.818500000983477, 1714527.964599999133497 ], [ 1024482.342099999543279, 1714582.449200000846758 ], [ 1024585.758500000694767, 1714636.857200001133606 ], [ 1024630.125099999713711, 1714679.286199999041855 ], [ 1024637.9873, 1714686.805400000419468 ], [ 1024643.309700000449084, 1714696.531800000695512 ], [ 1024682.060899999225512, 1714767.344799999380484 ], [ 1024707.842400000197813, 1714781.738200000254437 ], [ 1024763.34869999892544, 1714812.726599999237806 ], [ 1024826.114499998977408, 1714858.873199999332428 ], [ 1024881.0703, 1714931.705200000433251 ], [ 1024884.826099999481812, 1714936.682400000514463 ], [ 1024887.412899999762885, 1714941.839999999385327 ], [ 1024893.597500000614673, 1714954.208000001031905 ], [ 1024907.428100000252016, 1714961.021800000220537 ], [ 1024922.061700000893325, 1714968.2311 ], [ 1024948.289900001022033, 1714991.025599999818951 ], [ 1024956.751400000648573, 1715013.625800000503659 ], [ 1024966.844500000588596, 1715040.582000000635162 ], [ 1025013.704700000351295, 1715085.153400000417605 ], [ 1025025.959099998930469, 1715118.030899999197572 ], [ 1025059.158499999786727, 1715160.468399999663234 ], [ 1025060.950100000132807, 1715162.755200000479817 ], [ 1025106.190499998512678, 1715189.593199999537319 ], [ 1025136.118700001388788, 1715221.44400000013411 ], [ 1025159.632199998828582, 1715238.488800000399351 ], [ 1025162.88050000066869, 1715238.264799998141825 ], [ 1025165.252699999604374, 1715238.101600000169128 ], [ 1025182.334699999541044, 1715256.054199998965487 ], [ 1025204.368700000224635, 1715276.996799999848008 ], [ 1025211.515700000803918, 1715281.989199999021366 ], [ 1025216.011100000236183, 1715287.401199999265373 ], [ 1025222.5333, 1715297.557800000533462 ], [ 1025225.329099999391474, 1715301.91080000018701 ], [ 1025226.900500000687316, 1715303.714 ], [ 1025233.2187, 1715307.493599999696016 ], [ 1025244.194899998488836, 1715314.060200000880286 ], [ 1025248.613899999414571, 1715317.036400000331923 ], [ 1025254.50389999919571, 1715326.658599999034777 ], [ 1025254.902099998784252, 1715327.6554000005126 ], [ 1025257.3181, 1715333.704200001433492 ], [ 1025259.5923, 1715338.518200000748038 ], [ 1025263.313700000289828, 1715345.418800000101328 ], [ 1025265.420100000686944, 1715348.28180000022985 ], [ 1025277.005300001008436, 1715360.062000001780689 ], [ 1025286.472299998393282, 1715360.701000001514331 ], [ 1025290.478199998731725, 1715361.852199999382719 ], [ 1025292.8415, 1715362.932199998525903 ], [ 1025293.8587, 1715363.397399999434128 ], [ 1025303.923899998888373, 1715370.888999998802319 ], [ 1025306.146499999798834, 1715371.9874 ], [ 1025308.400500000570901, 1715372.943600000115111 ], [ 1025311.845900000422262, 1715374.769600000232458 ], [ 1025314.61550000088755, 1715378.877800000598654 ], [ 1025315.624099999433383, 1715380.391999999759719 ], [ 1025317.384299999801442, 1715383.035000000149012 ], [ 1025320.748500000452623, 1715384.137000000104308 ], [ 1025322.921899999608286, 1715384.848999999463558 ], [ 1025330.241899998858571, 1715386.8904 ], [ 1025342.796699999365956, 1715392.698199999751523 ], [ 1025355.344299999298528, 1715396.915200001560152 ], [ 1025366.807299999520183, 1715402.869400000199676 ], [ 1025388.266899999114685, 1715409.243400000268593 ], [ 1025394.878300000214949, 1715413.489200000185519 ], [ 1025399.419299999484792, 1715415.6534 ], [ 1025401.328299999353476, 1715416.393199999816716 ], [ 1025402.70330000075046, 1715416.542400000616908 ], [ 1025414.153599999495782, 1715426.481599998660386 ], [ 1025419.2683999997098, 1715430.921399999177083 ], [ 1025404.241200000164099, 1715461.482600000686944 ], [ 1025390.953900001011789, 1715477.449399999342859 ], [ 1025371.965099999331869, 1715496.6466 ], [ 1025350.971800001338124, 1715527.191999999107793 ], [ 1025346.539900000439957, 1715533.944399998988956 ], [ 1025335.842300000251271, 1715549.726199999451637 ], [ 1025305.579699999536388, 1715581.567699999082834 ], [ 1025269.35610000079032, 1715614.5488000002224 ], [ 1025223.20129999902565, 1715654.061199999647215 ], [ 1025205.149300000513904, 1715673.283600001130253 ], [ 1025176.660899999318644, 1715703.788800000213087 ], [ 1025163.2675, 1715723.706599999219179 ], [ 1025131.189900000812486, 1715770.918599999044091 ], [ 1025125.253899999661371, 1715779.655399999581277 ], [ 1025119.7677, 1715794.379599999636412 ], [ 1025118.218700001016259, 1715802.967399999499321 ], [ 1025111.472500000614673, 1715840.36979999858886 ], [ 1025107.547900000121444, 1715861.302400001324713 ], [ 1025102.4905, 1715874.055999998934567 ], [ 1025098.2925999998115, 1715884.009800000814721 ], [ 1025087.0923, 1715905.136000000406057 ], [ 1025071.065299999783747, 1715935.812199999578297 ], [ 1025050.738099999143742, 1715968.057399999350309 ], [ 1025037.143500000471249, 1715985.148399999598041 ], [ 1025009.615899999625981, 1716008.3558 ], [ 1024988.437499999534339, 1716020.6752 ], [ 1024963.082499999203719, 1716028.722599999746308 ], [ 1024930.780899999081157, 1716027.979000001214445 ], [ 1024925.504699999815784, 1716027.32579999929294 ], [ 1024896.575299998628907, 1716023.745399999897927 ], [ 1024894.525699998950586, 1716023.492000000551343 ], [ 1024855.540700000128709, 1716023.204999999841675 ], [ 1024806.286300000385381, 1716024.156199998687953 ], [ 1024767.001899999566376, 1716028.687599999830127 ], [ 1024761.0543, 1716029.373700001044199 ], [ 1024753.340899999719113, 1716030.263499998487532 ], [ 1024756.7083, 1716078.616999999852851 ], [ 1024758.185499999439344, 1716098.958599999081343 ], [ 1024760.725100001320243, 1716144.301600000821054 ], [ 1024762.412099999492057, 1716181.307399999350309 ], [ 1024759.402700001490302, 1716210.05980000179261 ], [ 1024758.124099998967722, 1716235.414000001270324 ], [ 1024758.723699999274686, 1716286.076200000708923 ], [ 1024759.036299998871982, 1716292.384800000116229 ], [ 1024760.04009999986738, 1716330.440799999516457 ], [ 1024760.991899999091402, 1716364.185999999754131 ], [ 1024761.5133, 1716387.0952 ], [ 1024761.642300000647083, 1716394.2324 ], [ 1024762.849499999429099, 1716404.283799999859184 ], [ 1024765.995900001609698, 1716439.690000000642613 ], [ 1024776.946700000669807, 1716480.662400000263005 ], [ 1024783.1255, 1716504.121799999848008 ], [ 1024786.914699999382719, 1716518.361400000518188 ], [ 1024796.787100001354702, 1716555.935599999502301 ], [ 1024803.503499999642372, 1716580.812599999597296 ], [ 1024803.59810000017751, 1716580.922200000844896 ], [ 1024870.03390000120271, 1716660.154800000600517 ], [ 1024871.915900000953116, 1716662.398999999742955 ], [ 1024957.292099999845959, 1716738.153 ], [ 1025052.211199999554083, 1716782.416000000201166 ], [ 1025118.18620000127703, 1716803.9276 ], [ 1025137.57309999957215, 1716810.248800001339987 ], [ 1025167.172999999718741, 1716819.899900000309572 ], [ 1025191.61639999889303, 1716819.282899999059737 ], [ 1025219.018199999816716, 1716818.591700000921264 ], [ 1025338.365400000591762, 1716811.16569999861531 ], [ 1025338.926400000345893, 1716811.037900001043454 ], [ 1025396.058800000580959, 1716798.941699999384582 ], [ 1025429.593399998731911, 1716790.339299999410287 ], [ 1025469.7064, 1716779.0319 ], [ 1025483.77859999879729, 1716773.669099998893216 ], [ 1025518.091799998772331, 1716760.592900000978261 ], [ 1025563.331200000364333, 1716744.075899998657405 ], [ 1025629.813600000808947, 1716715.393100000917912 ], [ 1025649.727199998684227, 1716706.187699999660254 ], [ 1025666.67940000037197, 1716698.23069999855943 ], [ 1025746.190199999487959, 1716651.725099999457598 ], [ 1025837.042400000500493, 1716587.138300000224262 ], [ 1025856.03519999969285, 1716575.110900000436231 ], [ 1025940.924200000590645, 1716535.668999999761581 ], [ 1026019.507600000710227, 1716540.567099998239428 ], [ 1026022.63239999988582, 1716540.7703 ], [ 1026062.613200000487268, 1716559.372100000269711 ], [ 1026109.328400000464171, 1716581.157500001369044 ], [ 1026139.077600000659004, 1716602.247899999842048 ], [ 1026166.071000000811182, 1716621.96269999910146 ], [ 1026218.55460000038147, 1716672.939899999648333 ], [ 1026258.852800000691786, 1716729.430300000589341 ], [ 1026268.646, 1716782.029300000984222 ], [ 1026269.924200000357814, 1716843.589299998711795 ], [ 1026273.484199999715202, 1716886.660900001646951 ], [ 1026278.196799999335781, 1716941.487500000977889 ], [ 1026281.229999999748543, 1716973.28609999967739 ], [ 1026280.712399999727495, 1716982.222699999809265 ], [ 1026279.94880000082776, 1717004.012700001010671 ], [ 1026279.552599999355152, 1717030.705700002610683 ], [ 1026278.963199999067001, 1717074.923900000751019 ], [ 1026278.314400000381283, 1717132.15049999859184 ], [ 1026276.036400000564754, 1717183.628900000359863 ], [ 1026275.594800000777468, 1717193.606699999421835 ], [ 1026275.256599999265745, 1717194.71709999977611 ], [ 1026271.28619999892544, 1717249.556500001810491 ], [ 1026268.768400001339614, 1717283.038200001930818 ], [ 1026268.5484, 1717295.11189999897033 ], [ 1026268.4916, 1717302.281000001821667 ], [ 1026269.175599998910911, 1717332.826899999752641 ], [ 1026266.03080000076443, 1717362.89729999913834 ], [ 1026265.331800000742078, 1717369.579700000584126 ], [ 1026252.546799998730421, 1717380.123499999754131 ], [ 1026219.204999999143183, 1717408.3103 ], [ 1026214.094599999720231, 1717412.661300000734627 ], [ 1026170.249400000669993, 1717449.991699998732656 ], [ 1026137.017600000835955, 1717487.658699999563396 ], [ 1026108.616800000309013, 1717517.257899999851361 ], [ 1026087.678800000576302, 1717539.99339999910444 ], [ 1026064.873999998904765, 1717557.991499999538064 ], [ 1026016.624800000223331, 1717597.467499999562278 ], [ 1025971.670000000391155, 1717633.31830000015907 ], [ 1025933.597000000881962, 1717669.759299998637289 ], [ 1025933.060799999046139, 1717670.27240000013262 ], [ 1025905.643600001232699, 1717696.5145 ], [ 1025853.956000001169741, 1717741.302300000796095 ], [ 1025817.799599998863414, 1717775.2669 ], [ 1025809.65539999876637, 1717783.226500001270324 ], [ 1025794.336799999815412, 1717799.156500000273809 ], [ 1025785.077800000435673, 1717808.82289999909699 ], [ 1025772.710600000689737, 1717821.75470000016503 ], [ 1025766.754599998588674, 1717829.750299998559058 ], [ 1025761.356, 1717837.086300000781193 ], [ 1025757.219800000777468, 1717840.824300001375377 ], [ 1025741.579800000181422, 1717855.100099998759106 ], [ 1025735.921000000671484, 1717860.174300000537187 ], [ 1025730.251999999396503, 1717863.231500000460073 ], [ 1025703.401199999614619, 1717878.142499999376014 ], [ 1025698.4156, 1717880.525500000221655 ], [ 1025678.068599999765866, 1717890.4049 ], [ 1025672.7082, 1717892.805899999802932 ], [ 1025619.529799999552779, 1717957.951300001703203 ], [ 1025610.459400000981987, 1717985.054699999745935 ], [ 1025606.72859999909997, 1717996.2027000002563 ], [ 1025596.358799998532049, 1718027.178400001488626 ], [ 1025595.4704, 1718043.066700001247227 ], [ 1025600.513199999695644, 1718070.591900000581518 ], [ 1025608.090400000452064, 1718111.300299999071285 ], [ 1025613.5502, 1718140.85370000032708 ], [ 1025616.849000001093373, 1718158.430700000841171 ], [ 1025620.161999999312684, 1718176.085499999811873 ], [ 1025674.553999999654479, 1718258.523900001309812 ], [ 1025690.806199999642558, 1718266.531300000380725 ], [ 1025696.204000000841916, 1718269.260199999436736 ], [ 1025713.072, 1718277.788699999218807 ], [ 1025741.97600000037346, 1718292.2303 ], [ 1025817.64719999989029, 1718333.032900000456721 ], [ 1025840.231400000280701, 1718345.335499999579042 ], [ 1025890.877399998949841, 1718378.939499999396503 ], [ 1025938.690600001020357, 1718414.104300000937656 ], [ 1025969.807999999728054, 1718440.1245 ], [ 1026007.473399998969398, 1718470.0761 ], [ 1026074.237599998596124, 1718528.3217 ], [ 1026129.971199999796227, 1718573.3340999991633 ], [ 1026130.6898, 1718573.329500001855195 ], [ 1026176.0668, 1718602.525100000202656 ], [ 1026190.086300000199117, 1718609.984600000549108 ], [ 1026199.588600000250153, 1718615.0407 ], [ 1026308.458999999449588, 1718667.13969999901019 ], [ 1026337.29640000150539, 1718680.877699998673052 ], [ 1026351.795199998887256, 1718688.067500000819564 ], [ 1026387.778800000436604, 1718702.956799999810755 ], [ 1026393.896200000774115, 1718705.48810000019148 ], [ 1026429.655600000871345, 1718722.971500000217929 ], [ 1026469.566199999768287, 1718739.699499999871477 ], [ 1026491.714200001442805, 1718752.5509 ], [ 1026531.301799999084324, 1718773.435500000137836 ], [ 1026552.662600001320243, 1718784.79069999884814 ], [ 1026585.273999999510124, 1718803.58629999961704 ], [ 1026606.109600000665523, 1718816.257500000298023 ], [ 1026658.921600000583567, 1718851.849899999564514 ], [ 1026677.162799999816343, 1718863.98630000045523 ], [ 1026769.707200000877492, 1718918.213500002166256 ], [ 1026805.421600000583567, 1718939.070699998643249 ], [ 1026836.477800000924617, 1718958.904900000896305 ], [ 1026853.429600001312792, 1718969.501700000138953 ], [ 1026884.430799999623559, 1718984.916099999798462 ], [ 1026918.783599999733269, 1719002.032099999254569 ], [ 1026960.103200000245124, 1719019.6743 ], [ 1026993.199999999138527, 1719029.502699999371544 ], [ 1027065.280799999134615, 1719051.707700000377372 ], [ 1027118.77919999929145, 1719068.632900000549853 ], [ 1027178.099199999240227, 1719093.899900001008064 ], [ 1027249.768799998797476, 1719146.295299998950213 ], [ 1027255.207000001100823, 1719146.84569999948144 ], [ 1027261.795400000992231, 1719146.312699999427423 ], [ 1027269.513799999607727, 1719145.710600000806153 ], [ 1027292.206799999228679, 1719143.941099999472499 ], [ 1027323.401400000439025, 1719141.8935 ], [ 1027329.526799999293871, 1719141.5655 ], [ 1027346.259800000931136, 1719140.670600002631545 ], [ 1027359.052400000393391, 1719144.056300000287592 ], [ 1027371.501799998688512, 1719147.4149999988731 ], [ 1027426.14819999889005, 1719162.662000000942498 ], [ 1027484.809800000162795, 1719175.142300000647083 ], [ 1027522.787399998982437, 1719180.213999998755753 ], [ 1027553.732400000793859, 1719184.570800000336021 ], [ 1027569.359200000646524, 1719186.460100001655519 ], [ 1027626.153200000408106, 1719193.919800000265241 ], [ 1027678.402600000612438, 1719198.4349 ], [ 1027702.565400000778027, 1719201.95219999901019 ], [ 1027726.542600000626408, 1719205.704399998299778 ], [ 1027782.709799999371171, 1719219.06959999864921 ], [ 1027830.283799999509938, 1719225.483599999686703 ], [ 1027859.281600001500919, 1719227.633199999108911 ], [ 1027886.029, 1719229.685200000880286 ], [ 1027943.663000000175089, 1719236.421900001354516 ], [ 1027947.250799998757429, 1719235.669199999654666 ], [ 1028000.263800000306219, 1719241.463300001109019 ], [ 1028009.945200000889599, 1719242.521500000264496 ], [ 1028070.708199999760836, 1719244.385700000450015 ], [ 1028121.970599998952821, 1719245.26740000047721 ], [ 1028126.181599999428727, 1719245.297399998642504 ], [ 1028178.416200000443496, 1719245.669099999358878 ], [ 1028178.408599998801947, 1719244.153700000140816 ], [ 1028268.628700000350364, 1719265.166500000748783 ], [ 1028270.036999998614192, 1719265.494400000199676 ], [ 1028319.336799998651259, 1719285.862300000153482 ], [ 1028340.495799999334849, 1719294.454399998299778 ], [ 1028423.860000001383014, 1719361.534299999009818 ], [ 1028427.762800000840798, 1719361.6447 ], [ 1028467.729600000893697, 1719345.999199998565018 ], [ 1028494.231400000513531, 1719335.624700001208112 ], [ 1028527.773599999141879, 1719384.981899999314919 ], [ 1028531.758600000641309, 1719388.3153 ], [ 1028534.0498, 1719389.521299999207258 ], [ 1028537.371000001090579, 1719391.266700000269338 ], [ 1028540.812599998898804, 1719383.163899999344721 ] ] ] } },
{ "type": "Feature", "properties": { "BASE_DATE": "20250630", "ADM_CD": "38570350", "ADM_NM": "삼장면" }, "geometry": { "type": "Polygon", "coordinates": [ [ [ 1027166.519399999757297, 1709538.429500001482666 ], [ 1027170.618699999875389, 1709522.669599999673665 ], [ 1027187.376600000192411, 1709458.244899998651817 ], [ 1027219.295999999158084, 1709335.532499999506399 ], [ 1027237.971400000620633, 1709223.757700000191107 ], [ 1027243.321000000811182, 1709215.771100000478327 ], [ 1027257.126599999843165, 1709195.159899999853224 ], [ 1027293.0132, 1709188.161299998871982 ], [ 1027312.105200000456534, 1709181.613699999405071 ], [ 1027378.623800000175834, 1709158.800899998983368 ], [ 1027465.60140000062529, 1709129.376700001303107 ], [ 1027495.302199998870492, 1709098.303299999795854 ], [ 1027534.351999999838881, 1709057.448700000531971 ], [ 1027599.611899999319576, 1709038.320000000763685 ], [ 1027677.131000000517815, 1709015.5979 ], [ 1027733.019600001163781, 1708954.4687 ], [ 1027746.784599999897182, 1708939.4132 ], [ 1027755.014200000325218, 1708941.532500000670552 ], [ 1027757.002399999881163, 1708942.044500001240522 ], [ 1027800.629199999268167, 1708932.619899999117479 ], [ 1027830.219399998895824, 1708914.269899998791516 ], [ 1027878.096199998632073, 1708848.276300000725314 ], [ 1027913.650399998878129, 1708807.208699999144301 ], [ 1027943.707, 1708786.6144999996759 ], [ 1027959.931400001165457, 1708758.956100000534207 ], [ 1027970.662999999360181, 1708741.578900000313297 ], [ 1027970.717799999169074, 1708736.975099998526275 ], [ 1027970.987199999624863, 1708714.288500000257045 ], [ 1028004.276599999633618, 1708704.816099998541176 ], [ 1028019.0406, 1708703.640300001017749 ], [ 1028088.134200000320561, 1708698.137499998789281 ], [ 1028127.573200000682846, 1708681.035299999639392 ], [ 1028161.6288, 1708697.674299997743219 ], [ 1028176.615799999679439, 1708695.03690000041388 ], [ 1028190.040400001220405, 1708642.786900000879541 ], [ 1028226.229000001447275, 1708597.309900000458583 ], [ 1028261.041599998949096, 1708557.89729999890551 ], [ 1028275.773199998540804, 1708553.681099998997524 ], [ 1028317.7782, 1708541.65870000096038 ], [ 1028368.700599999632686, 1708530.804900000104681 ], [ 1028390.293800000101328, 1708523.631300000706688 ], [ 1028473.667000000365078, 1708515.465900000417605 ], [ 1028485.68539999879431, 1708512.365099999820814 ], [ 1028516.278399999719113, 1708504.472100001759827 ], [ 1028520.12040000106208, 1708506.349500000476837 ], [ 1028541.463200000231154, 1708516.778800000436604 ], [ 1028564.7255999998888, 1708497.170300000347197 ], [ 1028572.471400001086295, 1708490.641100000124425 ], [ 1028584.18520000053104, 1708493.165700000245124 ], [ 1028610.561600000481121, 1708498.85050000064075 ], [ 1028678.42659999942407, 1708463.8353 ], [ 1028693.797799999592826, 1708462.663499999558553 ], [ 1028711.997000000323169, 1708461.543299997691065 ], [ 1028729.516, 1708447.636299998499453 ], [ 1028750.117999999551103, 1708417.939699999056756 ], [ 1028767.314400000614114, 1708393.152300000889227 ], [ 1028794.825400001369417, 1708366.447699999669567 ], [ 1028810.64119999948889, 1708372.994500000728294 ], [ 1028835.482799999648705, 1708383.277300000423566 ], [ 1028897.593399999779649, 1708367.88529999833554 ], [ 1028966.969799999031238, 1708392.445499998517334 ], [ 1028992.808399999514222, 1708375.0417 ], [ 1029002.609800000209361, 1708368.439899998949841 ], [ 1029003.451800001086667, 1708365.7426999991294 ], [ 1029005.295200000633486, 1708367.876100000925362 ], [ 1029031.004200000199489, 1708397.629699999699369 ], [ 1029091.204899999545887, 1708467.301199999870732 ], [ 1029093.449000000720844, 1708469.898300000233576 ], [ 1029121.378800000413321, 1708562.450699999462813 ], [ 1029128.533599999849685, 1708588.587500000139698 ], [ 1029137.784599998849444, 1708622.382500000763685 ], [ 1029145.56619999918621, 1708650.809099999489263 ], [ 1029168.050800000317395, 1708662.697799999499694 ], [ 1029250.888199999462813, 1708706.49809999903664 ], [ 1029342.908800001372583, 1708809.474899999564514 ], [ 1029347.641200000769459, 1708814.770699999295175 ], [ 1029363.566999999340624, 1708826.963799999793991 ], [ 1029495.620600000955164, 1708928.06650000018999 ], [ 1029589.133999998448417, 1708999.662099999375641 ], [ 1029639.931400000816211, 1709066.881100001977757 ], [ 1029643.414399999659508, 1709071.490099999122322 ], [ 1029605.613000000710599, 1709180.673299999674782 ], [ 1029596.283800000557676, 1709207.619100001640618 ], [ 1029596.329999999492429, 1709271.568100000498816 ], [ 1029627.093200000468642, 1709361.049499999266118 ], [ 1029646.072600000537932, 1709398.445299999089912 ], [ 1029649.647799999453127, 1709405.490100000286475 ], [ 1029676.610600000130944, 1709458.615900001022965 ], [ 1029945.448399999295361, 1709652.538300000363961 ], [ 1030051.510800000396557, 1709728.974099998828024 ], [ 1030238.45619999896735, 1709869.222300000954419 ], [ 1030239.305800000671297, 1709868.839899999788031 ], [ 1030285.934199998970143, 1709847.856699998956174 ], [ 1030360.359400000772439, 1709814.364800000796095 ], [ 1030385.992399998940527, 1709803.766300001181662 ], [ 1030422.207199999480508, 1709797.846300000557676 ], [ 1030437.7208, 1709796.963500001933426 ], [ 1030448.316600000136532, 1709789.932299999520183 ], [ 1030464.057600000873208, 1709789.183300000382587 ], [ 1030523.226999999606051, 1709777.098500000312924 ], [ 1030550.593000001157634, 1709768.064699998591095 ], [ 1030581.794800000265241, 1709760.915700000245124 ], [ 1030604.0674, 1709743.013499999884516 ], [ 1030627.277599999448285, 1709723.8021 ], [ 1030660.321399999898858, 1709696.451099999016151 ], [ 1030675.284000000916421, 1709678.895699999760836 ], [ 1030714.22479999915231, 1709657.736899999668822 ], [ 1030735.842599999625236, 1709634.2394999996759 ], [ 1030777.677000001189299, 1709604.967899999814108 ], [ 1030814.94479999889154, 1709594.392899999162182 ], [ 1030852.967399999499321, 1709611.662900001043454 ], [ 1030889.2382, 1709628.137199998833239 ], [ 1030953.226800000760704, 1709635.965900000650436 ], [ 1030970.852600000333041, 1709638.122300002491102 ], [ 1031024.095800000941381, 1709657.435100000118837 ], [ 1031054.384600001038052, 1709661.305700000841171 ], [ 1031089.4004, 1709701.2037 ], [ 1031127.9306, 1709745.106099999509752 ], [ 1031189.482600000454113, 1709772.052499999757856 ], [ 1031237.143400000873953, 1709800.498500000452623 ], [ 1031270.323000000906177, 1709836.526900000870228 ], [ 1031286.392399999778718, 1709872.192699998850003 ], [ 1031412.768600000301376, 1709876.651499999687076 ], [ 1031417.138799999491312, 1709876.912500000558794 ], [ 1031421.135599998640828, 1709877.430100000463426 ], [ 1031427.529400000232272, 1709878.620899999048561 ], [ 1031432.141000000294298, 1709879.479699997697026 ], [ 1031479.582999998470768, 1709886.14350000070408 ], [ 1031497.093200000934303, 1709889.726800000760704 ], [ 1031518.5952, 1709894.156900000758469 ], [ 1031537.618800000171177, 1709898.076500001130626 ], [ 1031584.841400000383146, 1709902.840299998642877 ], [ 1031629.505199998617172, 1709901.05210000090301 ], [ 1031676.277600000379607, 1709897.400900001171976 ], [ 1031742.252799999085255, 1709875.624299999792129 ], [ 1031783.318799998611212, 1709864.03690000041388 ], [ 1031803.2694, 1709858.407500001834705 ], [ 1031804.39439999894239, 1709863.083299999125302 ], [ 1031811.146799999754876, 1709891.1469 ], [ 1031855.060399999259971, 1709907.349099998595193 ], [ 1031931.135800000745803, 1709944.423900000751019 ], [ 1031983.383000000729226, 1709990.841499999631196 ], [ 1032031.874399999156594, 1710039.926699999719858 ], [ 1032100.311599999549799, 1710064.98130000103265 ], [ 1032126.483, 1710077.7445 ], [ 1032158.477199998800643, 1710088.795299998717383 ], [ 1032208.521299999789335, 1710070.014799998607486 ], [ 1032211.25150000071153, 1710068.990399999078363 ], [ 1032266.917099999147467, 1710038.4316 ], [ 1032294.868700000457466, 1710018.02800000179559 ], [ 1032310.971499999053776, 1710008.144400002202019 ], [ 1032341.0999, 1709976.834799998439848 ], [ 1032389.3481, 1709927.464000000618398 ], [ 1032424.219499998725951, 1709880.294600000139326 ], [ 1032449.425299999536946, 1709815.521299999207258 ], [ 1032449.629700000747107, 1709814.996200000634417 ], [ 1032469.980100000160746, 1709745.265399998286739 ], [ 1032483.121899999212474, 1709706.958599999314174 ], [ 1032519.892699998803437, 1709665.997799998614937 ], [ 1032551.7423, 1709602.88899999926798 ], [ 1032586.157100000651553, 1709545.051999998278916 ], [ 1032628.089300000690855, 1709465.963600000133738 ], [ 1032698.155899999896064, 1709339.456999999471009 ], [ 1032744.434299999033101, 1709276.513399999821559 ], [ 1032753.558900000527501, 1709264.102999999187887 ], [ 1032770.118100000428967, 1709191.455399998929352 ], [ 1032770.761699999682605, 1709188.631799999624491 ], [ 1032801.014899999252521, 1709082.876399998553097 ], [ 1032815.654900001478381, 1708997.297599998302758 ], [ 1032782.1689, 1708907.348399999318644 ], [ 1032822.751699999789707, 1708828.642600000370294 ], [ 1032899.180100001161918, 1708708.433199999621138 ], [ 1032945.2031, 1708669.379600001499057 ], [ 1032964.120900000212714, 1708653.326999998884276 ], [ 1032987.858700000448152, 1708626.48740000044927 ], [ 1032991.8701, 1708623.546800000593066 ], [ 1033039.195699999108911, 1708588.854 ], [ 1033050.84310000075493, 1708540.562400000635535 ], [ 1033099.110500001115724, 1708486.490599999204278 ], [ 1033127.786699999123812, 1708413.106799999484792 ], [ 1033096.5397, 1708295.962600000202656 ], [ 1033098.5165, 1708286.083399999886751 ], [ 1033133.23889999918174, 1708112.5722 ], [ 1033165.065000000526197, 1708091.714999999385327 ], [ 1033204.360700000659563, 1708065.963199998717755 ], [ 1033226.743300001020543, 1708057.471799998776987 ], [ 1033351.260899999295361, 1708010.233200000831857 ], [ 1033465.23089999880176, 1707949.512599998619407 ], [ 1033509.341299999621697, 1707884.306399998720735 ], [ 1033557.524699999717996, 1707741.693599999882281 ], [ 1033580.622100000735372, 1707659.2966 ], [ 1033759.900900000706315, 1707497.442199998069555 ], [ 1033872.459100000676699, 1707472.240199998952448 ], [ 1033911.544499999727122, 1707463.488800001330674 ], [ 1033960.999099998734891, 1707441.713199999183416 ], [ 1033990.58090000145603, 1707428.687999998917803 ], [ 1034029.591900001396425, 1707411.510800000280142 ], [ 1034048.269900000304915, 1707367.41080000041984 ], [ 1034067.792500000447035, 1707321.316199998371303 ], [ 1034069.923700000857934, 1707316.284200001275167 ], [ 1034095.366899999324232, 1707200.739800001494586 ], [ 1034075.832700001192279, 1706932.194399999221787 ], [ 1034075.650500001269393, 1706929.688999999314547 ], [ 1034064.272500000311993, 1706849.950999998953193 ], [ 1034062.315299998852424, 1706836.233599999221042 ], [ 1034055.74390000058338, 1706790.181000000331551 ], [ 1034058.158099999651313, 1706616.5272000010591 ], [ 1034100.0389, 1706417.778999998234212 ], [ 1034114.537299999035895, 1706369.9104 ], [ 1034137.019899999490008, 1706295.680599998915568 ], [ 1034161.9193, 1706181.544000000460073 ], [ 1034177.077700000489131, 1706112.058600000105798 ], [ 1034174.869299999554642, 1706043.864600003696978 ], [ 1034168.791899999370798, 1705856.189200000371784 ], [ 1034208.5315, 1705701.073000000789762 ], [ 1034210.603399999323301, 1705663.0296 ], [ 1034212.7172, 1705624.218199999304488 ], [ 1034212.888600000180304, 1705621.072400000179186 ], [ 1034177.149400000809692, 1705533.726899999193847 ], [ 1034123.736199999111705, 1705403.186099999817088 ], [ 1034105.882999999565072, 1705326.155499999644235 ], [ 1034092.341400000848807, 1705267.727999999653548 ], [ 1034084.191499999142252, 1705019.0906 ], [ 1034080.870400000596419, 1704917.768600000301376 ], [ 1034061.524599999538623, 1704863.411800001282245 ], [ 1034035.815399999148212, 1704812.530200000386685 ], [ 1034011.11130000045523, 1704763.637700000777841 ], [ 1033911.326399999670684, 1704566.15090000233613 ], [ 1033925.548199999378994, 1704374.321799998637289 ], [ 1033935.498900000820868, 1704358.0352999989409 ], [ 1033947.385699999635108, 1704338.5801 ], [ 1034034.23679999972228, 1704196.429900000337511 ], [ 1034114.627800000715069, 1704064.853200000477955 ], [ 1034120.41839999880176, 1703946.697100000688806 ], [ 1034182.72700000111945, 1703863.480400000698864 ], [ 1034173.621300000697374, 1703859.927100001135841 ], [ 1034144.198799999430776, 1703848.445299999555573 ], [ 1034086.621399999712594, 1703779.566700000315905 ], [ 1034028.725599998375401, 1703734.813499998534098 ], [ 1033969.5348, 1703670.694700001040474 ], [ 1033849.515199999324977, 1703621.349499999545515 ], [ 1033824.993800000287592, 1703637.563100001076236 ], [ 1033763.265600000275299, 1703678.3775 ], [ 1033637.822600000770763, 1703648.527699999278411 ], [ 1033593.660199999343604, 1703613.640900000929832 ], [ 1033555.102200000663288, 1703534.246099999174476 ], [ 1033500.7192, 1703451.637700000312179 ], [ 1033445.285400000517257, 1703499.1081 ], [ 1033293.8138, 1703473.933900000527501 ], [ 1033150.341599998995662, 1703380.651500001084059 ], [ 1033122.241200000513345, 1703382.879899998195469 ], [ 1033103.707399999722838, 1703384.349700001534075 ], [ 1033083.5888, 1703412.58909999881871 ], [ 1033061.279199999640696, 1703445.349099999759346 ], [ 1033045.757599999196827, 1703468.141300000948831 ], [ 1032978.303199999383651, 1703547.968299999367446 ], [ 1032932.799399999552406, 1703586.406900000525638 ], [ 1032901.292000000481494, 1703624.589099999750033 ], [ 1032842.983200000599027, 1703630.956500000320375 ], [ 1032841.686800000956282, 1703631.098099999129772 ], [ 1032829.072800001362339, 1703638.590500001097098 ], [ 1032814.059999999124557, 1703647.5077 ], [ 1032781.176800000364892, 1703683.643899999093264 ], [ 1032756.787400000379421, 1703694.038899998413399 ], [ 1032719.91199999966193, 1703718.04759999923408 ], [ 1032677.143399999476969, 1703721.625300000421703 ], [ 1032640.502200000337325, 1703735.146600001025945 ], [ 1032610.222000000649132, 1703758.183500000275671 ], [ 1032558.342200000421144, 1703755.132899998920038 ], [ 1032521.776200001128018, 1703764.547700000461191 ], [ 1032501.4394, 1703783.784299999009818 ], [ 1032440.8026, 1703819.488299998920411 ], [ 1032421.400799998780712, 1703839.832699999213219 ], [ 1032405.911999999778345, 1703872.0181 ], [ 1032392.311599999433383, 1703909.267700001131743 ], [ 1032374.940400000778027, 1703942.606900001410395 ], [ 1032306.422199999564327, 1703931.8119 ], [ 1032255.964200000860728, 1703935.012300000526011 ], [ 1032249.02070000092499, 1703916.106499999528751 ], [ 1032236.89659999939613, 1703883.094900000607595 ], [ 1032201.344200000166893, 1703818.612299999222159 ], [ 1032183.566199999419041, 1703800.719900001771748 ], [ 1032163.558400001376867, 1703739.562499999068677 ], [ 1032138.150000000139698, 1703712.579499999526888 ], [ 1032108.02759999979753, 1703660.309900002088398 ], [ 1032101.53100000123959, 1703629.1827 ], [ 1032080.428800000809133, 1703598.444099999498576 ], [ 1032061.605200000340119, 1703559.2716 ], [ 1032033.522399999434128, 1703548.155999999493361 ], [ 1032007.070400000317022, 1703537.685899998992682 ], [ 1031998.923999999649823, 1703528.725899999728426 ], [ 1032009.381200000178069, 1703506.667300000553951 ], [ 1032001.462999999872409, 1703431.037499999860302 ], [ 1032006.327800000552088, 1703383.951500001363456 ], [ 1032000.576399998972192, 1703351.382099999114871 ], [ 1031966.983599999803118, 1703261.340099999448285 ], [ 1031981.581500001251698, 1703222.099800001597032 ], [ 1031995.010599999804981, 1703186.001299999654293 ], [ 1032013.3636, 1703159.901000000536442 ], [ 1032043.479600001242943, 1703117.071900001494214 ], [ 1032053.849199999123812, 1703028.307000001659617 ], [ 1032051.411099999328144, 1703020.473699999740347 ], [ 1032047.063600000110455, 1703006.50609999964945 ], [ 1032059.005999999120831, 1702955.923200001008809 ], [ 1032068.029999999445863, 1702917.700899999355897 ], [ 1032067.676199999637902, 1702889.0815 ], [ 1032067.063999999081716, 1702887.43610000028275 ], [ 1032053.119799999520183, 1702849.9627 ], [ 1032062.443399999756366, 1702829.253299999050796 ], [ 1032058.609400001470931, 1702779.419099999591708 ], [ 1032046.850599999772385, 1702751.5799 ], [ 1032040.138200000626966, 1702546.246099999174476 ], [ 1032018.840399999869987, 1702505.610699999844655 ], [ 1032026.873800000990741, 1702472.414500000653788 ], [ 1032042.875599999213591, 1702440.643300000578165 ], [ 1032035.882600000593811, 1702396.482500000391155 ], [ 1032052.063400001148693, 1702372.289100000634789 ], [ 1032069.233399999677204, 1702335.680299998261034 ], [ 1032026.025399998645298, 1702241.9483 ], [ 1032060.332999999751337, 1702214.168299999088049 ], [ 1032079.747000000206754, 1702179.150699998252094 ], [ 1032100.742200000444427, 1702156.4603 ], [ 1032107.461400001193397, 1702116.56969999987632 ], [ 1032103.382600001292303, 1702069.330499997828156 ], [ 1032124.4162, 1701980.723099998664111 ], [ 1032077.119600000907667, 1701945.740900001022965 ], [ 1032075.752, 1701894.624200000427663 ], [ 1032075.494199999375269, 1701892.840100001078099 ], [ 1032056.018400000175461, 1701865.7005 ], [ 1032027.206599999102764, 1701850.79630000051111 ], [ 1032016.982600000686944, 1701828.196900001261383 ], [ 1031996.579600000404753, 1701807.4989 ], [ 1031974.285599999362603, 1701779.662900000344962 ], [ 1031957.199400000623427, 1701749.828500001691282 ], [ 1031960.762000000337139, 1701717.475099999457598 ], [ 1031971.161999999079853, 1701686.241900000954047 ], [ 1031957.786599999759346, 1701647.574899999424815 ], [ 1031951.360200000577606, 1701640.31969999987632 ], [ 1031922.618799999821931, 1701607.871899998979643 ], [ 1031937.92380000045523, 1701562.154699999839067 ], [ 1031915.585000000428408, 1701523.014900001697242 ], [ 1031899.326399999554269, 1701487.058500000974163 ], [ 1031892.275200000265613, 1701471.464500000933185 ], [ 1031845.820999999297783, 1701451.7213 ], [ 1031832.239199999487028, 1701448.04590000025928 ], [ 1031807.912600001087412, 1701441.462500000372529 ], [ 1031780.25200000021141, 1701399.076099999481812 ], [ 1031722.140399998985231, 1701311.825099999317899 ], [ 1031714.915399999474175, 1701273.79869999946095 ], [ 1031719.016600000322796, 1701268.87629999872297 ], [ 1031731.126000001211651, 1701240.008600000524893 ], [ 1031745.6218000005465, 1701169.141699998872355 ], [ 1031749.491800000192598, 1701129.943100000265986 ], [ 1031779.467600000556558, 1701056.871500000357628 ], [ 1031793.1442, 1701030.188899999251589 ], [ 1031824.125600000843406, 1701002.639299999689683 ], [ 1031847.007000000448897, 1700928.4558999997098 ], [ 1031850.655600000871345, 1700830.7051 ], [ 1031895.4534, 1700734.7304 ], [ 1031889.734799998928793, 1700699.520099999615923 ], [ 1031892.03200000023935, 1700628.191099999006838 ], [ 1031918.10120000038296, 1700551.860500000417233 ], [ 1031903.5608, 1700475.921100000152364 ], [ 1031878.469399999477901, 1700452.703899998450652 ], [ 1031811.621800000197254, 1700343.955499999690801 ], [ 1031797.5722, 1700321.099500001175329 ], [ 1031778.520799999474548, 1700334.798099998850375 ], [ 1031769.926599999307655, 1700334.959300000220537 ], [ 1031729.012800000142306, 1700335.726799999596551 ], [ 1031727.114600000437349, 1700335.174499999033287 ], [ 1031670.998399999109097, 1700318.849300000350922 ], [ 1031601.931599998730235, 1700299.558499999344349 ], [ 1031565.203599999775179, 1700251.221499999519438 ], [ 1031552.532800000626594, 1700234.545699999667704 ], [ 1031545.351899998961017, 1700225.09499999973923 ], [ 1031523.614900000276975, 1700196.480199999874458 ], [ 1031513.975700000301003, 1700153.431199999758974 ], [ 1031506.558899998897687, 1700070.692199999466538 ], [ 1031515.17369999922812, 1700017.963799999793991 ], [ 1031514.670699999318458, 1699992.062999998452142 ], [ 1031465.375100000761449, 1699901.411199999507517 ], [ 1031465.718499999726191, 1699862.141400000313297 ], [ 1031463.2167, 1699841.6392 ], [ 1031460.63209999888204, 1699820.457800000207499 ], [ 1031453.602900000638328, 1699802.597999999299645 ], [ 1031439.394299999810755, 1699766.496200000867248 ], [ 1031449.034100000164472, 1699730.815199999371544 ], [ 1031458.148699999786913, 1699697.078199999406934 ], [ 1031471.145900000701658, 1699666.681800001068041 ], [ 1031454.750300001353025, 1699624.69920000131242 ], [ 1031454.10250000085216, 1699623.499999999301508 ], [ 1031439.883300000685267, 1699585.184800001326948 ], [ 1031431.0521, 1699568.04700000048615 ], [ 1031431.033499999321066, 1699568.010399998864159 ], [ 1031404.229699998861179, 1699515.424799998523667 ], [ 1031376.231299999752082, 1699498.898200000170618 ], [ 1031375.613699999521486, 1699469.720599999418482 ], [ 1031396.163299999549054, 1699363.100600000703707 ], [ 1031410.752699999487959, 1699330.109200000762939 ], [ 1031432.010700001497753, 1699310.656400000443682 ], [ 1031434.582299999892712, 1699308.303200001129881 ], [ 1031463.720900000887923, 1699301.530799998901784 ], [ 1031449.925099999294616, 1699265.107599999755621 ], [ 1031436.751500001293607, 1699205.031599999405444 ], [ 1031436.308099999558181, 1699203.009800000116229 ], [ 1031435.235900000552647, 1699198.119999997783452 ], [ 1031430.608300000312738, 1699154.84080000128597 ], [ 1031429.296699998900294, 1699117.831399999558926 ], [ 1031400.164900001138449, 1699082.8166 ], [ 1031367.316700000315905, 1699072.639399999752641 ], [ 1031366.022499999031425, 1699071.81540000019595 ], [ 1031322.515500000445172, 1699044.11460000067018 ], [ 1031256.073100000154227, 1699031.4575999986846 ], [ 1031198.44089999969583, 1698938.121799999848008 ], [ 1031176.859299999312498, 1698913.921800000127405 ], [ 1031164.41350000014063, 1698899.965999999316409 ], [ 1031150.677899998729117, 1698900.551200000569224 ], [ 1031139.856900000246242, 1698901.0122 ], [ 1031120.580300000379793, 1698900.367400000104681 ], [ 1031103.856900000246242, 1698901.354000001214445 ], [ 1031096.313299998757429, 1698902.344400001456961 ], [ 1031078.170300000929274, 1698904.902599999215454 ], [ 1031041.800299999653362, 1698891.859400000888854 ], [ 1030961.246499999659136, 1698907.536199999041855 ], [ 1030854.195300000137649, 1698858.073000001255423 ], [ 1030819.917300000786781, 1698824.716600000625476 ], [ 1030811.650300000328571, 1698816.442000000504777 ], [ 1030785.053500000736676, 1698791.4228 ], [ 1030768.164700000314042, 1698778.968399999197572 ], [ 1030751.190899999113753, 1698738.70299999951385 ], [ 1030744.824299999745563, 1698720.907199998619035 ], [ 1030739.304900000686757, 1698708.016799998935312 ], [ 1030737.843700000667013, 1698697.911599999759346 ], [ 1030733.619499999214895, 1698679.371200001100078 ], [ 1030729.21390000032261, 1698634.519800000358373 ], [ 1030686.189299999154173, 1698578.196600000374019 ], [ 1030664.571300001000054, 1698562.723400000249967 ], [ 1030649.527899999869987, 1698568.264399999054149 ], [ 1030600.998900000588037, 1698561.326600000495091 ], [ 1030591.709099999046884, 1698560.92780000064522 ], [ 1030586.698299999814481, 1698560.712799999164417 ], [ 1030580.296699999482371, 1698560.381200000178069 ], [ 1030578.611500000697561, 1698555.92479999945499 ], [ 1030577.852299999329261, 1698553.917399999685585 ], [ 1030577.068100000498816, 1698551.8444 ], [ 1030575.714500000467524, 1698548.801400000695139 ], [ 1030574.753700000233948, 1698550.54039999935776 ], [ 1030571.3877, 1698555.834000000264496 ], [ 1030569.33010000095237, 1698565.064200002932921 ], [ 1030569.060899999691173, 1698576.129400000907481 ], [ 1030570.068100000498816, 1698584.0218 ], [ 1030569.724699999438599, 1698585.284 ], [ 1030568.068899999256246, 1698591.360600001178682 ], [ 1030561.259299999452196, 1698599.952999999048188 ], [ 1030559.321100000524893, 1698596.381200000876561 ], [ 1030559.0016999989748, 1698596.255000000121072 ], [ 1030537.722899999353103, 1698609.687800000421703 ], [ 1030514.8141, 1698617.240599999669939 ], [ 1030506.3341, 1698576.689799999585375 ], [ 1030500.7483000010252, 1698555.39640000090003 ], [ 1030496.800699998508207, 1698540.347999999066815 ], [ 1030490.18869999924209, 1698508.132799999788404 ], [ 1030486.320300000254065, 1698475.447799997869879 ], [ 1030485.963000001385808, 1698472.429099998436868 ], [ 1030465.268800000892952, 1698466.745500000426546 ], [ 1030451.059600000269711, 1698462.842899999115616 ], [ 1030447.999400000204332, 1698462.52449999935925 ], [ 1030448.922999999718741, 1698468.295299999415874 ], [ 1030449.137599999085069, 1698469.5165 ], [ 1030449.985999999567866, 1698474.346100000664592 ], [ 1030442.921000000205822, 1698474.521699999459088 ], [ 1030432.165999999502674, 1698474.746700000483543 ], [ 1030413.8828, 1698475.028500001877546 ], [ 1030410.463600000948645, 1698475.080499998526648 ], [ 1030379.29099999985192, 1698475.559100000886247 ], [ 1030366.772599999327213, 1698475.75190000096336 ], [ 1030364.097000001114793, 1698475.7923 ], [ 1030350.860199999879114, 1698475.995899999747053 ], [ 1030331.016599998809397, 1698476.301500000292435 ], [ 1030295.678399999276735, 1698476.843899999279529 ], [ 1030289.116800000658259, 1698475.338500000769272 ], [ 1030287.579600000171922, 1698474.986500000813976 ], [ 1030283.301600000355393, 1698474.180299998493865 ], [ 1030279.521799999056384, 1698473.391100000124425 ], [ 1030264.561400000122376, 1698470.272299999836832 ], [ 1030255.842399999382906, 1698467.917300001718104 ], [ 1030249.212599999736995, 1698465.295900000492111 ], [ 1030248.146599999279715, 1698464.874299997929484 ], [ 1030243.73360000050161, 1698462.683499999344349 ], [ 1030231.779799999552779, 1698460.659600000362843 ], [ 1030224.253800001111813, 1698463.211899999296293 ], [ 1030215.232599998940714, 1698466.271299999440089 ], [ 1030205.117999998969026, 1698470.629100000252947 ], [ 1030192.849600000772625, 1698472.812699999893084 ], [ 1030189.076000000350177, 1698475.526499999687076 ], [ 1030183.447799999848939, 1698473.784600000828505 ], [ 1030170.125800000387244, 1698474.188300000969321 ], [ 1030159.575600000331178, 1698471.59349999926053 ], [ 1030130.906999999773689, 1698474.069700000109151 ], [ 1030126.120200000121258, 1698471.508900000480935 ], [ 1030094.419000000460073, 1698453.699300000676885 ], [ 1030085.954399999463931, 1698457.002499998779967 ], [ 1030071.938400000333786, 1698464.682499998714775 ], [ 1030068.212599999271333, 1698464.372300000395626 ], [ 1030052.780599999590777, 1698477.304899999639019 ], [ 1030048.966200000140816, 1698488.833900000434369 ], [ 1030045.481400000164285, 1698489.527100000530481 ], [ 1030037.87560000049416, 1698496.064499999862164 ], [ 1030030.589399999706075, 1698503.900700000114739 ], [ 1030016.102199998567812, 1698511.107300000265241 ], [ 1030006.47400000016205, 1698514.015100000659004 ], [ 1030004.595799999427982, 1698511.996700000949204 ], [ 1029994.681800000369549, 1698517.852900000754744 ], [ 1029985.454599999589846, 1698527.950500000501052 ], [ 1029987.367399999406189, 1698530.2789 ], [ 1029983.854200000525452, 1698540.235099998535588 ], [ 1029973.314199999324046, 1698544.262299999594688 ], [ 1029967.2828, 1698538.6601000004448 ], [ 1029964.606800000998192, 1698536.4347 ], [ 1029964.353000001050532, 1698531.2743 ], [ 1029961.887199998833239, 1698520.771299998974428 ], [ 1029952.299599998979829, 1698510.040300000924617 ], [ 1029934.995599999441765, 1698497.752900001127273 ], [ 1029929.043199999141507, 1698488.7579 ], [ 1029913.65740000049118, 1698492.1897 ], [ 1029902.247199999867007, 1698507.85509999957867 ], [ 1029894.85179999936372, 1698517.854699999094009 ], [ 1029896.175200000405312, 1698539.330499998526648 ], [ 1029886.538200000999495, 1698544.806299998890609 ], [ 1029870.4186, 1698541.866699999198318 ], [ 1029855.577200000640005, 1698541.424499999033287 ], [ 1029853.457000000867993, 1698540.401699999114498 ], [ 1029839.420199999585748, 1698533.628299999749288 ], [ 1029824.041799998609349, 1698526.208000000333413 ], [ 1029810.0606, 1698512.566500000655651 ], [ 1029809.6228, 1698510.836600000271574 ], [ 1029808.408800001372583, 1698506.042099998565391 ], [ 1029806.3206, 1698497.795900002587587 ], [ 1029803.585000000777654, 1698486.993499999400228 ], [ 1029802.551999999093823, 1698482.915500000119209 ], [ 1029800.269999998854473, 1698473.905100000556558 ], [ 1029797.724599999724887, 1698466.969299999764189 ], [ 1029798.016799999633804, 1698466.096699999179691 ], [ 1029796.458799999789335, 1698464.83229999919422 ], [ 1029789.589799999492243, 1698459.258600001223385 ], [ 1029778.40819999948144, 1698450.185699999099597 ], [ 1029771.2377999991877, 1698430.36570000089705 ], [ 1029768.28139999974519, 1698427.620899999514222 ], [ 1029750.657200001413003, 1698411.266899997834116 ], [ 1029744.5544, 1698405.60410000057891 ], [ 1029732.780200000852346, 1698396.736199999693781 ], [ 1029714.202200001222081, 1698382.743100000778213 ], [ 1029708.2092, 1698378.229300000471994 ], [ 1029691.075400001485832, 1698373.752499999245629 ], [ 1029672.99299999861978, 1698376.816099999239668 ], [ 1029663.064199999207631, 1698377.153500000480562 ], [ 1029657.803399999858811, 1698377.332099999533966 ], [ 1029642.457599999499507, 1698382.74570000031963 ], [ 1029637.612399999401532, 1698374.330900000408292 ], [ 1029633.971400000620633, 1698376.550300000235438 ], [ 1029624.982999999541789, 1698378.454500001389533 ], [ 1029622.368399999802932, 1698378.326899999054149 ], [ 1029606.640599998878315, 1698377.554300001356751 ], [ 1029583.403399999137037, 1698389.122899999376386 ], [ 1029573.129399999394082, 1698397.551700000651181 ], [ 1029569.721800000523217, 1698409.859300001524389 ], [ 1029560.508600000292063, 1698426.076299999840558 ], [ 1029555.95180000027176, 1698431.295899999793619 ], [ 1029527.943999999784864, 1698465.624199998565018 ], [ 1029504.012399999424815, 1698468.300299999769777 ], [ 1029485.512199999880977, 1698478.529699998907745 ], [ 1029451.319400000618771, 1698499.186300001107156 ], [ 1029411.053999998606741, 1698514.56470000022091 ], [ 1029400.07179999910295, 1698505.41109999967739 ], [ 1029383.297799998894334, 1698508.652899999171495 ], [ 1029355.5382, 1698523.1701 ], [ 1029348.961200000136159, 1698519.401700000278652 ], [ 1029339.7408, 1698511.113900001626462 ], [ 1029340.103600000613369, 1698506.151300000958145 ], [ 1029339.9716, 1698506.119899999117479 ], [ 1029339.843600001302548, 1698506.324500001035631 ], [ 1029338.945000001345761, 1698506.109099999302998 ], [ 1029333.11259999894537, 1698504.710099999327213 ], [ 1029329.798999999533407, 1698498.129699998535216 ], [ 1029321.818799998611212, 1698498.356699998490512 ], [ 1029318.367999998969026, 1698503.857499998994172 ], [ 1029317.960600000573322, 1698503.741699997801334 ], [ 1029317.41000000119675, 1698503.584499999880791 ], [ 1029311.267999999108724, 1698501.835100000957027 ], [ 1029305.884599999524653, 1698498.307900000363588 ], [ 1029302.695600001141429, 1698490.45049999980256 ], [ 1029296.60320000059437, 1698492.824100003112108 ], [ 1029294.78780000063125, 1698493.937699999194592 ], [ 1029291.955799999763258, 1698495.675100000342354 ], [ 1029286.343600001069717, 1698497.721499999752268 ], [ 1029279.067, 1698498.157900000456721 ], [ 1029278.141800000215881, 1698498.213499999605119 ], [ 1029262.064000000362284, 1698499.006899999221787 ], [ 1029253.700799999875017, 1698499.419700000435114 ], [ 1029243.697400000877678, 1698500.424499999731779 ], [ 1029240.61839999910444, 1698500.733999999240041 ], [ 1029237.264000000897795, 1698507.312899998389184 ], [ 1029217.544800000148825, 1698505.698699998436496 ], [ 1029207.075400000438094, 1698511.654700000304729 ], [ 1029205.797800000873394, 1698518.791900000302121 ], [ 1029187.069999999715947, 1698517.13770000054501 ], [ 1029175.585799998836592, 1698512.101800000760704 ], [ 1029169.629999999538995, 1698518.539899998810142 ], [ 1029084.510000000242144, 1698525.042899999301881 ], [ 1029030.450199999846518, 1698535.342099998146296 ], [ 1028985.083600000245497, 1698569.13990000076592 ], [ 1028949.636200000415556, 1698595.532299999380484 ], [ 1028927.864799998584203, 1698583.725099999457598 ], [ 1028895.269200000562705, 1698565.372099999338388 ], [ 1028813.657200000598095, 1698568.212300002109259 ], [ 1028753.123400000855327, 1698539.330700000748038 ], [ 1028696.157199999899603, 1698518.688300000503659 ], [ 1028573.139399999170564, 1698481.044900000793859 ], [ 1028527.117799999425188, 1698470.458100000396371 ], [ 1028438.385599998640828, 1698419.6961 ], [ 1028355.233399999793619, 1698375.016300001647323 ], [ 1028303.736999999149702, 1698374.878299999050796 ], [ 1028179.072600000654347, 1698311.332699999213219 ], [ 1028093.780199999571778, 1698286.52170000015758 ], [ 1027849.747800000826828, 1698298.204399998998269 ], [ 1027769.295599999139085, 1698309.085899997968227 ], [ 1027681.697999999625608, 1698298.727900000754744 ], [ 1027558.4848, 1698298.017699999501929 ], [ 1027449.1374, 1698264.68650000076741 ], [ 1027401.1714, 1698226.172300000209361 ], [ 1027312.2634, 1698154.784099999116734 ], [ 1027129.960599999409169, 1698082.066400000359863 ], [ 1027041.196799999685027, 1698150.77170000039041 ], [ 1026952.220399999292567, 1698406.484300000127405 ], [ 1026847.695600000326522, 1698553.6919 ], [ 1026840.736799999140203, 1698577.1795 ], [ 1026812.304999999352731, 1698673.141099999193102 ], [ 1026763.838600000599399, 1699090.950500000733882 ], [ 1026715.754800000810064, 1699197.449300000909716 ], [ 1026646.399400001624599, 1699313.8729 ], [ 1026550.700400001136586, 1699410.9247 ], [ 1026518.219799999380484, 1699507.317700000945479 ], [ 1026545.554400000604801, 1699742.934699998470023 ], [ 1026511.062399999354966, 1699832.511900000274181 ], [ 1026508.734599999617785, 1699836.042500000912696 ], [ 1026490.5432, 1699863.634099999209866 ], [ 1026324.038999999524094, 1700004.048699999693781 ], [ 1026213.5664, 1700159.719500001054257 ], [ 1026238.8706, 1700390.642700000666082 ], [ 1026232.8399, 1700410.190500002121553 ], [ 1026208.8153, 1700488.063400000333786 ], [ 1026153.524899999145418, 1700666.946400000248104 ], [ 1026091.408699998748489, 1700820.365599999669939 ], [ 1026046.05229999916628, 1700932.3902000002563 ], [ 1026001.943699999479577, 1700993.9156 ], [ 1025916.263399999006651, 1701088.300700000720099 ], [ 1025894.424599998979829, 1701112.358300000429153 ], [ 1025848.743200000375509, 1701146.990499997977167 ], [ 1025812.514999999664724, 1701142.611499999184161 ], [ 1025760.666999999666587, 1701136.344499999657273 ], [ 1025589.711399999447167, 1701043.476100000320002 ], [ 1025564.07799999974668, 1701042.566500002052635 ], [ 1025467.831000000471249, 1701039.15110000083223 ], [ 1025389.45780000067316, 1701059.754300001077354 ], [ 1025138.978799998760223, 1701179.84569999948144 ], [ 1025054.375399999320507, 1701177.987299998756498 ], [ 1025047.385400000261143, 1701174.499299998860806 ], [ 1024919.712399999145418, 1701110.789699998684227 ], [ 1024822.824599999352358, 1701095.8769 ], [ 1024647.305799999274313, 1701082.33669999986887 ], [ 1024375.7406, 1700981.8727 ], [ 1024360.684100001235493, 1700989.330299999332055 ], [ 1024291.60489999956917, 1701023.545499997446314 ], [ 1024261.4763, 1701065.52270000288263 ], [ 1024226.442700000246987, 1701114.333900001831353 ], [ 1024152.8965, 1701242.137899999739602 ], [ 1024104.52170000039041, 1701364.507700000656769 ], [ 1024048.269999998388812, 1701481.459499998949468 ], [ 1024054.141000000643544, 1701571.616900000721216 ], [ 1024079.978799999807961, 1701710.204100000206381 ], [ 1024156.967600000672974, 1701888.321300000417978 ], [ 1024184.163799999863841, 1702200.173499999800697 ], [ 1024161.612200001254678, 1702302.195499999681488 ], [ 1024196.7884, 1702370.326100001111627 ], [ 1024232.973600000259466, 1702492.221699999645352 ], [ 1024247.714999999152496, 1702756.457699998747557 ], [ 1024284.651800000108778, 1702849.931099998764694 ], [ 1024342.361499998951331, 1702922.390699998475611 ], [ 1024368.3354, 1702955.003100001020357 ], [ 1024241.350599999073893, 1703142.2917 ], [ 1024202.003200000734068, 1703293.102499998174608 ], [ 1024071.3304, 1703488.764900000300258 ], [ 1024006.368599998997524, 1703745.3207 ], [ 1024016.128600001102313, 1703799.114700000267476 ], [ 1024026.01920000067912, 1703853.629499998874962 ], [ 1023956.911399998702109, 1704003.912299999501556 ], [ 1023663.652600000146776, 1704238.0165 ], [ 1023577.320000001229346, 1704264.830100000137463 ], [ 1023565.70380000048317, 1704263.894299999810755 ], [ 1023407.373600000631995, 1704251.138900000834838 ], [ 1023367.569399999571033, 1704270.674699998926371 ], [ 1023306.443999999668449, 1704300.674900001846254 ], [ 1023148.65940000070259, 1704459.227900001220405 ], [ 1022978.791799999657087, 1704564.49210000038147 ], [ 1022899.046600000117905, 1704748.669899999862537 ], [ 1022869.257399999769405, 1704949.176699999719858 ], [ 1022869.900199998868629, 1705064.994100003037602 ], [ 1022747.269000001018867, 1705123.527899998938665 ], [ 1022667.251000000745989, 1705161.7215 ], [ 1022618.712399999378249, 1705184.889700000174344 ], [ 1022600.88860000052955, 1705180.509100000374019 ], [ 1022506.191199999651872, 1705157.23450000048615 ], [ 1022488.842799999052659, 1705149.969699999783188 ], [ 1022471.092999999294989, 1705142.53669999842532 ], [ 1022404.005000000470318, 1705114.443100000265986 ], [ 1022334.37220000103116, 1705139.610099997837096 ], [ 1022321.608400000957772, 1705144.223300002049655 ], [ 1022272.449800000758842, 1705161.9903 ], [ 1022058.921199998818338, 1705284.440300001762807 ], [ 1021869.27060000016354, 1705319.454900001175702 ], [ 1021619.0556, 1705300.62709999945946 ], [ 1021445.4194, 1705296.663200000999495 ], [ 1021264.4736, 1705326.871300000697374 ], [ 1021252.00660000112839, 1705328.952700000954792 ], [ 1021252.198800001293421, 1705329.5783 ], [ 1021279.20920000015758, 1705416.128099999623373 ], [ 1021305.073800000711344, 1705499.005699999630451 ], [ 1021339.150999999023043, 1705608.199300000909716 ], [ 1021345.220600000233389, 1705627.6479 ], [ 1021367.571600000257604, 1705748.779899999499321 ], [ 1021365.841600000974722, 1705763.873099997872487 ], [ 1021364.972200000775047, 1705771.457300000358373 ], [ 1021348.01619999948889, 1705919.386700000381097 ], [ 1021345.129599998821504, 1705944.571100001223385 ], [ 1021345.9438, 1705955.816899999743327 ], [ 1021362.082199999364093, 1706178.695299999089912 ], [ 1021348.929200001177378, 1706202.954700001049787 ], [ 1021270.24539999931585, 1706370.400900000706315 ], [ 1021179.466200000257231, 1706573.783100000815466 ], [ 1021165.72519999963697, 1706625.600899999029934 ], [ 1021160.306399999652058, 1706646.035700000822544 ], [ 1021175.409399999189191, 1706729.735500002047047 ], [ 1021207.713600001181476, 1706781.829899999545887 ], [ 1021252.681400001281872, 1706854.347300001420081 ], [ 1021284.113400000263937, 1706905.035499997902662 ], [ 1021292.086400001076981, 1706917.892700000200421 ], [ 1021287.939200000371784, 1706962.228299998678267 ], [ 1021268.759200000902638, 1707167.273700000718236 ], [ 1021268.815400000545196, 1707177.121200000401586 ], [ 1021269.0474, 1707217.8279 ], [ 1021269.479000000865199, 1707293.506400000769645 ], [ 1021269.569399999454618, 1707309.348699999041855 ], [ 1021435.19559999986086, 1707460.884299999568611 ], [ 1021591.376600001123734, 1707590.89989999961108 ], [ 1021693.828199999639764, 1707714.360099999466911 ], [ 1021716.603599998983555, 1707808.344699998851866 ], [ 1021701.6536, 1708040.2843 ], [ 1021674.4937999995891, 1708154.980400000698864 ], [ 1021634.274200000334531, 1708405.57289999909699 ], [ 1021674.635400000726804, 1708555.224300000583753 ], [ 1021711.969800001126714, 1708600.063299999106675 ], [ 1021754.294200000818819, 1708649.702900000382215 ], [ 1021915.719800000311807, 1708772.928900000406429 ], [ 1022054.509399999282323, 1708879.9321 ], [ 1022128.951199999195524, 1708905.872300000628456 ], [ 1022213.469, 1708935.481300000101328 ], [ 1022347.660200000391342, 1709003.696900000562891 ], [ 1022439.346400000387803, 1709117.199300000909716 ], [ 1022494.824400000739843, 1709167.2885 ], [ 1022532.724200000637211, 1709212.671499999240041 ], [ 1022590.480600001523271, 1709299.544700000435114 ], [ 1022645.262799999443814, 1709453.434299999382347 ], [ 1022698.301000000326894, 1709558.573300000280142 ], [ 1022777.470599998603575, 1709655.131399998907 ], [ 1022935.196799999219365, 1709754.426699999719858 ], [ 1022935.201999998651445, 1709753.640799998305738 ], [ 1022946.049800000968389, 1709753.1101 ], [ 1023132.703599999891594, 1709743.980500001925975 ], [ 1023195.817000000854023, 1709743.489799999631941 ], [ 1023393.999600000563078, 1709791.241500000236556 ], [ 1023580.764999999548309, 1709778.25290000019595 ], [ 1023770.3094, 1709653.992699998430908 ], [ 1023874.857999999658205, 1709585.383300000801682 ], [ 1023932.101600000518374, 1709572.285700001288205 ], [ 1024002.3632, 1709557.9929 ], [ 1024195.1678, 1709579.530500000575557 ], [ 1024279.154399999766611, 1709583.719299999764189 ], [ 1024507.975799999316223, 1709524.061699998565018 ], [ 1024646.176199998590164, 1709527.657500001601875 ], [ 1024854.71979999972973, 1709722.596300000790507 ], [ 1025036.046600000816397, 1709833.48769999970682 ], [ 1025073.187600000645034, 1709873.643699999665841 ], [ 1025089.044400001061149, 1709915.491100000683218 ], [ 1025077.655399999697693, 1710008.305900000268593 ], [ 1025102.481999999028631, 1710099.127299998886883 ], [ 1025191.486800000770018, 1710193.079500001389533 ], [ 1025248.568400000222027, 1710255.571900000795722 ], [ 1025337.633200000505894, 1710327.2949 ], [ 1025433.884200001019053, 1710351.69969999906607 ], [ 1025654.2202, 1710367.881700000725687 ], [ 1025786.574799999129027, 1710400.788699998753145 ], [ 1025952.588600000715815, 1710473.583300000987947 ], [ 1026042.600599998841062, 1710544.2859 ], [ 1026049.322200000518933, 1710573.155100000556558 ], [ 1026064.63900000101421, 1710616.858500000787899 ], [ 1026070.470999999204651, 1710633.499299999792129 ], [ 1026069.35359999909997, 1710697.576300001470372 ], [ 1026074.091199999558739, 1710721.167099998798221 ], [ 1026076.701799999806099, 1710734.166900000534952 ], [ 1026133.660400001332164, 1710787.5529 ], [ 1026174.563599999062717, 1710775.296099999453872 ], [ 1026209.071599999442697, 1710764.95570000144653 ], [ 1026232.667999998782761, 1710725.386399999260902 ], [ 1026257.287999999127351, 1710684.100499999709427 ], [ 1026317.325, 1710583.423299999441952 ], [ 1026395.718000000691973, 1710493.609299999661744 ], [ 1026500.769399999291636, 1710444.91950000077486 ], [ 1026598.292399998870678, 1710331.7897 ], [ 1026699.523599998909049, 1710281.301199999637902 ], [ 1026781.8378, 1710199.210899999830872 ], [ 1026883.373999998904765, 1710144.4297 ], [ 1026952.135800001095049, 1710080.643700000131503 ], [ 1026956.816399998846464, 1710060.597100000828505 ], [ 1027006.222799999290146, 1709848.989900001557544 ], [ 1027028.481200001086108, 1709814.425100000808015 ], [ 1027064.461800000281073, 1709758.551200001500547 ], [ 1027096.873599999002181, 1709687.758099999278784 ], [ 1027130.985399999422953, 1709613.251899999100715 ], [ 1027145.82700000051409, 1709582.000399999320507 ], [ 1027166.519399999757297, 1709538.429500001482666 ] ] ] } },
{ "type": "Feature", "properties": { "BASE_DATE": "20250630", "ADM_CD": "38570360", "ADM_NM": "시천면" }, "geometry": { "type": "Polygon", "coordinates": [ [ [ 1021264.4736, 1705326.871300000697374 ], [ 1021445.4194, 1705296.663200000999495 ], [ 1021619.0556, 1705300.62709999945946 ], [ 1021869.27060000016354, 1705319.454900001175702 ], [ 1022058.921199998818338, 1705284.440300001762807 ], [ 1022272.449800000758842, 1705161.9903 ], [ 1022321.608400000957772, 1705144.223300002049655 ], [ 1022334.37220000103116, 1705139.610099997837096 ], [ 1022404.005000000470318, 1705114.443100000265986 ], [ 1022471.092999999294989, 1705142.53669999842532 ], [ 1022488.842799999052659, 1705149.969699999783188 ], [ 1022506.191199999651872, 1705157.23450000048615 ], [ 1022600.88860000052955, 1705180.509100000374019 ], [ 1022618.712399999378249, 1705184.889700000174344 ], [ 1022667.251000000745989, 1705161.7215 ], [ 1022747.269000001018867, 1705123.527899998938665 ], [ 1022869.900199998868629, 1705064.994100003037602 ], [ 1022869.257399999769405, 1704949.176699999719858 ], [ 1022899.046600000117905, 1704748.669899999862537 ], [ 1022978.791799999657087, 1704564.49210000038147 ], [ 1023148.65940000070259, 1704459.227900001220405 ], [ 1023306.443999999668449, 1704300.674900001846254 ], [ 1023367.569399999571033, 1704270.674699998926371 ], [ 1023407.373600000631995, 1704251.138900000834838 ], [ 1023565.70380000048317, 1704263.894299999810755 ], [ 1023577.320000001229346, 1704264.830100000137463 ], [ 1023663.652600000146776, 1704238.0165 ], [ 1023956.911399998702109, 1704003.912299999501556 ], [ 1024026.01920000067912, 1703853.629499998874962 ], [ 1024016.128600001102313, 1703799.114700000267476 ], [ 1024006.368599998997524, 1703745.3207 ], [ 1024071.3304, 1703488.764900000300258 ], [ 1024202.003200000734068, 1703293.102499998174608 ], [ 1024241.350599999073893, 1703142.2917 ], [ 1024368.3354, 1702955.003100001020357 ], [ 1024342.361499998951331, 1702922.390699998475611 ], [ 1024284.651800000108778, 1702849.931099998764694 ], [ 1024247.714999999152496, 1702756.457699998747557 ], [ 1024232.973600000259466, 1702492.221699999645352 ], [ 1024196.7884, 1702370.326100001111627 ], [ 1024161.612200001254678, 1702302.195499999681488 ], [ 1024184.163799999863841, 1702200.173499999800697 ], [ 1024156.967600000672974, 1701888.321300000417978 ], [ 1024079.978799999807961, 1701710.204100000206381 ], [ 1024054.141000000643544, 1701571.616900000721216 ], [ 1024048.269999998388812, 1701481.459499998949468 ], [ 1024104.52170000039041, 1701364.507700000656769 ], [ 1024152.8965, 1701242.137899999739602 ], [ 1024226.442700000246987, 1701114.333900001831353 ], [ 1024261.4763, 1701065.52270000288263 ], [ 1024291.60489999956917, 1701023.545499997446314 ], [ 1024360.684100001235493, 1700989.330299999332055 ], [ 1024375.7406, 1700981.8727 ], [ 1024647.305799999274313, 1701082.33669999986887 ], [ 1024822.824599999352358, 1701095.8769 ], [ 1024919.712399999145418, 1701110.789699998684227 ], [ 1025047.385400000261143, 1701174.499299998860806 ], [ 1025054.375399999320507, 1701177.987299998756498 ], [ 1025138.978799998760223, 1701179.84569999948144 ], [ 1025389.45780000067316, 1701059.754300001077354 ], [ 1025467.831000000471249, 1701039.15110000083223 ], [ 1025564.07799999974668, 1701042.566500002052635 ], [ 1025589.711399999447167, 1701043.476100000320002 ], [ 1025760.666999999666587, 1701136.344499999657273 ], [ 1025812.514999999664724, 1701142.611499999184161 ], [ 1025848.743200000375509, 1701146.990499997977167 ], [ 1025894.424599998979829, 1701112.358300000429153 ], [ 1025916.263399999006651, 1701088.300700000720099 ], [ 1026001.943699999479577, 1700993.9156 ], [ 1026046.05229999916628, 1700932.3902000002563 ], [ 1026091.408699998748489, 1700820.365599999669939 ], [ 1026153.524899999145418, 1700666.946400000248104 ], [ 1026208.8153, 1700488.063400000333786 ], [ 1026232.8399, 1700410.190500002121553 ], [ 1026238.8706, 1700390.642700000666082 ], [ 1026213.5664, 1700159.719500001054257 ], [ 1026324.038999999524094, 1700004.048699999693781 ], [ 1026490.5432, 1699863.634099999209866 ], [ 1026508.734599999617785, 1699836.042500000912696 ], [ 1026511.062399999354966, 1699832.511900000274181 ], [ 1026545.554400000604801, 1699742.934699998470023 ], [ 1026518.219799999380484, 1699507.317700000945479 ], [ 1026550.700400001136586, 1699410.9247 ], [ 1026646.399400001624599, 1699313.8729 ], [ 1026715.754800000810064, 1699197.449300000909716 ], [ 1026763.838600000599399, 1699090.950500000733882 ], [ 1026812.304999999352731, 1698673.141099999193102 ], [ 1026840.736799999140203, 1698577.1795 ], [ 1026847.695600000326522, 1698553.6919 ], [ 1026952.220399999292567, 1698406.484300000127405 ], [ 1027041.196799999685027, 1698150.77170000039041 ], [ 1027129.960599999409169, 1698082.066400000359863 ], [ 1027312.2634, 1698154.784099999116734 ], [ 1027401.1714, 1698226.172300000209361 ], [ 1027449.1374, 1698264.68650000076741 ], [ 1027558.4848, 1698298.017699999501929 ], [ 1027681.697999999625608, 1698298.727900000754744 ], [ 1027769.295599999139085, 1698309.085899997968227 ], [ 1027849.747800000826828, 1698298.204399998998269 ], [ 1028093.780199999571778, 1698286.52170000015758 ], [ 1028179.072600000654347, 1698311.332699999213219 ], [ 1028303.736999999149702, 1698374.878299999050796 ], [ 1028355.233399999793619, 1698375.016300001647323 ], [ 1028438.385599998640828, 1698419.6961 ], [ 1028527.117799999425188, 1698470.458100000396371 ], [ 1028573.139399999170564, 1698481.044900000793859 ], [ 1028696.157199999899603, 1698518.688300000503659 ], [ 1028753.123400000855327, 1698539.330700000748038 ], [ 1028813.657200000598095, 1698568.212300002109259 ], [ 1028895.269200000562705, 1698565.372099999338388 ], [ 1028927.864799998584203, 1698583.725099999457598 ], [ 1028949.636200000415556, 1698595.532299999380484 ], [ 1028985.083600000245497, 1698569.13990000076592 ], [ 1029030.450199999846518, 1698535.342099998146296 ], [ 1029084.510000000242144, 1698525.042899999301881 ], [ 1029169.629999999538995, 1698518.539899998810142 ], [ 1029175.585799998836592, 1698512.101800000760704 ], [ 1029187.069999999715947, 1698517.13770000054501 ], [ 1029205.797800000873394, 1698518.791900000302121 ], [ 1029207.075400000438094, 1698511.654700000304729 ], [ 1029217.544800000148825, 1698505.698699998436496 ], [ 1029237.264000000897795, 1698507.312899998389184 ], [ 1029240.61839999910444, 1698500.733999999240041 ], [ 1029243.697400000877678, 1698500.424499999731779 ], [ 1029253.700799999875017, 1698499.419700000435114 ], [ 1029262.064000000362284, 1698499.006899999221787 ], [ 1029278.141800000215881, 1698498.213499999605119 ], [ 1029279.067, 1698498.157900000456721 ], [ 1029286.343600001069717, 1698497.721499999752268 ], [ 1029291.955799999763258, 1698495.675100000342354 ], [ 1029294.78780000063125, 1698493.937699999194592 ], [ 1029296.60320000059437, 1698492.824100003112108 ], [ 1029302.695600001141429, 1698490.45049999980256 ], [ 1029305.884599999524653, 1698498.307900000363588 ], [ 1029311.267999999108724, 1698501.835100000957027 ], [ 1029317.41000000119675, 1698503.584499999880791 ], [ 1029317.960600000573322, 1698503.741699997801334 ], [ 1029318.367999998969026, 1698503.857499998994172 ], [ 1029321.818799998611212, 1698498.356699998490512 ], [ 1029329.798999999533407, 1698498.129699998535216 ], [ 1029333.11259999894537, 1698504.710099999327213 ], [ 1029338.945000001345761, 1698506.109099999302998 ], [ 1029339.843600001302548, 1698506.324500001035631 ], [ 1029339.9716, 1698506.119899999117479 ], [ 1029340.103600000613369, 1698506.151300000958145 ], [ 1029339.7408, 1698511.113900001626462 ], [ 1029348.961200000136159, 1698519.401700000278652 ], [ 1029355.5382, 1698523.1701 ], [ 1029383.297799998894334, 1698508.652899999171495 ], [ 1029400.07179999910295, 1698505.41109999967739 ], [ 1029411.053999998606741, 1698514.56470000022091 ], [ 1029451.319400000618771, 1698499.186300001107156 ], [ 1029485.512199999880977, 1698478.529699998907745 ], [ 1029504.012399999424815, 1698468.300299999769777 ], [ 1029527.943999999784864, 1698465.624199998565018 ], [ 1029555.95180000027176, 1698431.295899999793619 ], [ 1029560.508600000292063, 1698426.076299999840558 ], [ 1029569.721800000523217, 1698409.859300001524389 ], [ 1029573.129399999394082, 1698397.551700000651181 ], [ 1029583.403399999137037, 1698389.122899999376386 ], [ 1029606.640599998878315, 1698377.554300001356751 ], [ 1029622.368399999802932, 1698378.326899999054149 ], [ 1029624.982999999541789, 1698378.454500001389533 ], [ 1029633.971400000620633, 1698376.550300000235438 ], [ 1029637.612399999401532, 1698374.330900000408292 ], [ 1029642.457599999499507, 1698382.74570000031963 ], [ 1029657.803399999858811, 1698377.332099999533966 ], [ 1029663.064199999207631, 1698377.153500000480562 ], [ 1029672.99299999861978, 1698376.816099999239668 ], [ 1029691.075400001485832, 1698373.752499999245629 ], [ 1029708.2092, 1698378.229300000471994 ], [ 1029714.202200001222081, 1698382.743100000778213 ], [ 1029732.780200000852346, 1698396.736199999693781 ], [ 1029744.5544, 1698405.60410000057891 ], [ 1029750.657200001413003, 1698411.266899997834116 ], [ 1029768.28139999974519, 1698427.620899999514222 ], [ 1029771.2377999991877, 1698430.36570000089705 ], [ 1029778.40819999948144, 1698450.185699999099597 ], [ 1029789.589799999492243, 1698459.258600001223385 ], [ 1029796.458799999789335, 1698464.83229999919422 ], [ 1029798.016799999633804, 1698466.096699999179691 ], [ 1029797.724599999724887, 1698466.969299999764189 ], [ 1029800.269999998854473, 1698473.905100000556558 ], [ 1029802.551999999093823, 1698482.915500000119209 ], [ 1029803.585000000777654, 1698486.993499999400228 ], [ 1029806.3206, 1698497.795900002587587 ], [ 1029808.408800001372583, 1698506.042099998565391 ], [ 1029809.6228, 1698510.836600000271574 ], [ 1029810.0606, 1698512.566500000655651 ], [ 1029824.041799998609349, 1698526.208000000333413 ], [ 1029839.420199999585748, 1698533.628299999749288 ], [ 1029853.457000000867993, 1698540.401699999114498 ], [ 1029855.577200000640005, 1698541.424499999033287 ], [ 1029870.4186, 1698541.866699999198318 ], [ 1029886.538200000999495, 1698544.806299998890609 ], [ 1029896.175200000405312, 1698539.330499998526648 ], [ 1029894.85179999936372, 1698517.854699999094009 ], [ 1029902.247199999867007, 1698507.85509999957867 ], [ 1029913.65740000049118, 1698492.1897 ], [ 1029929.043199999141507, 1698488.7579 ], [ 1029934.995599999441765, 1698497.752900001127273 ], [ 1029952.299599998979829, 1698510.040300000924617 ], [ 1029961.887199998833239, 1698520.771299998974428 ], [ 1029964.353000001050532, 1698531.2743 ], [ 1029964.606800000998192, 1698536.4347 ], [ 1029967.2828, 1698538.6601000004448 ], [ 1029973.314199999324046, 1698544.262299999594688 ], [ 1029983.854200000525452, 1698540.235099998535588 ], [ 1029987.367399999406189, 1698530.2789 ], [ 1029985.454599999589846, 1698527.950500000501052 ], [ 1029994.681800000369549, 1698517.852900000754744 ], [ 1030004.595799999427982, 1698511.996700000949204 ], [ 1030006.47400000016205, 1698514.015100000659004 ], [ 1030016.102199998567812, 1698511.107300000265241 ], [ 1030030.589399999706075, 1698503.900700000114739 ], [ 1030037.87560000049416, 1698496.064499999862164 ], [ 1030045.481400000164285, 1698489.527100000530481 ], [ 1030048.966200000140816, 1698488.833900000434369 ], [ 1030052.780599999590777, 1698477.304899999639019 ], [ 1030068.212599999271333, 1698464.372300000395626 ], [ 1030071.938400000333786, 1698464.682499998714775 ], [ 1030085.954399999463931, 1698457.002499998779967 ], [ 1030094.419000000460073, 1698453.699300000676885 ], [ 1030126.120200000121258, 1698471.508900000480935 ], [ 1030130.906999999773689, 1698474.069700000109151 ], [ 1030159.575600000331178, 1698471.59349999926053 ], [ 1030170.125800000387244, 1698474.188300000969321 ], [ 1030183.447799999848939, 1698473.784600000828505 ], [ 1030189.076000000350177, 1698475.526499999687076 ], [ 1030192.849600000772625, 1698472.812699999893084 ], [ 1030205.117999998969026, 1698470.629100000252947 ], [ 1030215.232599998940714, 1698466.271299999440089 ], [ 1030224.253800001111813, 1698463.211899999296293 ], [ 1030231.779799999552779, 1698460.659600000362843 ], [ 1030243.73360000050161, 1698462.683499999344349 ], [ 1030248.146599999279715, 1698464.874299997929484 ], [ 1030249.212599999736995, 1698465.295900000492111 ], [ 1030255.842399999382906, 1698467.917300001718104 ], [ 1030264.561400000122376, 1698470.272299999836832 ], [ 1030279.521799999056384, 1698473.391100000124425 ], [ 1030283.301600000355393, 1698474.180299998493865 ], [ 1030287.579600000171922, 1698474.986500000813976 ], [ 1030289.116800000658259, 1698475.338500000769272 ], [ 1030295.678399999276735, 1698476.843899999279529 ], [ 1030331.016599998809397, 1698476.301500000292435 ], [ 1030350.860199999879114, 1698475.995899999747053 ], [ 1030364.097000001114793, 1698475.7923 ], [ 1030366.772599999327213, 1698475.75190000096336 ], [ 1030379.29099999985192, 1698475.559100000886247 ], [ 1030410.463600000948645, 1698475.080499998526648 ], [ 1030413.8828, 1698475.028500001877546 ], [ 1030432.165999999502674, 1698474.746700000483543 ], [ 1030442.921000000205822, 1698474.521699999459088 ], [ 1030449.985999999567866, 1698474.346100000664592 ], [ 1030449.137599999085069, 1698469.5165 ], [ 1030448.922999999718741, 1698468.295299999415874 ], [ 1030447.999400000204332, 1698462.52449999935925 ], [ 1030451.059600000269711, 1698462.842899999115616 ], [ 1030465.268800000892952, 1698466.745500000426546 ], [ 1030485.963000001385808, 1698472.429099998436868 ], [ 1030486.320300000254065, 1698475.447799997869879 ], [ 1030490.18869999924209, 1698508.132799999788404 ], [ 1030496.800699998508207, 1698540.347999999066815 ], [ 1030500.7483000010252, 1698555.39640000090003 ], [ 1030506.3341, 1698576.689799999585375 ], [ 1030514.8141, 1698617.240599999669939 ], [ 1030537.722899999353103, 1698609.687800000421703 ], [ 1030559.0016999989748, 1698596.255000000121072 ], [ 1030559.321100000524893, 1698596.381200000876561 ], [ 1030561.259299999452196, 1698599.952999999048188 ], [ 1030568.068899999256246, 1698591.360600001178682 ], [ 1030569.724699999438599, 1698585.284 ], [ 1030570.068100000498816, 1698584.0218 ], [ 1030569.060899999691173, 1698576.129400000907481 ], [ 1030569.33010000095237, 1698565.064200002932921 ], [ 1030571.3877, 1698555.834000000264496 ], [ 1030574.753700000233948, 1698550.54039999935776 ], [ 1030575.714500000467524, 1698548.801400000695139 ], [ 1030577.068100000498816, 1698551.8444 ], [ 1030577.852299999329261, 1698553.917399999685585 ], [ 1030578.611500000697561, 1698555.92479999945499 ], [ 1030580.296699999482371, 1698560.381200000178069 ], [ 1030586.698299999814481, 1698560.712799999164417 ], [ 1030591.709099999046884, 1698560.92780000064522 ], [ 1030600.998900000588037, 1698561.326600000495091 ], [ 1030649.527899999869987, 1698568.264399999054149 ], [ 1030664.571300001000054, 1698562.723400000249967 ], [ 1030686.189299999154173, 1698578.196600000374019 ], [ 1030729.21390000032261, 1698634.519800000358373 ], [ 1030733.619499999214895, 1698679.371200001100078 ], [ 1030737.843700000667013, 1698697.911599999759346 ], [ 1030739.304900000686757, 1698708.016799998935312 ], [ 1030744.824299999745563, 1698720.907199998619035 ], [ 1030751.190899999113753, 1698738.70299999951385 ], [ 1030768.164700000314042, 1698778.968399999197572 ], [ 1030785.053500000736676, 1698791.4228 ], [ 1030811.650300000328571, 1698816.442000000504777 ], [ 1030819.917300000786781, 1698824.716600000625476 ], [ 1030854.195300000137649, 1698858.073000001255423 ], [ 1030961.246499999659136, 1698907.536199999041855 ], [ 1031041.800299999653362, 1698891.859400000888854 ], [ 1031078.170300000929274, 1698904.902599999215454 ], [ 1031096.313299998757429, 1698902.344400001456961 ], [ 1031103.856900000246242, 1698901.354000001214445 ], [ 1031120.580300000379793, 1698900.367400000104681 ], [ 1031139.856900000246242, 1698901.0122 ], [ 1031150.677899998729117, 1698900.551200000569224 ], [ 1031164.41350000014063, 1698899.965999999316409 ], [ 1031176.859299999312498, 1698913.921800000127405 ], [ 1031198.44089999969583, 1698938.121799999848008 ], [ 1031256.073100000154227, 1699031.4575999986846 ], [ 1031322.515500000445172, 1699044.11460000067018 ], [ 1031366.022499999031425, 1699071.81540000019595 ], [ 1031367.316700000315905, 1699072.639399999752641 ], [ 1031400.164900001138449, 1699082.8166 ], [ 1031429.296699998900294, 1699117.831399999558926 ], [ 1031430.608300000312738, 1699154.84080000128597 ], [ 1031435.235900000552647, 1699198.119999997783452 ], [ 1031436.308099999558181, 1699203.009800000116229 ], [ 1031436.751500001293607, 1699205.031599999405444 ], [ 1031449.925099999294616, 1699265.107599999755621 ], [ 1031463.720900000887923, 1699301.530799998901784 ], [ 1031434.582299999892712, 1699308.303200001129881 ], [ 1031432.010700001497753, 1699310.656400000443682 ], [ 1031410.752699999487959, 1699330.109200000762939 ], [ 1031396.163299999549054, 1699363.100600000703707 ], [ 1031375.613699999521486, 1699469.720599999418482 ], [ 1031376.231299999752082, 1699498.898200000170618 ], [ 1031404.229699998861179, 1699515.424799998523667 ], [ 1031431.033499999321066, 1699568.010399998864159 ], [ 1031431.0521, 1699568.04700000048615 ], [ 1031439.883300000685267, 1699585.184800001326948 ], [ 1031454.10250000085216, 1699623.499999999301508 ], [ 1031454.750300001353025, 1699624.69920000131242 ], [ 1031471.145900000701658, 1699666.681800001068041 ], [ 1031458.148699999786913, 1699697.078199999406934 ], [ 1031449.034100000164472, 1699730.815199999371544 ], [ 1031439.394299999810755, 1699766.496200000867248 ], [ 1031453.602900000638328, 1699802.597999999299645 ], [ 1031460.63209999888204, 1699820.457800000207499 ], [ 1031463.2167, 1699841.6392 ], [ 1031465.718499999726191, 1699862.141400000313297 ], [ 1031465.375100000761449, 1699901.411199999507517 ], [ 1031514.670699999318458, 1699992.062999998452142 ], [ 1031515.17369999922812, 1700017.963799999793991 ], [ 1031506.558899998897687, 1700070.692199999466538 ], [ 1031513.975700000301003, 1700153.431199999758974 ], [ 1031523.614900000276975, 1700196.480199999874458 ], [ 1031545.351899998961017, 1700225.09499999973923 ], [ 1031552.532800000626594, 1700234.545699999667704 ], [ 1031565.203599999775179, 1700251.221499999519438 ], [ 1031601.931599998730235, 1700299.558499999344349 ], [ 1031670.998399999109097, 1700318.849300000350922 ], [ 1031727.114600000437349, 1700335.174499999033287 ], [ 1031729.012800000142306, 1700335.726799999596551 ], [ 1031769.926599999307655, 1700334.959300000220537 ], [ 1031778.520799999474548, 1700334.798099998850375 ], [ 1031797.5722, 1700321.099500001175329 ], [ 1031811.621800000197254, 1700343.955499999690801 ], [ 1031878.469399999477901, 1700452.703899998450652 ], [ 1031903.5608, 1700475.921100000152364 ], [ 1031918.10120000038296, 1700551.860500000417233 ], [ 1031892.03200000023935, 1700628.191099999006838 ], [ 1031889.734799998928793, 1700699.520099999615923 ], [ 1031895.4534, 1700734.7304 ], [ 1031850.655600000871345, 1700830.7051 ], [ 1031847.007000000448897, 1700928.4558999997098 ], [ 1031824.125600000843406, 1701002.639299999689683 ], [ 1031793.1442, 1701030.188899999251589 ], [ 1031779.467600000556558, 1701056.871500000357628 ], [ 1031749.491800000192598, 1701129.943100000265986 ], [ 1031745.6218000005465, 1701169.141699998872355 ], [ 1031731.126000001211651, 1701240.008600000524893 ], [ 1031719.016600000322796, 1701268.87629999872297 ], [ 1031714.915399999474175, 1701273.79869999946095 ], [ 1031722.140399998985231, 1701311.825099999317899 ], [ 1031780.25200000021141, 1701399.076099999481812 ], [ 1031807.912600001087412, 1701441.462500000372529 ], [ 1031832.239199999487028, 1701448.04590000025928 ], [ 1031845.820999999297783, 1701451.7213 ], [ 1031892.275200000265613, 1701471.464500000933185 ], [ 1031899.326399999554269, 1701487.058500000974163 ], [ 1031915.585000000428408, 1701523.014900001697242 ], [ 1031937.92380000045523, 1701562.154699999839067 ], [ 1031922.618799999821931, 1701607.871899998979643 ], [ 1031951.360200000577606, 1701640.31969999987632 ], [ 1031957.786599999759346, 1701647.574899999424815 ], [ 1031971.161999999079853, 1701686.241900000954047 ], [ 1031960.762000000337139, 1701717.475099999457598 ], [ 1031957.199400000623427, 1701749.828500001691282 ], [ 1031974.285599999362603, 1701779.662900000344962 ], [ 1031996.579600000404753, 1701807.4989 ], [ 1032016.982600000686944, 1701828.196900001261383 ], [ 1032027.206599999102764, 1701850.79630000051111 ], [ 1032056.018400000175461, 1701865.7005 ], [ 1032075.494199999375269, 1701892.840100001078099 ], [ 1032075.752, 1701894.624200000427663 ], [ 1032077.119600000907667, 1701945.740900001022965 ], [ 1032124.4162, 1701980.723099998664111 ], [ 1032103.382600001292303, 1702069.330499997828156 ], [ 1032107.461400001193397, 1702116.56969999987632 ], [ 1032100.742200000444427, 1702156.4603 ], [ 1032079.747000000206754, 1702179.150699998252094 ], [ 1032060.332999999751337, 1702214.168299999088049 ], [ 1032026.025399998645298, 1702241.9483 ], [ 1032069.233399999677204, 1702335.680299998261034 ], [ 1032052.063400001148693, 1702372.289100000634789 ], [ 1032035.882600000593811, 1702396.482500000391155 ], [ 1032042.875599999213591, 1702440.643300000578165 ], [ 1032026.873800000990741, 1702472.414500000653788 ], [ 1032018.840399999869987, 1702505.610699999844655 ], [ 1032040.138200000626966, 1702546.246099999174476 ], [ 1032046.850599999772385, 1702751.5799 ], [ 1032058.609400001470931, 1702779.419099999591708 ], [ 1032062.443399999756366, 1702829.253299999050796 ], [ 1032053.119799999520183, 1702849.9627 ], [ 1032067.063999999081716, 1702887.43610000028275 ], [ 1032067.676199999637902, 1702889.0815 ], [ 1032068.029999999445863, 1702917.700899999355897 ], [ 1032059.005999999120831, 1702955.923200001008809 ], [ 1032047.063600000110455, 1703006.50609999964945 ], [ 1032051.411099999328144, 1703020.473699999740347 ], [ 1032053.849199999123812, 1703028.307000001659617 ], [ 1032043.479600001242943, 1703117.071900001494214 ], [ 1032013.3636, 1703159.901000000536442 ], [ 1031995.010599999804981, 1703186.001299999654293 ], [ 1031981.581500001251698, 1703222.099800001597032 ], [ 1031966.983599999803118, 1703261.340099999448285 ], [ 1032000.576399998972192, 1703351.382099999114871 ], [ 1032006.327800000552088, 1703383.951500001363456 ], [ 1032001.462999999872409, 1703431.037499999860302 ], [ 1032009.381200000178069, 1703506.667300000553951 ], [ 1031998.923999999649823, 1703528.725899999728426 ], [ 1032007.070400000317022, 1703537.685899998992682 ], [ 1032033.522399999434128, 1703548.155999999493361 ], [ 1032061.605200000340119, 1703559.2716 ], [ 1032080.428800000809133, 1703598.444099999498576 ], [ 1032101.53100000123959, 1703629.1827 ], [ 1032108.02759999979753, 1703660.309900002088398 ], [ 1032138.150000000139698, 1703712.579499999526888 ], [ 1032163.558400001376867, 1703739.562499999068677 ], [ 1032183.566199999419041, 1703800.719900001771748 ], [ 1032201.344200000166893, 1703818.612299999222159 ], [ 1032236.89659999939613, 1703883.094900000607595 ], [ 1032249.02070000092499, 1703916.106499999528751 ], [ 1032255.964200000860728, 1703935.012300000526011 ], [ 1032306.422199999564327, 1703931.8119 ], [ 1032374.940400000778027, 1703942.606900001410395 ], [ 1032392.311599999433383, 1703909.267700001131743 ], [ 1032405.911999999778345, 1703872.0181 ], [ 1032421.400799998780712, 1703839.832699999213219 ], [ 1032440.8026, 1703819.488299998920411 ], [ 1032501.4394, 1703783.784299999009818 ], [ 1032521.776200001128018, 1703764.547700000461191 ], [ 1032558.342200000421144, 1703755.132899998920038 ], [ 1032610.222000000649132, 1703758.183500000275671 ], [ 1032640.502200000337325, 1703735.146600001025945 ], [ 1032677.143399999476969, 1703721.625300000421703 ], [ 1032719.91199999966193, 1703718.04759999923408 ], [ 1032756.787400000379421, 1703694.038899998413399 ], [ 1032781.176800000364892, 1703683.643899999093264 ], [ 1032814.059999999124557, 1703647.5077 ], [ 1032829.072800001362339, 1703638.590500001097098 ], [ 1032841.686800000956282, 1703631.098099999129772 ], [ 1032842.983200000599027, 1703630.956500000320375 ], [ 1032901.292000000481494, 1703624.589099999750033 ], [ 1032932.799399999552406, 1703586.406900000525638 ], [ 1032978.303199999383651, 1703547.968299999367446 ], [ 1033045.757599999196827, 1703468.141300000948831 ], [ 1033061.279199999640696, 1703445.349099999759346 ], [ 1033083.5888, 1703412.58909999881871 ], [ 1033103.707399999722838, 1703384.349700001534075 ], [ 1033122.241200000513345, 1703382.879899998195469 ], [ 1033150.341599998995662, 1703380.651500001084059 ], [ 1033293.8138, 1703473.933900000527501 ], [ 1033445.285400000517257, 1703499.1081 ], [ 1033500.7192, 1703451.637700000312179 ], [ 1033463.321200000471435, 1703419.68849999923259 ], [ 1033421.153000000864267, 1703324.399299999233335 ], [ 1033440.124600000563078, 1703307.225699999602512 ], [ 1033492.284400001401082, 1703260.009500000393018 ], [ 1033535.561199999297969, 1703205.89049999974668 ], [ 1033566.606000000727363, 1703147.235899999039248 ], [ 1033587.237400000798516, 1703054.354100000346079 ], [ 1033588.909399999305606, 1703046.826300001004711 ], [ 1033584.87439999927301, 1703010.313300000503659 ], [ 1033552.994599999510683, 1702943.86030000122264 ], [ 1033547.202800000784919, 1702890.949500000569969 ], [ 1033568.11939999985043, 1702843.264099999330938 ], [ 1033552.655600000172853, 1702814.304900000104681 ], [ 1033529.6492000001017, 1702793.063500000396743 ], [ 1033486.404400000814348, 1702750.668500000610948 ], [ 1033341.898400001460686, 1702642.937700000591576 ], [ 1033282.353399999672547, 1702607.169699999503791 ], [ 1033237.912999998778105, 1702520.579899999545887 ], [ 1033241.035199999227189, 1702430.123500000685453 ], [ 1033271.344199999468401, 1702327.1299 ], [ 1033281.821000000461936, 1702220.116900000255555 ], [ 1033305.818199998582713, 1702198.689300000201911 ], [ 1033334.876199999707751, 1702172.742499998304993 ], [ 1033363.458400000818074, 1702156.078500000294298 ], [ 1033366.197000000625849, 1702154.443299998762086 ], [ 1033359.962199999135919, 1702081.613900000695139 ], [ 1033364.666599999531172, 1702039.546900000888854 ], [ 1033368.468600001069717, 1702005.549699999392033 ], [ 1033397.742999999434687, 1701908.519699999829754 ], [ 1033409.691200000233948, 1701801.918099999660626 ], [ 1033457.383599999593571, 1701762.396299998508766 ], [ 1033476.172599999816157, 1701717.406300000380725 ], [ 1033476.863799999584444, 1701694.82609999855049 ], [ 1033434.362400000100024, 1701614.97029999922961 ], [ 1033422.322999999159947, 1701568.908900000387803 ], [ 1033429.724599999259226, 1701539.106299998937175 ], [ 1033425.016999998944812, 1701482.665699999546632 ], [ 1033412.298800000804476, 1701437.569299999857321 ], [ 1033417.7612, 1701408.110300001688302 ], [ 1033411.27260000037495, 1701387.150300001027063 ], [ 1033406.8246, 1701339.21669999952428 ], [ 1033416.478599999216385, 1701280.465299998642877 ], [ 1033419.679000000585802, 1701260.987700000870973 ], [ 1033423.19080000044778, 1701180.9585 ], [ 1033446.404799999669194, 1701062.39369999896735 ], [ 1033409.205599999870174, 1700942.349700000137091 ], [ 1033397.341399999801069, 1700803.240700000198558 ], [ 1033356.679599999682978, 1700656.299499999033287 ], [ 1033356.40580000076443, 1700654.498500000685453 ], [ 1033333.375600000377744, 1700448.2215 ], [ 1033391.290799998445436, 1700326.057899999897927 ], [ 1033388.574200000497513, 1700124.107699999585748 ], [ 1033496.301599999191239, 1699946.674699998693541 ], [ 1033497.70639999920968, 1699944.393699999898672 ], [ 1033510.22, 1699886.772099999245256 ], [ 1033550.037200000137091, 1699790.806699998909608 ], [ 1033568.74300000059884, 1699706.847899999003857 ], [ 1033578.024599999887869, 1699665.188300000503659 ], [ 1033537.082000000984408, 1699611.4435 ], [ 1033468.00960000033956, 1699552.389900001464412 ], [ 1033411.52500000060536, 1699515.183899999596179 ], [ 1033300.037600000272505, 1699467.388300000224262 ], [ 1033116.716000000247732, 1699459.402899999171495 ], [ 1033067.8734, 1699413.05089999944903 ], [ 1033019.397800001315773, 1699367.04759999900125 ], [ 1032972.855200000689365, 1699332.490299999713898 ], [ 1032964.767799998866394, 1699322.298499999102205 ], [ 1032962.053800000809133, 1699269.376300000352785 ], [ 1032964.635600000270642, 1699243.5721 ], [ 1032966.382400000351481, 1699226.11229999945499 ], [ 1032965.485999998752959, 1699186.4279 ], [ 1032957.763600001344457, 1699123.987300000153482 ], [ 1032951.247999998857267, 1699112.151699999114498 ], [ 1032941.006200000178069, 1699093.547300000675023 ], [ 1032934.939199999440461, 1699082.286900001345202 ], [ 1032872.772799999569543, 1699028.634899998549372 ], [ 1032855.123800001339987, 1699001.778899999335408 ], [ 1032853.034599999547936, 1698998.569099999265745 ], [ 1032847.844400000292808, 1698975.982499998994172 ], [ 1032846.020400000154041, 1698968.045100000686944 ], [ 1032847.197000000276603, 1698939.22150000045076 ], [ 1032868.996199999121018, 1698890.141100000590086 ], [ 1032862.86620000062976, 1698839.48090000031516 ], [ 1032862.648000000161119, 1698837.635899999877438 ], [ 1032867.00359999970533, 1698799.17259999900125 ], [ 1032883.86820000060834, 1698754.286100000375882 ], [ 1032875.695799999171868, 1698726.20310000050813 ], [ 1032870.358800000278279, 1698710.012300000991672 ], [ 1032892.912799999117851, 1698601.081499997759238 ], [ 1032895.846000000252388, 1698552.475899999262765 ], [ 1032926.526200001244433, 1698479.492900000652298 ], [ 1032972.183999999891967, 1698258.4459 ], [ 1032975.376800000318326, 1698218.514100001659244 ], [ 1032974.520800001220778, 1698199.373300000559539 ], [ 1032974.308999999775551, 1698196.619500000961125 ], [ 1032923.96580000105314, 1698114.644900000654161 ], [ 1032900.222799999173731, 1698080.040100001031533 ], [ 1032888.447, 1698025.3041 ], [ 1032887.904999999795109, 1698021.477699999697506 ], [ 1032884.004599999869242, 1697991.763900001067668 ], [ 1032883.599000001442619, 1697988.674299999140203 ], [ 1032882.255299999611452, 1697987.165499999187887 ], [ 1032865.295000000856817, 1697968.12169999955222 ], [ 1032850.806200000923127, 1697910.190899999579415 ], [ 1032845.361600000411272, 1697881.7113 ], [ 1032817.258400000282563, 1697809.889299998991191 ], [ 1032817.280399998999201, 1697799.995300000999123 ], [ 1032817.311799999093637, 1697785.8918999992311 ], [ 1032802.6408, 1697777.758300002198666 ], [ 1032770.892599998740479, 1697760.157100000418723 ], [ 1032735.158999999752268, 1697725.593300000298768 ], [ 1032726.194599999464117, 1697715.543099998496473 ], [ 1032714.428400000440888, 1697700.13010000041686 ], [ 1032724.731800000998192, 1697638.303500000620261 ], [ 1032790.588999999104999, 1697560.745699999621138 ], [ 1032833.396600000327453, 1697509.232100001303479 ], [ 1032851.289399999659508, 1697487.327099999412894 ], [ 1032868.754599999636412, 1697490.363899999763817 ], [ 1032899.510200001415797, 1697460.44590000086464 ], [ 1032894.024400001391768, 1697391.144100000150502 ], [ 1032911.858800000278279, 1697373.345500000286847 ], [ 1032924.8806, 1697359.785300000570714 ], [ 1032938.961599999456666, 1697352.102899999823421 ], [ 1032966.216999999247491, 1697338.119299999438226 ], [ 1032980.144700000528246, 1697327.727099999319762 ], [ 1033000.702799999038689, 1697312.387700001243502 ], [ 1033084.528399999253452, 1697322.664699999382719 ], [ 1033157.824999999138527, 1697321.850500001106411 ], [ 1033207.073399999295361, 1697213.41950000077486 ], [ 1033223.177399999345653, 1697177.691899999743327 ], [ 1033260.306799999671057, 1697122.64130000025034 ], [ 1033281.391800000797957, 1697075.193900001235306 ], [ 1033287.187999999616295, 1697062.0437 ], [ 1033289.107599998824298, 1697058.365700000664219 ], [ 1033302.712000000639819, 1697059.856700000353158 ], [ 1033319.770800000522286, 1697030.46970000048168 ], [ 1033322.831400000490248, 1697025.197300001047552 ], [ 1033250.252999998629093, 1697005.173700000159442 ], [ 1033119.968600000371225, 1696969.229499998968095 ], [ 1033068.924600000260398, 1696944.234000000171363 ], [ 1033021.841400001081638, 1696921.177899998612702 ], [ 1033005.6508, 1696913.249500001082197 ], [ 1032993.396799999522045, 1696907.248900000704452 ], [ 1032987.496199998771772, 1696902.242500000167638 ], [ 1032928.4494, 1696852.143499999772757 ], [ 1032901.436400000122376, 1696830.595100000267848 ], [ 1032857.645400000270456, 1696794.169900000561029 ], [ 1032808.571199999656528, 1696773.768700000364333 ], [ 1032783.383800000767224, 1696766.408399999374524 ], [ 1032760.088000001152977, 1696759.600900001358241 ], [ 1032710.519200001028366, 1696747.792500002076849 ], [ 1032700.655399998999201, 1696745.857699999585748 ], [ 1032614.173999999067746, 1696728.894299999577925 ], [ 1032520.556800001300871, 1696727.1275 ], [ 1032492.628200000617653, 1696727.070900000398979 ], [ 1032479.751600000192411, 1696720.810599998803809 ], [ 1032533.474199999589473, 1696661.306700001005083 ], [ 1032529.110599999781698, 1696660.222100001061335 ], [ 1032524.383999998797663, 1696659.445100000593811 ], [ 1032513.8576, 1696659.226100000785664 ], [ 1032510.775199999334291, 1696659.8873 ], [ 1032503.519000000320375, 1696658.570499999448657 ], [ 1032499.837200000998564, 1696657.490299999481067 ], [ 1032491.496999999741092, 1696653.7081 ], [ 1032482.938399999751709, 1696651.006400000769645 ], [ 1032672.601800000178628, 1696569.798100001877174 ], [ 1032770.8496, 1696557.551899999612942 ], [ 1032901.520800001220778, 1696439.683899999130517 ], [ 1032969.020400000386871, 1696360.952500001527369 ], [ 1032971.104, 1696359.506700000260025 ], [ 1032996.497999999206513, 1696341.701099999714643 ], [ 1033044.091600000392646, 1696230.111699999542907 ], [ 1033074.736800001119263, 1696168.084100001491606 ], [ 1033085.735999999335036, 1696141.874700002139434 ], [ 1033099.994599998812191, 1696038.9869 ], [ 1033113.839400000404567, 1696030.330299999332055 ], [ 1033216.998900000820868, 1695965.831500000320375 ], [ 1033216.197999999742024, 1695965.453500001691282 ], [ 1033178.372499998891726, 1695836.148499998962507 ], [ 1033139.513300000340678, 1695730.4645 ], [ 1033123.343500000191852, 1695686.488299999386072 ], [ 1033116.374499999568798, 1695647.0514 ], [ 1033099.916500000748783, 1695552.00239999871701 ], [ 1033092.488099999492988, 1695536.731500001158565 ], [ 1033063.500299999723211, 1695480.2059 ], [ 1033057.27930000051856, 1695467.720899999374524 ], [ 1033051.976400000974536, 1695466.4322 ], [ 1033024.441100000520237, 1695463.708699999377131 ], [ 1032999.635200000135228, 1695465.629500000737607 ], [ 1032996.816599999787286, 1695465.6427 ], [ 1032856.754099998739548, 1695434.966299998573959 ], [ 1032839.915099999401718, 1695417.336200001416728 ], [ 1032827.796199999400415, 1695407.065500000258908 ], [ 1032770.340700000524521, 1695320.59479999775067 ], [ 1032742.932499999413267, 1695301.509099999442697 ], [ 1032740.697200001217425, 1695247.91070000291802 ], [ 1032690.005800001090392, 1695116.667099999496713 ], [ 1032658.057000000262633, 1695085.519900001352653 ], [ 1032552.257399999769405, 1694980.653699998743832 ], [ 1032538.503900000476278, 1694967.021500000730157 ], [ 1032497.748100000433624, 1694934.107100000139326 ], [ 1032468.096800000173971, 1694901.352100000483915 ], [ 1032459.776800000225194, 1694892.16080000041984 ], [ 1032460.573600000352599, 1694800.056899999734014 ], [ 1032485.031000000890344, 1694739.410599998664111 ], [ 1032487.084300001035444, 1694734.318800001172349 ], [ 1032440.030399999232031, 1694642.106099999742582 ], [ 1032528.254500000155531, 1694534.563899999018759 ], [ 1032556.736700000590645, 1694499.844500001054257 ], [ 1032572.909299999359064, 1694480.1382 ], [ 1032542.743399998988025, 1694420.897700001019984 ], [ 1032541.488999999361113, 1694416.9858 ], [ 1032531.975599998957478, 1694387.311099999817088 ], [ 1032540.7077, 1694275.242299999576062 ], [ 1032554.009400000562891, 1694177.239199999719858 ], [ 1032542.022699999273755, 1694164.50609999964945 ], [ 1032388.102599999168888, 1694016.739500000141561 ], [ 1032376.233700000797398, 1693939.663100001402199 ], [ 1032370.307800000649877, 1693930.170100000221282 ], [ 1032341.516899999696761, 1693886.3697 ], [ 1032316.543100000242703, 1693854.845600000582635 ], [ 1032309.230000000447035, 1693845.016799999633804 ], [ 1032261.1975, 1693818.676899999380112 ], [ 1032253.935200000647455, 1693812.770199998281896 ], [ 1032208.674499999266118, 1693775.95769999967888 ], [ 1032193.427499999641441, 1693763.556600000942126 ], [ 1032136.527900000335649, 1693730.457300000591204 ], [ 1032126.39989999961108, 1693724.162000001175329 ], [ 1032122.607800000347197, 1693649.319100000197068 ], [ 1032122.0968, 1693633.729699998628348 ], [ 1032058.633600001456216, 1693615.982499998761341 ], [ 1032055.864799998700619, 1693613.379699999000877 ], [ 1032024.3108, 1693587.439899998949841 ], [ 1032009.517100000404753, 1693559.092100000707433 ], [ 1031964.824099999270402, 1693527.991699998965487 ], [ 1031956.277900000684895, 1693514.988600000739098 ], [ 1031913.4648, 1693459.522700000554323 ], [ 1031881.6693, 1693444.620300000300631 ], [ 1031858.792299998807721, 1693438.760699999053031 ], [ 1031710.982299999333918, 1693403.725099998759106 ], [ 1031591.2546, 1693398.687700000125915 ], [ 1031558.3089, 1693349.212500000372529 ], [ 1031518.71899999899324, 1693279.733899999409914 ], [ 1031459.728500000317581, 1693215.133699999190867 ], [ 1031450.658699999330565, 1693205.201499999500811 ], [ 1031435.838200000463985, 1693162.37150000105612 ], [ 1031457.470699999830686, 1693131.9489 ], [ 1031456.60180000110995, 1693131.292099999263883 ], [ 1031410.921200000797398, 1693096.766000000294298 ], [ 1031404.570800000219606, 1693059.679099998902529 ], [ 1031418.282700000680052, 1692950.602800000924617 ], [ 1031448.936599998618476, 1692929.648300000233576 ], [ 1031450.996700000949204, 1692878.073300001211464 ], [ 1031425.943800000357442, 1692785.035599997965619 ], [ 1031365.090500000631437, 1692612.5943 ], [ 1031234.303899998660199, 1692520.381100001046434 ], [ 1031151.678099999320693, 1692555.029100001091138 ], [ 1031095.489199998788536, 1692584.196900001727045 ], [ 1031086.12549999973271, 1692589.79749999800697 ], [ 1031029.779300000751391, 1692604.202900000382215 ], [ 1030957.13489999982994, 1692639.166699999477714 ], [ 1030813.656499999226071, 1692659.996699999785051 ], [ 1030785.48070000030566, 1692666.306299999123439 ], [ 1030767.115000000572763, 1692670.4187 ], [ 1030754.217099999426864, 1692678.85889999801293 ], [ 1030724.445499999448657, 1692698.340299999108538 ], [ 1030715.52959999977611, 1692701.713700000196695 ], [ 1030671.5350999989314, 1692715.764099999796599 ], [ 1030583.686700000544079, 1692726.694299999857321 ], [ 1030527.895999999367632, 1692741.03309999871999 ], [ 1030523.936000000103377, 1692742.2117000001017 ], [ 1030513.311400000937283, 1692745.374399997293949 ], [ 1030470.459200000273995, 1692703.012800001306459 ], [ 1030449.310399998677894, 1692632.870799998985603 ], [ 1030377.709800001117401, 1692553.181399998953566 ], [ 1030368.960600000456907, 1692468.713599999668077 ], [ 1030306.58359999966342, 1692381.2474 ], [ 1030288.322800000780262, 1692357.523800000548363 ], [ 1030250.014099999680184, 1692292.312800000421703 ], [ 1030242.605600000359118, 1692279.701499999500811 ], [ 1030232.226999999838881, 1692286.772500000661239 ], [ 1030195.796999999438412, 1692311.592200000537559 ], [ 1030192.422600000863895, 1692310.820399999851361 ], [ 1030187.592999999411404, 1692311.415400000289083 ], [ 1030172.276399999856949, 1692304.339400000870228 ], [ 1030127.454399999463931, 1692253.48439999949187 ], [ 1030126.528199999593198, 1692252.433599998475984 ], [ 1030103.446899999049492, 1692239.354000000515953 ], [ 1030059.702399999601766, 1692214.56540000019595 ], [ 1030047.337999999639578, 1692207.162799999583513 ], [ 1030008.552199998754077, 1692182.035800000885502 ], [ 1029993.539300000295043, 1692179.589 ], [ 1029922.066599999670871, 1692167.940599999856204 ], [ 1029896.015800000168383, 1692160.253900001291186 ], [ 1029869.307199999457225, 1692152.373400001553819 ], [ 1029851.753799999598414, 1692096.525800000643358 ], [ 1029841.243799999472685, 1692043.0068 ], [ 1029735.1554, 1691963.485400002449751 ], [ 1029717.787200001184829, 1691950.499399998923764 ], [ 1029663.506800000206567, 1691947.927200000500306 ], [ 1029511.475199999753386, 1691906.664000002201647 ], [ 1029460.126000000513159, 1691915.929699999280274 ], [ 1029446.09659999969881, 1691918.535 ], [ 1029399.403199999360368, 1691897.342000001110137 ], [ 1029338.229400000302121, 1691893.685799999628216 ], [ 1029262.273200000287034, 1691947.166999998968095 ], [ 1029109.1859999995213, 1691925.384400000330061 ], [ 1029100.926799998385832, 1691926.1953999993857 ], [ 1029032.336799999466166, 1691932.783800000324845 ], [ 1028929.752600001171231, 1691902.792400000849739 ], [ 1028820.37960000068415, 1691883.437399999238551 ], [ 1028688.6824, 1691866.6387 ], [ 1028674.124799999175593, 1691864.782000000588596 ], [ 1028599.236799998907372, 1691874.338600001530722 ], [ 1028510.520400000154041, 1691834.267199999652803 ], [ 1028465.235399998724461, 1691792.120400000596419 ], [ 1028391.516200000536628, 1691802.811799998627976 ], [ 1028354.95260000124108, 1691802.603399999439716 ], [ 1028231.779600000125356, 1691801.146400001598522 ], [ 1028230.845400000107475, 1691800.7854 ], [ 1028149.307599999476224, 1691794.142699998803437 ], [ 1028061.560600001364946, 1691799.005000000353903 ], [ 1028051.5120000008028, 1691795.998799999244511 ], [ 1027898.020399998873472, 1691753.613399999216199 ], [ 1027885.425400000996888, 1691750.135299999266863 ], [ 1027811.712399999261834, 1691715.887399999890476 ], [ 1027811.306999999796972, 1691715.698900000657886 ], [ 1027810.824900000938214, 1691715.475299999350682 ], [ 1027768.932099999045022, 1691725.719900002004579 ], [ 1027753.315499999327585, 1691729.53870000038296 ], [ 1027686.315799999865703, 1691735.747300000861287 ], [ 1027679.428700000280514, 1691733.234400000423193 ], [ 1027611.667600000975654, 1691708.508300000801682 ], [ 1027540.137700000312179, 1691695.746000000974163 ], [ 1027464.061400000355206, 1691666.550299999304116 ], [ 1027417.045900000492111, 1691611.854900001082569 ], [ 1027339.862999999080785, 1691592.410900000715628 ], [ 1027332.257500000763685, 1691591.761099998373538 ], [ 1027262.201600000844337, 1691585.771900000516325 ], [ 1027128.494699998642318, 1691637.571899999631569 ], [ 1027063.507199999759905, 1691632.678299999795854 ], [ 1026994.296200000680983, 1691627.466199999675155 ], [ 1026839.571100000408478, 1691662.862199998227879 ], [ 1026801.36079999874346, 1691689.441899998812005 ], [ 1026753.818300000741147, 1691722.513200000161305 ], [ 1026727.954099999042228, 1691740.504499999806285 ], [ 1026696.9450000008801, 1691715.572500001871958 ], [ 1026635.143199998768978, 1691696.16850000130944 ], [ 1026566.81799999892246, 1691690.009099999675527 ], [ 1026542.274299998884089, 1691682.715099999681115 ], [ 1026482.664200001163408, 1691664.999900000635535 ], [ 1026389.730099999462254, 1691729.805299999658018 ], [ 1026306.334899999550544, 1691754.367100000847131 ], [ 1026191.990300000179559, 1691712.988700001034886 ], [ 1026036.349799999501556, 1691700.976500001735985 ], [ 1025893.639900000416674, 1691741.880499999737367 ], [ 1025851.456299999845214, 1691748.297200000379235 ], [ 1025729.864400001009926, 1691766.792600001208484 ], [ 1025666.313799999421462, 1691695.882500001462176 ], [ 1025656.261899999110028, 1691554.595099998870865 ], [ 1025518.346199999563396, 1691606.295300000114366 ], [ 1025492.103999999351799, 1691617.049300000537187 ], [ 1025424.215099999099039, 1691616.220599999185652 ], [ 1025323.349800000665709, 1691612.341299998573959 ], [ 1025242.754600000102073, 1691609.24170000012964 ], [ 1025203.137400000821799, 1691607.7181 ], [ 1025124.610899999621324, 1691602.625499998917803 ], [ 1025123.594899999327026, 1691602.559699999634176 ], [ 1025110.605400000116788, 1691617.194099999731407 ], [ 1025080.198799999896437, 1691651.449699999764562 ], [ 1025071.2047, 1691659.343500001123175 ], [ 1025052.487400001147762, 1691675.771099999314174 ], [ 1025029.26130000082776, 1691696.156199999619275 ], [ 1024931.989000001223758, 1691781.528699998278171 ], [ 1024905.093399999430403, 1691803.231000001076609 ], [ 1024888.134200000786223, 1691816.916200001956895 ], [ 1024798.199200000730343, 1691992.751100001158193 ], [ 1024635.775800000294112, 1692008.674400000134483 ], [ 1024554.240000000223517, 1692041.462899999460205 ], [ 1024545.371599999372847, 1692045.029100001091138 ], [ 1024442.934699999284931, 1692032.931899998802692 ], [ 1024416.923800001037307, 1692029.859899999806657 ], [ 1024375.886500000371598, 1692081.239499998744577 ], [ 1024347.342199999839067, 1692116.977600000333041 ], [ 1024322.485399999888614, 1692148.098300001118332 ], [ 1024211.0876, 1692356.696500000311062 ], [ 1024156.137900001253001, 1692493.527499999850988 ], [ 1023965.144799999310635, 1692565.526499999687076 ], [ 1023923.30820000031963, 1692566.929599999450147 ], [ 1023801.390400000964291, 1692571.019099999219179 ], [ 1023755.378400000510737, 1692572.562499998835847 ], [ 1023715.787199999089353, 1692590.442600001115352 ], [ 1023681.608699999051169, 1692605.8781 ], [ 1023667.339599998900667, 1692704.386900000739843 ], [ 1023456.593200000235811, 1692933.564299999736249 ], [ 1023330.750300000770949, 1692998.079600001685321 ], [ 1023319.2891, 1693024.991399999475107 ], [ 1023265.107300001196563, 1693152.212500001303852 ], [ 1023135.401100000599399, 1693283.834499999880791 ], [ 1023105.839500000351109, 1693337.6719 ], [ 1023103.442100000218488, 1693342.331899999640882 ], [ 1023003.186099998652935, 1693526.990299998782575 ], [ 1023003.610000000800937, 1693537.115399999311194 ], [ 1023007.19629999960307, 1693622.788700000848621 ], [ 1023065.329100000555627, 1693755.796899999724701 ], [ 1023074.359500001184642, 1693776.458999999798834 ], [ 1022896.860000000451691, 1693967.327699999324977 ], [ 1022780.386600000900216, 1694390.730599998729303 ], [ 1022775.799800000851974, 1694408.675799999618903 ], [ 1022772.288999999291264, 1694422.130300001241267 ], [ 1022755.489999999874271, 1694479.800099999643862 ], [ 1022800.460699999821372, 1694631.437999999150634 ], [ 1022699.613699998590164, 1694797.0769 ], [ 1022644.017099998891354, 1694919.803699999349192 ], [ 1022560.781300000729971, 1694996.262099999701604 ], [ 1022542.645700001041405, 1695012.9207 ], [ 1022537.291199999628589, 1695017.184600000968203 ], [ 1022526.502499999827705, 1695025.775900000939146 ], [ 1022525.826600000844337, 1695026.319099999032915 ], [ 1022408.647600000258535, 1695099.896299999207258 ], [ 1022360.877199999056756, 1695129.8918999992311 ], [ 1022342.689699998940341, 1695147.525100001133978 ], [ 1022217.514100001309998, 1695268.887700001709163 ], [ 1022146.88849999953527, 1695337.362199998693541 ], [ 1022081.461599999805912, 1695367.7043 ], [ 1021728.889600001391955, 1695530.74650000105612 ], [ 1021610.559699999634176, 1695584.865799999795854 ], [ 1021508.157100000651553, 1695596.772900001145899 ], [ 1021453.956599999102764, 1695576.975600001402199 ], [ 1021269.650699999416247, 1695513.820200000191107 ], [ 1021140.392700000433251, 1695545.015699999639764 ], [ 1021078.761600000667386, 1695625.160599999362603 ], [ 1020957.456599999102764, 1695705.996700000949204 ], [ 1020842.188599999062717, 1695740.461800000164658 ], [ 1020746.483600001083687, 1695749.133300002431497 ], [ 1020599.40509999927599, 1695806.1601 ], [ 1020593.782599998638034, 1695812.033699999563396 ], [ 1020541.711899999645539, 1695870.521200000308454 ], [ 1020525.808699999004602, 1695888.384099998977035 ], [ 1020412.398799999733455, 1695931.34559999871999 ], [ 1020384.631899999687448, 1695941.392500000540167 ], [ 1020082.756399999838322, 1696001.2347 ], [ 1019825.211299998918548, 1696030.838400000240654 ], [ 1019802.163700000499375, 1696039.652299999725074 ], [ 1019702.35919999901671, 1696077.456599998520687 ], [ 1019645.886599998804741, 1696132.071699999272823 ], [ 1019624.655399998882785, 1696177.85090000089258 ], [ 1019543.989500001189299, 1696219.063500001328066 ], [ 1019522.692700000246987, 1696231.771900000283495 ], [ 1019177.029800000367686, 1696382.446299999020994 ], [ 1018964.207700001075864, 1696454.619499999564141 ], [ 1018817.795900000724941, 1696521.253100001486018 ], [ 1018727.673699999693781, 1696554.825999999651685 ], [ 1018716.761900000274181, 1696558.891100000590086 ], [ 1018709.317200000397861, 1696561.6645 ], [ 1018709.227599998936057, 1696561.731300000566989 ], [ 1018673.002499999362044, 1696588.515900001162663 ], [ 1018646.9207, 1696607.801300000865012 ], [ 1018628.845199999632314, 1696621.165999999735504 ], [ 1018619.95229999977164, 1696652.245100001804531 ], [ 1018608.140299998922274, 1696693.5255 ], [ 1018582.002100001089275, 1696784.872399999760091 ], [ 1018574.582199999596924, 1696810.80229999916628 ], [ 1018546.803699999232776, 1696911.1229 ], [ 1018533.545900000375696, 1696959.00290000019595 ], [ 1018525.735399999655783, 1696987.20920000039041 ], [ 1018503.035899999318644, 1697045.1318 ], [ 1018430.769999998621643, 1697229.534999999217689 ], [ 1018430.539699999499135, 1697312.419499999843538 ], [ 1018430.471999998902902, 1697336.624199998565018 ], [ 1018430.467700000735931, 1697338.2057 ], [ 1018424.689799998886883, 1697348.080600002547726 ], [ 1018413.588699999032542, 1697367.054500001017004 ], [ 1018388.19620000012219, 1697410.453600000590086 ], [ 1018360.638899999437854, 1697438.609700001776218 ], [ 1018324.1673, 1697475.874800000572577 ], [ 1018238.714099999866448, 1697677.302599999820814 ], [ 1018232.968100000987761, 1697688.697599999606609 ], [ 1018217.790100000682287, 1697718.7955 ], [ 1018201.63950000051409, 1697727.114699999801815 ], [ 1018137.878999999258667, 1697759.957300000824034 ], [ 1018125.570299999089912, 1697770.282500001136214 ], [ 1018074.702700001071207, 1697800.57509999955073 ], [ 1017989.24449999933131, 1697851.4666 ], [ 1017882.28349999897182, 1697915.163100000703707 ], [ 1017792.15909999946598, 1697971.865399999078363 ], [ 1017735.988700000452809, 1698047.259699999820441 ], [ 1017706.606, 1698111.591299999505281 ], [ 1017606.540499999653548, 1698339.02449999935925 ], [ 1017578.817500001052395, 1698402.0343 ], [ 1017511.735999999102205, 1698489.597200000425801 ], [ 1017368.927100000320934, 1698597.077899999683723 ], [ 1017301.176499999128282, 1698691.150600000750273 ], [ 1017299.459099999861792, 1698738.53870000038296 ], [ 1017298.437000000383705, 1698766.752100000157952 ], [ 1017316.583499999251217, 1698795.585699999704957 ], [ 1017370.980900000780821, 1698882.017699999734759 ], [ 1017459.63750000053551, 1699022.885299999732524 ], [ 1017515.580900000408292, 1699141.735500001581386 ], [ 1017522.5517999996664, 1699156.545299999415874 ], [ 1017409.462699999450706, 1699306.510299999732524 ], [ 1017226.9687, 1699639.022099999245256 ], [ 1017217.448900000890717, 1699656.36680000112392 ], [ 1017182.147900000563823, 1699715.712200002744794 ], [ 1017151.223499999148771, 1699831.177300001494586 ], [ 1017143.082800000440329, 1699861.572799999266863 ], [ 1017150.215500000165775, 1699878.400899999774992 ], [ 1017210.271299999556504, 1700020.083599999779835 ], [ 1017211.1253, 1700022.098500001011416 ], [ 1017229.14169999898877, 1700063.595899999141693 ], [ 1017230.894699999480508, 1700067.633999998681247 ], [ 1017229.194899998838082, 1700074.204699999652803 ], [ 1017185.8825000008801, 1700241.619100000243634 ], [ 1017180.387499999720603, 1700257.391900000395253 ], [ 1017181.6718, 1700279.509799998719245 ], [ 1017182.015300000552088, 1700292.641499999212101 ], [ 1017183.12430000025779, 1700335.061299999710172 ], [ 1017183.565400000428781, 1700351.935499999439344 ], [ 1017187.998100001132116, 1700430.187000000150874 ], [ 1017180.3342, 1700469.700099999085069 ], [ 1017171.37399999902118, 1700515.813100001076236 ], [ 1017123.39109999849461, 1700746.240400000475347 ], [ 1017116.237399999634363, 1700783.036499999696389 ], [ 1017155.7808, 1700932.678999999305233 ], [ 1017164.013400000636466, 1701112.410799999721348 ], [ 1017164.235100000514649, 1701117.16869999980554 ], [ 1017166.404400000348687, 1701163.683299998985603 ], [ 1017158.667999998549931, 1701318.789300000295043 ], [ 1017148.669899999396876, 1701361.937699998728931 ], [ 1017129.588299999129958, 1701444.290699999779463 ], [ 1017088.169299999251962, 1701563.911599999293685 ], [ 1017087.994599999510683, 1701564.391400001011789 ], [ 1017082.4019, 1701579.833600000245497 ], [ 1017085.209699998842552, 1701595.39710000064224 ], [ 1017088.207200000644661, 1701612.013399998890236 ], [ 1017088.235999999684282, 1701612.171100000152364 ], [ 1017106.403700000373647, 1701712.752900001127273 ], [ 1017108.679500000551343, 1701725.352899999590591 ], [ 1017142.2471, 1701848.935099999653175 ], [ 1017153.396299999556504, 1701889.982499998994172 ], [ 1017150.675700000487268, 1701947.568099999101833 ], [ 1017148.814500000793487, 1701986.973700000206009 ], [ 1017147.625400001299568, 1702012.141200000187382 ], [ 1017128.049299999373034, 1702160.239699999568984 ], [ 1017126.595500000403263, 1702172.880500000435859 ], [ 1017133.370699998806231, 1702330.238100001122802 ], [ 1017138.411300000734627, 1702447.311000000219792 ], [ 1017139.920900000724941, 1702458.56870000064373 ], [ 1017145.548200000892393, 1702500.524700000416487 ], [ 1017158.207099999766797, 1702594.913899999577552 ], [ 1017161.88689999980852, 1702622.352200000314042 ], [ 1017161.13969999901019, 1702629.3443 ], [ 1017160.34130000078585, 1702636.815899999812245 ], [ 1017160.128700000466779, 1702638.80449999962002 ], [ 1017159.514999999897555, 1702644.545900000957772 ], [ 1017223.536499999463558, 1702600.621699999086559 ], [ 1017296.730799999437295, 1702550.400699998484924 ], [ 1017429.273199999472126, 1702539.378500000108033 ], [ 1017609.722600001026876, 1702607.049900000914931 ], [ 1017721.500799998757429, 1702585.215899998787791 ], [ 1017910.551, 1702468.660300000803545 ], [ 1017923.62900000042282, 1702460.597300000721589 ], [ 1017935.766799999750219, 1702447.656700000399724 ], [ 1018079.10159999888856, 1702294.840700001455843 ], [ 1018139.7912, 1702263.284299998544157 ], [ 1018166.499500000849366, 1702273.147899999283254 ], [ 1018235.082399998558685, 1702298.476099999621511 ], [ 1018493.577600001357496, 1702524.9359 ], [ 1018592.663400001008995, 1702631.296499999472871 ], [ 1018647.599500000709668, 1702679.100800001062453 ], [ 1018743.858500000205822, 1702762.8631 ], [ 1018758.033800000441261, 1702775.197899999795482 ], [ 1018759.963200000463985, 1702788.9437000004109 ], [ 1018782.332200000179, 1702948.296500000171363 ], [ 1018794.792100001010112, 1703014.656800000462681 ], [ 1018824.698200000682846, 1703173.93610000028275 ], [ 1018874.074800000409596, 1703352.188100000377744 ], [ 1018927.56120000150986, 1703416.37470000050962 ], [ 1018963.542000001529232, 1703466.780999999726191 ], [ 1018989.091999999480322, 1703502.574099999852479 ], [ 1019045.890799999586307, 1703536.426399999298155 ], [ 1019114.758799999486655, 1703577.471499999286607 ], [ 1019141.551400000345893, 1703610.9716 ], [ 1019185.013, 1703665.313299999106675 ], [ 1019228.193400000920519, 1703682.864199999254197 ], [ 1019262.660100000794046, 1703696.873199998168275 ], [ 1019343.406400000443682, 1703729.692299999762326 ], [ 1019348.840300000738353, 1703731.901100000599399 ], [ 1019363.175200000638142, 1703737.7274999988731 ], [ 1019396.393799999495968, 1703771.952500000363216 ], [ 1019437.9013, 1703826.599900002125651 ], [ 1019483.276200001011603, 1703886.33849999983795 ], [ 1019519.813600000576116, 1703934.27549999859184 ], [ 1019604.061399999191053, 1704046.8947 ], [ 1019625.251099999528378, 1704070.6722999997437 ], [ 1019667.8141999989748, 1704118.4344 ], [ 1019666.933199998922646, 1704119.801200000336394 ], [ 1019671.753799999016337, 1704122.855300000403076 ], [ 1019795.370800000382587, 1704261.57109999936074 ], [ 1019856.972200000425801, 1704330.622500001220033 ], [ 1019963.3009, 1704399.869200000539422 ], [ 1019975.245799999800511, 1704407.648100000573322 ], [ 1019980.339, 1704409.144999998388812 ], [ 1020059.146, 1704432.308900000993162 ], [ 1020067.866200000979006, 1704437.5102 ], [ 1020100.093999999691732, 1704456.732899998314679 ], [ 1020218.140799999353476, 1704445.704899999545887 ], [ 1020247.115800000610761, 1704442.997700001113117 ], [ 1020361.512, 1704457.041499999817461 ], [ 1020430.6068000002997, 1704474.903100003022701 ], [ 1020741.744999999180436, 1704555.333900000434369 ], [ 1020899.588200000114739, 1704598.553099998738617 ], [ 1020961.1373999993084, 1704615.405699998605996 ], [ 1020987.229600001010112, 1704645.673899999819696 ], [ 1020994.187399999587797, 1704653.745300000999123 ], [ 1021014.865600000950508, 1704677.73270000028424 ], [ 1021026.571799999801442, 1704825.034900000318885 ], [ 1021027.603800000506453, 1704838.0197 ], [ 1021031.698999999789521, 1704849.962899998528883 ], [ 1021067.840400001150556, 1704955.36170000070706 ], [ 1021075.0304, 1704976.32969999872148 ], [ 1021088.450000001117587, 1704996.393300000578165 ], [ 1021201.95980000088457, 1705166.106499999761581 ], [ 1021220.68239999958314, 1705227.027499999152496 ], [ 1021252.00660000112839, 1705328.952700000954792 ], [ 1021264.4736, 1705326.871300000697374 ] ] ] } },
{ "type": "Feature", "properties": { "BASE_DATE": "20250630", "ADM_CD": "38570370", "ADM_NM": "단성면" }, "geometry": { "type": "Polygon", "coordinates": [ [ [ 1036562.09099999954924, 1707718.85789999878034 ], [ 1036569.011800001258962, 1707713.694499998120591 ], [ 1036577.8138000004692, 1707714.684699998935685 ], [ 1036585.794799999566749, 1707714.203700000420213 ], [ 1036598.24120000062976, 1707704.727300000376999 ], [ 1036602.068000001134351, 1707696.503900001524016 ], [ 1036606.933800000348128, 1707694.694100000429899 ], [ 1036613.835399999865331, 1707695.646900000981987 ], [ 1036615.313599999062717, 1707696.005099999485537 ], [ 1036615.759799999301322, 1707696.113100000424311 ], [ 1036626.161999998614192, 1707693.92469999846071 ], [ 1036652.991600000299513, 1707702.029699998907745 ], [ 1036675.7096, 1707708.693299999460578 ], [ 1036683.922999999835156, 1707705.807899999897927 ], [ 1036693.515000000828877, 1707702.438299999339506 ], [ 1036714.856999999727122, 1707683.539499999256805 ], [ 1036756.236399999237619, 1707660.08600000012666 ], [ 1036769.216800000169314, 1707652.728900001151487 ], [ 1036801.065199998905882, 1707651.371900000143796 ], [ 1036836.20580000046175, 1707649.351899999892339 ], [ 1036850.790800000540912, 1707647.691099999472499 ], [ 1036871.974199999123812, 1707644.721699998248369 ], [ 1036903.941599999321625, 1707621.318499998189509 ], [ 1036941.007599999546073, 1707593.77250000089407 ], [ 1036970.001600000774488, 1707569.012700000777841 ], [ 1036975.423999999416992, 1707564.319499998586252 ], [ 1036987.3918, 1707553.961099999025464 ], [ 1036999.689000000362284, 1707553.16249999939464 ], [ 1037020.406600000453182, 1707551.365299999481067 ], [ 1037033.769, 1707550.206299999495968 ], [ 1037055.254199999617413, 1707548.3427 ], [ 1037094.596800000639632, 1707545.500900000100955 ], [ 1037115.2867999994196, 1707541.818299998994917 ], [ 1037137.035999999148771, 1707535.3117 ], [ 1037159.23020000057295, 1707518.746500000590459 ], [ 1037220.116000000503846, 1707503.593699998687953 ], [ 1037288.383000001544133, 1707505.261099999770522 ], [ 1037325.984000000520609, 1707518.838300001109019 ], [ 1037359.568199999397621, 1707530.876700001768768 ], [ 1037379.9744, 1707531.406499999575317 ], [ 1037408.251000000745989, 1707523.9774999988731 ], [ 1037454.500800000620075, 1707503.531899999128655 ], [ 1037484.834399999585003, 1707502.855500000528991 ], [ 1037512.371000000159256, 1707520.568500000983477 ], [ 1037532.614399999263696, 1707533.850500000175089 ], [ 1037564.954400000511669, 1707555.229699998162687 ], [ 1037597.362599999527447, 1707558.266900000162423 ], [ 1037615.111600000876933, 1707555.893699999898672 ], [ 1037636.095599998603575, 1707550.476299999747425 ], [ 1037671.618800000404008, 1707548.983100001234561 ], [ 1037737.635399998980574, 1707547.009500002022833 ], [ 1037743.871599999489263, 1707546.823100000619888 ], [ 1037773.472399999853224, 1707545.936300001572818 ], [ 1037773.495400000363588, 1707545.885099999606609 ], [ 1037829.393999999505468, 1707420.951300001237541 ], [ 1037877.035400001332164, 1707319.193099999800324 ], [ 1037878.527600000263192, 1707307.795299998717383 ], [ 1037890.977400000556372, 1707212.695900000398979 ], [ 1037905.6474, 1707114.775300000794232 ], [ 1037926.199399999110028, 1707018.393100001849234 ], [ 1037929.860599999665283, 1706989.916300000390038 ], [ 1037938.970000000321306, 1706919.065700001548976 ], [ 1037980.6364, 1706821.087899999693036 ], [ 1038032.529399999883026, 1706743.67109999852255 ], [ 1038201.903599999495782, 1706603.352700000628829 ], [ 1038280.507199999410659, 1706555.121099999407306 ], [ 1038372.046400000341237, 1706517.069499999517575 ], [ 1038743.421000000438653, 1706433.090700000990182 ], [ 1038880.453200001036748, 1706311.3145 ], [ 1038898.299200000939891, 1706295.4553 ], [ 1039068.427000000374392, 1706147.234900000505149 ], [ 1039213.638799999607727, 1706015.601299999281764 ], [ 1039333.355199999758042, 1705922.527900000102818 ], [ 1039453.378599999821745, 1705829.215700000990182 ], [ 1039605.136800001026131, 1705711.231499998830259 ], [ 1039757.01639999949839, 1705371.972700000740588 ], [ 1039769.05800000031013, 1705345.0747 ], [ 1039789.422600000281818, 1705304.156099999090657 ], [ 1039806.205599999520928, 1705235.017500000307336 ], [ 1039859.59279999951832, 1705083.268900000490248 ], [ 1039865.355800000485033, 1705060.245899999514222 ], [ 1039883.552599999820814, 1704987.548699998995289 ], [ 1039899.1816, 1704910.121899999212474 ], [ 1039934.075599999167025, 1704773.915300001390278 ], [ 1039940.376799998921342, 1704751.422900000354275 ], [ 1040008.077200000407174, 1704509.759099998511374 ], [ 1040058.772399999666959, 1704277.291500000515953 ], [ 1040089.0576, 1704143.37099999957718 ], [ 1040096.47840000060387, 1704110.556099998764694 ], [ 1040088.841200000606477, 1704086.376700000837445 ], [ 1040088.30319999915082, 1703829.965100000146776 ], [ 1040088.08119999896735, 1703724.1743 ], [ 1040141.414400000474416, 1703619.23210000153631 ], [ 1040278.202800000319257, 1703350.07689999951981 ], [ 1040337.9674, 1703232.479499998735264 ], [ 1040375.595799999078736, 1703168.866700001060963 ], [ 1040381.053200000314973, 1703159.554499999852851 ], [ 1040451.074599999003112, 1703040.0715 ], [ 1040505.892600000137463, 1702988.71250000083819 ], [ 1040590.199999999487773, 1702908.954100000904873 ], [ 1040686.135399999213405, 1702822.6963 ], [ 1040726.0676, 1702787.579700000584126 ], [ 1040736.212200000300072, 1702778.658299998380244 ], [ 1040910.59279999951832, 1702625.306299998890609 ], [ 1040934.394600001047365, 1702595.077500000596046 ], [ 1041057.079400001326576, 1702524.152400000253692 ], [ 1041087.94260000041686, 1702506.310100000351667 ], [ 1041186.6954, 1702462.742300000973046 ], [ 1041394.255599999218248, 1702399.478100000182167 ], [ 1041587.074399999575689, 1702379.688099999446422 ], [ 1042011.965600000461563, 1702369.595100000500679 ], [ 1042086.781999998725951, 1702367.817900000140071 ], [ 1042170.477599999285303, 1702323.631700000492856 ], [ 1042408.822400000179186, 1702197.800499999895692 ], [ 1042439.223399999202229, 1702181.5351 ], [ 1042518.940600001020357, 1702137.10270000086166 ], [ 1042569.454600000171922, 1702108.784700000658631 ], [ 1042585.636399999610148, 1702097.906300000846386 ], [ 1042718.8876, 1701948.754899999126792 ], [ 1042767.4962, 1701894.3461 ], [ 1042783.943000001017936, 1701697.095300000160933 ], [ 1042759.841999999829568, 1701617.384700000518933 ], [ 1042721.633200000273064, 1701491.015100000426173 ], [ 1042662.996799999265932, 1701297.890100000659004 ], [ 1042656.254799999529496, 1701265.71610000077635 ], [ 1042627.552, 1701128.739900000859052 ], [ 1042607.420699998969212, 1701032.669199999189004 ], [ 1042579.305599998799153, 1700898.497500000987202 ], [ 1042533.98239999904763, 1700850.593499999027699 ], [ 1042491.269399999757297, 1700805.4487 ], [ 1042457.387400000588968, 1700768.90019999910146 ], [ 1042425.956199998850934, 1700737.343900002539158 ], [ 1042422.832800000905991, 1700627.925300000235438 ], [ 1042417.746399998664856, 1700449.748299998929724 ], [ 1042423.049200000590645, 1700339.687899998389184 ], [ 1042424.905800000531599, 1700281.971500000916421 ], [ 1042426.142199999303557, 1700243.535299999173731 ], [ 1042454.126400000648573, 1700215.54759999923408 ], [ 1042477.994200000655837, 1700193.074899999424815 ], [ 1042479.300200001336634, 1700191.618100000545382 ], [ 1042487.942999999271706, 1700183.031500001437962 ], [ 1042495.143799998913892, 1700175.876700000837445 ], [ 1042535.113300001248717, 1700137.916800000704825 ], [ 1042546.449799998896196, 1700127.150300000794232 ], [ 1042570.217599998926744, 1700101.480699998792261 ], [ 1042631.42640000092797, 1700107.542100000195205 ], [ 1042669.68300000031013, 1700136.847899998771027 ], [ 1042682.815599999623373, 1700137.589500001166016 ], [ 1042693.230999999679625, 1700140.2359 ], [ 1042714.654799999087118, 1700134.427899999544024 ], [ 1042736.121600000187755, 1700133.576299999607727 ], [ 1042759.719599999836646, 1700125.232500000158325 ], [ 1042759.224, 1700123.089100000448525 ], [ 1042783.592400001361966, 1700123.480399998836219 ], [ 1042794.7684, 1700123.659900000784546 ], [ 1042786.932400001212955, 1700122.468500000424683 ], [ 1042765.724600000889041, 1700119.244100002106279 ], [ 1042774.826400000485592, 1700116.0499 ], [ 1042782.317599999252707, 1700116.011099999770522 ], [ 1042807.34900000016205, 1700096.940099998842925 ], [ 1042837.745000000926666, 1700058.408299998380244 ], [ 1042883.831399999558926, 1700017.628499999875203 ], [ 1042913.802399999578483, 1699979.422599999466911 ], [ 1042965.0294, 1699942.426200000569224 ], [ 1042986.413200001232326, 1699936.152300000190735 ], [ 1043005.463800000143237, 1699930.56330000073649 ], [ 1043018.578999998862855, 1699912.569499999517575 ], [ 1043035.147999998996966, 1699889.837100000120699 ], [ 1043088.095000000670552, 1699858.932100000558421 ], [ 1043133.971, 1699802.171900000190362 ], [ 1043161.287600000970997, 1699776.985299999825656 ], [ 1043187.996000000508502, 1699738.368899998487905 ], [ 1043208.765200000372715, 1699722.063100000377744 ], [ 1043247.586799999698997, 1699753.630100001115352 ], [ 1043277.875399999320507, 1699765.93610000028275 ], [ 1043285.335400001145899, 1699768.967100000474602 ], [ 1043296.704800000297837, 1699755.20630000019446 ], [ 1043325.822200000518933, 1699734.480500000528991 ], [ 1043340.797400000621565, 1699723.8213 ], [ 1043358.678200000431389, 1699718.182900001993403 ], [ 1043377.144799999077804, 1699712.359899999573827 ], [ 1043436.534999999217689, 1699636.581300000660121 ], [ 1043444.043199999607168, 1699627.001299999421462 ], [ 1043507.124799999524839, 1699614.473899999633431 ], [ 1043579.509599999524653, 1699631.849300001049414 ], [ 1043579.833599998615682, 1699631.927100001601502 ], [ 1043581.479200000641868, 1699630.8817 ], [ 1043610.178400000440888, 1699612.649700000649318 ], [ 1043620.702199999825098, 1699605.964299999410287 ], [ 1043645.962399998679757, 1699589.917099999031052 ], [ 1043770.541000000899658, 1699584.312899999087676 ], [ 1043782.644600001163781, 1699583.768499999539927 ], [ 1043826.69900000107009, 1699510.205299999332055 ], [ 1043844.643599999719299, 1699499.118899998953566 ], [ 1043854.653000000864267, 1699492.934900001389906 ], [ 1043893.930799999623559, 1699486.092499998398125 ], [ 1043924.5302, 1699480.762199999764562 ], [ 1043972.826800000621006, 1699442.247899999842048 ], [ 1043974.921400001272559, 1699440.577499998966232 ], [ 1043987.363399999565445, 1699436.834299998590723 ], [ 1044007.753399999346584, 1699430.700099999085069 ], [ 1044027.776799999759533, 1699404.2247 ], [ 1044130.238799999235198, 1699271.766500000143424 ], [ 1044140.486199999810196, 1699239.178099999204278 ], [ 1044149.2368, 1699209.51310000079684 ], [ 1044225.3598, 1699150.974500001873821 ], [ 1044224.996200000285171, 1699149.442100000102073 ], [ 1044215.688799999654293, 1699154.635700000450015 ], [ 1044213.965400001150556, 1699148.202400001231581 ], [ 1044196.507699999492615, 1699083.037199999438599 ], [ 1044177.93269999907352, 1699013.701199999311939 ], [ 1044167.934500000439584, 1698987.52779999980703 ], [ 1044160.625099998898804, 1698968.393400001106784 ], [ 1044152.5501000006916, 1698947.248199999332428 ], [ 1044130.744099999894388, 1698905.073399999877438 ], [ 1044147.212299999198876, 1698813.404200000222772 ], [ 1044127.235700000892393, 1698790.626199999824166 ], [ 1044104.26349999953527, 1698773.393799998797476 ], [ 1044071.6929, 1698708.190600001253188 ], [ 1044043.666600000811741, 1698589.872300000395626 ], [ 1044089.99689999956172, 1698516.351199998985976 ], [ 1044091.21329999959562, 1698464.738700000336394 ], [ 1044092.528699999675155, 1698408.92960000038147 ], [ 1044103.1599, 1698363.935999999754131 ], [ 1044095.801099998760037, 1698341.3642 ], [ 1044117.144700000411831, 1698288.707200001692399 ], [ 1044167.232499999343418, 1698214.618200001074001 ], [ 1044204.008500000229105, 1698142.342199999373406 ], [ 1044213.47629999963101, 1698110.0754 ], [ 1044225.804500000202097, 1698068.059000000124797 ], [ 1044226.199699998833239, 1698060.552600000519305 ], [ 1044224.214300000225194, 1698019.881199999712408 ], [ 1044223.322499999776483, 1698013.307400000281632 ], [ 1044219.84450000023935, 1697987.654999999562278 ], [ 1044216.406100000138395, 1697962.26560000074096 ], [ 1044208.746099999407306, 1697905.704800000879914 ], [ 1044204.295699999434873, 1697901.598999999230728 ], [ 1044154.870099999126978, 1697856.001800000434741 ], [ 1044155.14329999871552, 1697854.16059999819845 ], [ 1044163.957899999222718, 1697794.740200000116602 ], [ 1044160.340900000883266, 1697775.490000000223517 ], [ 1044147.015700000687502, 1697704.575999999418855 ], [ 1044142.586500001023524, 1697681.005599999800324 ], [ 1044087.1253, 1697638.009800001280382 ], [ 1044030.2801, 1697591.270199997816235 ], [ 1044006.194299999624491, 1697571.466600001091138 ], [ 1044007.606900000479072, 1697562.622000000439584 ], [ 1044008.376900000148453, 1697557.80100000067614 ], [ 1044009.328699999721721, 1697536.1116 ], [ 1044010.9403, 1697499.377599999774247 ], [ 1043970.253700001165271, 1697419.29160000057891 ], [ 1043963.04849999921862, 1697385.680699999211356 ], [ 1043960.683500000508502, 1697374.647199999773875 ], [ 1043938.897900000447407, 1697353.785800001118332 ], [ 1043937.5349, 1697352.480599998729303 ], [ 1043934.663500000722706, 1697349.7312 ], [ 1043919.159900001133792, 1697335.393399998778477 ], [ 1043915.7601, 1697336.606000000843778 ], [ 1043850.262100000167266, 1697359.7623 ], [ 1043767.430099999764934, 1697339.87540000048466 ], [ 1043741.079699999419972, 1697332.197799998568371 ], [ 1043702.008899999666028, 1697312.03639999893494 ], [ 1043652.362499999580905, 1697304.365400000475347 ], [ 1043637.461900001158938, 1697321.36820000060834 ], [ 1043592.193900000187568, 1697360.839400000870228 ], [ 1043580.822900000959635, 1697358.809599998639897 ], [ 1043572.266500000841916, 1697356.539599999319762 ], [ 1043507.149500000406988, 1697350.369000001810491 ], [ 1043473.017899999860674, 1697337.715799999423325 ], [ 1043425.064899998600595, 1697285.259800000116229 ], [ 1043394.73209999979008, 1697299.20160000026226 ], [ 1043337.031700000283308, 1697325.724400001112372 ], [ 1043268.701099999132566, 1697308.509000000543892 ], [ 1043237.961900001624599, 1697308.590799998724833 ], [ 1043204.288499999092892, 1697302.255000000819564 ], [ 1043180.9779, 1697303.556600000709295 ], [ 1043177.002699999022298, 1697303.778599999845028 ], [ 1043150.32790000049863, 1697296.95380000048317 ], [ 1043123.256799999740906, 1697290.027699999511242 ], [ 1043091.255199999315664, 1697281.839999998919666 ], [ 1043069.747100001201034, 1697276.337200000649318 ], [ 1043047.1173, 1697196.727999998489395 ], [ 1043030.361899999086745, 1697163.45490000071004 ], [ 1043040.948499999241903, 1697125.876800002064556 ], [ 1043052.107500000856817, 1697086.266599999042228 ], [ 1043015.906500000390224, 1697001.3594 ], [ 1043024.158899999805726, 1696964.3736 ], [ 1043026.211100000655279, 1696858.6484 ], [ 1043005.922500000684522, 1696814.763300000689924 ], [ 1042989.611700000124983, 1696802.146400000667199 ], [ 1042989.843299999134615, 1696800.679199997801334 ], [ 1042995.192900000605732, 1696766.780600001104176 ], [ 1043002.818899999489076, 1696718.456199999433011 ], [ 1043019.500699999392964, 1696672.959400000981987 ], [ 1043009.18729999975767, 1696623.244799999520183 ], [ 1043010.019699999480508, 1696610.919799999566749 ], [ 1043011.46230000059586, 1696589.557 ], [ 1043031.456399998627603, 1696570.517199999652803 ], [ 1043036.326499999733642, 1696565.879699999466538 ], [ 1043034.942399999359623, 1696539.117000000318512 ], [ 1043033.783100000582635, 1696516.703400000697002 ], [ 1043026.812699999194592, 1696419.400200000498444 ], [ 1043024.4514, 1696406.176400000695139 ], [ 1043022.130099999019876, 1696393.176699999719858 ], [ 1043021.521499999566004, 1696389.76920000067912 ], [ 1043023.378499999060296, 1696386.95549999922514 ], [ 1043039.065300000831485, 1696363.185299998847768 ], [ 1043033.24629999930039, 1696351.452799999155104 ], [ 1043008.58550000062678, 1696301.731100001372397 ], [ 1042994.063700000755489, 1696226.570499999215826 ], [ 1043007.9734, 1696095.710899999365211 ], [ 1043008.295500000938773, 1696092.680400000885129 ], [ 1043001.285100000328384, 1696087.414800000376999 ], [ 1042964.598699999507517, 1696059.859700000844896 ], [ 1042946.683499999693595, 1695975.183199999155477 ], [ 1042943.888100000447594, 1695961.754899998893961 ], [ 1042934.022699999506585, 1695916.450599999632686 ], [ 1042933.999099998734891, 1695829.232899999013171 ], [ 1042969.141099998960271, 1695752.903100000927225 ], [ 1042959.76929999969434, 1695732.769299999345094 ], [ 1042943.309500001370907, 1695711.933900001225993 ], [ 1042934.49449999933131, 1695673.065800000214949 ], [ 1042941.413099999190308, 1695653.989800001028925 ], [ 1042926.097700000507757, 1695591.625399999320507 ], [ 1042941.898699998739175, 1695534.152000000933185 ], [ 1042922.071299999137409, 1695455.615899999858811 ], [ 1042925.724699999787845, 1695411.365499998442829 ], [ 1042928.056300000753254, 1695383.123999998904765 ], [ 1042913.1007, 1695334.6195 ], [ 1042929.611900000250898, 1695272.033199998782948 ], [ 1042922.299100000876933, 1695247.97800000035204 ], [ 1042954.115299999481067, 1695185.48369999974966 ], [ 1042905.222500000149012, 1695098.042400000616908 ], [ 1042903.763099999865517, 1695076.24730000179261 ], [ 1042884.422500000800937, 1695068.801200000802055 ], [ 1042884.928700000979006, 1695064.263599999248981 ], [ 1042827.750899999635294, 1695140.416600000113249 ], [ 1042785.607099999440834, 1695192.275199998868629 ], [ 1042781.593900000560097, 1695197.399900002172217 ], [ 1042759.042100001126528, 1695198.950200001243502 ], [ 1042752.488000000244938, 1695199.400699999649078 ], [ 1042732.05370000062976, 1695200.805400000419468 ], [ 1042727.847099999897182, 1695180.98289999878034 ], [ 1042727.594900000141934, 1695175.450200001709163 ], [ 1042716.705700000980869, 1695143.625399999553338 ], [ 1042695.686299999477342, 1695032.33409999939613 ], [ 1042677.690300000598654, 1694952.498199998866767 ], [ 1042674.151300000376068, 1694934.313100000144914 ], [ 1042667.480300000868738, 1694900.03499999968335 ], [ 1042656.475899999262765, 1694886.197200002148747 ], [ 1042549.174499999731779, 1694751.270000000484288 ], [ 1042509.113299999386072, 1694703.103999999817461 ], [ 1042466.559099999605678, 1694666.427300000563264 ], [ 1042383.116499998839572, 1694650.264699998544529 ], [ 1042266.921900001121685, 1694599.417099999031052 ], [ 1042253.522299999371171, 1694593.638300000224262 ], [ 1042159.511200000531971, 1694583.686499999836087 ], [ 1042047.298299999325536, 1694571.807800001231954 ], [ 1041846.943500000284985, 1694504.20799999916926 ], [ 1041741.451999999349937, 1694467.915599999483675 ], [ 1041712.981099999858998, 1694458.120600000489503 ], [ 1041621.850700000533834, 1694428.237999999895692 ], [ 1041547.09190000151284, 1694415.252199999289587 ], [ 1041418.9615, 1694325.864199999254197 ], [ 1041386.437099999166094, 1694309.174799998290837 ], [ 1041334.9677, 1694281.110199999762699 ], [ 1041312.521299999323674, 1694267.806800000369549 ], [ 1041270.813599999295548, 1694244.431499999249354 ], [ 1041243.423900000518188, 1694229.080600001849234 ], [ 1041236.879499999806285, 1694225.412599998759106 ], [ 1041190.315300000132993, 1694206.044099999126047 ], [ 1041139.918899999698624, 1694185.976600000634789 ], [ 1041071.542500001261942, 1694162.498400000389665 ], [ 1041071.537100001005456, 1694162.873199998168275 ], [ 1041045.791099999449216, 1694154.440400000661612 ], [ 1040950.155899998731911, 1694126.051300000632182 ], [ 1040903.215899999486282, 1694123.2642 ], [ 1040830.700700001092628, 1694119.386999999638647 ], [ 1040797.620500000542961, 1694119.063799998955801 ], [ 1040789.800699998857453, 1694118.987400000682101 ], [ 1040721.296499999705702, 1694118.936000000685453 ], [ 1040720.782099999603815, 1694119.061399998841807 ], [ 1040711.827299999538809, 1694121.244599998928607 ], [ 1040680.939199999673292, 1694209.05790000082925 ], [ 1040674.633400000631809, 1694226.9844 ], [ 1040663.088600000715815, 1694267.88799999980256 ], [ 1040655.6231000010157, 1694283.909700000658631 ], [ 1040602.749800000805408, 1694371.4097 ], [ 1040594.522800001432188, 1694385.024399998132139 ], [ 1040573.728799999458715, 1694411.19980000029318 ], [ 1040567.8828, 1694417.1712 ], [ 1040560.207799998810515, 1694424.016499999212101 ], [ 1040559.237900000647642, 1694424.881799998460338 ], [ 1040548.042900000582449, 1694434.474599998677149 ], [ 1040537.529099999344908, 1694443.921100000152364 ], [ 1040510.974599999608472, 1694473.992000001249835 ], [ 1040492.236700000357814, 1694493.310499999206513 ], [ 1040477.696999999578111, 1694505.022800000617281 ], [ 1040440.339999999501742, 1694520.32700000051409 ], [ 1040423.6571, 1694525.603899999521673 ], [ 1040396.649399999529123, 1694530.974599998677149 ], [ 1040378.474099999759346, 1694532.136200000299141 ], [ 1040367.297300000791438, 1694530.687 ], [ 1040352.540699999779463, 1694525.325200002174824 ], [ 1040331.858200000366196, 1694519.796099998988211 ], [ 1040315.684000000590459, 1694516.739700000965968 ], [ 1040299.959999999497086, 1694517.001299999188632 ], [ 1040279.792099999729544, 1694520.851700000232086 ], [ 1040268.130499999853782, 1694525.126800000201911 ], [ 1040250.053999999421649, 1694538.39479999942705 ], [ 1040256.684900000109337, 1694546.004199999850243 ], [ 1040260.094899999443442, 1694549.917600001208484 ], [ 1040262.438099998980761, 1694556.0752 ], [ 1040262.154400001396425, 1694561.381300000939518 ], [ 1040262.111800000537187, 1694562.161000000778586 ], [ 1040263.824899999424815, 1694567.6698 ], [ 1040263.867599999648519, 1694572.075199999846518 ], [ 1040263.8834, 1694573.574799999361858 ], [ 1040263.885499999509193, 1694573.9805 ], [ 1040261.356799999251962, 1694579.534499999601394 ], [ 1040259.557300001266412, 1694580.803300002356991 ], [ 1040255.556200001039542, 1694587.177799999713898 ], [ 1040239.034899999387562, 1694616.338699999731034 ], [ 1040182.088300000294112, 1694730.979399999370798 ], [ 1040153.74149999988731, 1694756.181899999268353 ], [ 1040134.38970000075642, 1694773.21059999987483 ], [ 1040119.622000000206754, 1694779.906099999090657 ], [ 1040083.614599999622442, 1694789.09229999827221 ], [ 1040024.753999999142252, 1694800.463 ], [ 1039950.634600000805221, 1694820.2048 ], [ 1039925.039199999533594, 1694827.0219 ], [ 1039922.578700000653043, 1694840.526000001002103 ], [ 1039919.021499999333173, 1694858.277799998875707 ], [ 1039919.337299999897368, 1694887.474399999715388 ], [ 1039884.803300000494346, 1694921.610599999781698 ], [ 1039881.126900000381283, 1694927.163000001804903 ], [ 1039879.257899999036454, 1694929.883400001563132 ], [ 1039873.323900000657886, 1694969.574400000972673 ], [ 1039862.840300000272691, 1694988.362400001613423 ], [ 1039857.287099999841303, 1694996.712200001580641 ], [ 1039848.382899999851361, 1694984.41 ], [ 1039826.0197, 1694979.011999999405816 ], [ 1039794.585099998861551, 1694967.743200000142679 ], [ 1039764.170499999308959, 1694956.193999998504296 ], [ 1039716.098100000526756, 1694934.865599999204278 ], [ 1039652.736900000250898, 1694979.063900000415742 ], [ 1039629.158699999446981, 1694995.511200001230463 ], [ 1039545.464499998721294, 1695052.332000001100823 ], [ 1039526.56049999978859, 1695068.711400000145659 ], [ 1039489.292100000893697, 1695081.189200001070276 ], [ 1039439.0138999997871, 1695085.880000000819564 ], [ 1039389.729700000490993, 1695098.707000000867993 ], [ 1039387.798299999325536, 1695098.835000000661239 ], [ 1039338.629499998874962, 1695112.303400000557303 ], [ 1039297.0906, 1695111.181199999526143 ], [ 1039286.062100000563078, 1695110.883400001097471 ], [ 1039246.20830000040587, 1695097.598800000268966 ], [ 1039228.889899998903275, 1695092.25840000086464 ], [ 1039213.825700000976212, 1695087.613199999323115 ], [ 1039201.203999999794178, 1695091.095000000204891 ], [ 1039193.592300000251271, 1695093.1948000008706 ], [ 1039145.3059, 1695095.322799999266863 ], [ 1039112.388500000815839, 1695079.3466 ], [ 1039094.392799998633564, 1695073.144999999552965 ], [ 1039091.388500001397915, 1695072.1096 ], [ 1039089.8857, 1695072.136000000173226 ], [ 1038998.82970000046771, 1695073.739800000563264 ], [ 1038989.266100000706501, 1695070.439800000283867 ], [ 1038908.693300000857562, 1695044.9196 ], [ 1038892.633899998734705, 1695039.833000000566244 ], [ 1038856.250399999320507, 1695030.05320000089705 ], [ 1038800.89510000043083, 1695015.17380000045523 ], [ 1038713.286299999803305, 1694967.304600000148639 ], [ 1038681.62710000097286, 1694963.6702 ], [ 1038678.593299998901784, 1694963.390599999111146 ], [ 1038636.7695, 1694955.401400000788271 ], [ 1038616.70389999973122, 1694958.654800000134856 ], [ 1038615.710799999651499, 1694958.815599998924881 ], [ 1038603.103199998964556, 1694961.061399999074638 ], [ 1038583.360099999699742, 1694967.323000001488253 ], [ 1038549.278000000980683, 1695019.083700000308454 ], [ 1038526.388099998934194, 1695029.920199999120086 ], [ 1038507.477699999464676, 1695060.653699998278171 ], [ 1038503.773300000582822, 1695151.7029 ], [ 1038500.324200000497513, 1695184.032400001538917 ], [ 1038499.742299999343231, 1695189.486300000688061 ], [ 1038472.672899999655783, 1695298.034 ], [ 1038399.500300000188872, 1695277.020600001094863 ], [ 1038387.303199999732897, 1695273.5179 ], [ 1038343.774400001508184, 1695277.092299999203533 ], [ 1038323.534599999315105, 1695283.899399999063462 ], [ 1038318.044599999673665, 1695285.745999997714534 ], [ 1038291.093599999672733, 1695292.460200000554323 ], [ 1038211.750599999562837, 1695250.072799999266863 ], [ 1038174.510500000789762, 1695200.179600001312792 ], [ 1038147.171500000986271, 1695163.551999999210238 ], [ 1038129.86539999989327, 1695052.068600002443418 ], [ 1038125.494699998991564, 1695000.2410000001546 ], [ 1038136.3267, 1694963.607200000435114 ], [ 1038137.3607, 1694952.766800000332296 ], [ 1038139.501799999270588, 1694930.319900000933558 ], [ 1038139.742300000158139, 1694927.797999999718741 ], [ 1038080.210199998691678, 1694910.602800001390278 ], [ 1038078.259299999452196, 1694910.0393 ], [ 1038058.110699999029748, 1694912.72450000140816 ], [ 1038058.334900000481866, 1694909.190799999516457 ], [ 1038060.264200000325218, 1694878.786599999060854 ], [ 1038056.344100000686012, 1694868.937200000276789 ], [ 1038028.0106, 1694797.752000000560656 ], [ 1038026.669599999673665, 1694779.5511 ], [ 1037987.750099999131635, 1694843.906400001607835 ], [ 1037962.469399999012239, 1694847.631400000769645 ], [ 1037932.696099999709986, 1694840.636600002180785 ], [ 1037929.488099999725819, 1694840.978099999018013 ], [ 1037902.378299999516457, 1694843.864000001689419 ], [ 1037904.337700000964105, 1694834.616200000513345 ], [ 1037900.560100000118837, 1694808.073799999896437 ], [ 1037895.217200000886805, 1694770.535000000614673 ], [ 1037882.381699998630211, 1694726.982999999076128 ], [ 1037839.428100000368431, 1694707.434600001433864 ], [ 1037826.91160000115633, 1694688.174600000493228 ], [ 1037812.18390000029467, 1694641.704800000414252 ], [ 1037812.480199999641627, 1694625.199799998197705 ], [ 1037780.198099999688566, 1694531.061000000685453 ], [ 1037769.570499999332242, 1694520.160199999110773 ], [ 1037731.065600000554696, 1694480.665799999376759 ], [ 1037635.582199999713339, 1694438.1906 ], [ 1037617.327700001304038, 1694426.8459 ], [ 1037585.223799998755567, 1694406.894200003473088 ], [ 1037547.126200000522658, 1694409.619999998947605 ], [ 1037546.4788, 1694409.666200000559911 ], [ 1037548.053700001095422, 1694407.797 ], [ 1037548.335800000466406, 1694407.4624 ], [ 1037580.172099998919293, 1694369.676599999656901 ], [ 1037604.176500000874512, 1694327.447100001154467 ], [ 1037625.807599999359809, 1694280.527000000700355 ], [ 1037611.750900001032278, 1694241.251800000201911 ], [ 1037569.043799999868497, 1694209.086999997030944 ], [ 1037490.159300000406802, 1694036.665300000458956 ], [ 1037482.152700001257472, 1694002.744200001237914 ], [ 1037452.321999998646788, 1693986.683599999174476 ], [ 1037448.424599999794737, 1693984.585199999623001 ], [ 1037423.490700000431389, 1693952.471100001595914 ], [ 1037422.526600001496263, 1693948.56679999968037 ], [ 1037429.5153, 1693940.332000000635162 ], [ 1037427.146399998804554, 1693935.376800001366064 ], [ 1037428.414900001371279, 1693928.430199998430908 ], [ 1037439.012000000686385, 1693881.79539999878034 ], [ 1037448.041800000355579, 1693842.057700000470504 ], [ 1037417.639700001338497, 1693812.62459999974817 ], [ 1037404.43590000027325, 1693789.27800000179559 ], [ 1037434.300699998624623, 1693729.753499999176711 ], [ 1037481.520500000566244, 1693648.406400001375005 ], [ 1037465.225900001008995, 1693608.66719999932684 ], [ 1037441.256199998781085, 1693550.210799999767914 ], [ 1037435.047100000316277, 1693501.183200001483783 ], [ 1037440.681100000510924, 1693488.497400001389906 ], [ 1037455.469299999531358, 1693455.198499999474734 ], [ 1037456.316199999768287, 1693397.592800000682473 ], [ 1037432.433100000955164, 1693366.22859999909997 ], [ 1037414.700599999167025, 1693336.628200000151992 ], [ 1037425.93470000103116, 1693303.795199998887256 ], [ 1037412.604500000132248, 1693253.691500001121312 ], [ 1037396.904399999766611, 1693227.011600001482293 ], [ 1037386.01309999905061, 1693211.627399999648333 ], [ 1037373.644999998505227, 1693194.157799998996779 ], [ 1037357.249, 1693121.078600001055747 ], [ 1037361.831899998825975, 1693094.28380000195466 ], [ 1037376.854299998958595, 1693014.947999999858439 ], [ 1037373.715500000398606, 1692958.739700001198798 ], [ 1037372.060899998992682, 1692929.113299998221919 ], [ 1037360.302899998961948, 1692908.255600000731647 ], [ 1037345.251700000604615, 1692862.984099999768659 ], [ 1037339.348499999614432, 1692805.058200001483783 ], [ 1037350.927599999355152, 1692792.055999998934567 ], [ 1037379.720200000796467, 1692759.72440000064671 ], [ 1037380.110299999010749, 1692759.286700000520796 ], [ 1037380.13140000088606, 1692757.982999999308959 ], [ 1037380.329900000244379, 1692745.737 ], [ 1037380.694800000521354, 1692723.184800000861287 ], [ 1037370.720500000170432, 1692674.04079999960959 ], [ 1037370.418099999777041, 1692672.549399999435991 ], [ 1037371.69249999942258, 1692670.063600000925362 ], [ 1037376.549099999363534, 1692660.589899999089539 ], [ 1037378.006100000115111, 1692657.747800000477582 ], [ 1037382.524299998534843, 1692636.840799998724833 ], [ 1037378.673900000518188, 1692613.588000000221655 ], [ 1037395.333300000755116, 1692557.175200000405312 ], [ 1037396.087300000130199, 1692549.015600000275299 ], [ 1037397.349499998614192, 1692535.354399999137968 ], [ 1037364.432299999520183, 1692516.832800000440329 ], [ 1037342.192700000246987, 1692489.303999999538064 ], [ 1037340.5259, 1692484.343599999789149 ], [ 1037331.130300000892021, 1692433.799599998630583 ], [ 1037317.866899999557063, 1692362.751800001133233 ], [ 1037314.124299999675713, 1692301.744599999859929 ], [ 1037314.06909999914933, 1692300.8444 ], [ 1037336.689900000230409, 1692279.381800000555813 ], [ 1037280.04970000020694, 1692224.032199999084696 ], [ 1037277.009300000732765, 1692193.685399998910725 ], [ 1037256.947899999213405, 1692149.212200000183657 ], [ 1037191.219900000607595, 1692093.677399999462068 ], [ 1037176.604899999685585, 1692089.255600001197308 ], [ 1037155.204299999168143, 1692084.777399998391047 ], [ 1037116.387100000632927, 1692094.391599998343736 ], [ 1037059.399500000639819, 1692108.5065 ], [ 1037000.675300001283176, 1692038.583799999207258 ], [ 1036992.410600000526756, 1692032.730499999830499 ], [ 1036953.782299999613315, 1692005.372400003485382 ], [ 1036906.929499999736436, 1691988.592800002545118 ], [ 1036890.623300000675954, 1691994.179599999682978 ], [ 1036858.204099999391474, 1692005.286599999060854 ], [ 1036762.410299998591654, 1692038.106199999339879 ], [ 1036741.744899999233894, 1692051.632600000593811 ], [ 1036651.532699999515899, 1692110.917199999559671 ], [ 1036585.353299999493174, 1692158.08479999913834 ], [ 1036582.939300000434741, 1692189.176 ], [ 1036568.865700000664219, 1692234.163599999621511 ], [ 1036541.745099999359809, 1692282.124999999767169 ], [ 1036453.190699999337085, 1692337.670399999478832 ], [ 1036416.153499999432825, 1692351.417599999345839 ], [ 1036353.741899998742156, 1692421.117799998959526 ], [ 1036344.217700000386685, 1692427.080200000666082 ], [ 1036345.174499999731779, 1692458.332199998665601 ], [ 1036344.951499999733642, 1692459.489 ], [ 1036332.99709999980405, 1692521.529599999310449 ], [ 1036312.858099999139085, 1692512.650299999397248 ], [ 1036300.313699998892844, 1692507.134199998341501 ], [ 1036231.893299998599105, 1692532.089999999152496 ], [ 1036219.684700000332668, 1692527.3794 ], [ 1036155.385700000100769, 1692502.5698000008706 ], [ 1036115.897900000214577, 1692474.967499998398125 ], [ 1036065.5573, 1692431.09900000016205 ], [ 1036062.065500000375323, 1692428.063200002536178 ], [ 1036015.332899998640642, 1692410.097999999299645 ], [ 1035987.078700000885874, 1692385.2904 ], [ 1035932.896099998964928, 1692366.759799999883398 ], [ 1035912.089499999419786, 1692370.02140000090003 ], [ 1035909.208699999842793, 1692369.947199999820441 ], [ 1035908.05730000033509, 1692370.71000000089407 ], [ 1035902.312700000707991, 1692370.545200000749901 ], [ 1035897.459700000588782, 1692370.722200001124293 ], [ 1035891.193500000634231, 1692370.923800001619384 ], [ 1035888.892499999026768, 1692371.279999999329448 ], [ 1035887.131099999300204, 1692371.549599998630583 ], [ 1035883.70290000049863, 1692372.06000000028871 ], [ 1035875.979300000704825, 1692375.16139999916777 ], [ 1035869.906300000729971, 1692379.629600000567734 ], [ 1035866.814100000192411, 1692383.191500000655651 ], [ 1035864.83809999935329, 1692387.8934 ], [ 1035864.33910000056494, 1692390.947000000625849 ], [ 1035864.316499999258667, 1692391.711999999592081 ], [ 1035864.226700001396239, 1692394.741600000299513 ], [ 1035862.1747, 1692394.647800000617281 ], [ 1035858.727699998766184, 1692392.2272 ], [ 1035845.5143, 1692382.947599999606609 ], [ 1035835.488300000550225, 1692375.126999999629334 ], [ 1035828.393900000141002, 1692369.162399999797344 ], [ 1035826.822699999203905, 1692368.7326 ], [ 1035824.139699999825098, 1692367.988800000399351 ], [ 1035818.633500000461936, 1692366.4694 ], [ 1035813.086900001042522, 1692365.604599999496713 ], [ 1035808.423899999703281, 1692365.143800000660121 ], [ 1035805.3359, 1692362.76979999942705 ], [ 1035797.309900000807829, 1692357.462800001725554 ], [ 1035790.937499999185093, 1692350.744599999627098 ], [ 1035783.789900000672787, 1692336.907400000840425 ], [ 1035783.038500000722706, 1692335.458400001283735 ], [ 1035776.848099999711849, 1692341.518800001358613 ], [ 1035766.392300000647083, 1692344.5784 ], [ 1035758.179899999406189, 1692346.406600000336766 ], [ 1035741.179699999163859, 1692353.085000002756715 ], [ 1035735.830299998749979, 1692353.565599999390543 ], [ 1035712.988699998706579, 1692364.4036 ], [ 1035706.247300000162795, 1692364.520600000396371 ], [ 1035705.030899998615496, 1692367.001200000755489 ], [ 1035703.674099999596365, 1692381.303200001362711 ], [ 1035696.345299999811687, 1692406.868799998424947 ], [ 1035696.308499999111518, 1692407.014399999054149 ], [ 1035692.183500000508502, 1692423.377599999541417 ], [ 1035688.996499999426305, 1692432.185699998633936 ], [ 1035688.438100001076236, 1692459.852999999187887 ], [ 1035686.466900001047179, 1692471.912399999797344 ], [ 1035687.018700000364333, 1692480.886199999600649 ], [ 1035685.030299998703413, 1692492.05460000038147 ], [ 1035684.434500000439584, 1692498.918000000528991 ], [ 1035680.035899998387322, 1692500.0698000008706 ], [ 1035678.515300000784919, 1692499.422400001436472 ], [ 1035671.709899999201298, 1692496.538799998816103 ], [ 1035660.02910000027623, 1692491.28580000041984 ], [ 1035655.402299999492243, 1692489.436000000452623 ], [ 1035649.529099998879246, 1692472.931399999884889 ], [ 1035641.02849999954924, 1692447.344400000292808 ], [ 1035625.5806999997003, 1692410.429400000721216 ], [ 1035618.9673, 1692394.625600000377744 ], [ 1035605.782900000805967, 1692374.637599999317899 ], [ 1035573.559499999391846, 1692365.481799999484792 ], [ 1035561.611500000231899, 1692361.850200000219047 ], [ 1035552.400099999504164, 1692359.039999999571592 ], [ 1035519.80950000078883, 1692415.536599998362362 ], [ 1035519.42349999898579, 1692416.2056 ], [ 1035518.6539, 1692419.853200001642108 ], [ 1035511.499500000849366, 1692453.774200000800192 ], [ 1035501.564099999610335, 1692505.54020000086166 ], [ 1035476.321199999772944, 1692530.507699999725446 ], [ 1035513.4759, 1692568.103700000792742 ], [ 1035513.314100000192411, 1692571.512099999468774 ], [ 1035513.211799999233335, 1692575.224900000263005 ], [ 1035513.054500000434928, 1692578.743099999846891 ], [ 1035512.632200000341982, 1692588.764599999412894 ], [ 1035512.206299999845214, 1692600.129499998874962 ], [ 1035508.90510000125505, 1692686.223500000312924 ], [ 1035508.50550000090152, 1692696.798699998529628 ], [ 1035507.933900000411086, 1692710.9561 ], [ 1035507.69990000128746, 1692718.302999998675659 ], [ 1035507.370300000533462, 1692728.721700000343844 ], [ 1035506.433599999756552, 1692771.113099998794496 ], [ 1035506.379699999233708, 1692778.277100000530481 ], [ 1035506.204099999275059, 1692786.712099999189377 ], [ 1035505.49969999876339, 1692791.533400000538677 ], [ 1035502.704899999895133, 1692813.462300000945106 ], [ 1035492.816399999661371, 1692853.267699999036267 ], [ 1035491.115899998811074, 1692865.342700001783669 ], [ 1035483.035100000328384, 1692924.787099998677149 ], [ 1035481.789300001342781, 1692934.492999999783933 ], [ 1035481.670900000841357, 1692935.416099999565631 ], [ 1035481.343199999071658, 1692937.60370000032708 ], [ 1035481.489799998467788, 1692937.923900000285357 ], [ 1035482.276200000429526, 1692944.254899999359623 ], [ 1035486.532700001145713, 1692971.240299999248236 ], [ 1035487.628300000564195, 1692978.64729999913834 ], [ 1035487.830699998885393, 1692982.3417 ], [ 1035490.809400000143796, 1693015.383500002324581 ], [ 1035491.170899999211542, 1693018.886099998140708 ], [ 1035491.948800001526251, 1693028.084900001063943 ], [ 1035492.381899999454618, 1693031.76909999945201 ], [ 1035493.546400000690483, 1693039.899499997729436 ], [ 1035494.912799999583513, 1693050.463999999687076 ], [ 1035504.112900001113303, 1693120.038699999451637 ], [ 1035506.339100000914186, 1693136.415999999269843 ], [ 1035450.762400000239722, 1693265.511899999342859 ], [ 1035448.967799998703413, 1693269.680299999192357 ], [ 1035446.227900000987574, 1693276.043900000862777 ], [ 1035334.422799998894334, 1693537.452299998840317 ], [ 1035286.879099999205209, 1693648.612500000745058 ], [ 1035310.329100000439212, 1693738.34749999968335 ], [ 1035324.664800000144169, 1693764.859099998604506 ], [ 1035408.416400001035072, 1693919.745799999218434 ], [ 1035413.7489, 1693947.609300000360236 ], [ 1035436.048600001260638, 1694061.2682000012137 ], [ 1035436.897899999399669, 1694064.496299999766052 ], [ 1035447.598699999391101, 1694105.168700000504032 ], [ 1035455.701100001344457, 1694135.965099999215454 ], [ 1035456.085699999704957, 1694137.427499999757856 ], [ 1035460.53780000063125, 1694149.948499999474734 ], [ 1035476.541200000909157, 1694196.081900001037866 ], [ 1035491.803100001183338, 1694239.669299999251962 ], [ 1035515.232300000730902, 1694306.546900000190362 ], [ 1035546.00159999972675, 1694393.42310000048019 ], [ 1035546.997199999634176, 1694395.626100000459701 ], [ 1035603.02520000084769, 1694536.504500000271946 ], [ 1035606.718500001472421, 1694547.424299999838695 ], [ 1035625.3227, 1694604.307299998123199 ], [ 1035642.397099999594502, 1694657.105300003197044 ], [ 1035659.371700000599958, 1694709.333200000459328 ], [ 1035659.866699999431148, 1694710.379100000252947 ], [ 1035660.088199999649078, 1694711.103100001113489 ], [ 1035660.1372, 1694711.907500001601875 ], [ 1035685.502800000831485, 1694788.787499998928979 ], [ 1035696.107400000910275, 1694821.3639 ], [ 1035705.643500000820495, 1694850.65929999970831 ], [ 1035723.896300000371411, 1694905.88099999865517 ], [ 1035725.680899999570101, 1694911.62470000074245 ], [ 1035732.017100000521168, 1694932.018200002377853 ], [ 1035732.477600000333041, 1694933.256699999095872 ], [ 1035747.179699999513105, 1694986.671399998711422 ], [ 1035749.2696, 1694995.593100001104176 ], [ 1035752.15599999926053, 1695006.299699999857694 ], [ 1035766.045100000570528, 1695060.737500000745058 ], [ 1035762.407900001038797, 1695072.394899999490008 ], [ 1035748.931700000306591, 1695071.718900000676513 ], [ 1035746.416699999710545, 1695071.58100000070408 ], [ 1035703.1045, 1695069.208300000987947 ], [ 1035703.4068, 1695060.5269 ], [ 1035659.107299999450333, 1695061.146199999842793 ], [ 1035667.0628, 1695105.782699999865144 ], [ 1035667.416499999468215, 1695139.799299998674542 ], [ 1035666.335400000214577, 1695144.843399998731911 ], [ 1035653.946100000990555, 1695141.052300001261756 ], [ 1035588.322400000179186, 1695122.177699999883771 ], [ 1035482.722300000139512, 1695121.667499999515712 ], [ 1035440.96349999983795, 1695106.3913 ], [ 1035434.200400001602247, 1695103.735500001348555 ], [ 1035381.390499999048188, 1695070.270100000314415 ], [ 1035365.926199999637902, 1695060.470599999884143 ], [ 1035286.936399999307469, 1695062.497999999672174 ], [ 1035280.814099999610335, 1695062.655099997762591 ], [ 1035269.658700000145473, 1695055.904900000663474 ], [ 1035203.860600000363775, 1695016.090900000650436 ], [ 1035163.756900000618771, 1694952.211799998069182 ], [ 1035163.831900000106543, 1694937.090299999108538 ], [ 1035080.856999999494292, 1694992.0299 ], [ 1035073.457600000197999, 1694996.832900000270456 ], [ 1035069.7174, 1694999.244699998991564 ], [ 1035056.929199999314733, 1695009.788100002799183 ], [ 1034973.665899999439716, 1695078.587899999460205 ], [ 1034876.082600000197999, 1695094.283900000387803 ], [ 1034855.79339999880176, 1695098.976700000930578 ], [ 1034853.3355, 1695098.876299998955801 ], [ 1034838.8045, 1695098.283500000601634 ], [ 1034834.979299999424256, 1695095.518300000112504 ], [ 1034811.14769999939017, 1695078.29060000134632 ], [ 1034775.787299999850802, 1695067.002400000346825 ], [ 1034702.801199998473749, 1695095.175100000808015 ], [ 1034688.384400000562891, 1695105.657500001136214 ], [ 1034685.851200000266545, 1695107.499500001082197 ], [ 1034613.619700000155717, 1695160.017500001005828 ], [ 1034490.260500000207685, 1695150.908500001532957 ], [ 1034359.677500000456348, 1695147.608100000303239 ], [ 1034324.277099999249913, 1695147.4981 ], [ 1034182.019600001396611, 1695162.707900001434609 ], [ 1034125.371699999668635, 1695142.460200001252815 ], [ 1034066.543099999427795, 1695121.432900000363588 ], [ 1034059.730600000824779, 1695157.157900000456721 ], [ 1034075.248299999395385, 1695230.955100000137463 ], [ 1034082.909799998858944, 1695287.877699998440221 ], [ 1034082.119999999878928, 1695422.392099999822676 ], [ 1034092.126099998946302, 1695455.573799999430776 ], [ 1034106.751700000837445, 1695476.709499998949468 ], [ 1034150.180600000661798, 1695540.319299999624491 ], [ 1034164.123299999628216, 1695646.042899999301881 ], [ 1034186.639900000533089, 1695752.878799998667091 ], [ 1034181.921699999831617, 1695765.089500001398847 ], [ 1034181.158700000145473, 1695767.064099998213351 ], [ 1034162.4836, 1695816.860100000165403 ], [ 1034108.977599998819642, 1695870.908399998210371 ], [ 1034086.518199999816716, 1695879.027699999278411 ], [ 1034063.557800000417046, 1695887.328199998475611 ], [ 1034061.797799999825656, 1695887.964500000700355 ], [ 1034056.0052, 1695891.6844999990426 ], [ 1034024.735299998777919, 1695911.766000000759959 ], [ 1033955.469200001098216, 1695981.852900000289083 ], [ 1033937.327700001304038, 1695983.27849999954924 ], [ 1033868.5116, 1696004.290699999779463 ], [ 1033794.968399998731911, 1696056.4515 ], [ 1033732.412900000694208, 1696073.9809 ], [ 1033678.991699998965487, 1696082.842299998737872 ], [ 1033645.959899999201298, 1696098.328299998771399 ], [ 1033579.301200000569224, 1696129.579 ], [ 1033532.633299998822622, 1696116.39650000189431 ], [ 1033453.668400000198744, 1696066.287100000306964 ], [ 1033444.229299999307841, 1696062.817900000605732 ], [ 1033345.888500000932254, 1696026.673900001915172 ], [ 1033216.998900000820868, 1695965.831500000320375 ], [ 1033113.839400000404567, 1696030.330299999332055 ], [ 1033099.994599998812191, 1696038.9869 ], [ 1033085.735999999335036, 1696141.874700002139434 ], [ 1033074.736800001119263, 1696168.084100001491606 ], [ 1033044.091600000392646, 1696230.111699999542907 ], [ 1032996.497999999206513, 1696341.701099999714643 ], [ 1032971.104, 1696359.506700000260025 ], [ 1032969.020400000386871, 1696360.952500001527369 ], [ 1032901.520800001220778, 1696439.683899999130517 ], [ 1032770.8496, 1696557.551899999612942 ], [ 1032672.601800000178628, 1696569.798100001877174 ], [ 1032482.938399999751709, 1696651.006400000769645 ], [ 1032491.496999999741092, 1696653.7081 ], [ 1032499.837200000998564, 1696657.490299999481067 ], [ 1032503.519000000320375, 1696658.570499999448657 ], [ 1032510.775199999334291, 1696659.8873 ], [ 1032513.8576, 1696659.226100000785664 ], [ 1032524.383999998797663, 1696659.445100000593811 ], [ 1032529.110599999781698, 1696660.222100001061335 ], [ 1032533.474199999589473, 1696661.306700001005083 ], [ 1032479.751600000192411, 1696720.810599998803809 ], [ 1032492.628200000617653, 1696727.070900000398979 ], [ 1032520.556800001300871, 1696727.1275 ], [ 1032614.173999999067746, 1696728.894299999577925 ], [ 1032700.655399998999201, 1696745.857699999585748 ], [ 1032710.519200001028366, 1696747.792500002076849 ], [ 1032760.088000001152977, 1696759.600900001358241 ], [ 1032783.383800000767224, 1696766.408399999374524 ], [ 1032808.571199999656528, 1696773.768700000364333 ], [ 1032857.645400000270456, 1696794.169900000561029 ], [ 1032901.436400000122376, 1696830.595100000267848 ], [ 1032928.4494, 1696852.143499999772757 ], [ 1032987.496199998771772, 1696902.242500000167638 ], [ 1032993.396799999522045, 1696907.248900000704452 ], [ 1033005.6508, 1696913.249500001082197 ], [ 1033021.841400001081638, 1696921.177899998612702 ], [ 1033068.924600000260398, 1696944.234000000171363 ], [ 1033119.968600000371225, 1696969.229499998968095 ], [ 1033250.252999998629093, 1697005.173700000159442 ], [ 1033322.831400000490248, 1697025.197300001047552 ], [ 1033319.770800000522286, 1697030.46970000048168 ], [ 1033302.712000000639819, 1697059.856700000353158 ], [ 1033289.107599998824298, 1697058.365700000664219 ], [ 1033287.187999999616295, 1697062.0437 ], [ 1033281.391800000797957, 1697075.193900001235306 ], [ 1033260.306799999671057, 1697122.64130000025034 ], [ 1033223.177399999345653, 1697177.691899999743327 ], [ 1033207.073399999295361, 1697213.41950000077486 ], [ 1033157.824999999138527, 1697321.850500001106411 ], [ 1033084.528399999253452, 1697322.664699999382719 ], [ 1033000.702799999038689, 1697312.387700001243502 ], [ 1032980.144700000528246, 1697327.727099999319762 ], [ 1032966.216999999247491, 1697338.119299999438226 ], [ 1032938.961599999456666, 1697352.102899999823421 ], [ 1032924.8806, 1697359.785300000570714 ], [ 1032911.858800000278279, 1697373.345500000286847 ], [ 1032894.024400001391768, 1697391.144100000150502 ], [ 1032899.510200001415797, 1697460.44590000086464 ], [ 1032868.754599999636412, 1697490.363899999763817 ], [ 1032851.289399999659508, 1697487.327099999412894 ], [ 1032833.396600000327453, 1697509.232100001303479 ], [ 1032790.588999999104999, 1697560.745699999621138 ], [ 1032724.731800000998192, 1697638.303500000620261 ], [ 1032714.428400000440888, 1697700.13010000041686 ], [ 1032726.194599999464117, 1697715.543099998496473 ], [ 1032735.158999999752268, 1697725.593300000298768 ], [ 1032770.892599998740479, 1697760.157100000418723 ], [ 1032802.6408, 1697777.758300002198666 ], [ 1032817.311799999093637, 1697785.8918999992311 ], [ 1032817.280399998999201, 1697799.995300000999123 ], [ 1032817.258400000282563, 1697809.889299998991191 ], [ 1032845.361600000411272, 1697881.7113 ], [ 1032850.806200000923127, 1697910.190899999579415 ], [ 1032865.295000000856817, 1697968.12169999955222 ], [ 1032882.255299999611452, 1697987.165499999187887 ], [ 1032883.599000001442619, 1697988.674299999140203 ], [ 1032884.004599999869242, 1697991.763900001067668 ], [ 1032887.904999999795109, 1698021.477699999697506 ], [ 1032888.447, 1698025.3041 ], [ 1032900.222799999173731, 1698080.040100001031533 ], [ 1032923.96580000105314, 1698114.644900000654161 ], [ 1032974.308999999775551, 1698196.619500000961125 ], [ 1032974.520800001220778, 1698199.373300000559539 ], [ 1032975.376800000318326, 1698218.514100001659244 ], [ 1032972.183999999891967, 1698258.4459 ], [ 1032926.526200001244433, 1698479.492900000652298 ], [ 1032895.846000000252388, 1698552.475899999262765 ], [ 1032892.912799999117851, 1698601.081499997759238 ], [ 1032870.358800000278279, 1698710.012300000991672 ], [ 1032875.695799999171868, 1698726.20310000050813 ], [ 1032883.86820000060834, 1698754.286100000375882 ], [ 1032867.00359999970533, 1698799.17259999900125 ], [ 1032862.648000000161119, 1698837.635899999877438 ], [ 1032862.86620000062976, 1698839.48090000031516 ], [ 1032868.996199999121018, 1698890.141100000590086 ], [ 1032847.197000000276603, 1698939.22150000045076 ], [ 1032846.020400000154041, 1698968.045100000686944 ], [ 1032847.844400000292808, 1698975.982499998994172 ], [ 1032853.034599999547936, 1698998.569099999265745 ], [ 1032855.123800001339987, 1699001.778899999335408 ], [ 1032872.772799999569543, 1699028.634899998549372 ], [ 1032934.939199999440461, 1699082.286900001345202 ], [ 1032941.006200000178069, 1699093.547300000675023 ], [ 1032951.247999998857267, 1699112.151699999114498 ], [ 1032957.763600001344457, 1699123.987300000153482 ], [ 1032965.485999998752959, 1699186.4279 ], [ 1032966.382400000351481, 1699226.11229999945499 ], [ 1032964.635600000270642, 1699243.5721 ], [ 1032962.053800000809133, 1699269.376300000352785 ], [ 1032964.767799998866394, 1699322.298499999102205 ], [ 1032972.855200000689365, 1699332.490299999713898 ], [ 1033019.397800001315773, 1699367.04759999900125 ], [ 1033067.8734, 1699413.05089999944903 ], [ 1033116.716000000247732, 1699459.402899999171495 ], [ 1033300.037600000272505, 1699467.388300000224262 ], [ 1033411.52500000060536, 1699515.183899999596179 ], [ 1033468.00960000033956, 1699552.389900001464412 ], [ 1033537.082000000984408, 1699611.4435 ], [ 1033578.024599999887869, 1699665.188300000503659 ], [ 1033568.74300000059884, 1699706.847899999003857 ], [ 1033550.037200000137091, 1699790.806699998909608 ], [ 1033510.22, 1699886.772099999245256 ], [ 1033497.70639999920968, 1699944.393699999898672 ], [ 1033496.301599999191239, 1699946.674699998693541 ], [ 1033388.574200000497513, 1700124.107699999585748 ], [ 1033391.290799998445436, 1700326.057899999897927 ], [ 1033333.375600000377744, 1700448.2215 ], [ 1033356.40580000076443, 1700654.498500000685453 ], [ 1033356.679599999682978, 1700656.299499999033287 ], [ 1033397.341399999801069, 1700803.240700000198558 ], [ 1033409.205599999870174, 1700942.349700000137091 ], [ 1033446.404799999669194, 1701062.39369999896735 ], [ 1033423.19080000044778, 1701180.9585 ], [ 1033419.679000000585802, 1701260.987700000870973 ], [ 1033416.478599999216385, 1701280.465299998642877 ], [ 1033406.8246, 1701339.21669999952428 ], [ 1033411.27260000037495, 1701387.150300001027063 ], [ 1033417.7612, 1701408.110300001688302 ], [ 1033412.298800000804476, 1701437.569299999857321 ], [ 1033425.016999998944812, 1701482.665699999546632 ], [ 1033429.724599999259226, 1701539.106299998937175 ], [ 1033422.322999999159947, 1701568.908900000387803 ], [ 1033434.362400000100024, 1701614.97029999922961 ], [ 1033476.863799999584444, 1701694.82609999855049 ], [ 1033476.172599999816157, 1701717.406300000380725 ], [ 1033457.383599999593571, 1701762.396299998508766 ], [ 1033409.691200000233948, 1701801.918099999660626 ], [ 1033397.742999999434687, 1701908.519699999829754 ], [ 1033368.468600001069717, 1702005.549699999392033 ], [ 1033364.666599999531172, 1702039.546900000888854 ], [ 1033359.962199999135919, 1702081.613900000695139 ], [ 1033366.197000000625849, 1702154.443299998762086 ], [ 1033363.458400000818074, 1702156.078500000294298 ], [ 1033334.876199999707751, 1702172.742499998304993 ], [ 1033305.818199998582713, 1702198.689300000201911 ], [ 1033281.821000000461936, 1702220.116900000255555 ], [ 1033271.344199999468401, 1702327.1299 ], [ 1033241.035199999227189, 1702430.123500000685453 ], [ 1033237.912999998778105, 1702520.579899999545887 ], [ 1033282.353399999672547, 1702607.169699999503791 ], [ 1033341.898400001460686, 1702642.937700000591576 ], [ 1033486.404400000814348, 1702750.668500000610948 ], [ 1033529.6492000001017, 1702793.063500000396743 ], [ 1033552.655600000172853, 1702814.304900000104681 ], [ 1033568.11939999985043, 1702843.264099999330938 ], [ 1033547.202800000784919, 1702890.949500000569969 ], [ 1033552.994599999510683, 1702943.86030000122264 ], [ 1033584.87439999927301, 1703010.313300000503659 ], [ 1033588.909399999305606, 1703046.826300001004711 ], [ 1033587.237400000798516, 1703054.354100000346079 ], [ 1033566.606000000727363, 1703147.235899999039248 ], [ 1033535.561199999297969, 1703205.89049999974668 ], [ 1033492.284400001401082, 1703260.009500000393018 ], [ 1033440.124600000563078, 1703307.225699999602512 ], [ 1033421.153000000864267, 1703324.399299999233335 ], [ 1033463.321200000471435, 1703419.68849999923259 ], [ 1033500.7192, 1703451.637700000312179 ], [ 1033555.102200000663288, 1703534.246099999174476 ], [ 1033593.660199999343604, 1703613.640900000929832 ], [ 1033637.822600000770763, 1703648.527699999278411 ], [ 1033763.265600000275299, 1703678.3775 ], [ 1033824.993800000287592, 1703637.563100001076236 ], [ 1033849.515199999324977, 1703621.349499999545515 ], [ 1033969.5348, 1703670.694700001040474 ], [ 1034028.725599998375401, 1703734.813499998534098 ], [ 1034086.621399999712594, 1703779.566700000315905 ], [ 1034144.198799999430776, 1703848.445299999555573 ], [ 1034173.621300000697374, 1703859.927100001135841 ], [ 1034182.72700000111945, 1703863.480400000698864 ], [ 1034120.41839999880176, 1703946.697100000688806 ], [ 1034114.627800000715069, 1704064.853200000477955 ], [ 1034034.23679999972228, 1704196.429900000337511 ], [ 1033947.385699999635108, 1704338.5801 ], [ 1033935.498900000820868, 1704358.0352999989409 ], [ 1033925.548199999378994, 1704374.321799998637289 ], [ 1033911.326399999670684, 1704566.15090000233613 ], [ 1034011.11130000045523, 1704763.637700000777841 ], [ 1034035.815399999148212, 1704812.530200000386685 ], [ 1034061.524599999538623, 1704863.411800001282245 ], [ 1034080.870400000596419, 1704917.768600000301376 ], [ 1034084.191499999142252, 1705019.0906 ], [ 1034092.341400000848807, 1705267.727999999653548 ], [ 1034105.882999999565072, 1705326.155499999644235 ], [ 1034123.736199999111705, 1705403.186099999817088 ], [ 1034177.149400000809692, 1705533.726899999193847 ], [ 1034212.888600000180304, 1705621.072400000179186 ], [ 1034212.7172, 1705624.218199999304488 ], [ 1034210.603399999323301, 1705663.0296 ], [ 1034208.5315, 1705701.073000000789762 ], [ 1034168.791899999370798, 1705856.189200000371784 ], [ 1034174.869299999554642, 1706043.864600003696978 ], [ 1034177.077700000489131, 1706112.058600000105798 ], [ 1034161.9193, 1706181.544000000460073 ], [ 1034137.019899999490008, 1706295.680599998915568 ], [ 1034114.537299999035895, 1706369.9104 ], [ 1034100.0389, 1706417.778999998234212 ], [ 1034058.158099999651313, 1706616.5272000010591 ], [ 1034055.74390000058338, 1706790.181000000331551 ], [ 1034062.315299998852424, 1706836.233599999221042 ], [ 1034064.272500000311993, 1706849.950999998953193 ], [ 1034075.650500001269393, 1706929.688999999314547 ], [ 1034075.832700001192279, 1706932.194399999221787 ], [ 1034095.366899999324232, 1707200.739800001494586 ], [ 1034069.923700000857934, 1707316.284200001275167 ], [ 1034067.792500000447035, 1707321.316199998371303 ], [ 1034048.269900000304915, 1707367.41080000041984 ], [ 1034029.591900001396425, 1707411.510800000280142 ], [ 1034150.369699998875149, 1707501.653400000417605 ], [ 1034275.9581, 1707597.058000000426546 ], [ 1034288.334099998581223, 1707597.413200001697987 ], [ 1034288.629500000388362, 1707597.421800001524389 ], [ 1034583.508900000248104, 1707605.886399999260902 ], [ 1034864.253099999390543, 1707485.135199999669567 ], [ 1034867.162699999753386, 1707481.390200000721961 ], [ 1034903.849200000637211, 1707434.1701 ], [ 1034923.587399999145418, 1707444.631200001575053 ], [ 1035117.325399999273941, 1707547.310699999798089 ], [ 1035153.1022, 1707562.418500001775101 ], [ 1035390.696199999656528, 1707565.152300001122057 ], [ 1035558.1054, 1707574.466499999165535 ], [ 1035727.757199999294244, 1707652.600099998759106 ], [ 1035738.676599999191239, 1707650.22539999964647 ], [ 1035843.075000001117587, 1707627.521500000962988 ], [ 1035881.386399999260902, 1707619.575099998852238 ], [ 1035953.156199999852106, 1707605.021299998508766 ], [ 1035987.324400000507012, 1707566.702899999683723 ], [ 1035995.708200000342913, 1707557.3007 ], [ 1036019.009999999892898, 1707559.560900000389665 ], [ 1036056.869000000762753, 1707563.232900000177324 ], [ 1036111.022600000607781, 1707565.098099999362603 ], [ 1036177.732400000211783, 1707591.796900001121685 ], [ 1036193.578599999542348, 1707597.746100000105798 ], [ 1036209.265599999111146, 1707603.635500000789762 ], [ 1036279.620400000596419, 1707626.879499999806285 ], [ 1036286.191800001077354, 1707638.283099999651313 ], [ 1036310.833999999449588, 1707681.0463 ], [ 1036321.55080000043381, 1707699.644700000295416 ], [ 1036326.723600000608712, 1707700.66609999909997 ], [ 1036364.456799998879433, 1707708.114799999864772 ], [ 1036365.445199999841861, 1707708.30970000103116 ], [ 1036402.443999999668449, 1707715.613900000695139 ], [ 1036403.434800000512041, 1707715.809499999508262 ], [ 1036406.711399999330752, 1707716.45649999869056 ], [ 1036438.769600000581704, 1707722.785499998601153 ], [ 1036451.505000000819564, 1707721.6669 ], [ 1036452.562999999616295, 1707721.5737 ], [ 1036474.046799998730421, 1707719.686299999710172 ], [ 1036504.07900000049267, 1707712.751099999295548 ], [ 1036512.789600000833161, 1707717.844900001771748 ], [ 1036518.2276, 1707716.746900000143796 ], [ 1036525.41700000083074, 1707711.5261 ], [ 1036533.075400000438094, 1707714.284299999475479 ], [ 1036534.061400000820868, 1707715.354900001781061 ], [ 1036540.266200000420213, 1707718.316199998836964 ], [ 1036558.90959999919869, 1707727.214100000448525 ], [ 1036559.041600000811741, 1707723.433299998519942 ], [ 1036562.09099999954924, 1707718.85789999878034 ] ] ] } },
{ "type": "Feature", "properties": { "BASE_DATE": "20250630", "ADM_CD": "38570380", "ADM_NM": "신안면" }, "geometry": { "type": "Polygon", "coordinates": [ [ [ 1042301.185800001258031, 1710669.088899999624118 ], [ 1042341.0548000006238, 1710608.29630000051111 ], [ 1042343.936999999685213, 1710602.674499999033287 ], [ 1042360.855600001523271, 1710588.4747 ], [ 1042370.187599999830127, 1710581.80269999941811 ], [ 1042414.141800001380034, 1710558.921700001694262 ], [ 1042442.283, 1710541.926899998448789 ], [ 1042501.607399999746121, 1710519.93309999932535 ], [ 1042571.209599999594502, 1710485.196199999423698 ], [ 1042573.876000000163913, 1710483.86549999890849 ], [ 1042587.906500000157394, 1710483.754699999699369 ], [ 1042606.315100000123493, 1710483.6095 ], [ 1042620.811200000811368, 1710483.495100000640377 ], [ 1042651.844399999594316, 1710467.178100000135601 ], [ 1042682.422199999447912, 1710452.31389999971725 ], [ 1042703.9979, 1710430.433700001100078 ], [ 1042715.678799998830073, 1710418.588000001152977 ], [ 1042726.783799999393523, 1710407.32630000077188 ], [ 1042712.039200000930578, 1710364.37370000127703 ], [ 1042704.449, 1710342.174799998756498 ], [ 1042698.981599998776801, 1710326.184300000313669 ], [ 1042695.347399999620393, 1710289.468699999852106 ], [ 1042704.477200000430457, 1710238.5045 ], [ 1042706.194400001317263, 1710236.168799999402836 ], [ 1042772.365999999572523, 1710146.161300000734627 ], [ 1042772.384400000912137, 1710146.09940000041388 ], [ 1042800.3158, 1710052.291100000264123 ], [ 1042812.157999999006279, 1710042.528200000757352 ], [ 1042841.141000000643544, 1710018.634099998744205 ], [ 1042853.692499999888241, 1709986.861400000285357 ], [ 1042861.994199998793192, 1709965.84650000045076 ], [ 1042864.350999999791384, 1709948.385899999411777 ], [ 1042869.652400000602938, 1709902.72249999968335 ], [ 1042879.9636, 1709892.405300000449643 ], [ 1042890.793999999063089, 1709881.56870000064373 ], [ 1042905.688199999392964, 1709845.128699999768287 ], [ 1042910.448800000594929, 1709849.242799999192357 ], [ 1042912.261000000988133, 1709850.808900000760332 ], [ 1042913.697399998898618, 1709852.050100002903491 ], [ 1042941.777800000505522, 1709819.812500000232831 ], [ 1042963.597900000633672, 1709781.537299999035895 ], [ 1042963.831600001314655, 1709781.1275 ], [ 1042967.167400000384077, 1709775.062499999767169 ], [ 1042979.700799999758601, 1709752.274900000775233 ], [ 1043003.446000000694767, 1709755.1169 ], [ 1043040.6768, 1709758.144899998791516 ], [ 1043045.524499999475665, 1709763.855499999597669 ], [ 1043068.249599998933263, 1709790.625700001372024 ], [ 1043083.947200000635348, 1709797.1557 ], [ 1043159.211199998972006, 1709758.461300001479685 ], [ 1043164.855899998685345, 1709731.308800000464544 ], [ 1043173.178999999305233, 1709691.272100000409409 ], [ 1043196.2904, 1709583.614899999694899 ], [ 1043229.113099998910911, 1709566.619899998418987 ], [ 1043231.247000001254492, 1709565.5151 ], [ 1043257.50279999896884, 1709619.313899999251589 ], [ 1043341.516600000206381, 1709565.53830000013113 ], [ 1043413.57540000078734, 1709578.155300001148134 ], [ 1043529.65, 1709484.254099999787286 ], [ 1043567.829600000521168, 1709444.060600000433624 ], [ 1043677.770399999804795, 1709335.178100000135601 ], [ 1043714.807400000863709, 1709306.471899999305606 ], [ 1043742.614799999515526, 1709282.548100000247359 ], [ 1043765.277200000709854, 1709280.154900000430644 ], [ 1043797.018000001320615, 1709279.087300000712276 ], [ 1043830.703999998862855, 1709268.272099997848272 ], [ 1043854.264599999878556, 1709260.707499999552965 ], [ 1043866.503799999481998, 1709256.365700001129881 ], [ 1043878.696600000956096, 1709252.4581 ], [ 1043907.178299999213777, 1709268.022899999748915 ], [ 1043912.4928, 1709270.927100000204518 ], [ 1043982.75659999914933, 1709269.3613000002224 ], [ 1044031.751599999261089, 1709268.269300000974908 ], [ 1044044.383200000738725, 1709280.490299999015406 ], [ 1044050.502000000677072, 1709286.410099999513477 ], [ 1044114.109600000199862, 1709347.949900000356138 ], [ 1044158.753600000287406, 1709401.868899999186397 ], [ 1044172.531799999298528, 1709405.556099999696016 ], [ 1044203.129599998705089, 1709413.744699998758733 ], [ 1044231.232200001482852, 1709460.924699999392033 ], [ 1044240.655800000182353, 1709474.195099999429658 ], [ 1044306.587799998815171, 1709540.038899998180568 ], [ 1044317.035999999265186, 1709542.032299998914823 ], [ 1044357.241399998543784, 1709555.76630000025034 ], [ 1044363.464999999618158, 1709564.705299999099225 ], [ 1044389.078000000678003, 1709601.493399999570101 ], [ 1044384.503799999132752, 1709653.228299999143928 ], [ 1044404.877999998512678, 1709699.0001 ], [ 1044446.88680000056047, 1709754.451299999840558 ], [ 1044450.436999999452382, 1709756.578500001225621 ], [ 1044505.986000000382774, 1709795.896299998974428 ], [ 1044534.4724, 1709816.059100000886247 ], [ 1044578.822800000314601, 1709812.532099999021739 ], [ 1044599.6966, 1709810.251900001661852 ], [ 1044649.532999999355525, 1709805.239099999889731 ], [ 1044654.488800000865012, 1709808.850499999476597 ], [ 1044691.034399999771267, 1709835.770700000459328 ], [ 1044714.97319999942556, 1709854.405099999159575 ], [ 1044763.102800001273863, 1709888.172100000781938 ], [ 1044765.3076, 1709889.718900000443682 ], [ 1044774.116, 1709888.835300001315773 ], [ 1044813.615999999572523, 1709884.872700000880286 ], [ 1044827.851600000285544, 1709883.444700001273304 ], [ 1044900.45299999974668, 1709919.048899999819696 ], [ 1044957.127000001259148, 1709950.8923 ], [ 1044968.351599999237806, 1709958.407299998216331 ], [ 1045024.702400000882335, 1709953.284600001759827 ], [ 1045133.429199999547563, 1709918.523700001183897 ], [ 1045183.764199999044649, 1709891.554099999601021 ], [ 1045192.073200000915676, 1709887.10190000012517 ], [ 1045199.934000001405366, 1709890.430299998959526 ], [ 1045227.039400000474416, 1709901.906700000399724 ], [ 1045242.122799998847768, 1709900.828500002389774 ], [ 1045276.130800000624731, 1709898.397900001145899 ], [ 1045278.385999998776242, 1709899.095500000752509 ], [ 1045292.280399999115616, 1709903.394100000150502 ], [ 1045337.73839999944903, 1709910.597699998877943 ], [ 1045378.141200000769459, 1709899.064300000201911 ], [ 1045380.282599999569356, 1709899.521299998741597 ], [ 1045379.858999999123625, 1709898.574100001016632 ], [ 1045400.5704, 1709892.661299999337643 ], [ 1045397.651, 1709887.016699999570847 ], [ 1045396.646000000298955, 1709885.073699999600649 ], [ 1045403.191400000592694, 1709882.3798999984283 ], [ 1045422.340999998967163, 1709873.188699999824166 ], [ 1045438.449, 1709863.94190000067465 ], [ 1045452.625199998961762, 1709858.38689999980852 ], [ 1045506.067400000290945, 1709840.588900000555441 ], [ 1045521.452600001357496, 1709836.706299999263138 ], [ 1045531.189400000497699, 1709834.599300002446398 ], [ 1045588.070799999521114, 1709822.292299999855459 ], [ 1045608.633400000631809, 1709808.344499999191612 ], [ 1045610.685800001141615, 1709806.952299999538809 ], [ 1045620.285199999576434, 1709788.349700000137091 ], [ 1045624.211400001193397, 1709780.740499999141321 ], [ 1045624.113599998760037, 1709776.634900001110509 ], [ 1045618.826600001426414, 1709739.29770000022836 ], [ 1045616.159199998597614, 1709720.460499999579042 ], [ 1045616.636399999028072, 1709713.182499998714775 ], [ 1045623.396800000569783, 1709704.5933 ], [ 1045623.922600000398234, 1709703.4437000004109 ], [ 1045628.188799998839386, 1709694.11409999942407 ], [ 1045633.086399999447167, 1709687.424099999479949 ], [ 1045634.132000000914559, 1709685.996099999174476 ], [ 1045640.555999999749474, 1709682.4195 ], [ 1045640.723800000152551, 1709682.407099998556077 ], [ 1045652.619800001033582, 1709681.522900001145899 ], [ 1045659.296399999875575, 1709681.643300001043826 ], [ 1045664.7902, 1709677.948300001211464 ], [ 1045693.645400000852533, 1709651.939099999377504 ], [ 1045727.5216, 1709610.703699999023229 ], [ 1045728.473600001190789, 1709609.049300001468509 ], [ 1045729.099199999473058, 1709607.962099999655038 ], [ 1045731.75480000092648, 1709607.233999998774379 ], [ 1045736.326799998758361, 1709605.980499998666346 ], [ 1045753.1598, 1709607.771700000623241 ], [ 1045763.3594000012381, 1709613.580700002377853 ], [ 1045779.261200000764802, 1709610.450899999355897 ], [ 1045830.140400000964291, 1709601.949500001501292 ], [ 1045846.026199999614619, 1709597.43970000022091 ], [ 1045858.801599999889731, 1709580.856899998150766 ], [ 1045866.5792, 1709570.593499999493361 ], [ 1045869.143799999379553, 1709567.592100000241771 ], [ 1045887.313999999430962, 1709545.128100001253188 ], [ 1045888.889199999743141, 1709543.15269999881275 ], [ 1045897.508800000417978, 1709532.342700000619516 ], [ 1045905.7212, 1709542.970099999802187 ], [ 1045925.168200000654906, 1709568.136499998392537 ], [ 1045934.082199999364093, 1709579.673100001178682 ], [ 1045960.857800001045689, 1709610.270699999295175 ], [ 1045968.347999999648891, 1709616.36710000038147 ], [ 1045978.646599999628961, 1709621.19289999967441 ], [ 1045977.130999999353662, 1709623.721499999519438 ], [ 1045987.126800000318326, 1709628.588799999561161 ], [ 1045995.64139999973122, 1709619.971899997908622 ], [ 1046000.629999999771826, 1709610.047300001606345 ], [ 1046006.325199999730103, 1709592.960699999006465 ], [ 1046011.997399999876507, 1709576.038200000533834 ], [ 1046017.111, 1709565.949100000783801 ], [ 1046023.047199999447912, 1709554.2325 ], [ 1046034.7532, 1709547.009099998744205 ], [ 1046047.491200000862591, 1709529.5271 ], [ 1046066.258200000156648, 1709491.057100001256913 ], [ 1046067.198400000226684, 1709489.129699999466538 ], [ 1046074.492399998707697, 1709475.761299999663606 ], [ 1046106.7655999987619, 1709415.094100000802428 ], [ 1046107.054000000120141, 1709413.209500000113621 ], [ 1046108.156600000918843, 1709405.243499998934567 ], [ 1046109.104200000176206, 1709398.39809999987483 ], [ 1046103.38379999937024, 1709377.270699997898191 ], [ 1046088.972599999862723, 1709324.044300000183284 ], [ 1046083.646400000783615, 1709304.372700001113117 ], [ 1046094.554800001205876, 1709275.3383 ], [ 1046128.025599999702536, 1709183.170099999057129 ], [ 1046128.130800001439638, 1709180.650700000114739 ], [ 1046177.325600000913255, 1709179.581900000805035 ], [ 1046203.538200000301003, 1709179.012300000526011 ], [ 1046222.256799999275245, 1709137.375899999868125 ], [ 1046238.059999998658895, 1709102.223500001244247 ], [ 1046286.57239999982994, 1709081.837500000372529 ], [ 1046310.8744, 1709073.785899999784306 ], [ 1046322.311800000839867, 1709067.809900001157075 ], [ 1046324.2448, 1709064.617699998896569 ], [ 1046326.742600000696257, 1709061.80650000134483 ], [ 1046334.293200000887737, 1709055.490500001236796 ], [ 1046340.002399999764748, 1709050.538899999344721 ], [ 1046341.959799999487586, 1709050.191400000127032 ], [ 1046351.311599998618476, 1709044.491900000954047 ], [ 1046352.206000000238419, 1709044.254499999340624 ], [ 1046352.626400000532158, 1709044.142300001112744 ], [ 1046353.282000000588596, 1709043.762299999361858 ], [ 1046355.2026, 1709042.6502 ], [ 1046357.001300000352785, 1709041.794800000498071 ], [ 1046360.054600000497885, 1709040.342699999688193 ], [ 1046362.416199999279343, 1709044.442899999208748 ], [ 1046362.321800000383519, 1709046.151500000618398 ], [ 1046362.181000000564381, 1709048.732100000139326 ], [ 1046363.529400000348687, 1709047.74369999859482 ], [ 1046366.555800001020543, 1709045.52549999859184 ], [ 1046367.522400001180358, 1709044.358100000303239 ], [ 1046372.782799999811687, 1709039.980900001246482 ], [ 1046374.30520000110846, 1709038.62569999974221 ], [ 1046376.64979999884963, 1709040.338099998887628 ], [ 1046376.954600000404753, 1709039.324899999424815 ], [ 1046379.207200000295416, 1709039.865300000179559 ], [ 1046385.050599999725819, 1709041.266299999086186 ], [ 1046398.383800000534393, 1709038.193499998189509 ], [ 1046420.628800000878982, 1709033.312699999660254 ], [ 1046441.948799999896437, 1709019.257900001248345 ], [ 1046469.652200000244193, 1709000.4921 ], [ 1046497.3905999987619, 1709000.47069999971427 ], [ 1046505.468200000468642, 1709000.464500000700355 ], [ 1046510.353400001185946, 1709003.123900001402944 ], [ 1046524.138599999016151, 1709002.092900001443923 ], [ 1046536.471599999116734, 1708994.29329999932088 ], [ 1046548.917999999597669, 1708987.59270000224933 ], [ 1046553.739599999273196, 1708985.38450000109151 ], [ 1046557.002, 1708988.971300000324845 ], [ 1046563.922600001213141, 1708986.558499998645857 ], [ 1046572.150200000731274, 1708987.226800000295043 ], [ 1046603.590200000442564, 1708955.432299999287352 ], [ 1046616.204400000628084, 1708949.920299999415874 ], [ 1046632.50560000014957, 1708956.45310000050813 ], [ 1046654.570399998920038, 1708969.3617 ], [ 1046671.335599998710677, 1708972.576899998122826 ], [ 1046688.1214, 1708976.665299999760464 ], [ 1046706.512599999899976, 1708983.394500001100823 ], [ 1046687.360000001499429, 1708989.831900001037866 ], [ 1046692.004599999752827, 1708999.540999999037012 ], [ 1046697.6187999995891, 1709011.277100000996143 ], [ 1046699.470000000554137, 1709015.1471 ], [ 1046742.8810000004014, 1709003.728700001258403 ], [ 1046777.19930000056047, 1708995.214999999618158 ], [ 1046784.044200000469573, 1708993.5169 ], [ 1046814.889800000237301, 1708986.623699999647215 ], [ 1046837.204800000647083, 1708981.961599999805912 ], [ 1046875.752400000113994, 1708973.968900000443682 ], [ 1046886.540600000764243, 1708970.664100000634789 ], [ 1046908.572400000179186, 1708959.1856 ], [ 1046944.090799999772571, 1708936.173300001770258 ], [ 1046961.412200000951998, 1708919.218900003004819 ], [ 1046975.349600000423379, 1708905.534300000406802 ], [ 1046979.444200000260025, 1708900.282099999720231 ], [ 1046991.348600000725128, 1708884.812499998603016 ], [ 1047002.687199998646975, 1708872.48689999897033 ], [ 1047038.296999999787658, 1708844.020900000818074 ], [ 1047058.212000001221895, 1708828.614900001091883 ], [ 1047069.291399999288842, 1708819.235500001348555 ], [ 1047070.701600000960752, 1708817.996899999445304 ], [ 1047097.653000000398606, 1708795.014100001193583 ], [ 1047100.186800000374205, 1708793.041099998168647 ], [ 1047109.695400000433438, 1708784.905099998228252 ], [ 1047112.609000000986271, 1708780.954100000206381 ], [ 1047116.874999999650754, 1708775.56330000073649 ], [ 1047122.979399998672307, 1708769.472300000954419 ], [ 1047129.660400001215748, 1708762.351100000552833 ], [ 1047137.401600000448525, 1708753.4231 ], [ 1047139.143199999816716, 1708751.300499998731539 ], [ 1047142.884400001028553, 1708746.728699999861419 ], [ 1047159.882599999313243, 1708726.143699999898672 ], [ 1047164.734200000180863, 1708720.564899999415502 ], [ 1047172.772999999346212, 1708712.359300000127405 ], [ 1047176.662799999467097, 1708708.110699999611825 ], [ 1047179.299599999329075, 1708705.545700000133365 ], [ 1047182.532599999336526, 1708702.483699999283999 ], [ 1047189.323200000915676, 1708695.472899998072535 ], [ 1047196.481399999116547, 1708688.03730000089854 ], [ 1047198.71019999939017, 1708686.054900000104681 ], [ 1047202.106199999223463, 1708682.380699998233467 ], [ 1047206.093000000459142, 1708678.367499999003485 ], [ 1047223.311600000481121, 1708661.434699999634176 ], [ 1047233.291399999754503, 1708654.771800002083182 ], [ 1047235.65720000048168, 1708653.192299999762326 ], [ 1047261.273999999393709, 1708648.60329999960959 ], [ 1047300.143199999583885, 1708612.194700000109151 ], [ 1047349.015599999111146, 1708671.990299999713898 ], [ 1047408.9544, 1708740.850999999791384 ], [ 1047425.416799999773502, 1708759.763699997449294 ], [ 1047431.201400000369176, 1708759.214900000486523 ], [ 1047438.004400000441819, 1708758.268100000917912 ], [ 1047461.416000000899658, 1708780.839299999643117 ], [ 1047506.318999999086373, 1708786.197699999436736 ], [ 1047534.135399999795482, 1708787.4977 ], [ 1047579.88579999958165, 1708774.601299998350441 ], [ 1047617.572799999616109, 1708776.160700000589713 ], [ 1047644.155999999493361, 1708773.342100000940263 ], [ 1047697.201200000941753, 1708749.7497 ], [ 1047722.780799998668954, 1708741.550899998517707 ], [ 1047732.607999999076128, 1708741.51630000025034 ], [ 1047746.290000000386499, 1708741.218300000298768 ], [ 1047763.2862, 1708740.847899999003857 ], [ 1047766.156000000890344, 1708741.098300001583993 ], [ 1047807.03660000115633, 1708725.197899998864159 ], [ 1047820.015000000596046, 1708719.760099999606609 ], [ 1047833.943999999784864, 1708669.858300000429153 ], [ 1047862.485199999762699, 1708663.651499998755753 ], [ 1047881.053200001129881, 1708650.088500000769272 ], [ 1047895.233100000885315, 1708638.908900001784787 ], [ 1047917.599599999841303, 1708621.274899999145418 ], [ 1047932.8082, 1708614.829000000376254 ], [ 1047966.486200000392273, 1708600.555300001055002 ], [ 1047989.944199998979457, 1708602.964899999788031 ], [ 1048019.9724000004353, 1708599.674100000411272 ], [ 1048061.772000000113621, 1708591.606299999402836 ], [ 1048082.007799999671988, 1708585.108300000196323 ], [ 1048099.330800000228919, 1708580.981899999314919 ], [ 1048127.771200001006946, 1708570.211700000800192 ], [ 1048131.017000000341795, 1708552.618599999696016 ], [ 1048133.267, 1708543.571900000330061 ], [ 1048139.341399999102578, 1708519.148399998433888 ], [ 1048118.741200000164099, 1708481.779600000474602 ], [ 1048117.062199998646975, 1708478.7338 ], [ 1048117.248299999046139, 1708474.171200000680983 ], [ 1048118.95459999947343, 1708432.356300000101328 ], [ 1048101.362399999401532, 1708395.473999999696389 ], [ 1048100.093199999188073, 1708392.812999999150634 ], [ 1048098.529100000159815, 1708386.303600000450388 ], [ 1048090.595599998603575, 1708353.285399998538196 ], [ 1048089.355600000708364, 1708339.90610000025481 ], [ 1048078.993800000636838, 1708316.5483 ], [ 1048075.471999999252148, 1708312.4407 ], [ 1048020.040200000512414, 1708247.787799998885021 ], [ 1048016.09639999922365, 1708224.045800000429153 ], [ 1048011.7437999995891, 1708172.914100000634789 ], [ 1047993.216199999093078, 1708130.743299999739975 ], [ 1048009.39299999922514, 1708096.912799998885021 ], [ 1048004.223999999812804, 1708025.787100000772625 ], [ 1048002.138000001199543, 1707997.082499998621643 ], [ 1047994.518500001169741, 1707980.016400001011789 ], [ 1047981.48619999946095, 1707950.826500000897795 ], [ 1047987.991600001347251, 1707932.00709999888204 ], [ 1047993.147599999210797, 1707917.091399999335408 ], [ 1047992.858200000366196, 1707914.425599999260157 ], [ 1047992.2316, 1707908.651199999032542 ], [ 1047990.519600001047365, 1707893.030300001380965 ], [ 1047989.070799999288283, 1707872.107200001366436 ], [ 1047980.881400001235306, 1707845.4222 ], [ 1047967.001199999358505, 1707834.776200000662357 ], [ 1047942.361999999615364, 1707814.7448 ], [ 1047930.472999999416061, 1707806.306700000539422 ], [ 1047915.827599999494851, 1707763.189799998886883 ], [ 1047897.250999999465421, 1707723.40529999951832 ], [ 1047897.654200000455603, 1707711.587099998956546 ], [ 1047899.117999998969026, 1707668.687899999786168 ], [ 1047899.944999999250285, 1707644.448500000173226 ], [ 1047900.409999999217689, 1707630.822100001620129 ], [ 1047896.294000000460073, 1707601.926500000990927 ], [ 1047886.279999999329448, 1707531.627100001089275 ], [ 1047882.860200000577606, 1707530.80629999935627 ], [ 1047850.747799999429844, 1707523.099099999526516 ], [ 1047829.478200000827201, 1707525.4101 ], [ 1047809.916400000569411, 1707527.535699999658391 ], [ 1047808.769499999471009, 1707526.751500000245869 ], [ 1047766.067000000970438, 1707497.555899999802932 ], [ 1047745.711400001426227, 1707451.8629 ], [ 1047712.950099999434315, 1707422.6184 ], [ 1047676.785000000731088, 1707390.335300000850111 ], [ 1047662.269800000707619, 1707352.063999999081716 ], [ 1047656.65720000048168, 1707337.265799999469891 ], [ 1047638.328599998960271, 1707320.342900001443923 ], [ 1047637.520200000144541, 1707319.849300000816584 ], [ 1047621.439600000856444, 1707310.030900000594556 ], [ 1047610.025000001420267, 1707293.175500000827014 ], [ 1047605.344600000185892, 1707286.344299999531358 ], [ 1047583.832799999043345, 1707254.946499999146909 ], [ 1047577.281600000220351, 1707254.400299999630079 ], [ 1047546.852600000682287, 1707251.863100000657141 ], [ 1047544.524400001158938, 1707251.998899999074638 ], [ 1047518.690600001020357, 1707250.198899999260902 ], [ 1047494.760800000862218, 1707230.441900000907481 ], [ 1047483.479800000786781, 1707221.127900000894442 ], [ 1047482.439000000827946, 1707221.074099999386817 ], [ 1047443.834599998546764, 1707230.0865000016056 ], [ 1047427.718599999090657, 1707227.205900000175461 ], [ 1047420.7186, 1707221.004300000378862 ], [ 1047410.752600000356324, 1707212.175300001865253 ], [ 1047398.083199999528006, 1707200.951299999840558 ], [ 1047383.209999999031425, 1707187.774700000882149 ], [ 1047376.773600000538863, 1707184.161100001074374 ], [ 1047361.567000000737607, 1707175.623500001151115 ], [ 1047357.289799999562092, 1707173.413200000766665 ], [ 1047332.637199999764562, 1707157.870699999853969 ], [ 1047310.912400000495836, 1707127.488500001374632 ], [ 1047301.987599999643862, 1707119.542099999496713 ], [ 1047287.876600000890903, 1707107.696899999864399 ], [ 1047279.326800000504591, 1707093.264699999243021 ], [ 1047268.195399999152869, 1707062.3753 ], [ 1047248.337000000989065, 1707026.064500000327826 ], [ 1047236.013799999374896, 1707008.797700001858175 ], [ 1047215.68879999872297, 1707001.294099999126047 ], [ 1047210.882799999322742, 1706999.519700000528246 ], [ 1047203.568999999086373, 1706988.662699998822063 ], [ 1047169.419399999664165, 1706937.9685 ], [ 1047156.048800000688061, 1706906.059900000225753 ], [ 1047152.923999999184161, 1706896.2543 ], [ 1047149.457000001566485, 1706889.20109999878332 ], [ 1047122.1364, 1706866.178199999500066 ], [ 1047116.054999999818392, 1706861.053500000620261 ], [ 1047097.417599999695085, 1706845.347900000400841 ], [ 1047089.031599999871105, 1706841.055500000249594 ], [ 1047059.8956, 1706826.142100000521168 ], [ 1047023.923799998941831, 1706825.603500000201166 ], [ 1047015.517800000263378, 1706814.45670000067912 ], [ 1047011.57219999958761, 1706809.224500000244007 ], [ 1047003.457800000905991, 1706792.527100001228973 ], [ 1046995.369000000995584, 1706775.1001 ], [ 1046982.960800000466406, 1706749.487699998775497 ], [ 1046978.526799999293871, 1706733.407500001136214 ], [ 1046968.62179999880027, 1706715.986700000241399 ], [ 1046948.307200000388548, 1706701.876700001070276 ], [ 1046936.477999999769963, 1706674.562499998603016 ], [ 1046923.801800000597723, 1706645.292700001969934 ], [ 1046911.967000000993721, 1706629.531900000292808 ], [ 1046907.259400000795722, 1706622.6497 ], [ 1046911.930400000652298, 1706575.407500000437722 ], [ 1046913.7612, 1706556.893899999093264 ], [ 1046892.138200000161305, 1706519.5375 ], [ 1046884.295199999120086, 1706488.040899999439716 ], [ 1046883.74540000106208, 1706474.127300000283867 ], [ 1046881.737400000565685, 1706423.311699999496341 ], [ 1046881.328399999416433, 1706412.959100001258776 ], [ 1046876.728000000584871, 1706409.968299998901784 ], [ 1046844.029799999203533, 1706388.7105 ], [ 1046849.434199999086559, 1706356.334499999880791 ], [ 1046849.761799999279901, 1706354.371099998243153 ], [ 1046849.778800000553019, 1706354.269700000761077 ], [ 1046849.811799999559298, 1706354.126700001070276 ], [ 1046855.744600000558421, 1706328.460699999239296 ], [ 1046855.909399999072775, 1706327.747500000521541 ], [ 1046858.907600000267848, 1706314.777299998793751 ], [ 1046872.2484, 1706279.285900000715628 ], [ 1046875.285600001225248, 1706275.019500000867993 ], [ 1046884.383800000301562, 1706262.238699999637902 ], [ 1046919.648400000529364, 1706158.049299999373034 ], [ 1046919.376000000862405, 1706157.847100000595674 ], [ 1046895.361299999058247, 1706140.016099999658763 ], [ 1046873.563099999679253, 1706130.339900000719354 ], [ 1046869.128899999661371, 1706128.371700000949204 ], [ 1046841.827000000281259, 1706099.864499998977408 ], [ 1046820.299399999668822, 1706034.568700001342222 ], [ 1046815.005700000561774, 1705992.013699999311939 ], [ 1046813.3577, 1705978.767100001685321 ], [ 1046816.532899999758229, 1705918.934299999848008 ], [ 1046822.47829999960959, 1705870.33610000135377 ], [ 1046827.356499999063089, 1705852.55089999944903 ], [ 1046831.678500001085922, 1705841.654300001449883 ], [ 1046831.87949999968987, 1705841.289500000188127 ], [ 1046819.846900000586174, 1705783.482100000604987 ], [ 1046802.825699999812059, 1705770.4271 ], [ 1046789.129100000136532, 1705744.214900000253692 ], [ 1046790.3539, 1705734.883099999278784 ], [ 1046792.367899998906069, 1705730.242699998663738 ], [ 1046770.099699999671429, 1705697.716299999272451 ], [ 1046769.45929999940563, 1705696.8139 ], [ 1046718.60850000102073, 1705625.162699999753386 ], [ 1046716.29810000048019, 1705613.153100001625717 ], [ 1046707.743099998682737, 1705587.917900000233203 ], [ 1046702.631500000949018, 1705554.756299999309704 ], [ 1046658.506099998718128, 1705527.74930000025779 ], [ 1046651.739699999801815, 1705521.840099999681115 ], [ 1046633.286100000957958, 1705505.724700000602752 ], [ 1046631.986500000115484, 1705503.290300001157448 ], [ 1046607.414699998917058, 1705468.866300000110641 ], [ 1046622.692899999441579, 1705417.52350000012666 ], [ 1046628.993500001030043, 1705389.826900000451133 ], [ 1046654.536099999444559, 1705346.8455 ], [ 1046662.003499999060296, 1705314.274099998641759 ], [ 1046661.052499999757856, 1705295.921499999240041 ], [ 1046655.930899999802932, 1705281.201300000306219 ], [ 1046649.843099999357946, 1705261.440300000132993 ], [ 1046660.475699999602512, 1705203.362099999096245 ], [ 1046643.9263, 1705172.350099998526275 ], [ 1046631.666900000418536, 1705150.8429000005126 ], [ 1046614.6401, 1705116.726700000697747 ], [ 1046596.699100000900216, 1705075.5423 ], [ 1046615.838700001244433, 1705063.019400001969188 ], [ 1046626.707000000867993, 1705055.90850000269711 ], [ 1046630.087800000561401, 1705052.800900000380352 ], [ 1046695.533799999742769, 1705015.815900000277907 ], [ 1046739.891100000590086, 1705002.151900000870228 ], [ 1046762.860700000426732, 1704997.0757 ], [ 1046786.3718, 1704991.3769 ], [ 1046798.311999999568798, 1704994.494300000602379 ], [ 1046797.935700000729412, 1704990.814900001045316 ], [ 1046788.462199999717996, 1704980.715500001329929 ], [ 1046780.591400000615977, 1704964.340699999826029 ], [ 1046758.077000000630505, 1704942.867299999808893 ], [ 1046744.670400000293739, 1704929.797899999888614 ], [ 1046732.91119999892544, 1704918.334500000346452 ], [ 1046695.382599999080412, 1704889.650200000265613 ], [ 1046686.169400001061149, 1704882.630699999863282 ], [ 1046683.715399999287911, 1704876.009099998744205 ], [ 1046656.314999999245629, 1704862.867299999576062 ], [ 1046654.20060000102967, 1704811.939899999182671 ], [ 1046626.472400001133792, 1704764.604900001548231 ], [ 1046617.257199999527074, 1704697.993700000457466 ], [ 1046622.952599999727681, 1704677.957100001396611 ], [ 1046634.993799999472685, 1704635.594699999084696 ], [ 1046649.147399999084882, 1704586.402500002179295 ], [ 1046650.036999998497777, 1704528.62529999949038 ], [ 1046651.889600000344217, 1704443.234299999428913 ], [ 1046652.221999998902902, 1704427.911699999589473 ], [ 1046635.540599999018013, 1704356.969100000103936 ], [ 1046594.192200000747107, 1704230.245900000445545 ], [ 1046546.6682, 1704077.042299999855459 ], [ 1046487.15759999922011, 1703983.942699999781325 ], [ 1046469.347399999271147, 1703962.54329999955371 ], [ 1046458.207000000518747, 1703949.157899999525398 ], [ 1046356.733800000394695, 1703833.771899999119341 ], [ 1046299.390800000517629, 1703753.321499998914078 ], [ 1046274.714999999850988, 1703719.603700000792742 ], [ 1046259.265800000517629, 1703698.493400000734255 ], [ 1046194.317600000766106, 1703609.745899998117238 ], [ 1046237.374800001271069, 1703605.4921000006143 ], [ 1046241.451000000699423, 1703602.506100000580773 ], [ 1046242.630999999586493, 1703597.646600000560284 ], [ 1046243.269600000814535, 1703596.035900000715628 ], [ 1046253.02480000059586, 1703601.58750000060536 ], [ 1046261.1312, 1703606.201300000306219 ], [ 1046276.529999999562278, 1703612.915300000458956 ], [ 1046282.017399999895133, 1703615.307899999665096 ], [ 1046296.520800001220778, 1703624.305700000142679 ], [ 1046299.844200000166893, 1703627.489299999782816 ], [ 1046307.257800000486895, 1703630.694499998353422 ], [ 1046310.202000000281259, 1703631.585300000850111 ], [ 1046344.618000000715256, 1703639.16150000016205 ], [ 1046394.844599999836646, 1703638.4191 ], [ 1046395.545599999837577, 1703637.517899998929352 ], [ 1046396.87260000128299, 1703635.812100000446662 ], [ 1046416.77919999929145, 1703610.2179000005126 ], [ 1046458.09020000079181, 1703597.381899999687448 ], [ 1046503.198800001293421, 1703564.7564 ], [ 1046532.64719999965746, 1703531.239899999462068 ], [ 1046557.975000000791624, 1703531.990900001488626 ], [ 1046567.888999999617226, 1703523.979900001548231 ], [ 1046577.82719999901019, 1703514.397299999371171 ], [ 1046582.92300000123214, 1703509.481899997685105 ], [ 1046614.355399998603389, 1703466.398099998943508 ], [ 1046619.447999999392778, 1703444.931500001111999 ], [ 1046618.335800000699237, 1703396.921700000297278 ], [ 1046618.232399998931214, 1703392.453299998771399 ], [ 1046619.844599999720231, 1703391.1165 ], [ 1046653.082400000886992, 1703363.556500000180677 ], [ 1046653.670800000894815, 1703361.701500000432134 ], [ 1046654.230400000582449, 1703359.089899999089539 ], [ 1046660.010400000144728, 1703331.209899998735636 ], [ 1046673.047599999583326, 1703308.837700000964105 ], [ 1046696.755400000838563, 1703282.979699998395517 ], [ 1046709.84839999966789, 1703223.6227 ], [ 1046711.944799998658709, 1703185.344100000103936 ], [ 1046720.336199999786913, 1703151.6408 ], [ 1046721.571599999559112, 1703150.84690000070259 ], [ 1046760.244400000432506, 1703124.438699999591336 ], [ 1046794.66000000119675, 1703090.008699999423698 ], [ 1046808.543400001013651, 1703048.467499998630956 ], [ 1046847.406000001356006, 1703036.739299998851493 ], [ 1046871.918200000771321, 1703021.384099999209866 ], [ 1046892.187600000295788, 1703006.694100001361221 ], [ 1046926.934999999590218, 1703013.776900000870228 ], [ 1046984.121199999004602, 1703022.558900000993162 ], [ 1047013.723800000618212, 1703036.380299999145791 ], [ 1047062.608000000240281, 1703071.210899997968227 ], [ 1047072.460999999893829, 1703090.008600000292063 ], [ 1047089.093400000128895, 1703107.547599998768419 ], [ 1047099.945600001257844, 1703119.514299998292699 ], [ 1047125.132600000477396, 1703137.154100001789629 ], [ 1047160.386599999153987, 1703153.171099999453872 ], [ 1047200.743000000249594, 1703166.595699998782948 ], [ 1047220.9732, 1703185.198099998524413 ], [ 1047247.903199999826029, 1703190.716900000814348 ], [ 1047295.796400001272559, 1703206.368500000564381 ], [ 1047307.408999999403022, 1703217.686699999030679 ], [ 1047334.9988, 1703265.519300000974908 ], [ 1047384.762200000113808, 1703276.248700000345707 ], [ 1047423.3834, 1703289.826899999286979 ], [ 1047440.195800000103191, 1703293.059699999634176 ], [ 1047482.901800001040101, 1703280.174900000682101 ], [ 1047510.782000000705011, 1703252.833500000182539 ], [ 1047534.477199998567812, 1703242.001299999188632 ], [ 1047546.072200000169687, 1703244.85869999974966 ], [ 1047589.479599999729544, 1703206.691099998541176 ], [ 1047643.672199998982251, 1703212.081900001503527 ], [ 1047681.549799999222159, 1703180.411100000375882 ], [ 1047755.285199999343604, 1703170.49269999936223 ], [ 1047785.638799999724142, 1703138.322099999757484 ], [ 1047825.468200000701472, 1703131.0011 ], [ 1047882.799199999193661, 1703091.468100000172853 ], [ 1047912.071800000383519, 1703050.636099999770522 ], [ 1047980.566599998506717, 1703017.694999998901039 ], [ 1048003.098800000385381, 1702991.4159 ], [ 1048061.230200001038611, 1702960.989800000796095 ], [ 1048103.8537999993423, 1702944.654899999499321 ], [ 1048129.482400000910275, 1702901.668299998389557 ], [ 1048135.534799999790266, 1702886.42689999868162 ], [ 1048148.141599998576567, 1702867.286500000394881 ], [ 1048155.073399999295361, 1702860.365900000324473 ], [ 1048175.739599999273196, 1702806.115499998442829 ], [ 1048178.680599999730475, 1702733.06029999977909 ], [ 1048178.621600001119077, 1702674.668099999194965 ], [ 1048163.139600001391955, 1702619.360299998428673 ], [ 1048207.103199999080971, 1702586.424499999731779 ], [ 1048262.1648, 1702575.033699999563396 ], [ 1048312.3394, 1702555.441500000655651 ], [ 1048359.943400001269765, 1702522.145699999528006 ], [ 1048392.17760000040289, 1702489.647899999516085 ], [ 1048431.247400000225753, 1702454.309900001622736 ], [ 1048454.88580000132788, 1702415.106499999761581 ], [ 1048463.1232, 1702403.635500001255423 ], [ 1048500.743200000491925, 1702342.580100000137463 ], [ 1048516.596000000368804, 1702296.250099998898804 ], [ 1048517.699799998663366, 1702293.02409999910742 ], [ 1048514.837400000425987, 1702290.690300001529977 ], [ 1048495.311000000569038, 1702274.7697 ], [ 1048492.712000000290573, 1702272.650499999057502 ], [ 1048501.106399999116547, 1702237.967499997699633 ], [ 1048509.953399999300018, 1702201.414500000420958 ], [ 1048521.635600000154227, 1702150.476799998432398 ], [ 1048524.774800000945106, 1702128.451300001703203 ], [ 1048525.120799999451265, 1702126.023700001183897 ], [ 1048525.441999998991378, 1702125.61030000098981 ], [ 1048537.409400000120513, 1702110.21049999888055 ], [ 1048571.954800000647083, 1702054.517900000326335 ], [ 1048583.2226000004448, 1701998.6807 ], [ 1048584.510399998864159, 1701993.263299999525771 ], [ 1048597.150200000964105, 1701940.094299999764189 ], [ 1048595.018, 1701895.328099999576807 ], [ 1048595.459999999497086, 1701866.17970000137575 ], [ 1048596.055199999595061, 1701826.923299999441952 ], [ 1048597.39519999967888, 1701790.2669 ], [ 1048606.839399999240413, 1701733.170300000347197 ], [ 1048604.469, 1701712.808899999829009 ], [ 1048616.491600001230836, 1701666.35749999829568 ], [ 1048617.560399998910725, 1701615.148299998836592 ], [ 1048617.3326, 1701599.432899999432266 ], [ 1048617.819799999007955, 1701577.886499997694045 ], [ 1048595.17, 1701497.487500000279397 ], [ 1048594.828999999444932, 1701496.342900000978261 ], [ 1048592.919600000139326, 1701489.931399998953566 ], [ 1048555.788900000858121, 1701468.638399999123067 ], [ 1048538.456899999873713, 1701456.41100000217557 ], [ 1048497.728300000657327, 1701439.425200000870973 ], [ 1048481.9377, 1701439.656999999890104 ], [ 1048413.942900000605732, 1701440.654999999329448 ], [ 1048391.747099999454804, 1701450.550200001336634 ], [ 1048368.471300001139753, 1701441.981800000648946 ], [ 1048308.852899999474175, 1701399.004799999529496 ], [ 1048299.638100000214763, 1701392.362400001846254 ], [ 1048269.443099999451078, 1701380.535000000149012 ], [ 1048216.885099999140948, 1701359.94779999833554 ], [ 1048215.607299999566749, 1701359.062999999150634 ], [ 1048202.564299999503419, 1701350.03160000173375 ], [ 1048178.552299999399111, 1701350.1002000013832 ], [ 1048110.648099999059923, 1701350.294800000265241 ], [ 1047997.623899999423884, 1701300.928800000110641 ], [ 1047996.968099999357946, 1701300.699400000739843 ], [ 1047898.885699999285862, 1701266.398399998899549 ], [ 1047847.766499999561347, 1701256.907999999588355 ], [ 1047826.696499998914078, 1701241.938200000440702 ], [ 1047722.855299998889677, 1701243.676600000588223 ], [ 1047680.1637, 1701200.669600000604987 ], [ 1047591.447900000726804, 1701196.374600000679493 ], [ 1047572.624500000616536, 1701195.044099999126047 ], [ 1047517.483500000205822, 1701191.146400001365691 ], [ 1047474.993300000904128, 1701179.012399999424815 ], [ 1047457.009299999568611, 1701173.876800001133233 ], [ 1047408.25989999959711, 1701172.489900001324713 ], [ 1047399.515300000552088, 1701172.241000000620261 ], [ 1047386.2486999995308, 1701164.885799999348819 ], [ 1047348.729100000462495, 1701126.36490000016056 ], [ 1047341.269500000867993, 1701118.706199999898672 ], [ 1047320.190099999308586, 1701117.8664 ], [ 1047278.627299998886883, 1701116.21059999987483 ], [ 1047278.197400000528432, 1701115.293400001712143 ], [ 1047252.25440000067465, 1701059.927200000267476 ], [ 1047240.422899998957291, 1701034.677300001494586 ], [ 1047237.502500001224689, 1701032.801000001374632 ], [ 1047193.490099999238737, 1701004.523399997735396 ], [ 1047183.222500000498258, 1700965.210500001208857 ], [ 1047173.173399998690002, 1700936.275499999057502 ], [ 1047172.666499999468215, 1700934.816099998541176 ], [ 1047170.216500001144595, 1700927.761399998795241 ], [ 1047012.982300000498071, 1700968.6146 ], [ 1046923.582899998640642, 1700935.271999998949468 ], [ 1046837.795199999818578, 1700965.086300000315532 ], [ 1046781.949299999861978, 1700840.738199999090284 ], [ 1046701.836500001256354, 1700703.121799999382347 ], [ 1046679.758500001276843, 1700576.270999998785555 ], [ 1046613.662100001238286, 1700511.011999999172986 ], [ 1046540.64629999967292, 1700462.251800000201911 ], [ 1046500.279899999732152, 1700451.800400001229718 ], [ 1046479.04970000020694, 1700454.942599999718368 ], [ 1046469.260699999518692, 1700456.391599999275059 ], [ 1046462.022299999254756, 1700456.902000000933185 ], [ 1046420.945699999807402, 1700459.799400000367314 ], [ 1046359.863899999414571, 1700418.154200000455603 ], [ 1046347.550499999662861, 1700416.468000001274049 ], [ 1046296.595499999239109, 1700425.037200000602752 ], [ 1046233.8095, 1700397.986800001002848 ], [ 1046189.28210000123363, 1700408.068800000706688 ], [ 1046177.104300000122748, 1700410.8261999997776 ], [ 1046153.826900000451133, 1700411.144999998854473 ], [ 1046149.575299999327399, 1700407.51039999909699 ], [ 1046133.534500000998378, 1700393.7974 ], [ 1046065.127700001001358, 1700381.062600000761449 ], [ 1046031.3265, 1700346.016200001351535 ], [ 1046000.728500000783242, 1700327.98119999980554 ], [ 1045957.461400001193397, 1700219.7716 ], [ 1045921.626299998606555, 1700135.993499999400228 ], [ 1045911.9879, 1700087.068600000813603 ], [ 1045890.6647, 1700007.3378 ], [ 1045868.4901, 1699936.371800000313669 ], [ 1045864.434899999061599, 1699873.58339999942109 ], [ 1045855.463700000662357, 1699848.191199999535456 ], [ 1045821.85750000027474, 1699830.7347999997437 ], [ 1045748.970499999006279, 1699721.874299998860806 ], [ 1045735.260099999606609, 1699690.194000000599772 ], [ 1045716.9069, 1699647.962400001473725 ], [ 1045665.749099999899045, 1699608.679799998179078 ], [ 1045662.064899999764748, 1699605.850799999665469 ], [ 1045638.255300000426359, 1699572.657999999821186 ], [ 1045599.964499999652617, 1699542.729800000786781 ], [ 1045582.583299999474548, 1699537.952600001124665 ], [ 1045540.677699999185279, 1699540.973200001753867 ], [ 1045483.831299999728799, 1699553.888400000520051 ], [ 1045421.930100000929087, 1699529.788300000596792 ], [ 1045416.671099999686703, 1699507.437999998684973 ], [ 1045399.895499999285676, 1699436.145600000629202 ], [ 1045389.767500000656582, 1699429.35380000132136 ], [ 1045382.086899999529123, 1699426.944199999561533 ], [ 1045372.084499998716637, 1699423.806399999884889 ], [ 1045361.607499999692664, 1699405.457599998917431 ], [ 1045353.399499999708496, 1699391.082200000295416 ], [ 1045325.904099999228492, 1699365.629 ], [ 1045289.127700000302866, 1699341.571 ], [ 1045286.6979, 1699339.9816000002902 ], [ 1045285.220899999025278, 1699339.006799999624491 ], [ 1045283.603099999250844, 1699336.58720000134781 ], [ 1045275.461300000664778, 1699324.411599999293685 ], [ 1045258.985699999611825, 1699294.828400000697002 ], [ 1045221.365100000984967, 1699266.050599999027327 ], [ 1045207.67389999947045, 1699224.827200000174344 ], [ 1045204.917899999418296, 1699216.522800000617281 ], [ 1045204.730899999616668, 1699215.9736 ], [ 1045194.532299999846146, 1699211.045000000856817 ], [ 1045154.312900000833906, 1699191.609199999598786 ], [ 1045153.779899999499321, 1699191.351600001100451 ], [ 1045102.70949999964796, 1699150.28080000076443 ], [ 1045092.310100000817329, 1699054.627000000793487 ], [ 1045101.8087, 1699003.900000000372529 ], [ 1045030.399699999135919, 1698968.690400001127273 ], [ 1045019.802100000786595, 1698973.845000000903383 ], [ 1044925.604299999424256, 1699019.662599998991936 ], [ 1044869.831099999370053, 1699003.964199999347329 ], [ 1044713.451900000334717, 1699072.039600001182407 ], [ 1044709.371899999096058, 1699073.821199999656528 ], [ 1044637.860299999592826, 1699083.0994 ], [ 1044572.247100000735372, 1699091.612400000914931 ], [ 1044567.430300000822172, 1699090.977600001031533 ], [ 1044567.260700001264922, 1699083.086999998893589 ], [ 1044562.830900000990368, 1699078.584399999585003 ], [ 1044562.620699999155477, 1699074.919399999314919 ], [ 1044562.268700000829995, 1699068.782199999317527 ], [ 1044551.554100000532344, 1699058.452 ], [ 1044538.230200001038611, 1699070.355399999767542 ], [ 1044537.026899999473244, 1699071.430400000885129 ], [ 1044534.263700000941753, 1699074.770099997753277 ], [ 1044528.156700000865385, 1699082.151400001021102 ], [ 1044520.387900000903755, 1699093.389799998840317 ], [ 1044515.983300001593307, 1699097.99239999987185 ], [ 1044504.588700000778772, 1699094.946799999568611 ], [ 1044503.955100000835955, 1699087.7982 ], [ 1044503.736799999373034, 1699083.633400002028793 ], [ 1044503.6889, 1699082.718000000109896 ], [ 1044496.205700000631623, 1699082.2773999995552 ], [ 1044489.49970000050962, 1699084.248299999628216 ], [ 1044487.058500000392087, 1699084.965799999888986 ], [ 1044480.890700000454672, 1699085.903000001329929 ], [ 1044473.707200001110323, 1699084.053800000110641 ], [ 1044383.5483, 1699060.84419999923557 ], [ 1044360.929399998742156, 1699073.483500000322238 ], [ 1044224.996200000285171, 1699149.442100000102073 ], [ 1044225.3598, 1699150.974500001873821 ], [ 1044149.2368, 1699209.51310000079684 ], [ 1044140.486199999810196, 1699239.178099999204278 ], [ 1044130.238799999235198, 1699271.766500000143424 ], [ 1044027.776799999759533, 1699404.2247 ], [ 1044007.753399999346584, 1699430.700099999085069 ], [ 1043987.363399999565445, 1699436.834299998590723 ], [ 1043974.921400001272559, 1699440.577499998966232 ], [ 1043972.826800000621006, 1699442.247899999842048 ], [ 1043924.5302, 1699480.762199999764562 ], [ 1043893.930799999623559, 1699486.092499998398125 ], [ 1043854.653000000864267, 1699492.934900001389906 ], [ 1043844.643599999719299, 1699499.118899998953566 ], [ 1043826.69900000107009, 1699510.205299999332055 ], [ 1043782.644600001163781, 1699583.768499999539927 ], [ 1043770.541000000899658, 1699584.312899999087676 ], [ 1043645.962399998679757, 1699589.917099999031052 ], [ 1043620.702199999825098, 1699605.964299999410287 ], [ 1043610.178400000440888, 1699612.649700000649318 ], [ 1043581.479200000641868, 1699630.8817 ], [ 1043579.833599998615682, 1699631.927100001601502 ], [ 1043579.509599999524653, 1699631.849300001049414 ], [ 1043507.124799999524839, 1699614.473899999633431 ], [ 1043444.043199999607168, 1699627.001299999421462 ], [ 1043436.534999999217689, 1699636.581300000660121 ], [ 1043377.144799999077804, 1699712.359899999573827 ], [ 1043358.678200000431389, 1699718.182900001993403 ], [ 1043340.797400000621565, 1699723.8213 ], [ 1043325.822200000518933, 1699734.480500000528991 ], [ 1043296.704800000297837, 1699755.20630000019446 ], [ 1043285.335400001145899, 1699768.967100000474602 ], [ 1043277.875399999320507, 1699765.93610000028275 ], [ 1043247.586799999698997, 1699753.630100001115352 ], [ 1043208.765200000372715, 1699722.063100000377744 ], [ 1043187.996000000508502, 1699738.368899998487905 ], [ 1043161.287600000970997, 1699776.985299999825656 ], [ 1043133.971, 1699802.171900000190362 ], [ 1043088.095000000670552, 1699858.932100000558421 ], [ 1043035.147999998996966, 1699889.837100000120699 ], [ 1043018.578999998862855, 1699912.569499999517575 ], [ 1043005.463800000143237, 1699930.56330000073649 ], [ 1042986.413200001232326, 1699936.152300000190735 ], [ 1042965.0294, 1699942.426200000569224 ], [ 1042913.802399999578483, 1699979.422599999466911 ], [ 1042883.831399999558926, 1700017.628499999875203 ], [ 1042837.745000000926666, 1700058.408299998380244 ], [ 1042807.34900000016205, 1700096.940099998842925 ], [ 1042782.317599999252707, 1700116.011099999770522 ], [ 1042774.826400000485592, 1700116.0499 ], [ 1042765.724600000889041, 1700119.244100002106279 ], [ 1042786.932400001212955, 1700122.468500000424683 ], [ 1042794.7684, 1700123.659900000784546 ], [ 1042783.592400001361966, 1700123.480399998836219 ], [ 1042759.224, 1700123.089100000448525 ], [ 1042759.719599999836646, 1700125.232500000158325 ], [ 1042736.121600000187755, 1700133.576299999607727 ], [ 1042714.654799999087118, 1700134.427899999544024 ], [ 1042693.230999999679625, 1700140.2359 ], [ 1042682.815599999623373, 1700137.589500001166016 ], [ 1042669.68300000031013, 1700136.847899998771027 ], [ 1042631.42640000092797, 1700107.542100000195205 ], [ 1042570.217599998926744, 1700101.480699998792261 ], [ 1042546.449799998896196, 1700127.150300000794232 ], [ 1042535.113300001248717, 1700137.916800000704825 ], [ 1042495.143799998913892, 1700175.876700000837445 ], [ 1042487.942999999271706, 1700183.031500001437962 ], [ 1042479.300200001336634, 1700191.618100000545382 ], [ 1042477.994200000655837, 1700193.074899999424815 ], [ 1042454.126400000648573, 1700215.54759999923408 ], [ 1042426.142199999303557, 1700243.535299999173731 ], [ 1042424.905800000531599, 1700281.971500000916421 ], [ 1042423.049200000590645, 1700339.687899998389184 ], [ 1042417.746399998664856, 1700449.748299998929724 ], [ 1042422.832800000905991, 1700627.925300000235438 ], [ 1042425.956199998850934, 1700737.343900002539158 ], [ 1042457.387400000588968, 1700768.90019999910146 ], [ 1042491.269399999757297, 1700805.4487 ], [ 1042533.98239999904763, 1700850.593499999027699 ], [ 1042579.305599998799153, 1700898.497500000987202 ], [ 1042607.420699998969212, 1701032.669199999189004 ], [ 1042627.552, 1701128.739900000859052 ], [ 1042656.254799999529496, 1701265.71610000077635 ], [ 1042662.996799999265932, 1701297.890100000659004 ], [ 1042721.633200000273064, 1701491.015100000426173 ], [ 1042759.841999999829568, 1701617.384700000518933 ], [ 1042783.943000001017936, 1701697.095300000160933 ], [ 1042767.4962, 1701894.3461 ], [ 1042718.8876, 1701948.754899999126792 ], [ 1042585.636399999610148, 1702097.906300000846386 ], [ 1042569.454600000171922, 1702108.784700000658631 ], [ 1042518.940600001020357, 1702137.10270000086166 ], [ 1042439.223399999202229, 1702181.5351 ], [ 1042408.822400000179186, 1702197.800499999895692 ], [ 1042170.477599999285303, 1702323.631700000492856 ], [ 1042086.781999998725951, 1702367.817900000140071 ], [ 1042011.965600000461563, 1702369.595100000500679 ], [ 1041587.074399999575689, 1702379.688099999446422 ], [ 1041394.255599999218248, 1702399.478100000182167 ], [ 1041186.6954, 1702462.742300000973046 ], [ 1041087.94260000041686, 1702506.310100000351667 ], [ 1041057.079400001326576, 1702524.152400000253692 ], [ 1040934.394600001047365, 1702595.077500000596046 ], [ 1040910.59279999951832, 1702625.306299998890609 ], [ 1040736.212200000300072, 1702778.658299998380244 ], [ 1040726.0676, 1702787.579700000584126 ], [ 1040686.135399999213405, 1702822.6963 ], [ 1040590.199999999487773, 1702908.954100000904873 ], [ 1040505.892600000137463, 1702988.71250000083819 ], [ 1040451.074599999003112, 1703040.0715 ], [ 1040381.053200000314973, 1703159.554499999852851 ], [ 1040375.595799999078736, 1703168.866700001060963 ], [ 1040337.9674, 1703232.479499998735264 ], [ 1040278.202800000319257, 1703350.07689999951981 ], [ 1040141.414400000474416, 1703619.23210000153631 ], [ 1040088.08119999896735, 1703724.1743 ], [ 1040088.30319999915082, 1703829.965100000146776 ], [ 1040088.841200000606477, 1704086.376700000837445 ], [ 1040096.47840000060387, 1704110.556099998764694 ], [ 1040089.0576, 1704143.37099999957718 ], [ 1040058.772399999666959, 1704277.291500000515953 ], [ 1040008.077200000407174, 1704509.759099998511374 ], [ 1039940.376799998921342, 1704751.422900000354275 ], [ 1039934.075599999167025, 1704773.915300001390278 ], [ 1039899.1816, 1704910.121899999212474 ], [ 1039883.552599999820814, 1704987.548699998995289 ], [ 1039865.355800000485033, 1705060.245899999514222 ], [ 1039859.59279999951832, 1705083.268900000490248 ], [ 1039806.205599999520928, 1705235.017500000307336 ], [ 1039789.422600000281818, 1705304.156099999090657 ], [ 1039769.05800000031013, 1705345.0747 ], [ 1039757.01639999949839, 1705371.972700000740588 ], [ 1039605.136800001026131, 1705711.231499998830259 ], [ 1039453.378599999821745, 1705829.215700000990182 ], [ 1039333.355199999758042, 1705922.527900000102818 ], [ 1039213.638799999607727, 1706015.601299999281764 ], [ 1039068.427000000374392, 1706147.234900000505149 ], [ 1038898.299200000939891, 1706295.4553 ], [ 1038880.453200001036748, 1706311.3145 ], [ 1038743.421000000438653, 1706433.090700000990182 ], [ 1038372.046400000341237, 1706517.069499999517575 ], [ 1038280.507199999410659, 1706555.121099999407306 ], [ 1038201.903599999495782, 1706603.352700000628829 ], [ 1038032.529399999883026, 1706743.67109999852255 ], [ 1037980.6364, 1706821.087899999693036 ], [ 1037938.970000000321306, 1706919.065700001548976 ], [ 1037929.860599999665283, 1706989.916300000390038 ], [ 1037926.199399999110028, 1707018.393100001849234 ], [ 1037905.6474, 1707114.775300000794232 ], [ 1037890.977400000556372, 1707212.695900000398979 ], [ 1037878.527600000263192, 1707307.795299998717383 ], [ 1037877.035400001332164, 1707319.193099999800324 ], [ 1037829.393999999505468, 1707420.951300001237541 ], [ 1037773.495400000363588, 1707545.885099999606609 ], [ 1037773.472399999853224, 1707545.936300001572818 ], [ 1037773.639400000567548, 1707545.9495000008028 ], [ 1037774.471400000620633, 1707576.3341 ], [ 1037776.037000000593252, 1707633.503499999875203 ], [ 1037776.708800000371411, 1707658.036299999104813 ], [ 1037767.570800000568852, 1707719.560100000351667 ], [ 1037756.099999998928979, 1707760.390100000193343 ], [ 1037747.954799999250099, 1707797.733999997610226 ], [ 1037739.08299999916926, 1707835.870100001804531 ], [ 1037722.107800000812858, 1707910.2822999979835 ], [ 1037700.719999998807907, 1708008.414699999848381 ], [ 1037690.32380000082776, 1708052.187499999534339 ], [ 1037685.884600000688806, 1708070.878699999302626 ], [ 1037690.005599999451078, 1708072.130599999800324 ], [ 1037701.73040000081528, 1708075.6923 ], [ 1037754.370999999460764, 1708091.68309999932535 ], [ 1037763.870200000703335, 1708094.570900000398979 ], [ 1037764.822999999509193, 1708128.557499998714775 ], [ 1037769.613400000846013, 1708141.389299998991191 ], [ 1037772.844800000661053, 1708145.32530000153929 ], [ 1037774.401599999866448, 1708147.041699999477714 ], [ 1037787.627999998978339, 1708152.676299999235198 ], [ 1037806.388999999733642, 1708155.1937000004109 ], [ 1037828.480399998719804, 1708154.704699999187142 ], [ 1037870.487400000914931, 1708150.819700001273304 ], [ 1037922.875799998757429, 1708142.807499999878928 ], [ 1037972.256799999042414, 1708141.955099999671802 ], [ 1038008.84080000105314, 1708124.456700001843274 ], [ 1038056.658000000286847, 1708131.470499999122694 ], [ 1038118.078200000454672, 1708166.703899999614805 ], [ 1038143.482199999270961, 1708176.538299999432638 ], [ 1038159.359199999133125, 1708184.151699998881668 ], [ 1038209.1136, 1708193.969499999890104 ], [ 1038219.381400000303984, 1708197.527899999404326 ], [ 1038228.608799999230541, 1708200.72569999890402 ], [ 1038247.430000000167638, 1708207.248299998464063 ], [ 1038262.586399999796413, 1708217.087500002002344 ], [ 1038266.691800001077354, 1708220.572300001280382 ], [ 1038267.526400000788271, 1708221.280699999304488 ], [ 1038289.883799999253824, 1708236.515900001395494 ], [ 1038312.764199999510311, 1708243.247500000521541 ], [ 1038355.573000000789762, 1708247.605699998792261 ], [ 1038366.874999998835847, 1708248.756400001235306 ], [ 1038382.096199998515658, 1708250.58269999967888 ], [ 1038398.276600000215694, 1708254.726299998816103 ], [ 1038403.308400000329129, 1708258.724099999293685 ], [ 1038409.5632, 1708264.621899999678135 ], [ 1038418.524400000227615, 1708270.635899999411777 ], [ 1038435.539399999426678, 1708277.189899998018518 ], [ 1038483.392400001408532, 1708295.622499998658895 ], [ 1038515.962400000193156, 1708321.037699999287724 ], [ 1038537.695600000210106, 1708330.211899999761954 ], [ 1038568.419199999421835, 1708357.548500001430511 ], [ 1038587.347799999406561, 1708366.368100001476705 ], [ 1038618.86099999898579, 1708389.73450000025332 ], [ 1038634.54600000102073, 1708397.585699999006465 ], [ 1038650.390999999712221, 1708405.517300001345575 ], [ 1038664.051999998977408, 1708412.333299999823794 ], [ 1038670.826999999699183, 1708420.48549999948591 ], [ 1038673.9082, 1708423.773499999195337 ], [ 1038667.560599999618717, 1708424.680900000268593 ], [ 1038670.242599999299273, 1708426.527699999045581 ], [ 1038671.696800000499934, 1708429.451899999752641 ], [ 1038676.091999999480322, 1708432.081500000320375 ], [ 1038677.434799998765811, 1708435.739100000821054 ], [ 1038676.879799999413081, 1708439.0483 ], [ 1038673.101200000732206, 1708436.829500001156703 ], [ 1038668.534600000246428, 1708436.280699999304488 ], [ 1038662.2776, 1708436.7061 ], [ 1038661.779600000823848, 1708437.048300000838935 ], [ 1038662.871, 1708440.792099999496713 ], [ 1038668.475599998841062, 1708446.40430000028573 ], [ 1038675.800599999260157, 1708458.370899998350069 ], [ 1038677.02520000108052, 1708458.816500000655651 ], [ 1038687.331399999558926, 1708462.5559 ], [ 1038694.781999998609535, 1708465.1541 ], [ 1038695.215399999637157, 1708465.906500001437962 ], [ 1038696.124200001358986, 1708467.484300000593066 ], [ 1038723.954600000753999, 1708496.738500001141801 ], [ 1038752.287799998885021, 1708514.231700000585988 ], [ 1038761.036999998963438, 1708523.437299999408424 ], [ 1038773.5714, 1708531.407500000437722 ], [ 1038827.894800000358373, 1708556.081299999728799 ], [ 1038904.490200000815094, 1708599.924100000411272 ], [ 1038938.597, 1708605.58049999945797 ], [ 1038974.276600001147017, 1708650.240099999587983 ], [ 1038985.40919999871403, 1708661.492900001816452 ], [ 1038992.92139999975916, 1708667.1963 ], [ 1039006.693799998727627, 1708671.1331 ], [ 1039054.930000000400469, 1708675.965700000990182 ], [ 1039054.980999998748302, 1708669.54670000099577 ], [ 1039054.998399999109097, 1708667.347500000614673 ], [ 1039087.421600000350736, 1708669.3731 ], [ 1039090.332799999509007, 1708672.231100001838058 ], [ 1039096.301599999191239, 1708674.742900000885129 ], [ 1039101.403800001018681, 1708682.986900000832975 ], [ 1039107.778800001135096, 1708693.28749999939464 ], [ 1039122.065999999758787, 1708716.858499999390915 ], [ 1039124.4757999998983, 1708719.43709999974817 ], [ 1039141.3422, 1708732.152300001122057 ], [ 1039144.580599999520928, 1708730.965500000864267 ], [ 1039157.652199999894947, 1708737.614800001494586 ], [ 1039162.500199998845346, 1708741.470300000160933 ], [ 1039164.986399999586865, 1708744.315500000724569 ], [ 1039193.779, 1708765.10689999954775 ], [ 1039192.401200000895187, 1708766.203299998771399 ], [ 1039220.263399998773821, 1708816.236699999310076 ], [ 1039267.115400000358932, 1708869.732899998314679 ], [ 1039316.7508, 1708907.7401 ], [ 1039343.651800001156516, 1708940.945099998731166 ], [ 1039362.204, 1708949.029899999499321 ], [ 1039411.969400000292808, 1709051.901500000618398 ], [ 1039441.598600000375882, 1709090.199500000104308 ], [ 1039474.018400000873953, 1709134.5715 ], [ 1039494.185399999492802, 1709188.806999999564141 ], [ 1039496.822599999140948, 1709224.212099998956546 ], [ 1039506.115800000261515, 1709231.2511 ], [ 1039581.864799999399111, 1709284.251700000604615 ], [ 1039623.0138, 1709305.883300000103191 ], [ 1039781.626400001114234, 1709341.00569999916479 ], [ 1039843.229399999021553, 1709448.222300000488758 ], [ 1039869.9542, 1709494.735300000756979 ], [ 1040107.328200000105426, 1709539.942900000140071 ], [ 1040169.435999999055639, 1709649.788899999344721 ], [ 1040222.523999999510124, 1709675.889300001319498 ], [ 1040313.984199999365956, 1709734.539099999004975 ], [ 1040314.107200001017191, 1709760.316299999132752 ], [ 1040314.2998, 1709800.736699999077246 ], [ 1040224.700800000224262, 1710024.018899999326095 ], [ 1040253.645199999329634, 1710083.680299998726696 ], [ 1040301.235599999548867, 1710190.691700001712888 ], [ 1040418.539599998854101, 1710317.158699999563396 ], [ 1040421.882000000681728, 1710387.805700000142679 ], [ 1040422.221200000261888, 1710394.976099999621511 ], [ 1040436.498200000845827, 1710419.33830000134185 ], [ 1040439.024500000989065, 1710423.649299999466166 ], [ 1040441.113999999011867, 1710427.2149 ], [ 1040453.236800000304356, 1710447.90110000083223 ], [ 1040455.386999999638647, 1710451.51270000054501 ], [ 1040461.673799999756739, 1710451.270500000100583 ], [ 1040529.127399999881163, 1710448.6722999997437 ], [ 1040551.621200000634417, 1710426.711100001819432 ], [ 1040585.656200000899844, 1710409.791300000157207 ], [ 1040652.05139999918174, 1710398.51189999980852 ], [ 1040666.194899999769405, 1710389.609299999894574 ], [ 1040717.383799999253824, 1710357.388499998953193 ], [ 1040771.024500000290573, 1710369.916400000452995 ], [ 1040782.599399999366142, 1710372.6197 ], [ 1040856.850399999879301, 1710367.549699999392033 ], [ 1040921.622399999643676, 1710353.105900000780821 ], [ 1040959.4024, 1710362.540100001962855 ], [ 1041064.163799999281764, 1710401.4289 ], [ 1041173.027000000700355, 1710388.686899998458102 ], [ 1041245.926199998590164, 1710402.3435 ], [ 1041279.572200001217425, 1710408.646500001661479 ], [ 1041332.639000000664964, 1710415.499899999471381 ], [ 1041333.622099999687634, 1710437.181800001068041 ], [ 1041334.461999999242835, 1710455.707100000698119 ], [ 1041386.592599999392405, 1710458.471899999538437 ], [ 1041456.074799998779781, 1710455.792899998836219 ], [ 1041505.901799999759533, 1710429.839699999894947 ], [ 1041574.2552, 1710508.811300000175834 ], [ 1041619.029600000125356, 1710547.9315 ], [ 1041624.626599999377504, 1710553.61549999890849 ], [ 1041670.633799999253824, 1710566.892499999608845 ], [ 1041715.3474, 1710579.796100001549348 ], [ 1041726.623900000704452, 1710593.311199999647215 ], [ 1041757.023100000922568, 1710629.744999999413267 ], [ 1041758.45369999948889, 1710631.4597 ], [ 1041771.515600000624545, 1710647.1144999996759 ], [ 1041796.454600000753999, 1710648.9889 ], [ 1041809.137600001180544, 1710646.008300000568852 ], [ 1041841.099399999715388, 1710621.351699999766424 ], [ 1041862.87360000028275, 1710615.252699998905882 ], [ 1041910.087000001338311, 1710627.030300000216812 ], [ 1041933.284199998597614, 1710634.3659 ], [ 1041944.189599999343045, 1710642.954700000584126 ], [ 1041964.229600000311621, 1710658.737500000279397 ], [ 1041998.010300001129508, 1710673.63969999901019 ], [ 1042031.735199999064207, 1710688.51729999971576 ], [ 1042096.1602, 1710705.3757000034675 ], [ 1042133.723700000206009, 1710715.2304 ], [ 1042153.122999999555759, 1710720.319700002437457 ], [ 1042160.487800000235438, 1710709.232500000856817 ], [ 1042167.051300001214258, 1710706.7674 ], [ 1042178.847399999736808, 1710702.3373 ], [ 1042186.826199999428354, 1710701.8483 ], [ 1042223.525000000954606, 1710698.45670000067912 ], [ 1042269.57859999849461, 1710680.222100001061335 ], [ 1042271.774800000479445, 1710679.4485 ], [ 1042275.929100000648759, 1710677.985200001159683 ], [ 1042301.185800001258031, 1710669.088899999624118 ] ] ] } },
{ "type": "Feature", "properties": { "BASE_DATE": "20250630", "ADM_CD": "38570390", "ADM_NM": "생비량면" }, "geometry": { "type": "Polygon", "coordinates": [ [ [ 1051832.368599998997524, 1710998.7941 ], [ 1051834.291799999773502, 1710993.5767 ], [ 1051843.991800000891089, 1710971.033900000620633 ], [ 1051855.1096000012476, 1710966.810099999886006 ], [ 1051881.456999999471009, 1710956.799900001846254 ], [ 1051900.5972, 1710940.891399999847636 ], [ 1051942.0244, 1710906.458699999377131 ], [ 1051942.83299999893643, 1710901.629899999592453 ], [ 1051943.519800000125542, 1710893.351099998923019 ], [ 1051942.756900000618771, 1710886.471400000387803 ], [ 1051937.691599999321625, 1710840.797700002323836 ], [ 1051963.0658, 1710765.246899999678135 ], [ 1051967.332800000440329, 1710738.9679 ], [ 1051958.377600000472739, 1710597.658100000582635 ], [ 1051994.279600000241771, 1710563.482699999352917 ], [ 1051995.80699999933131, 1710561.424199999775738 ], [ 1052031.172399999573827, 1710513.759500000625849 ], [ 1052064.929000000469387, 1710512.479699999094009 ], [ 1052098.93379999906756, 1710511.190400001592934 ], [ 1052114.100400000112131, 1710510.61530000041239 ], [ 1052183.670999998925254, 1710509.317099999636412 ], [ 1052278.924800001084805, 1710518.016099999891594 ], [ 1052282.678999998839572, 1710519.240200001513585 ], [ 1052366.441600000252947, 1710546.551699999719858 ], [ 1052375.810399999609217, 1710549.741399998776615 ], [ 1052411.80820000031963, 1710561.997300000861287 ], [ 1052502.845799999311566, 1710577.177700000349432 ], [ 1052604.714999998919666, 1710554.976299999514595 ], [ 1052735.845200000330806, 1710532.642300000414252 ], [ 1052783.806399999186397, 1710457.115499999606982 ], [ 1052820.835400001145899, 1710385.986300000688061 ], [ 1052822.763199999462813, 1710385.642100001452491 ], [ 1052834.6574, 1710383.518499998841435 ], [ 1052900.301799999549985, 1710371.797499999403954 ], [ 1052907.317, 1710365.449700000230223 ], [ 1052915.940899999113753, 1710358.755500000203028 ], [ 1052949.963000001385808, 1710332.345500000752509 ], [ 1052939.939799999352545, 1710190.959100001025945 ], [ 1052981.68320000031963, 1710118.580100000603124 ], [ 1052995.405000000493601, 1710061.311099999584258 ], [ 1053003.417000000132248, 1710049.620499999262393 ], [ 1053028.341200000140816, 1710018.719300000695512 ], [ 1053028.72059999848716, 1710018.249099999433383 ], [ 1053051.665799998445436, 1709999.503100001718849 ], [ 1053071.060599999269471, 1709975.7827 ], [ 1053071.293200000654906, 1709975.517100000753999 ], [ 1053084.93540000077337, 1709959.92750000115484 ], [ 1053116.771200000774115, 1709909.442099999636412 ], [ 1053122.447800001362339, 1709904.317900001071393 ], [ 1053131.465200001141056, 1709895.475400001043454 ], [ 1053154.712200000882149, 1709872.678500001085922 ], [ 1053175.325399999506772, 1709870.354299999773502 ], [ 1053178.463799998862669, 1709869.770899999886751 ], [ 1053181.280199999688193, 1709869.247499999590218 ], [ 1053210.89079999900423, 1709858.134299999568611 ], [ 1053221.169399999314919, 1709849.889100000727922 ], [ 1053229.130800000391901, 1709842.988299999153242 ], [ 1053245.646800000220537, 1709828.6719 ], [ 1053310.633400000631809, 1709730.802100001834333 ], [ 1053331.593000000575557, 1709717.710400000214577 ], [ 1053341.640000000130385, 1709711.435100001050159 ], [ 1053356.209199999691918, 1709707.941499999724329 ], [ 1053398.325399999739602, 1709699.279499999247491 ], [ 1053412.945600000908598, 1709697.968100000172853 ], [ 1053486.956799998879433, 1709690.7426999991294 ], [ 1053491.188600000459701, 1709687.4394 ], [ 1053522.656600000103936, 1709662.875100000295788 ], [ 1053523.1946, 1709614.992900000186637 ], [ 1053482.450000000651926, 1709532.970499999588355 ], [ 1053484.882800000254065, 1709496.500700000207871 ], [ 1053485.014999999431893, 1709492.792700001038611 ], [ 1053485.32799999951385, 1709484.024700001114979 ], [ 1053472.127000001259148, 1709436.390699999174103 ], [ 1053444.266800001496449, 1709421.382500001927838 ], [ 1053436.028, 1709399.744100001640618 ], [ 1053434.69639999885112, 1709395.999899999704212 ], [ 1053437.186399999540299, 1709346.062100001377985 ], [ 1053438.0186, 1709332.258300001733005 ], [ 1053418.76219999906607, 1709303.80449999962002 ], [ 1053414.875400000717491, 1709298.599899999331683 ], [ 1053412.279800000600517, 1709297.894900001352653 ], [ 1053382.132, 1709283.257700000191107 ], [ 1053367.812199999112636, 1709245.4071 ], [ 1053330.6586, 1709205.813500000396743 ], [ 1053321.413799999281764, 1709172.10789999878034 ], [ 1053326.635599999688566, 1709137.597900000168011 ], [ 1053306.943400000920519, 1709066.325900000985712 ], [ 1053303.446999998530373, 1709012.827099998714402 ], [ 1053258.121800000313669, 1708972.506899998057634 ], [ 1053238.933999999193475, 1708932.697300000116229 ], [ 1053208.886000000173226, 1708913.423900001915172 ], [ 1053181.228800000157207, 1708898.789300000295043 ], [ 1053178.483400000492111, 1708897.03609999967739 ], [ 1053174.594799999613315, 1708892.421700000297278 ], [ 1053133.008000001078472, 1708840.322300000116229 ], [ 1053128.1842, 1708834.95409999974072 ], [ 1053083.658200001344085, 1708830.774499997962266 ], [ 1053038.992, 1708825.639699999475852 ], [ 1053039.055399999255314, 1708794.614700000965968 ], [ 1053039.058599999872968, 1708793.057499998714775 ], [ 1053036.895199999213219, 1708792.483599999221042 ], [ 1052993.079200000502169, 1708780.859899998875335 ], [ 1052991.096199999563396, 1708781.004899999126792 ], [ 1052973.591799999820068, 1708754.321100000757724 ], [ 1052957.540600000414997, 1708739.106899999314919 ], [ 1052948.065799999050796, 1708730.1261 ], [ 1052937.396399999503046, 1708706.113299999153242 ], [ 1052903.93, 1708686.287300000200048 ], [ 1052877.342400000197813, 1708670.396099999314174 ], [ 1052806.369000000180677, 1708635.008300001733005 ], [ 1052804.777200000360608, 1708623.934899999760091 ], [ 1052803.424999998882413, 1708623.788500000257045 ], [ 1052795.007599999662489, 1708621.994700000155717 ], [ 1052791.888600000413135, 1708616.41609999909997 ], [ 1052790.979500000132248, 1708613.402199999429286 ], [ 1052781.876000000396743, 1708583.222500000149012 ], [ 1052775.982199999736622, 1708570.794899999862537 ], [ 1052773.021399999270216, 1708564.551699998788536 ], [ 1052755.73280000127852, 1708525.974500002106652 ], [ 1052754.053999999538064, 1708522.42090000025928 ], [ 1052748.753399999579415, 1708511.320699999574572 ], [ 1052739.77919999952428, 1708495.519699999364093 ], [ 1052738.835199999855831, 1708493.9119 ], [ 1052736.328800001181662, 1708489.560100000817329 ], [ 1052709.649400000227615, 1708448.214700000360608 ], [ 1052708.215200000442564, 1708442.147099998546764 ], [ 1052717.94260000041686, 1708430.7278 ], [ 1052719.3564, 1708429.067800000775605 ], [ 1052725.171799999196082, 1708422.241100000217557 ], [ 1052761.435600000200793, 1708417.7207 ], [ 1052802.754800000693649, 1708412.566299999598414 ], [ 1052821.449600000632927, 1708410.803300000261515 ], [ 1052836.668099999660626, 1708409.48670000070706 ], [ 1052849.863400000380352, 1708408.3453 ], [ 1052854.101000000955537, 1708407.248500000452623 ], [ 1052896.57, 1708396.2548999984283 ], [ 1052910.876199999125674, 1708387.768900000490248 ], [ 1052927.742299999576062, 1708376.6622 ], [ 1052921.486399999354035, 1708374.757699998561293 ], [ 1052931.140699999406934, 1708357.138300000457093 ], [ 1052933.593099999474362, 1708353.811699998565018 ], [ 1052935.3638, 1708349.117299999808893 ], [ 1052934.754900000756606, 1708347.220700000179932 ], [ 1052934.998200000962242, 1708342.377999999793246 ], [ 1052937.938800000119954, 1708338.641899998998269 ], [ 1052939.841200000140816, 1708336.201500001363456 ], [ 1052945.547499999636784, 1708333.762900000903755 ], [ 1052949.888000000966713, 1708331.375499999150634 ], [ 1052952.620000000344589, 1708325.650099999736995 ], [ 1052952.080199999734759, 1708321.559299999848008 ], [ 1052952.033100000349805, 1708320.896900000516325 ], [ 1052951.803299999330193, 1708317.680500001180917 ], [ 1052954.748500000219792, 1708310.6885 ], [ 1052959.219800000311807, 1708304.55650000134483 ], [ 1052963.090100000612438, 1708299.654899999732152 ], [ 1052965.791199999628589, 1708296.340900000184774 ], [ 1052968.430999999167398, 1708291.554699999745935 ], [ 1052971.150600001448765, 1708290.265300000552088 ], [ 1052973.6816, 1708287.094799999613315 ], [ 1052977.009899999480695, 1708287.4134 ], [ 1053000.522899999283254, 1708289.664300001226366 ], [ 1053013.573, 1708290.911800000118092 ], [ 1053034.565699999220669, 1708279.820300000719726 ], [ 1053051.211500000907108, 1708270.873700002208352 ], [ 1053064.3376, 1708267.402300000190735 ], [ 1053080.895399999804795, 1708262.577099998481572 ], [ 1053095.34559999848716, 1708258.6131 ], [ 1053137.477500001201406, 1708216.920900001423433 ], [ 1053215.2812, 1708182.803099998971447 ], [ 1053229.168600000441074, 1708151.047300000209361 ], [ 1053221.520100000780076, 1708113.697699999669567 ], [ 1053277.620799998519942, 1708044.774900000775233 ], [ 1053307.640999999595806, 1708029.795899999793619 ], [ 1053312.9884, 1708022.222500001545995 ], [ 1053336.850599999539554, 1707990.607499999459833 ], [ 1053338.168900000629947, 1707987.378299999516457 ], [ 1053353.469999998575076, 1707958.913899998413399 ], [ 1053364.138200000394136, 1707945.743300001136959 ], [ 1053368.672700000461191, 1707940.144799998495728 ], [ 1053415.867200000677258, 1707982.451699999626726 ], [ 1053429.759400000795722, 1707994.893899999558926 ], [ 1053445.562999999150634, 1707989.479100000113249 ], [ 1053454.483899999642745, 1707986.426699998322874 ], [ 1053474.283999999752268, 1707997.2929 ], [ 1053498.90680000022985, 1708010.798599999165162 ], [ 1053578.2074, 1707988.402899999171495 ], [ 1053578.88380000111647, 1707988.216299999738112 ], [ 1053583.353100000182167, 1707989.759500001324341 ], [ 1053642.302399999462068, 1708010.192500000819564 ], [ 1053712.472499999217689, 1707981.7889 ], [ 1053796.307799998903647, 1707962.438900000182912 ], [ 1053890.802000000141561, 1707899.91609999909997 ], [ 1053966.481699999421835, 1707944.17860000114888 ], [ 1053993.731100000673905, 1707952.519100000616163 ], [ 1053997.210099999327213, 1707953.09749999945052 ], [ 1054034.189900000346825, 1707959.246899999678135 ], [ 1054059.577399998903275, 1707963.468699998222291 ], [ 1054082.949400000739843, 1707966.513699998147786 ], [ 1054089.047200001077726, 1707967.308299999451265 ], [ 1054101.358299999730662, 1707978.640100000193343 ], [ 1054112.968999998411164, 1707989.327100000344217 ], [ 1054117.3979, 1707993.402899998240173 ], [ 1054118.792799999006093, 1707996.7939 ], [ 1054128.418300000717863, 1708020.203099999576807 ], [ 1054129.020099999615923, 1708021.666700000176206 ], [ 1054186.964499998837709, 1708072.269699999596924 ], [ 1054250.928599999751896, 1708076.521299999207258 ], [ 1054253.251000000629574, 1708076.675 ], [ 1054284.401600001379848, 1708111.377100000856444 ], [ 1054316.091999999480322, 1708113.713700000895187 ], [ 1054384.614999999525025, 1708108.649299999698997 ], [ 1054461.293899999698624, 1708075.659900000318885 ], [ 1054489.236399998888373, 1708056.573499999474734 ], [ 1054519.343199999071658, 1708058.858300001360476 ], [ 1054536.632100000977516, 1708072.937499999767169 ], [ 1054548.638500001048669, 1708113.315899998880923 ], [ 1054563.272000000579283, 1708100.254499999806285 ], [ 1054579.563199999276549, 1708089.993099999846891 ], [ 1054591.78620000067167, 1708084.117499999701977 ], [ 1054607.552599999820814, 1708078.559499999741092 ], [ 1054656.483300000661984, 1708090.509099998045713 ], [ 1054681.200700000626966, 1708099.488299997989088 ], [ 1054716.303599999286234, 1708112.6247 ], [ 1054716.405899998731911, 1708112.550100000808015 ], [ 1054722.333700000774115, 1708108.215500000864267 ], [ 1054724.403700000140816, 1708097.822299999883398 ], [ 1054721.955200000433251, 1708084.724500000709668 ], [ 1054706.224999999627471, 1708064.595700000179932 ], [ 1054694.5478, 1708054.528999999631196 ], [ 1054688.486600000411272, 1708018.026099999435246 ], [ 1054691.478900000220165, 1707999.106100000441074 ], [ 1054696.627100000157952, 1707966.55089999968186 ], [ 1054692.734700000379235, 1707923.417300001252443 ], [ 1054689.695199999026954, 1707889.725500001572073 ], [ 1054680.985599999548867, 1707864.491699997568503 ], [ 1054671.68279999983497, 1707837.538899999577552 ], [ 1054652.794800000963733, 1707780.229499999433756 ], [ 1054645.611899999668822, 1707771.688300000503659 ], [ 1054632.145100000547245, 1707754.511900000274181 ], [ 1054616.541100000729784, 1707737.840700000524521 ], [ 1054611.3691, 1707731.975099998293445 ], [ 1054590.898400001227856, 1707708.796300000278279 ], [ 1054577.720300000393763, 1707679.56830000015907 ], [ 1054577.0389, 1707651.475299998885021 ], [ 1054565.89979999884963, 1707626.346899999305606 ], [ 1054557.541700000641868, 1707609.863500001374632 ], [ 1054558.035899999085814, 1707602.064699999056756 ], [ 1054526.946300000650808, 1707534.190899999812245 ], [ 1054524.833800000604242, 1707529.578300000168383 ], [ 1054520.348599998978898, 1707521.341699999757111 ], [ 1054507.173899999586865, 1707497.147299999371171 ], [ 1054491.241600000998005, 1707492.329900002107024 ], [ 1054485.844800001010299, 1707490.698099999688566 ], [ 1054438.582999998703599, 1707490.245899999514222 ], [ 1054427.242200001142919, 1707487.636700000613928 ], [ 1054405.643199998885393, 1707486.542099999729544 ], [ 1054401.192499998956919, 1707486.905300001148134 ], [ 1054397.075700001092628, 1707486.812300002202392 ], [ 1054378.148799998685718, 1707481.663500000257045 ], [ 1054303.64369999920018, 1707465.589700000360608 ], [ 1054291.690400000661612, 1707462.04850000096485 ], [ 1054280.019, 1707458.667899999301881 ], [ 1054276.2038, 1707458.066600000485778 ], [ 1054252.779800000833347, 1707449.286699997726828 ], [ 1054239.3865, 1707440.175500000361353 ], [ 1054228.487000000430271, 1707431.737500000279397 ], [ 1054225.528999999864027, 1707429.447499998612329 ], [ 1054223.747700000880286, 1707423.683299998752773 ], [ 1054208.909799998626113, 1707399.6295 ], [ 1054202.948799999896437, 1707390.965700000524521 ], [ 1054195.611099999165162, 1707380.7715 ], [ 1054191.685199999017641, 1707375.680700000375509 ], [ 1054174.869100000243634, 1707359.724099999060854 ], [ 1054152.688500000629574, 1707348.195499998517334 ], [ 1054143.396799999522045, 1707344.57289999932982 ], [ 1054136.820800000801682, 1707341.025700000114739 ], [ 1054132.009999999543652, 1707334.634099998744205 ], [ 1054121.409799999324605, 1707327.583900000434369 ], [ 1054116.807999999495223, 1707322.671499998308718 ], [ 1054107.377100000623614, 1707317.201500000199303 ], [ 1054102.002700001234189, 1707312.243899999419227 ], [ 1054097.678299999563023, 1707310.392700000666082 ], [ 1054096.235600000247359, 1707308.331899999640882 ], [ 1054095.314899998949841, 1707306.477499999571592 ], [ 1054089.4866, 1707297.360099999699742 ], [ 1054089.413099999772385, 1707295.854300000239164 ], [ 1054089.1208, 1707287.23589999973774 ], [ 1054089.633199999108911, 1707276.730599998729303 ], [ 1054093.803399998694658, 1707278.053099998738617 ], [ 1054095.822100001620129, 1707271.046700001228601 ], [ 1054095.740500001236796, 1707259.680299999192357 ], [ 1054098.793399999151006, 1707252.364100000355393 ], [ 1054099.849000001093373, 1707247.49170000012964 ], [ 1054108.604, 1707234.768899999558926 ], [ 1054113.229000001214445, 1707218.850500000873581 ], [ 1054115.738799999468029, 1707209.580700000282377 ], [ 1054115.886599998688325, 1707202.535300001036376 ], [ 1054117.03389999922365, 1707193.128900001291186 ], [ 1054116.397999999113381, 1707187.794199999189004 ], [ 1054115.552799999015406, 1707185.360699999146163 ], [ 1054111.207399998791516, 1707172.852299999445677 ], [ 1054106.770399999106303, 1707159.765500000445172 ], [ 1054102.345399999525398, 1707151.896899999817833 ], [ 1054099.665799999143928, 1707145.141499999444932 ], [ 1054103.142900001257658, 1707143.682900001294911 ], [ 1054097.729799999156967, 1707135.956299999728799 ], [ 1054094.68419999955222, 1707133.352099998854101 ], [ 1054082.488300000317395, 1707126.714299999177456 ], [ 1054080.302200000500306, 1707120.5641 ], [ 1054079.115200000815094, 1707117.226299999514595 ], [ 1054078.59749999968335, 1707115.769899999257177 ], [ 1054078.861100000794977, 1707114.159900000551715 ], [ 1054079.920600000303239, 1707107.6897 ], [ 1054080.203000000445172, 1707103.514299999456853 ], [ 1054080.864100000122562, 1707093.743700000690296 ], [ 1054081.506600000662729, 1707088.290299999527633 ], [ 1054083.034500000998378, 1707079.625499998917803 ], [ 1054083.531399999046698, 1707073.7429 ], [ 1054083.971199999330565, 1707068.406500001437962 ], [ 1054085.9587, 1707058.179099998669699 ], [ 1054086.452900000382215, 1707051.708699999377131 ], [ 1054083.486099999630824, 1707044.562100001145154 ], [ 1054088.208200000692159, 1707034.70820000092499 ], [ 1054088.605600000824779, 1707033.878500001970679 ], [ 1054088.813000000780448, 1707033.443700000876561 ], [ 1054089.140700001269579, 1707032.414100001566112 ], [ 1054089.751400000881404, 1707030.4909 ], [ 1054090.693799998611212, 1707025.502999999560416 ], [ 1054090.926399999763817, 1707024.271899999119341 ], [ 1054090.620800000149757, 1707018.996099998941645 ], [ 1054097.630199998384342, 1707009.376700000604615 ], [ 1054101.7115, 1707007.886099998140708 ], [ 1054111.507100000977516, 1707002.6125 ], [ 1054116.816599999554455, 1707000.692700000246987 ], [ 1054124.619900000514463, 1706998.838700000429526 ], [ 1054137.84319999977015, 1706994.438699999125674 ], [ 1054164.0917, 1706985.708900000434369 ], [ 1054176.071800000965595, 1706983.792299999855459 ], [ 1054185.937699998961762, 1706978.04990000044927 ], [ 1054188.785899999551475, 1706976.393699998036027 ], [ 1054216.268199999583885, 1706956.578299998771399 ], [ 1054224.193, 1706950.864299999549985 ], [ 1054249.751799999736249, 1706934.8205 ], [ 1054256.743, 1706932.14750000089407 ], [ 1054265.546900000190362, 1706931.111499999649823 ], [ 1054274.144800000824034, 1706926.695300000719726 ], [ 1054286.580999999772757, 1706911.568100000964478 ], [ 1054285.793300000717863, 1706904.120700001250952 ], [ 1054286.578000000910833, 1706901.288500000489876 ], [ 1054288.709000000264496, 1706893.594499999424443 ], [ 1054292.283399999374524, 1706888.603299998678267 ], [ 1054296.4341, 1706886.513099998701364 ], [ 1054315.856799999251962, 1706873.419199999189004 ], [ 1054323.770100000547245, 1706865.522899999748915 ], [ 1054331.312699999427423, 1706859.852100000716746 ], [ 1054335.566599999787286, 1706856.532700000796467 ], [ 1054350.081499999389052, 1706850.67090000025928 ], [ 1054353.026999999536201, 1706848.660299998242408 ], [ 1054352.838599999202415, 1706842.511799999512732 ], [ 1054352.440699998987839, 1706829.518899999558926 ], [ 1054352.2621, 1706823.695200000191107 ], [ 1054351.666400000220165, 1706815.635899999644607 ], [ 1054351.365500000538304, 1706811.564699999056756 ], [ 1054349.372000000206754, 1706807.334900000831112 ], [ 1054340.734999999636784, 1706789.007899998221546 ], [ 1054341.065800000913441, 1706786.968699999153614 ], [ 1054344.349499998847023, 1706784.354299999773502 ], [ 1054363.003499999176711, 1706769.504300000611693 ], [ 1054363.001800000900403, 1706767.629899998195469 ], [ 1054363.00129999872297, 1706766.033500001765788 ], [ 1054364.700100000714883, 1706764.628900001058355 ], [ 1054374.278699998743832, 1706756.708699999842793 ], [ 1054413.093100000172853, 1706716.481100000906736 ], [ 1054414.636599999619648, 1706714.883099999278784 ], [ 1054422.183599998941645, 1706701.527100000530481 ], [ 1054428.856100000673905, 1706691.13670000154525 ], [ 1054432.859699999447912, 1706687.721699999645352 ], [ 1054435.895200000843033, 1706683.973900000564754 ], [ 1054437.764599999180064, 1706675.200300000375137 ], [ 1054439.182200000621378, 1706666.050899998983368 ], [ 1054443.58680000086315, 1706652.076300001470372 ], [ 1054445.5066, 1706642.332699999446049 ], [ 1054445.205799999646842, 1706631.910700001288205 ], [ 1054438.728099999250844, 1706628.423699998296797 ], [ 1054433.64200000022538, 1706596.36530000041239 ], [ 1054409.335899999365211, 1706584.5155 ], [ 1054394.66829999932088, 1706561.7507 ], [ 1054380.496399998664856, 1706548.406300000380725 ], [ 1054368.008000001311302, 1706538.9471 ], [ 1054363.156199999153614, 1706532.591499999864027 ], [ 1054361.472199999727309, 1706528.075500000268221 ], [ 1054348.576600000727922, 1706516.011099999304861 ], [ 1054326.691600000485778, 1706477.866900001186877 ], [ 1054291.054200001060963, 1706441.565500000724569 ], [ 1054277.616899999789894, 1706451.3969 ], [ 1054273.156699999468401, 1706455.546900000423193 ], [ 1054267.411400000331923, 1706451.899500000756234 ], [ 1054270.822899999562651, 1706450.017899999395013 ], [ 1054287.736100000794977, 1706438.229499998968095 ], [ 1054272.003000000491738, 1706420.982699999352917 ], [ 1054232.507100000977516, 1706377.686100000748411 ], [ 1054232.285899999085814, 1706370.2573000008706 ], [ 1054218.838100000750273, 1706353.137100000865757 ], [ 1054214.585900000995025, 1706345.186300000175834 ], [ 1054210.602199998917058, 1706343.151499999687076 ], [ 1054189.804400000721216, 1706315.777300000889227 ], [ 1054189.20369999948889, 1706312.752299998188391 ], [ 1054174.307700000237674, 1706292.894899999257177 ], [ 1054168.626599999610335, 1706287.815500001423061 ], [ 1054164.744900000747293, 1706287.24 ], [ 1054149.763500000350177, 1706279.155300001380965 ], [ 1054135.548999999416992, 1706271.919199999189004 ], [ 1054113.611900000367314, 1706268.471499999752268 ], [ 1054104.9834, 1706267.1601000004448 ], [ 1054102.542599999345839, 1706262.720699998782948 ], [ 1054068.943500000517815, 1706242.592900000279769 ], [ 1054062.749399999855086, 1706231.851500001037493 ], [ 1054046.612800000468269, 1706219.384900000179186 ], [ 1054040.176600000821054, 1706212.295700000831857 ], [ 1054037.373499998589978, 1706210.85469999932684 ], [ 1054035.181300000287592, 1706209.727900000289083 ], [ 1054032.635999999474734, 1706205.267699999269098 ], [ 1054025.138600001111627, 1706192.128499999642372 ], [ 1054023.322100000921637, 1706183.431899999501184 ], [ 1054013.770099999615923, 1706169.536699998890981 ], [ 1054010.606200001202524, 1706160.501700000371784 ], [ 1054008.504099998623133, 1706156.802100000437349 ], [ 1053995.072999999392778, 1706140.977 ], [ 1053989.487499999580905, 1706134.395300001837313 ], [ 1053984.855599999893457, 1706127.729900000616908 ], [ 1053982.067199999233708, 1706123.717299998970702 ], [ 1053978.338399999076501, 1706118.351700000232086 ], [ 1053974.073800001293421, 1706114.805099999066442 ], [ 1053971.914700000546873, 1706108.863299999386072 ], [ 1053966.519400000805035, 1706103.511300001526251 ], [ 1053962.2989, 1706091.123500001383945 ], [ 1053960.427999999374151, 1706086.605699999257922 ], [ 1053958.897400000598282, 1706081.7961 ], [ 1053959.410600001225248, 1706080.01729999971576 ], [ 1053960.854199999710545, 1706075.012900001136586 ], [ 1053958.843800000613555, 1706075.878299999050796 ], [ 1053951.657800000393763, 1706078.966499999398366 ], [ 1053946.025199999567121, 1706076.617900001583621 ], [ 1053930.852000000886619, 1706078.621899999212474 ], [ 1053918.578799999784678, 1706071.366299998480827 ], [ 1053901.841799999587238, 1706064.625900000799447 ], [ 1053881.184199999086559, 1706050.250700000906363 ], [ 1053798.6846, 1706016.848200000124052 ], [ 1053814.248200001427904, 1706004.358900000341237 ], [ 1053819.883200000505894, 1705996.989100000355393 ], [ 1053821.960899999365211, 1705994.271900000283495 ], [ 1053828.6011, 1705981.155300000216812 ], [ 1053842.147300000302494, 1705954.397299999371171 ], [ 1053866.833700001006946, 1705926.433300000615418 ], [ 1053903.381599999731407, 1705876.263299998827279 ], [ 1053909.878000000491738, 1705865.089900000486523 ], [ 1053925.310800000559539, 1705845.826500000664964 ], [ 1053927.420599998906255, 1705833.530700000468642 ], [ 1053929.590899999253452, 1705820.8749 ], [ 1053961.772300001000986, 1705781.192499999888241 ], [ 1053962.405399998649955, 1705780.411900001345202 ], [ 1054007.431900000199676, 1705736.996899999212474 ], [ 1054020.511499999091029, 1705724.385099999373779 ], [ 1054013.094800000311807, 1705701.69730000034906 ], [ 1053996.977800000924617, 1705652.403100001392886 ], [ 1053992.396799999289215, 1705638.3918999992311 ], [ 1053993.275600001215935, 1705637.568600000813603 ], [ 1053997.878200000384822, 1705633.256600000662729 ], [ 1054008.59260000125505, 1705623.218699999619275 ], [ 1054022.344499998725951, 1705601.6657 ], [ 1054024.421999999321997, 1705598.407699999865144 ], [ 1054045.109399999724701, 1705556.783099999651313 ], [ 1054057.020999999018386, 1705532.816099998774007 ], [ 1054076.939900000579655, 1705527.690099999774247 ], [ 1054121.970900000538677, 1705502.176700000884011 ], [ 1054171.964000000618398, 1705480.509099998511374 ], [ 1054175.484199998667464, 1705478.983299999730662 ], [ 1054176.2754, 1705477.070699998177588 ], [ 1054210.691599999321625, 1705393.852700000628829 ], [ 1054209.134400000795722, 1705374.176099999807775 ], [ 1054196.79340000054799, 1705277.912299998570234 ], [ 1054200.501500001177192, 1705271.377599999075755 ], [ 1054203.782299999147654, 1705265.596699999179691 ], [ 1054207.29839999973774, 1705265.558900000993162 ], [ 1054228.608899999875575, 1705265.329099999042228 ], [ 1054278.346799999475479, 1705283.952699999790639 ], [ 1054291.070400000317022, 1705283.61610000114888 ], [ 1054310.243599999463186, 1705269.197499999776483 ], [ 1054330.0432, 1705254.31629999820143 ], [ 1054330.4117, 1705254.306900000665337 ], [ 1054351.933200000785291, 1705253.757699999259785 ], [ 1054431.447099999757484, 1705216.768899998627603 ], [ 1054438.994099999312311, 1705213.258800000185147 ], [ 1054464.590899999719113, 1705196.841100001242012 ], [ 1054471.159499999135733, 1705198.238500000908971 ], [ 1054491.928300000727177, 1705202.660700000822544 ], [ 1054502.898999999277294, 1705204.996500001521781 ], [ 1054555.525899999774992, 1705227.730900001712143 ], [ 1054596.584800001000986, 1705242.831099999370053 ], [ 1054611.942199999466538, 1705240.700099998386577 ], [ 1054653.183799999766052, 1705234.979499998502433 ], [ 1054669.26259999955073, 1705235.41310000163503 ], [ 1054708.525400000624359, 1705236.471699999645352 ], [ 1054711.723099999129772, 1705236.261500000720844 ], [ 1054789.429399999324232, 1705231.148499999195337 ], [ 1054793.700100000249222, 1705230.867499999701977 ], [ 1054796.6066000002902, 1705230.676899998448789 ], [ 1054797.250799999339506, 1705228.783900000387803 ], [ 1054822.568199999397621, 1705152.950100000482053 ], [ 1054835.245800000848249, 1705133.945199999725446 ], [ 1054850.499099998967722, 1705111.078500001458451 ], [ 1054854.347000000532717, 1705103.529699999839067 ], [ 1054864.743800000753254, 1705083.0359 ], [ 1054883.3592, 1705046.341100000310689 ], [ 1054904.263600000645965, 1705027.577299998141825 ], [ 1054951.455400001490489, 1705024.632099997717887 ], [ 1054999.272300001000986, 1704993.8333 ], [ 1055056.257399999769405, 1704995.549900001147762 ], [ 1055061.721600000513718, 1704991.526300000725314 ], [ 1055107.520499999867752, 1704957.801100000506267 ], [ 1055148.4122, 1704878.270099999383092 ], [ 1055177.307399999815971, 1704876.813300000503659 ], [ 1055214.023299999069422, 1704870.886900000507012 ], [ 1055246.221400001319125, 1704874.018300001043826 ], [ 1055262.831899998476729, 1704857.5785 ], [ 1055288.230199999874458, 1704858.245500000892207 ], [ 1055335.827899999218062, 1704876.719300000462681 ], [ 1055382.985500000417233, 1704895.026499999687076 ], [ 1055383.819899999070913, 1704894.773700000718236 ], [ 1055388.204699998954311, 1704893.448899999028072 ], [ 1055475.905300000449643, 1704866.941299999132752 ], [ 1055510.822499999310821, 1704810.2237 ], [ 1055540.215499999700114, 1704746.261700001079589 ], [ 1055541.241100000916049, 1704744.032099998788908 ], [ 1055561.309500000439584, 1704656.106699998723343 ], [ 1055657.966300001135096, 1704643.44749999884516 ], [ 1055662.586900000926107, 1704642.841700000688434 ], [ 1055663.987900000298396, 1704640.838500001467764 ], [ 1055673.078900000313297, 1704627.838700001128018 ], [ 1055686.3262, 1704608.912699998356402 ], [ 1055690.242400000104681, 1704608.829700000584126 ], [ 1055711.902699999278411, 1704608.367699997499585 ], [ 1055731.201899999054149, 1704607.955499999690801 ], [ 1055741.800099999876693, 1704607.728700001258403 ], [ 1055777.821100000524893, 1704578.111499999882653 ], [ 1055779.761200000531971, 1704576.340500001329929 ], [ 1055818.006699998863041, 1704541.437899997690693 ], [ 1055827.200500000501052, 1704513.628499999642372 ], [ 1055833.652699999511242, 1704494.111499999649823 ], [ 1055840.869599999859929, 1704472.281500000972301 ], [ 1055865.048300000140443, 1704444.013499999186024 ], [ 1055882.023000000976026, 1704409.742300001904368 ], [ 1055909.324499999638647, 1704362.820900000631809 ], [ 1055909.693099999567494, 1704336.226500001037493 ], [ 1055909.826100000645965, 1704326.620499999262393 ], [ 1055910.0021, 1704313.835300001082942 ], [ 1055851.41569999884814, 1704245.435900000855327 ], [ 1055846.545700000831857, 1704224.023099998943508 ], [ 1055850.777700001141056, 1704205.832899999804795 ], [ 1055858.289100000169128, 1704173.544899999164045 ], [ 1055869.030200000386685, 1704127.316600000252947 ], [ 1055855.202499999431893, 1704127.823000000789762 ], [ 1055852.879500000737607, 1704128.019400000805035 ], [ 1055844.421699998900294, 1704128.734799999045208 ], [ 1055780.172500001033768, 1704134.169099998893216 ], [ 1055764.679100001463667, 1704135.479399998905137 ], [ 1055729.8217, 1704149.752600000239909 ], [ 1055664.552299999864772, 1704176.47880000108853 ], [ 1055648.79549999977462, 1704182.925599999260157 ], [ 1055637.497300000861287, 1704172.4298 ], [ 1055635.480299998773262, 1704170.554600001312792 ], [ 1055610.771099999547005, 1704147.583399999886751 ], [ 1055607.613099999725819, 1704144.647399999666959 ], [ 1055599.603100000880659, 1704137.200899999588728 ], [ 1055568.146100000478327, 1704144.0068 ], [ 1055551.771900000516325, 1704147.073999998159707 ], [ 1055551.127299999585375, 1704147.194800001103431 ], [ 1055550.162299999734387, 1704146.4102 ], [ 1055500.658099999651313, 1704106.162599998991936 ], [ 1055488.327700001420453, 1704098.296800000825897 ], [ 1055457.51410000026226, 1704078.6402 ], [ 1055449.767099999589846, 1704073.698400000110269 ], [ 1055405.282299999613315, 1704073.650599998887628 ], [ 1055373.635900000110269, 1704049.610599999781698 ], [ 1055328.391900000860915, 1704015.24180000112392 ], [ 1055321.588499999372289, 1704030.125399999320507 ], [ 1055286.868300000904128, 1704089.719599997857586 ], [ 1055274.226500001037493, 1704103.276600000448525 ], [ 1055245.403699999675155, 1704134.185000001452863 ], [ 1055202.59929999965243, 1704192.797400000505149 ], [ 1055119.641900000628084, 1704177.93540000077337 ], [ 1055095.741899999324232, 1704259.436799999093637 ], [ 1055038.1617, 1704274.246800001244992 ], [ 1054981.249500000383705, 1704271.790799999376759 ], [ 1054946.66569999884814, 1704285.80820000031963 ], [ 1054898.543899999465793, 1704324.815599998692051 ], [ 1054810.870900000445545, 1704360.8182 ], [ 1054788.921699999365956, 1704455.730000000679865 ], [ 1054780.799700000789016, 1704490.849999998696148 ], [ 1054774.630299999611452, 1704501.674599999096245 ], [ 1054766.018300000345334, 1704512.321200002450496 ], [ 1054763.481500000692904, 1704516.5622 ], [ 1054721.0021, 1704587.5824000001885 ], [ 1054677.145499998703599, 1704546.650300000328571 ], [ 1054667.8293, 1704547.049599999561906 ], [ 1054638.223899999633431, 1704548.31900000013411 ], [ 1054570.52790000080131, 1704551.221600000280887 ], [ 1054530.739299999317154, 1704552.9276 ], [ 1054490.96030000038445, 1704542.423399999039248 ], [ 1054440.124900001334026, 1704528.999600001610816 ], [ 1054364.164699998684227, 1704538.423200001707301 ], [ 1054296.089899999788031, 1704545.872400001389906 ], [ 1054201.612900001229718, 1704532.038600000552833 ], [ 1054182.678100000834092, 1704536.406600000336766 ], [ 1054109.805499999783933, 1704552.296599999070168 ], [ 1054034.987899999134243, 1704556.434000001987442 ], [ 1054004.402300000656396, 1704558.125600001076236 ], [ 1053988.5495, 1704559.002200000686571 ], [ 1053975.8414, 1704561.505399999208748 ], [ 1053962.997500000521541, 1704564.035399999236688 ], [ 1053955.126299999654293, 1704565.615599998738617 ], [ 1053943.847099999664351, 1704567.88039999967441 ], [ 1053916.47749999910593, 1704573.375399998389184 ], [ 1053885.671500000171363, 1704579.560399999376386 ], [ 1053844.523699999088421, 1704621.329500000923872 ], [ 1053824.072499999543652, 1704642.089400001335889 ], [ 1053797.857900001108646, 1704650.642199998954311 ], [ 1053751.780500001274049, 1704645.9607999981381 ], [ 1053722.934100001351908, 1704636.28800000064075 ], [ 1053686.991100000916049, 1704624.23560000048019 ], [ 1053641.520299999043345, 1704618.907199998851866 ], [ 1053641.064500000327826, 1704618.853800000390038 ], [ 1053621.574300001142547, 1704617.105799998855218 ], [ 1053618.181900000199676, 1704616.804199998965487 ], [ 1053585.8137, 1704626.8566 ], [ 1053539.235899999272078, 1704635.616200000280514 ], [ 1053422.821100000757724, 1704664.04460000153631 ], [ 1053412.564899999881163, 1704671.340200001839548 ], [ 1053405.998099999502301, 1704674.880000000586733 ], [ 1053396.327900000847876, 1704673.420999999390915 ], [ 1053392.11189999920316, 1704666.656600000103936 ], [ 1053390.214100001379848, 1704666.158600000664592 ], [ 1053387.149099999573082, 1704665.347200000658631 ], [ 1053383.115100001217797, 1704661.506200000876561 ], [ 1053374.472100000130013, 1704668.044600000139326 ], [ 1053369.778700000373647, 1704663.39699999964796 ], [ 1053358.257499999599531, 1704664.550199999473989 ], [ 1053328.584499998949468, 1704655.962200000183657 ], [ 1053323.266899999463931, 1704654.897799999685958 ], [ 1053311.831500000553206, 1704655.55259999842383 ], [ 1053302.792500000679865, 1704654.696799998870119 ], [ 1053294.505499999038875, 1704653.212200000882149 ], [ 1053293.294900000561029, 1704652.725799999199808 ], [ 1053289.988299999386072, 1704651.363199998624623 ], [ 1053285.129099998623133, 1704649.40000000060536 ], [ 1053282.69789999932982, 1704649.050200000638142 ], [ 1053277.824700000695884, 1704648.539399998495355 ], [ 1053274.065900000743568, 1704649.653200001223013 ], [ 1053269.433300000149757, 1704651.30100000044331 ], [ 1053267.446700001135468, 1704652.005799998762086 ], [ 1053265.099500000709668, 1704652.829199999338016 ], [ 1053263.3372999986168, 1704652.130799999460578 ], [ 1053261.146900000516325, 1704652.378599998075515 ], [ 1053236.080100000835955, 1704651.670799999730662 ], [ 1053230.185900000622496, 1704651.503200000617653 ], [ 1053225.753500000340864, 1704653.857399999862537 ], [ 1053224.901499999454245, 1704653.906599999871105 ], [ 1053217.070299999555573, 1704654.319200001424178 ], [ 1053215.137100000400096, 1704657.148399999365211 ], [ 1053209.307499999180436, 1704656.045199999352917 ], [ 1053197.638499999651685, 1704653.83699999935925 ], [ 1053195.515100000659004, 1704664.760800000280142 ], [ 1053186.10160000086762, 1704713.18889999948442 ], [ 1053167.987099999096245, 1704711.899200000800192 ], [ 1053164.457300000125542, 1704711.361600000644103 ], [ 1053158.0840999991633, 1704710.374 ], [ 1053145.217699999455363, 1704712.632000000216067 ], [ 1053143.842299998737872, 1704714.235399999655783 ], [ 1053134.668700000736862, 1704717.641400000546128 ], [ 1053087.242899999488145, 1704716.907200000248849 ], [ 1053038.9981, 1704685.748599999584258 ], [ 1053018.295499999308959, 1704670.93970000022091 ], [ 1052982.334899999201298, 1704645.216400000266731 ], [ 1052966.89909999887459, 1704644.966399998869747 ], [ 1052960.617499999469146, 1704642.497400001389906 ], [ 1052956.964699999429286, 1704646.518400000641122 ], [ 1052869.106499999528751, 1704660.774999999674037 ], [ 1052866.220900001237169, 1704663.089999998919666 ], [ 1052842.283100000349805, 1704686.828599999658763 ], [ 1052838.6527, 1704690.3502 ], [ 1052831.251700000138953, 1704701.0314 ], [ 1052820.631300000473857, 1704707.6018 ], [ 1052819.587799999630079, 1704708.873499999754131 ], [ 1052801.73429999849759, 1704730.635800000280142 ], [ 1052792.701100001344457, 1704732.529600000241771 ], [ 1052753.141499999212101, 1704760.530000000726432 ], [ 1052666.689100000774488, 1704737.69539999961853 ], [ 1052606.066700000315905, 1704718.26700000022538 ], [ 1052602.127999998861924, 1704716.465100000612438 ], [ 1052536.006700000492856, 1704686.21580000128597 ], [ 1052466.357900000642985, 1704694.515799998538569 ], [ 1052384.620899999514222, 1704659.992000000318512 ], [ 1052316.482899999246001, 1704660.833599999081343 ], [ 1052253.708700001239777, 1704634.500000001862645 ], [ 1052209.870799998752773, 1704628.409900001017377 ], [ 1052194.143499999307096, 1704626.225 ], [ 1052191.660499999532476, 1704627.71819999977015 ], [ 1052214.428100001299754, 1704553.369999999646097 ], [ 1052222.305000000633299, 1704523.838000000920147 ], [ 1052233.672500000102445, 1704481.218000000109896 ], [ 1052235.0965, 1704475.86659999913536 ], [ 1052183.083399999188259, 1704401.38990000099875 ], [ 1052175.825699998764321, 1704390.997400000691414 ], [ 1052107.186900000786409, 1704341.378000000258908 ], [ 1052075.166499999817461, 1704318.230200000340119 ], [ 1052052.690999999642372, 1704312.669600001070648 ], [ 1052036.499099998967722, 1704308.663899999577552 ], [ 1052011.544699999503791, 1704302.490200000815094 ], [ 1051929.703900001011789, 1704302.107999998843297 ], [ 1051926.291299998760223, 1704302.087799999397248 ], [ 1051869.386700000613928, 1704310.503200001083314 ], [ 1051854.247599999886006, 1704296.304399999789894 ], [ 1051838.307699999772012, 1704281.354800001718104 ], [ 1051837.106700000818819, 1704280.227600000798702 ], [ 1051705.255699999863282, 1704242.460999998729676 ], [ 1051701.903199998661876, 1704242.260399998864159 ], [ 1051640.595300000393763, 1704238.590799999888986 ], [ 1051602.978900000685826, 1704251.7352 ], [ 1051550.341700000455603, 1704242.392799999332055 ], [ 1051525.285300000105053, 1704270.393800001591444 ], [ 1051514.394300000276417, 1704282.5532 ], [ 1051475.5433, 1704325.958600000478327 ], [ 1051468.214099999517202, 1704334.147000000812113 ], [ 1051365.762500001350418, 1704354.930400000652298 ], [ 1051282.452500000596046, 1704346.373400000855327 ], [ 1051234.169700000667945, 1704320.275199999567121 ], [ 1051178.532500000903383, 1704336.217099999310449 ], [ 1051157.542899998836219, 1704342.231200000271201 ], [ 1051144.656299999216571, 1704344.301000001607463 ], [ 1051122.055500000715256, 1704352.501199999591336 ], [ 1051118.589300000341609, 1704355.026600000448525 ], [ 1051011.562399999238551, 1704354.66399999987334 ], [ 1050989.851500000106171, 1704354.5906 ], [ 1050891.978000000119209, 1704358.728199999546632 ], [ 1050782.123499998589978, 1704363.372599999187514 ], [ 1050767.114000000525266, 1704364.007099998183548 ], [ 1050753.7093, 1704294.687000002013519 ], [ 1050730.263500000117347, 1704208.191199999535456 ], [ 1050689.553300000494346, 1704159.559000000357628 ], [ 1050682.83229999919422, 1704122.782800000393763 ], [ 1050673.391300000716001, 1704081.513399998657405 ], [ 1050658.621900000376627, 1704031.603800000157207 ], [ 1050618.693299999460578, 1703938.140000002225861 ], [ 1050590.346299999626353, 1703862.705600001849234 ], [ 1050572.070899998536333, 1703787.048800001386553 ], [ 1050543.955700000282377, 1703753.040400000289083 ], [ 1050538.07899999874644, 1703742.376899999566376 ], [ 1050489.997700000880286, 1703655.132200000109151 ], [ 1050481.94990000128746, 1703646.5222 ], [ 1050431.638900000136346, 1703592.697600000537932 ], [ 1050406.159900001483038, 1703565.4392 ], [ 1050378.171900000423193, 1703524.060599998570979 ], [ 1050359.767399999080226, 1703496.617300000274554 ], [ 1050344.118299999041483, 1703473.282600001432002 ], [ 1050324.169300000416115, 1703443.536599999759346 ], [ 1050314.777900000102818, 1703433.038799998583272 ], [ 1050247.6569, 1703358.031600000569597 ], [ 1050216.598900000564754, 1703306.407199999783188 ], [ 1050180.869499999796972, 1703233.219200002029538 ], [ 1050148.126700000371784, 1703142.770600000396371 ], [ 1050090.505899999523535, 1703020.611999998334795 ], [ 1050075.018499999772757, 1702963.490599999204278 ], [ 1050075.186800000723451, 1702959.057700000703335 ], [ 1050078.554799999808893, 1702873.308900000527501 ], [ 1050078.988700000103563, 1702862.257999999215826 ], [ 1050082.245900001144037, 1702772.542599999345839 ], [ 1050082.412100000306964, 1702707.42740000016056 ], [ 1050096.49129999987781, 1702552.398800000781193 ], [ 1050122.446900000795722, 1702401.610999998869374 ], [ 1050153.934100001119077, 1702258.919400000944734 ], [ 1050172.854700000258163, 1702166.8328 ], [ 1050203.922899998957291, 1702127.067199998768046 ], [ 1050208.6939, 1702045.136999999638647 ], [ 1050206.693499998888001, 1702042.5565 ], [ 1050013.8232, 1701793.7574 ], [ 1050004.767900001257658, 1701782.076400000369176 ], [ 1050001.806799999671057, 1701778.922900000354275 ], [ 1049968.598500001011416, 1701743.55739999958314 ], [ 1049957.959599999478087, 1701731.629999999888241 ], [ 1049945.253100001020357, 1701717.385 ], [ 1049951.529500000644475, 1701646.9269999996759 ], [ 1049945.637100000167266, 1701634.435399998212233 ], [ 1049933.430099999299273, 1701608.557399997487664 ], [ 1049927.243400000967085, 1701600.078900000313297 ], [ 1049887.203299999237061, 1701545.207 ], [ 1049867.264700000640005, 1701522.03760000015609 ], [ 1049752.797899999888614, 1701504.4502 ], [ 1049679.807500000111759, 1701451.36339999968186 ], [ 1049676.10869999974966, 1701447.57420000154525 ], [ 1049625.791700000409037, 1701357.23399999900721 ], [ 1049576.363299999618903, 1701312.256999998586252 ], [ 1049575.940300000831485, 1701312.47939999983646 ], [ 1049522.059900000225753, 1701295.043799998704344 ], [ 1049476.371700000483543, 1701242.804400001652539 ], [ 1049402.585900000762194, 1701158.438200000207871 ], [ 1049346.209300000919029, 1701125.345799999311566 ], [ 1049297.244899999815971, 1701078.214400000404567 ], [ 1049266.956899999175221, 1701077.770400000503287 ], [ 1049264.12370000127703, 1701077.728800000622869 ], [ 1049222.045299999881536, 1701058.628599999239668 ], [ 1049142.386499999091029, 1701084.8818 ], [ 1049054.426100000273436, 1701165.785000000149012 ], [ 1049036.660500000696629, 1701179.520200000144541 ], [ 1048984.626899998867884, 1701219.749999999767169 ], [ 1048975.008899999549612, 1701227.186000000685453 ], [ 1048842.016900001093745, 1701296.801799999549985 ], [ 1048752.0869, 1701341.220799998613074 ], [ 1048727.595300000626594, 1701357.734400002053007 ], [ 1048704.69529999862425, 1701373.850199998589233 ], [ 1048682.050499998964369, 1701389.1106 ], [ 1048601.949699998833239, 1701495.109600000549108 ], [ 1048597.835900000762194, 1701492.750600001774728 ], [ 1048592.919600000139326, 1701489.931399998953566 ], [ 1048594.828999999444932, 1701496.342900000978261 ], [ 1048595.17, 1701497.487500000279397 ], [ 1048617.819799999007955, 1701577.886499997694045 ], [ 1048617.3326, 1701599.432899999432266 ], [ 1048617.560399998910725, 1701615.148299998836592 ], [ 1048616.491600001230836, 1701666.35749999829568 ], [ 1048604.469, 1701712.808899999829009 ], [ 1048606.839399999240413, 1701733.170300000347197 ], [ 1048597.39519999967888, 1701790.2669 ], [ 1048596.055199999595061, 1701826.923299999441952 ], [ 1048595.459999999497086, 1701866.17970000137575 ], [ 1048595.018, 1701895.328099999576807 ], [ 1048597.150200000964105, 1701940.094299999764189 ], [ 1048584.510399998864159, 1701993.263299999525771 ], [ 1048583.2226000004448, 1701998.6807 ], [ 1048571.954800000647083, 1702054.517900000326335 ], [ 1048537.409400000120513, 1702110.21049999888055 ], [ 1048525.441999998991378, 1702125.61030000098981 ], [ 1048525.120799999451265, 1702126.023700001183897 ], [ 1048524.774800000945106, 1702128.451300001703203 ], [ 1048521.635600000154227, 1702150.476799998432398 ], [ 1048509.953399999300018, 1702201.414500000420958 ], [ 1048501.106399999116547, 1702237.967499997699633 ], [ 1048492.712000000290573, 1702272.650499999057502 ], [ 1048495.311000000569038, 1702274.7697 ], [ 1048514.837400000425987, 1702290.690300001529977 ], [ 1048517.699799998663366, 1702293.02409999910742 ], [ 1048516.596000000368804, 1702296.250099998898804 ], [ 1048500.743200000491925, 1702342.580100000137463 ], [ 1048463.1232, 1702403.635500001255423 ], [ 1048454.88580000132788, 1702415.106499999761581 ], [ 1048431.247400000225753, 1702454.309900001622736 ], [ 1048392.17760000040289, 1702489.647899999516085 ], [ 1048359.943400001269765, 1702522.145699999528006 ], [ 1048312.3394, 1702555.441500000655651 ], [ 1048262.1648, 1702575.033699999563396 ], [ 1048207.103199999080971, 1702586.424499999731779 ], [ 1048163.139600001391955, 1702619.360299998428673 ], [ 1048178.621600001119077, 1702674.668099999194965 ], [ 1048178.680599999730475, 1702733.06029999977909 ], [ 1048175.739599999273196, 1702806.115499998442829 ], [ 1048155.073399999295361, 1702860.365900000324473 ], [ 1048148.141599998576567, 1702867.286500000394881 ], [ 1048135.534799999790266, 1702886.42689999868162 ], [ 1048129.482400000910275, 1702901.668299998389557 ], [ 1048103.8537999993423, 1702944.654899999499321 ], [ 1048061.230200001038611, 1702960.989800000796095 ], [ 1048003.098800000385381, 1702991.4159 ], [ 1047980.566599998506717, 1703017.694999998901039 ], [ 1047912.071800000383519, 1703050.636099999770522 ], [ 1047882.799199999193661, 1703091.468100000172853 ], [ 1047825.468200000701472, 1703131.0011 ], [ 1047785.638799999724142, 1703138.322099999757484 ], [ 1047755.285199999343604, 1703170.49269999936223 ], [ 1047681.549799999222159, 1703180.411100000375882 ], [ 1047643.672199998982251, 1703212.081900001503527 ], [ 1047589.479599999729544, 1703206.691099998541176 ], [ 1047546.072200000169687, 1703244.85869999974966 ], [ 1047534.477199998567812, 1703242.001299999188632 ], [ 1047510.782000000705011, 1703252.833500000182539 ], [ 1047482.901800001040101, 1703280.174900000682101 ], [ 1047440.195800000103191, 1703293.059699999634176 ], [ 1047423.3834, 1703289.826899999286979 ], [ 1047384.762200000113808, 1703276.248700000345707 ], [ 1047334.9988, 1703265.519300000974908 ], [ 1047307.408999999403022, 1703217.686699999030679 ], [ 1047295.796400001272559, 1703206.368500000564381 ], [ 1047247.903199999826029, 1703190.716900000814348 ], [ 1047220.9732, 1703185.198099998524413 ], [ 1047200.743000000249594, 1703166.595699998782948 ], [ 1047160.386599999153987, 1703153.171099999453872 ], [ 1047125.132600000477396, 1703137.154100001789629 ], [ 1047099.945600001257844, 1703119.514299998292699 ], [ 1047089.093400000128895, 1703107.547599998768419 ], [ 1047072.460999999893829, 1703090.008600000292063 ], [ 1047062.608000000240281, 1703071.210899997968227 ], [ 1047013.723800000618212, 1703036.380299999145791 ], [ 1046984.121199999004602, 1703022.558900000993162 ], [ 1046926.934999999590218, 1703013.776900000870228 ], [ 1046892.187600000295788, 1703006.694100001361221 ], [ 1046871.918200000771321, 1703021.384099999209866 ], [ 1046847.406000001356006, 1703036.739299998851493 ], [ 1046808.543400001013651, 1703048.467499998630956 ], [ 1046794.66000000119675, 1703090.008699999423698 ], [ 1046760.244400000432506, 1703124.438699999591336 ], [ 1046721.571599999559112, 1703150.84690000070259 ], [ 1046720.336199999786913, 1703151.6408 ], [ 1046711.944799998658709, 1703185.344100000103936 ], [ 1046709.84839999966789, 1703223.6227 ], [ 1046696.755400000838563, 1703282.979699998395517 ], [ 1046673.047599999583326, 1703308.837700000964105 ], [ 1046660.010400000144728, 1703331.209899998735636 ], [ 1046654.230400000582449, 1703359.089899999089539 ], [ 1046653.670800000894815, 1703361.701500000432134 ], [ 1046653.082400000886992, 1703363.556500000180677 ], [ 1046619.844599999720231, 1703391.1165 ], [ 1046618.232399998931214, 1703392.453299998771399 ], [ 1046618.335800000699237, 1703396.921700000297278 ], [ 1046619.447999999392778, 1703444.931500001111999 ], [ 1046614.355399998603389, 1703466.398099998943508 ], [ 1046582.92300000123214, 1703509.481899997685105 ], [ 1046577.82719999901019, 1703514.397299999371171 ], [ 1046567.888999999617226, 1703523.979900001548231 ], [ 1046557.975000000791624, 1703531.990900001488626 ], [ 1046532.64719999965746, 1703531.239899999462068 ], [ 1046503.198800001293421, 1703564.7564 ], [ 1046458.09020000079181, 1703597.381899999687448 ], [ 1046416.77919999929145, 1703610.2179000005126 ], [ 1046396.87260000128299, 1703635.812100000446662 ], [ 1046395.545599999837577, 1703637.517899998929352 ], [ 1046394.844599999836646, 1703638.4191 ], [ 1046344.618000000715256, 1703639.16150000016205 ], [ 1046310.202000000281259, 1703631.585300000850111 ], [ 1046307.257800000486895, 1703630.694499998353422 ], [ 1046299.844200000166893, 1703627.489299999782816 ], [ 1046296.520800001220778, 1703624.305700000142679 ], [ 1046282.017399999895133, 1703615.307899999665096 ], [ 1046276.529999999562278, 1703612.915300000458956 ], [ 1046261.1312, 1703606.201300000306219 ], [ 1046253.02480000059586, 1703601.58750000060536 ], [ 1046243.269600000814535, 1703596.035900000715628 ], [ 1046242.630999999586493, 1703597.646600000560284 ], [ 1046241.451000000699423, 1703602.506100000580773 ], [ 1046237.374800001271069, 1703605.4921000006143 ], [ 1046194.317600000766106, 1703609.745899998117238 ], [ 1046259.265800000517629, 1703698.493400000734255 ], [ 1046274.714999999850988, 1703719.603700000792742 ], [ 1046299.390800000517629, 1703753.321499998914078 ], [ 1046356.733800000394695, 1703833.771899999119341 ], [ 1046458.207000000518747, 1703949.157899999525398 ], [ 1046469.347399999271147, 1703962.54329999955371 ], [ 1046487.15759999922011, 1703983.942699999781325 ], [ 1046546.6682, 1704077.042299999855459 ], [ 1046594.192200000747107, 1704230.245900000445545 ], [ 1046635.540599999018013, 1704356.969100000103936 ], [ 1046652.221999998902902, 1704427.911699999589473 ], [ 1046651.889600000344217, 1704443.234299999428913 ], [ 1046650.036999998497777, 1704528.62529999949038 ], [ 1046649.147399999084882, 1704586.402500002179295 ], [ 1046634.993799999472685, 1704635.594699999084696 ], [ 1046622.952599999727681, 1704677.957100001396611 ], [ 1046617.257199999527074, 1704697.993700000457466 ], [ 1046626.472400001133792, 1704764.604900001548231 ], [ 1046654.20060000102967, 1704811.939899999182671 ], [ 1046656.314999999245629, 1704862.867299999576062 ], [ 1046683.715399999287911, 1704876.009099998744205 ], [ 1046686.169400001061149, 1704882.630699999863282 ], [ 1046695.382599999080412, 1704889.650200000265613 ], [ 1046732.91119999892544, 1704918.334500000346452 ], [ 1046744.670400000293739, 1704929.797899999888614 ], [ 1046758.077000000630505, 1704942.867299999808893 ], [ 1046780.591400000615977, 1704964.340699999826029 ], [ 1046788.462199999717996, 1704980.715500001329929 ], [ 1046797.935700000729412, 1704990.814900001045316 ], [ 1046798.311999999568798, 1704994.494300000602379 ], [ 1046786.3718, 1704991.3769 ], [ 1046762.860700000426732, 1704997.0757 ], [ 1046739.891100000590086, 1705002.151900000870228 ], [ 1046695.533799999742769, 1705015.815900000277907 ], [ 1046630.087800000561401, 1705052.800900000380352 ], [ 1046626.707000000867993, 1705055.90850000269711 ], [ 1046615.838700001244433, 1705063.019400001969188 ], [ 1046596.699100000900216, 1705075.5423 ], [ 1046614.6401, 1705116.726700000697747 ], [ 1046631.666900000418536, 1705150.8429000005126 ], [ 1046643.9263, 1705172.350099998526275 ], [ 1046660.475699999602512, 1705203.362099999096245 ], [ 1046649.843099999357946, 1705261.440300000132993 ], [ 1046655.930899999802932, 1705281.201300000306219 ], [ 1046661.052499999757856, 1705295.921499999240041 ], [ 1046662.003499999060296, 1705314.274099998641759 ], [ 1046654.536099999444559, 1705346.8455 ], [ 1046628.993500001030043, 1705389.826900000451133 ], [ 1046622.692899999441579, 1705417.52350000012666 ], [ 1046607.414699998917058, 1705468.866300000110641 ], [ 1046631.986500000115484, 1705503.290300001157448 ], [ 1046633.286100000957958, 1705505.724700000602752 ], [ 1046651.739699999801815, 1705521.840099999681115 ], [ 1046658.506099998718128, 1705527.74930000025779 ], [ 1046702.631500000949018, 1705554.756299999309704 ], [ 1046707.743099998682737, 1705587.917900000233203 ], [ 1046716.29810000048019, 1705613.153100001625717 ], [ 1046718.60850000102073, 1705625.162699999753386 ], [ 1046769.45929999940563, 1705696.8139 ], [ 1046770.099699999671429, 1705697.716299999272451 ], [ 1046792.367899998906069, 1705730.242699998663738 ], [ 1046790.3539, 1705734.883099999278784 ], [ 1046789.129100000136532, 1705744.214900000253692 ], [ 1046802.825699999812059, 1705770.4271 ], [ 1046819.846900000586174, 1705783.482100000604987 ], [ 1046831.87949999968987, 1705841.289500000188127 ], [ 1046831.678500001085922, 1705841.654300001449883 ], [ 1046827.356499999063089, 1705852.55089999944903 ], [ 1046822.47829999960959, 1705870.33610000135377 ], [ 1046816.532899999758229, 1705918.934299999848008 ], [ 1046813.3577, 1705978.767100001685321 ], [ 1046815.005700000561774, 1705992.013699999311939 ], [ 1046820.299399999668822, 1706034.568700001342222 ], [ 1046841.827000000281259, 1706099.864499998977408 ], [ 1046869.128899999661371, 1706128.371700000949204 ], [ 1046873.563099999679253, 1706130.339900000719354 ], [ 1046895.361299999058247, 1706140.016099999658763 ], [ 1046919.376000000862405, 1706157.847100000595674 ], [ 1046919.648400000529364, 1706158.049299999373034 ], [ 1046884.383800000301562, 1706262.238699999637902 ], [ 1046875.285600001225248, 1706275.019500000867993 ], [ 1046872.2484, 1706279.285900000715628 ], [ 1046858.907600000267848, 1706314.777299998793751 ], [ 1046855.909399999072775, 1706327.747500000521541 ], [ 1046855.744600000558421, 1706328.460699999239296 ], [ 1046849.811799999559298, 1706354.126700001070276 ], [ 1046849.778800000553019, 1706354.269700000761077 ], [ 1046849.761799999279901, 1706354.371099998243153 ], [ 1046849.434199999086559, 1706356.334499999880791 ], [ 1046844.029799999203533, 1706388.7105 ], [ 1046876.728000000584871, 1706409.968299998901784 ], [ 1046881.328399999416433, 1706412.959100001258776 ], [ 1046881.737400000565685, 1706423.311699999496341 ], [ 1046883.74540000106208, 1706474.127300000283867 ], [ 1046884.295199999120086, 1706488.040899999439716 ], [ 1046892.138200000161305, 1706519.5375 ], [ 1046913.7612, 1706556.893899999093264 ], [ 1046911.930400000652298, 1706575.407500000437722 ], [ 1046907.259400000795722, 1706622.6497 ], [ 1046911.967000000993721, 1706629.531900000292808 ], [ 1046923.801800000597723, 1706645.292700001969934 ], [ 1046936.477999999769963, 1706674.562499998603016 ], [ 1046948.307200000388548, 1706701.876700001070276 ], [ 1046968.62179999880027, 1706715.986700000241399 ], [ 1046978.526799999293871, 1706733.407500001136214 ], [ 1046982.960800000466406, 1706749.487699998775497 ], [ 1046995.369000000995584, 1706775.1001 ], [ 1047003.457800000905991, 1706792.527100001228973 ], [ 1047011.57219999958761, 1706809.224500000244007 ], [ 1047015.517800000263378, 1706814.45670000067912 ], [ 1047023.923799998941831, 1706825.603500000201166 ], [ 1047059.8956, 1706826.142100000521168 ], [ 1047089.031599999871105, 1706841.055500000249594 ], [ 1047097.417599999695085, 1706845.347900000400841 ], [ 1047116.054999999818392, 1706861.053500000620261 ], [ 1047122.1364, 1706866.178199999500066 ], [ 1047149.457000001566485, 1706889.20109999878332 ], [ 1047152.923999999184161, 1706896.2543 ], [ 1047156.048800000688061, 1706906.059900000225753 ], [ 1047169.419399999664165, 1706937.9685 ], [ 1047203.568999999086373, 1706988.662699998822063 ], [ 1047210.882799999322742, 1706999.519700000528246 ], [ 1047215.68879999872297, 1707001.294099999126047 ], [ 1047236.013799999374896, 1707008.797700001858175 ], [ 1047248.337000000989065, 1707026.064500000327826 ], [ 1047268.195399999152869, 1707062.3753 ], [ 1047279.326800000504591, 1707093.264699999243021 ], [ 1047287.876600000890903, 1707107.696899999864399 ], [ 1047301.987599999643862, 1707119.542099999496713 ], [ 1047310.912400000495836, 1707127.488500001374632 ], [ 1047332.637199999764562, 1707157.870699999853969 ], [ 1047357.289799999562092, 1707173.413200000766665 ], [ 1047361.567000000737607, 1707175.623500001151115 ], [ 1047376.773600000538863, 1707184.161100001074374 ], [ 1047383.209999999031425, 1707187.774700000882149 ], [ 1047398.083199999528006, 1707200.951299999840558 ], [ 1047410.752600000356324, 1707212.175300001865253 ], [ 1047420.7186, 1707221.004300000378862 ], [ 1047427.718599999090657, 1707227.205900000175461 ], [ 1047443.834599998546764, 1707230.0865000016056 ], [ 1047482.439000000827946, 1707221.074099999386817 ], [ 1047483.479800000786781, 1707221.127900000894442 ], [ 1047494.760800000862218, 1707230.441900000907481 ], [ 1047518.690600001020357, 1707250.198899999260902 ], [ 1047544.524400001158938, 1707251.998899999074638 ], [ 1047546.852600000682287, 1707251.863100000657141 ], [ 1047577.281600000220351, 1707254.400299999630079 ], [ 1047583.832799999043345, 1707254.946499999146909 ], [ 1047605.344600000185892, 1707286.344299999531358 ], [ 1047610.025000001420267, 1707293.175500000827014 ], [ 1047621.439600000856444, 1707310.030900000594556 ], [ 1047637.520200000144541, 1707319.849300000816584 ], [ 1047638.328599998960271, 1707320.342900001443923 ], [ 1047656.65720000048168, 1707337.265799999469891 ], [ 1047662.269800000707619, 1707352.063999999081716 ], [ 1047676.785000000731088, 1707390.335300000850111 ], [ 1047712.950099999434315, 1707422.6184 ], [ 1047745.711400001426227, 1707451.8629 ], [ 1047766.067000000970438, 1707497.555899999802932 ], [ 1047808.769499999471009, 1707526.751500000245869 ], [ 1047809.916400000569411, 1707527.535699999658391 ], [ 1047829.478200000827201, 1707525.4101 ], [ 1047850.747799999429844, 1707523.099099999526516 ], [ 1047882.860200000577606, 1707530.80629999935627 ], [ 1047886.279999999329448, 1707531.627100001089275 ], [ 1047896.294000000460073, 1707601.926500000990927 ], [ 1047900.409999999217689, 1707630.822100001620129 ], [ 1047899.944999999250285, 1707644.448500000173226 ], [ 1047899.117999998969026, 1707668.687899999786168 ], [ 1047897.654200000455603, 1707711.587099998956546 ], [ 1047897.250999999465421, 1707723.40529999951832 ], [ 1047915.827599999494851, 1707763.189799998886883 ], [ 1047930.472999999416061, 1707806.306700000539422 ], [ 1047942.361999999615364, 1707814.7448 ], [ 1047967.001199999358505, 1707834.776200000662357 ], [ 1047980.881400001235306, 1707845.4222 ], [ 1047989.070799999288283, 1707872.107200001366436 ], [ 1047990.519600001047365, 1707893.030300001380965 ], [ 1047992.2316, 1707908.651199999032542 ], [ 1047992.858200000366196, 1707914.425599999260157 ], [ 1047993.147599999210797, 1707917.091399999335408 ], [ 1047987.991600001347251, 1707932.00709999888204 ], [ 1047981.48619999946095, 1707950.826500000897795 ], [ 1047994.518500001169741, 1707980.016400001011789 ], [ 1048002.138000001199543, 1707997.082499998621643 ], [ 1048004.223999999812804, 1708025.787100000772625 ], [ 1048009.39299999922514, 1708096.912799998885021 ], [ 1047993.216199999093078, 1708130.743299999739975 ], [ 1048011.7437999995891, 1708172.914100000634789 ], [ 1048016.09639999922365, 1708224.045800000429153 ], [ 1048020.040200000512414, 1708247.787799998885021 ], [ 1048075.471999999252148, 1708312.4407 ], [ 1048078.993800000636838, 1708316.5483 ], [ 1048089.355600000708364, 1708339.90610000025481 ], [ 1048090.595599998603575, 1708353.285399998538196 ], [ 1048098.529100000159815, 1708386.303600000450388 ], [ 1048100.093199999188073, 1708392.812999999150634 ], [ 1048101.362399999401532, 1708395.473999999696389 ], [ 1048118.95459999947343, 1708432.356300000101328 ], [ 1048117.248299999046139, 1708474.171200000680983 ], [ 1048117.062199998646975, 1708478.7338 ], [ 1048118.741200000164099, 1708481.779600000474602 ], [ 1048139.341399999102578, 1708519.148399998433888 ], [ 1048133.267, 1708543.571900000330061 ], [ 1048131.017000000341795, 1708552.618599999696016 ], [ 1048127.771200001006946, 1708570.211700000800192 ], [ 1048138.452600000193343, 1708595.777599999448285 ], [ 1048144.151, 1708609.416700000409037 ], [ 1048151.766400000778958, 1708634.33049999945797 ], [ 1048154.818799999542534, 1708644.316500000888482 ], [ 1048163.595099998754449, 1708648.993299999507144 ], [ 1048222.234000000986271, 1708680.241699999896809 ], [ 1048242.525400000158697, 1708706.233100002864376 ], [ 1048242.197800000198185, 1708721.5966 ], [ 1048241.5082, 1708753.937699999427423 ], [ 1048271.834400000865571, 1708821.120300000533462 ], [ 1048277.438100000959821, 1708845.516899999696761 ], [ 1048284.6772, 1708877.03309999871999 ], [ 1048311.392799998982809, 1708882.919500001007691 ], [ 1048314.921600000583567, 1708883.69700000109151 ], [ 1048441.312199998879805, 1708911.545299998950213 ], [ 1048441.505400000372902, 1708911.648199998773634 ], [ 1048472.309600001317449, 1708928.05030000093393 ], [ 1048502.642599999555387, 1708945.171299998648465 ], [ 1048530.608400000608526, 1708932.677899999776855 ], [ 1048546.1082, 1708925.753499999875203 ], [ 1048549.775400000624359, 1708924.160700001521036 ], [ 1048557.280999999493361, 1708919.359099998837337 ], [ 1048561.113399999565445, 1708916.9070999994874 ], [ 1048569.839400000520982, 1708910.971899999538437 ], [ 1048625.698400001274422, 1708911.8321 ], [ 1048633.160799999255687, 1708911.429300002520904 ], [ 1048657.146999998949468, 1708910.134299998171628 ], [ 1048670.395999998785555, 1708892.522700000321493 ], [ 1048677.897800001082942, 1708883.680299998726696 ], [ 1048734.217999999411404, 1708849.731300000101328 ], [ 1048750.005799999460578, 1708847.376099999295548 ], [ 1048783.841200000140816, 1708819.898499998729676 ], [ 1048808.825599999167025, 1708785.511300000362098 ], [ 1048812.437400000402704, 1708780.540100001264364 ], [ 1048881.177799999481067, 1708797.99129999987781 ], [ 1048936.627599999308586, 1708777.200300000607967 ], [ 1048959.566599998623133, 1708768.599300000118092 ], [ 1048968.217200000304729, 1708766.975299999350682 ], [ 1049000.060199999017641, 1708734.441400000825524 ], [ 1049018.402200000360608, 1708713.909600001294166 ], [ 1049069.928000001236796, 1708665.346900000236928 ], [ 1049082.60799999977462, 1708614.958699997747317 ], [ 1049087.821200001053512, 1708590.657099999720231 ], [ 1049087.882600000360981, 1708587.4799 ], [ 1049089.506000000517815, 1708503.29790000198409 ], [ 1049105.521, 1708475.801300000399351 ], [ 1049109.646, 1708475.846899998839945 ], [ 1049143.125199998961762, 1708476.216900000348687 ], [ 1049199.688400001497939, 1708476.842199999140576 ], [ 1049209.632399999303743, 1708476.952099999412894 ], [ 1049269.49970000050962, 1708479.727900000289083 ], [ 1049299.952799999387935, 1708481.139900001697242 ], [ 1049322.892200000584126, 1708496.562100001377985 ], [ 1049342.79160000057891, 1708509.940500000491738 ], [ 1049376.410400000633672, 1708529.316899999510497 ], [ 1049400.996200000168756, 1708515.920199999818578 ], [ 1049423.0652, 1708503.894899999257177 ], [ 1049456.379199999151751, 1708494.355399999534711 ], [ 1049498.815999999642372, 1708491.484499998856336 ], [ 1049511.568199999397621, 1708490.621899999678135 ], [ 1049544.014199999626726, 1708481.54590000025928 ], [ 1049565.853600000729784, 1708463.840700000524521 ], [ 1049577.175999999279156, 1708454.661499998532236 ], [ 1049584.532999998657033, 1708452.521099999081343 ], [ 1049610.248800000641495, 1708445.0395 ], [ 1049641.071400000946596, 1708446.815300002228469 ], [ 1049652.159199999645352, 1708447.4541 ], [ 1049728.260599999688566, 1708395.181299999123439 ], [ 1049735.102400000905618, 1708392.86250000144355 ], [ 1049760.275799999013543, 1708384.330900001106784 ], [ 1049790.010800001211464, 1708374.253100000554696 ], [ 1049813.404399999184534, 1708379.10010000015609 ], [ 1049826.816799999214709, 1708381.878900001756847 ], [ 1049848.43620000127703, 1708389.531500000972301 ], [ 1049864.668799999402836, 1708417.708799998741597 ], [ 1049872.188699999824166, 1708430.762199998833239 ], [ 1049894.9153, 1708469.521400001831353 ], [ 1049886.405899999896064, 1708504.1658 ], [ 1049851.044900000328198, 1708556.80299999890849 ], [ 1049901.981300001265481, 1708610.47800000035204 ], [ 1049917.893899998860434, 1708644.060800001490861 ], [ 1049944.918100000126287, 1708700.014999999664724 ], [ 1049945.303600000450388, 1708765.11949999909848 ], [ 1049945.756999999284744, 1708841.667699999408796 ], [ 1049945.760799999814481, 1708842.304099999833852 ], [ 1049946.303600000916049, 1708842.769099998986349 ], [ 1049976.446600000374019, 1708868.58610000135377 ], [ 1049984.401600000448525, 1708927.663899999344721 ], [ 1049987.818599998950958, 1709001.005899999057874 ], [ 1049974.666000001132488, 1709032.997899999376386 ], [ 1049959.579999999841675, 1709081.748899999074638 ], [ 1049942.913399999495596, 1709139.351500001735985 ], [ 1049942.591799998655915, 1709140.462699999799952 ], [ 1049942.662999999476597, 1709142.220100000267848 ], [ 1049944.401600000914186, 1709185.212300000712276 ], [ 1049936.269599999533966, 1709197.381100001046434 ], [ 1049920.666799999773502, 1709220.729100000811741 ], [ 1049897.492399998707697, 1709257.95130000053905 ], [ 1049908.89560000016354, 1709307.481300000334159 ], [ 1049910.469600000185892, 1709308.292500000912696 ], [ 1049949.980000000447035, 1709328.656099999323487 ], [ 1050005.093199998838827, 1709312.26410000026226 ], [ 1050039.433599999174476, 1709332.861300001619384 ], [ 1050076.39659999939613, 1709387.517100000288337 ], [ 1050094.317999999271706, 1709410.9075 ], [ 1050116.112600000808015, 1709456.132299999706447 ], [ 1050150.351200001314282, 1709478.123299999628216 ], [ 1050172.852199998684227, 1709568.124199999729171 ], [ 1050173.138599999481812, 1709572.6217 ], [ 1050153.592199999606237, 1709633.758099999045953 ], [ 1050136.311200000112876, 1709682.350100000621751 ], [ 1050129.840200000908226, 1709690.277899999171495 ], [ 1050127.107399999396876, 1709702.557900000596419 ], [ 1050136.275199998868629, 1709729.347900000400841 ], [ 1050139.151799999177456, 1709735.309699999634176 ], [ 1050147.71559999906458, 1709738.8258 ], [ 1050152.492199999047443, 1709739.005699998699129 ], [ 1050157.690000001341105, 1709740.272900000447407 ], [ 1050179.656199999619275, 1709742.179100002162158 ], [ 1050227.911000000312924, 1709748.656900000525638 ], [ 1050277.190200000302866, 1709777.354900000151247 ], [ 1050288.406799999065697, 1709792.4043 ], [ 1050308.771799999056384, 1709819.728699999861419 ], [ 1050313.160199999343604, 1709825.360899998806417 ], [ 1050313.008600001223385, 1709826.60899999900721 ], [ 1050315.103400000371039, 1709833.319100000662729 ], [ 1050320.086800000630319, 1709846.377900000661612 ], [ 1050321.416999999200925, 1709849.308900000760332 ], [ 1050326.487400000682101, 1709856.036900001345202 ], [ 1050336.844800000544637, 1709870.54689999949187 ], [ 1050355.066999998874962, 1709884.628300000913441 ], [ 1050357.459800001466647, 1709889.562899999553338 ], [ 1050359.562400000169873, 1709894.069300000788644 ], [ 1050361.860200000461191, 1709899.37419999926351 ], [ 1050365.267199998954311, 1709906.431700001005083 ], [ 1050385.084199999226257, 1709925.074100001016632 ], [ 1050394.851399999111891, 1709934.262300000526011 ], [ 1050417.947000000160187, 1709958.177499999757856 ], [ 1050418.168000000528991, 1709968.195300000486895 ], [ 1050418.67119999974966, 1709991.022299999371171 ], [ 1050419.025000001303852, 1710001.953299999237061 ], [ 1050419.6454, 1710010.003300000214949 ], [ 1050429.261799999512732, 1710018.515799999702722 ], [ 1050431.553600000217557, 1710026.632300000172108 ], [ 1050437.048800000688061, 1710035.748299999162555 ], [ 1050442.449200000148267, 1710036.503699997672811 ], [ 1050451.374199999729171, 1710035.913500000257045 ], [ 1050454.013799998909235, 1710035.73890000092797 ], [ 1050458.009599999291822, 1710035.898499999195337 ], [ 1050460.290199999231845, 1710037.787299999501556 ], [ 1050457.780600000638515, 1710043.959500000113621 ], [ 1050457.720200000796467, 1710044.108100000536069 ], [ 1050456.238599998643622, 1710047.795899998396635 ], [ 1050462.40940000093542, 1710049.7753 ], [ 1050462.923200001008809, 1710049.940099998144433 ], [ 1050466.232800000812858, 1710049.386900000739843 ], [ 1050469.931800001300871, 1710044.768300001276657 ], [ 1050481.91880000103265, 1710048.469100000569597 ], [ 1050478.4372, 1710050.611699999775738 ], [ 1050466.465400000335649, 1710053.91249999939464 ], [ 1050465.961999999592081, 1710054.259700000518933 ], [ 1050459.261, 1710058.879300000378862 ], [ 1050479.068199999630451, 1710072.888900001300499 ], [ 1050480.122199998935685, 1710073.68970000022091 ], [ 1050491.791800000239164, 1710082.555299999658018 ], [ 1050515.648800000548363, 1710124.454100000672042 ], [ 1050534.754399999044836, 1710154.75029999925755 ], [ 1050559.911199999740347, 1710190.34239999903366 ], [ 1050579.185199999716133, 1710217.611299999523908 ], [ 1050593.107399999396876, 1710237.412900002673268 ], [ 1050617.009200000204146, 1710252.1253 ], [ 1050639.664600000251085, 1710265.0469 ], [ 1050688.843399999663234, 1710269.052100001834333 ], [ 1050709.026599999750033, 1710264.440500001423061 ], [ 1050718.82219999935478, 1710261.823299999348819 ], [ 1050725.426600000355393, 1710260.0589 ], [ 1050737.882, 1710248.0091 ], [ 1050752.74860000028275, 1710235.233099999837577 ], [ 1050808.152999999234453, 1710220.700800000457093 ], [ 1050828.240000000223517, 1710233.9132 ], [ 1050830.856999998679385, 1710236.74970000050962 ], [ 1050838.138399999588728, 1710245.0519 ], [ 1050837.245399999432266, 1710250.069499998586252 ], [ 1050826.83119999896735, 1710308.586699998471886 ], [ 1050791.572800000198185, 1710346.856299998937175 ], [ 1050745.348199999658391, 1710421.709900001995265 ], [ 1050681.636399999493733, 1710485.586599999573082 ], [ 1050673.084000000264496, 1710606.272299998439848 ], [ 1050666.275399999460205, 1710624.577900000615045 ], [ 1050653.310799999162555, 1710661.085899999365211 ], [ 1050668.0384, 1710670.777300000190735 ], [ 1050744.900999998673797, 1710721.356500000692904 ], [ 1050794.604000001214445, 1710774.2179000005126 ], [ 1050826.994000000180677, 1710830.441900000907481 ], [ 1050894.606399998767301, 1710850.5835 ], [ 1050960.971000000135973, 1710888.671699999365956 ], [ 1050999.292999998433515, 1710954.172299998812377 ], [ 1051005.630199999548495, 1710959.7837 ], [ 1051064.014000000664964, 1711015.639699998544529 ], [ 1051069.742799999890849, 1711008.787100001005456 ], [ 1051079.406999999191612, 1710998.437300000572577 ], [ 1051124.9082, 1711005.7174 ], [ 1051169.236400000983849, 1711007.7668999992311 ], [ 1051201.8158, 1711020.843299998901784 ], [ 1051200.47080000070855, 1711076.65770000172779 ], [ 1051215.3416, 1711091.096099999733269 ], [ 1051236.080199999036267, 1711111.231699998956174 ], [ 1051232.006100000115111, 1711116.457499999552965 ], [ 1051219.510200001532212, 1711132.485099999466911 ], [ 1051225.315999999409541, 1711169.873900001868606 ], [ 1051282.044400000711903, 1711227.447699998505414 ], [ 1051351.937199999112636, 1711286.747899999376386 ], [ 1051389.861600001342595, 1711310.6184 ], [ 1051392.208800000138581, 1711312.09569999948144 ], [ 1051417.764599999878556, 1711328.744899999117479 ], [ 1051419.242999999318272, 1711327.638900000834838 ], [ 1051420.936999999685213, 1711326.377299999818206 ], [ 1051433.641800001030788, 1711316.913500000722706 ], [ 1051465.216600000858307, 1711293.393699998501688 ], [ 1051496.792200000956655, 1711244.4679000005126 ], [ 1051512.668200001120567, 1711219.868100001243874 ], [ 1051551.775799999479204, 1711216.589299998246133 ], [ 1051599.564600000856444, 1711177.716099998913705 ], [ 1051608.327400000300258, 1711172.399499999126419 ], [ 1051621.700800000224262, 1711164.285099999047816 ], [ 1051680.399400000460446, 1711128.66969999903813 ], [ 1051689.022199998842552, 1711123.438100000377744 ], [ 1051725.946299999486655, 1711086.963000000221655 ], [ 1051736.73920000041835, 1711076.3011 ], [ 1051742.753200000384822, 1711070.360099998768419 ], [ 1051743.7602, 1711069.3653 ], [ 1051806.602399999508634, 1711028.057499999646097 ], [ 1051832.368599998997524, 1710998.7941 ] ] ] } },
{ "type": "Feature", "properties": { "BASE_DATE": "20250630", "ADM_CD": "38570400", "ADM_NM": "신등면" }, "geometry": { "type": "Polygon", "coordinates": [ [ [ 1043708.443, 1717409.414899999508634 ], [ 1043819.711400001309812, 1717386.73189999954775 ], [ 1043924.264599999296479, 1717401.196300000185147 ], [ 1044002.597600000910461, 1717399.2475 ], [ 1044058.381600000429899, 1717382.54869999946095 ], [ 1044104.818400000105612, 1717364.008900001179427 ], [ 1044132.427199999801815, 1717355.43970000045374 ], [ 1044146.892, 1717323.040100002428517 ], [ 1044151.000199999893084, 1717313.837900000857189 ], [ 1044150.065400000428781, 1717310.084200000623241 ], [ 1044146.563999999198131, 1717296.021900000516325 ], [ 1044158.443, 1717266.114800000796095 ], [ 1044163.726000000722706, 1717236.899900000775233 ], [ 1044168.784999999217689, 1717206.672299999045208 ], [ 1044170.272600000840612, 1717186.338300001109019 ], [ 1044165.3682, 1717173.36730000237003 ], [ 1044188.881400000420399, 1717129.078 ], [ 1044197.608400000724941, 1717112.640099999494851 ], [ 1044197.971200000378303, 1717100.716900000348687 ], [ 1044198.701999999349937, 1717029.38319999887608 ], [ 1044198.73119999980554, 1717026.538900000508875 ], [ 1044189.447200000635348, 1716965.361300001153722 ], [ 1044177.805400000186637, 1716887.212499999441206 ], [ 1044173.820599999395199, 1716861.689899999648333 ], [ 1044161.165600000298582, 1716822.195300001185387 ], [ 1044163.321200000937097, 1716787.901100000366569 ], [ 1044170.701600000844337, 1716754.057299999287352 ], [ 1044183.832600000314415, 1716735.957100000232458 ], [ 1044189.528999999398366, 1716728.104699998628348 ], [ 1044196.68199999909848, 1716724.940899998415262 ], [ 1044203.12359999876935, 1716720.9903 ], [ 1044218.127399999764748, 1716711.7873 ], [ 1044308.845999999088235, 1716653.04069999861531 ], [ 1044313.716200000606477, 1716648.566400001291186 ], [ 1044362.8111999995308, 1716603.935100000351667 ], [ 1044375.1634, 1716596.006400001235306 ], [ 1044422.602600000915118, 1716565.570900001563132 ], [ 1044439.770200000959449, 1716546.681500000646338 ], [ 1044496.914000000455417, 1716485.2913 ], [ 1044549.574199998518452, 1716437.219300001394004 ], [ 1044559.645199999329634, 1716428.2697 ], [ 1044583.076599999563769, 1716386.758699998725206 ], [ 1044588.1382, 1716377.4797 ], [ 1044614.620800000266172, 1716314.03169999900274 ], [ 1044650.840199999860488, 1716265.307499999180436 ], [ 1044677.583999999682419, 1716229.329500001389533 ], [ 1044664.525600000168197, 1716199.151699999114498 ], [ 1044654.550199999823235, 1716178.207300001522526 ], [ 1044699.806399999884889, 1716137.293299998389557 ], [ 1044727.867799999658018, 1716118.547700001625344 ], [ 1044782.162000000360422, 1716082.830100000835955 ], [ 1044829.751600001007318, 1716050.102900000754744 ], [ 1044890.811200000229292, 1716018.01549999951385 ], [ 1044966.435600001364946, 1715997.993399999802932 ], [ 1044981.686000000801869, 1715993.602900001220405 ], [ 1045002.790400000638328, 1715946.086100000655279 ], [ 1045014.168600001255982, 1715861.393700000829995 ], [ 1045003.72139999922365, 1715834.802300000330433 ], [ 1044997.208200000342913, 1715805.228100000647828 ], [ 1044995.652200000826269, 1715806.249299999326468 ], [ 1044992.541999999666587, 1715807.914300000295043 ], [ 1044993.365999999456108, 1715806.184299999848008 ], [ 1044993.498400000855327, 1715804.607100000372157 ], [ 1044995.804800000973046, 1715802.074899998726323 ], [ 1045011.507799998857081, 1715787.086300000781193 ], [ 1045014.273799999849871, 1715786.968499999726191 ], [ 1045017.278599999612197, 1715784.98450000025332 ], [ 1045022.521600000211038, 1715778.528299999656156 ], [ 1045030.056200001505204, 1715774.56169999926351 ], [ 1045036.117200000793673, 1715769.025900000473484 ], [ 1045035.614800000214018, 1715763.340700000524521 ], [ 1045042.837399999029003, 1715750.238900000229478 ], [ 1045042.639999999431893, 1715749.365100000519305 ], [ 1045040.899400001624599, 1715745.589500000933185 ], [ 1045041.276400000439025, 1715740.605499999364838 ], [ 1045042.958800001186319, 1715737.534700000425801 ], [ 1045057.191599998739548, 1715725.673499999567866 ], [ 1045061.049000000115484, 1715721.339900000253692 ], [ 1045065.135799999465235, 1715720.73130000103265 ], [ 1045083.267999999574386, 1715716.9469 ], [ 1045085.718999998876825, 1715717.012499999254942 ], [ 1045090.126400000415742, 1715715.196100000292063 ], [ 1045102.022600000724196, 1715710.6512999990955 ], [ 1045104.268, 1715708.905999999493361 ], [ 1045112.827599999378435, 1715705.319999999832362 ], [ 1045119.655000001308508, 1715714.683900000993162 ], [ 1045123.046800000476651, 1715719.335899998433888 ], [ 1045122.990999999688938, 1715719.659099999815226 ], [ 1045122.696999999461696, 1715721.379699999000877 ], [ 1045123.605000000679865, 1715723.763300000224262 ], [ 1045128.480399998952635, 1715731.729900000616908 ], [ 1045131.19420000014361, 1715737.794699999736622 ], [ 1045131.891199999838136, 1715738.116499999538064 ], [ 1045134.004799999878742, 1715735.641300000716001 ], [ 1045145.605600001406856, 1715731.568899998441339 ], [ 1045153.419800000148825, 1715725.7699000001885 ], [ 1045154.49340000085067, 1715724.972699999576434 ], [ 1045160.634800000931136, 1715730.994900000281632 ], [ 1045160.682599999709055, 1715731.317499998956919 ], [ 1045166.004999998840503, 1715739.664499999256805 ], [ 1045166.551799999782816, 1715743.140300000552088 ], [ 1045167.744800000684336, 1715750.969699997920543 ], [ 1045167.9492, 1715756.704399998299778 ], [ 1045168.432600000989623, 1715757.364499999210238 ], [ 1045171.4206, 1715756.5809 ], [ 1045275.310600001597777, 1715729.3377 ], [ 1045299.55440000037197, 1715721.999900000169873 ], [ 1045374.416599999647588, 1715694.519899999722838 ], [ 1045410.615400000591762, 1715729.11930000083521 ], [ 1045437.729199999477714, 1715768.660700001055375 ], [ 1045497.002600000239909, 1715856.482499999459833 ], [ 1045503.508799998788163, 1715865.851099998690188 ], [ 1045511.080299998749979, 1715875.055099999066442 ], [ 1045544.541000001248904, 1715915.729700000490993 ], [ 1045616.848799998639151, 1715904.317900000372902 ], [ 1045648.882399998954497, 1715891.963300000410527 ], [ 1045669.360600000945851, 1715879.629500000271946 ], [ 1045711.188400000683032, 1715845.116700001526624 ], [ 1045735.860399999655783, 1715835.709899998735636 ], [ 1045749.2056, 1715817.208000000100583 ], [ 1045766.75859999936074, 1715807.1077 ], [ 1045772.5118, 1715801.339199998881668 ], [ 1045806.079200000735, 1715767.6812999995891 ], [ 1045822.477999999769963, 1715730.067100000334904 ], [ 1045866.200799998943694, 1715719.009700000984594 ], [ 1045870.375799998641014, 1715717.953900000313297 ], [ 1045877.44860000081826, 1715723.012399999890476 ], [ 1045909.023600000655279, 1715745.59349999926053 ], [ 1045959.206400000373833, 1715756.94109999970533 ], [ 1045961.547600000514649, 1715753.712099998490885 ], [ 1045970.179199999431148, 1715741.807099999859929 ], [ 1046020.877800000249408, 1715730.609099998371676 ], [ 1046024.424199999542907, 1715729.882700000191107 ], [ 1046033.610799999209121, 1715728.001300000352785 ], [ 1046063.700799999758601, 1715713.198299998883158 ], [ 1046074.719399998779409, 1715691.52170000015758 ], [ 1046074.887000000220723, 1715691.10010000038892 ], [ 1046076.022400001063943, 1715688.245699999621138 ], [ 1046080.007599999429658, 1715686.890500000445172 ], [ 1046081.560399999143556, 1715686.602899998892099 ], [ 1046098.847000000416301, 1715683.400700000114739 ], [ 1046101.819200000492856, 1715683.1199 ], [ 1046138.756999999284744, 1715635.014500000979751 ], [ 1046143.194199998979457, 1715599.14049999974668 ], [ 1046143.344400000176392, 1715597.420499999076128 ], [ 1046140.285200000274926, 1715571.5097 ], [ 1046139.984199999482371, 1715568.958300000987947 ], [ 1046138.790199999581091, 1715559.710100000724196 ], [ 1046141.925800000550225, 1715553.973300001118332 ], [ 1046153.444799999473616, 1715532.897100000409409 ], [ 1046163.178199999034405, 1715492.178099998738617 ], [ 1046172.4002, 1715472.711899999761954 ], [ 1046162.799600000143982, 1715423.1165 ], [ 1046158.8634, 1715412.747199999168515 ], [ 1046135.637099998770282, 1715351.562699999660254 ], [ 1046134.481900000828318, 1715348.519699999364093 ], [ 1046126.534199999761768, 1715327.5831 ], [ 1046122.715599998598918, 1715309.684299998916686 ], [ 1046122.887000000919215, 1715292.86919999984093 ], [ 1046123.48119999980554, 1715234.543500001076609 ], [ 1046124.135599999455735, 1715217.109599999617785 ], [ 1046124.3422, 1715211.610900000436231 ], [ 1046127.341399999218993, 1715208.578600001754239 ], [ 1046217.792799999471754, 1715117.1221 ], [ 1046232.165200000628829, 1715102.589699999894947 ], [ 1046223.640000000130385, 1715037.443600001744926 ], [ 1046217.54999999969732, 1714990.90770000172779 ], [ 1046231.53760000015609, 1714968.994999999180436 ], [ 1046232.50980000058189, 1714967.471899999072775 ], [ 1046240.347399999387562, 1714909.264300000155345 ], [ 1046241.901999999186955, 1714897.718100001104176 ], [ 1046242.509499998530373, 1714892.097300000255927 ], [ 1046242.702199999708682, 1714890.315699999686331 ], [ 1046243.3352, 1714883.660700002452359 ], [ 1046263.254800000810064, 1714859.132500001229346 ], [ 1046300.639600001159124, 1714807.427499999525025 ], [ 1046309.798800000338815, 1714791.957300000591204 ], [ 1046320.762199998716824, 1714774.934100000187755 ], [ 1046323.608199998736382, 1714769.679300000891089 ], [ 1046352.022199999075383, 1714751.9079 ], [ 1046352.348600000725128, 1714751.558800001163036 ], [ 1046353.821599999791943, 1714749.984700000844896 ], [ 1046354.713399999658577, 1714748.303099998272955 ], [ 1046383.06839999940712, 1714694.821100000524893 ], [ 1046414.903800001367927, 1714644.620300000999123 ], [ 1046431.023999999393709, 1714628.803000000305474 ], [ 1046441.369200000539422, 1714618.652100000763312 ], [ 1046446.794799999799579, 1714613.32810000050813 ], [ 1046447.765800000401214, 1714613.934299999848008 ], [ 1046451.556699998793192, 1714616.549900000682101 ], [ 1046470.867400000919588, 1714629.8729 ], [ 1046510.609999999520369, 1714657.637499998323619 ], [ 1046575.964600000181235, 1714647.206499999854714 ], [ 1046577.076000000117347, 1714647.050699999788776 ], [ 1046579.5998, 1714645.513299999060109 ], [ 1046603.358800000627525, 1714631.038899999577552 ], [ 1046608.353199998964556, 1714627.794099999591708 ], [ 1046620.507399999187328, 1714626.883099998813123 ], [ 1046705.96899999876041, 1714620.477900000754744 ], [ 1046721.615200000931509, 1714590.405600001569837 ], [ 1046722.371200000983663, 1714588.952900000382215 ], [ 1046745.1998, 1714554.400699999183416 ], [ 1046751.032399999443442, 1714545.57289999932982 ], [ 1046768.4252, 1714544.561000000918284 ], [ 1046772.706399999791756, 1714544.3119 ], [ 1046795.744000000879169, 1714553.919900000328198 ], [ 1046879.807099998928607, 1714587.724899999564514 ], [ 1046883.413599999505095, 1714589.175100001972169 ], [ 1046886.135999999009073, 1714587.737299998290837 ], [ 1046922.057599999359809, 1714568.763700000941753 ], [ 1046931.889200000907294, 1714569.060499999439344 ], [ 1046954.442599999252707, 1714569.741699998732656 ], [ 1046954.5535, 1714569.655900000827387 ], [ 1046972.399400001042522, 1714555.818099999567494 ], [ 1046975.525399998878129, 1714553.093499999027699 ], [ 1046980.255199999199249, 1714551.756399999372661 ], [ 1047025.462799999746494, 1714536.603900000452995 ], [ 1047035.835799999069422, 1714533.28749999939464 ], [ 1047075.65740000049118, 1714511.441400002222508 ], [ 1047085.590199999860488, 1714505.991899999789894 ], [ 1047093.261400000425056, 1714501.783500000368804 ], [ 1047151.7446, 1714553.676699999021366 ], [ 1047171.65520000027027, 1714583.441500000655651 ], [ 1047210.826399999437854, 1714590.136899999342859 ], [ 1047223.2198, 1714592.782299999147654 ], [ 1047261.900399998994544, 1714601.434499999508262 ], [ 1047269.707199998898432, 1714606.531 ], [ 1047274.264600001042709, 1714610.506899998523295 ], [ 1047379.703200000105426, 1714592.581499998923391 ], [ 1047420.138800000306219, 1714620.6691000002902 ], [ 1047484.50690000038594, 1714637.784700001124293 ], [ 1047488.121000000275671, 1714638.745499999728054 ], [ 1047490.37420000100974, 1714633.484700001310557 ], [ 1047499.622600001399405, 1714621.79450000054203 ], [ 1047534.411399999749847, 1714574.284499997971579 ], [ 1047539.358599999104626, 1714567.52830000128597 ], [ 1047549.953599999425933, 1714555.22010000073351 ], [ 1047564.071, 1714550.968300000298768 ], [ 1047581.3886, 1714545.752400000579655 ], [ 1047583.682200000621378, 1714545.061499999137595 ], [ 1047575.004400000325404, 1714434.97829999960959 ], [ 1047551.08139999920968, 1714403.579000000841916 ], [ 1047534.581000000354834, 1714381.922099999850616 ], [ 1047535.459999999031425, 1714380.5373 ], [ 1047547.718599999323487, 1714361.224300000816584 ], [ 1047569.844799999031238, 1714309.654100000392646 ], [ 1047575.790000000270084, 1714295.797100001014769 ], [ 1047577.715000000782311, 1714293.534900000318885 ], [ 1047608.798799999523908, 1714257.001700000371784 ], [ 1047616.763, 1714248.693499997491017 ], [ 1047654.354799999156967, 1714209.956900000572205 ], [ 1047661.161100000375882, 1714190.49449999909848 ], [ 1047663.505400000256486, 1714183.79130000132136 ], [ 1047699.3276, 1714116.399499998893589 ], [ 1047737.726000000606291, 1714045.698699999134988 ], [ 1047746.121199999586679, 1714043.814399999566376 ], [ 1047835.012800000258721, 1714023.863099998096004 ], [ 1047838.407400000840425, 1714019.811499999603257 ], [ 1047853.002800000482239, 1714002.16389999887906 ], [ 1047855.389200000674464, 1713999.524099998641759 ], [ 1047857.601999999140389, 1713997.330500000389293 ], [ 1047868.461, 1713971.799499999266118 ], [ 1047875.211599999223836, 1713943.945299999788404 ], [ 1047875.202799999271519, 1713940.641499998513609 ], [ 1047876.5945999994874, 1713937.108500000555068 ], [ 1047880.222199998679571, 1713921.945299998857081 ], [ 1047879.624599999631755, 1713920.131500000366941 ], [ 1047879.858800000394695, 1713915.727900000289083 ], [ 1047879.286599999293685, 1713909.103899999754503 ], [ 1047879.039599998737685, 1713906.668100000126287 ], [ 1047881.027999999118038, 1713903.094299999298528 ], [ 1047888.246400000411086, 1713892.060900000622496 ], [ 1047888.270399999455549, 1713890.601800000295043 ], [ 1047889.962200000300072, 1713882.608499999623746 ], [ 1047887.665400001220405, 1713878.0429 ], [ 1047887.188599999528378, 1713876.4585 ], [ 1047882.135999999474734, 1713861.627100000157952 ], [ 1047881.63860000052955, 1713853.149100000504404 ], [ 1047888.871600001235493, 1713829.126299999654293 ], [ 1047890.188399999169633, 1713825.5949 ], [ 1047898.500399999669753, 1713809.957100001163781 ], [ 1047901.169800000381656, 1713806.278100000461563 ], [ 1047904.617399999289773, 1713803.689999999012798 ], [ 1047910.771000000764616, 1713799.07 ], [ 1047911.028199999593198, 1713799.285099999513477 ], [ 1047919.467800000682473, 1713797.898900000145659 ], [ 1047920.8524, 1713797.35129999765195 ], [ 1047925.164200000232086, 1713795.688300002366304 ], [ 1047937.993999999482185, 1713790.548499999800697 ], [ 1047940.606200000387616, 1713789.404300000984222 ], [ 1047941.722100001061335, 1713789.392000000923872 ], [ 1047945.2384, 1713789.353700000792742 ], [ 1047961.281000001356006, 1713785.97050000121817 ], [ 1047961.482800000929274, 1713785.892200001049787 ], [ 1047964.999800001271069, 1713784.5265 ], [ 1047964.867599999648519, 1713784.094499999890104 ], [ 1047992.515000000363216, 1713753.630500000435859 ], [ 1047997.468200000585057, 1713748.769699999131262 ], [ 1048003.813400001381524, 1713744.4047 ], [ 1048005.708, 1713743.937499999301508 ], [ 1048000.023399999365211, 1713732.000099999597296 ], [ 1048011.295200000400655, 1713726.116099999751896 ], [ 1048013.146800000104122, 1713725.134899999713525 ], [ 1048018.242999998852611, 1713735.073699998902157 ], [ 1048022.2172, 1713733.867499999003485 ], [ 1048026.017800000146963, 1713732.317299997666851 ], [ 1048040.048399998573586, 1713721.676499999826774 ], [ 1048044.894200000329874, 1713719.35789999878034 ], [ 1048052.281600001151673, 1713711.915500000119209 ], [ 1048055.61220000020694, 1713710.222300000488758 ], [ 1048063.451399998622946, 1713704.236500000581145 ], [ 1048066.7274, 1713701.280700000235811 ], [ 1048061.3162, 1713693.574500000337139 ], [ 1048060.305799999274313, 1713691.977400000672787 ], [ 1048056.058199999853969, 1713685.263900000369176 ], [ 1048053.328199999290518, 1713680.438900000881404 ], [ 1048058.598799998871982, 1713674.183100001653656 ], [ 1048065.989400000311434, 1713667.450099999317899 ], [ 1048084.02460000035353, 1713654.889900001697242 ], [ 1048100.244600000674836, 1713643.72069999971427 ], [ 1048101.168799999868497, 1713642.647500002756715 ], [ 1048101.955600001034327, 1713640.935699999099597 ], [ 1048110.8597999997437, 1713633.430900000967085 ], [ 1048117.645200000493787, 1713629.559499999275431 ], [ 1048120.379200000315905, 1713629.424900002311915 ], [ 1048123.037300000782125, 1713631.278300001751631 ], [ 1048123.312600000295788, 1713631.470300000393763 ], [ 1048126.028000000980683, 1713631.682499998714775 ], [ 1048129.951999999699183, 1713628.775299999862909 ], [ 1048132.484199998900294, 1713628.635100000537932 ], [ 1048137.535400001564994, 1713626.7305 ], [ 1048141.727999999886379, 1713622.70049999980256 ], [ 1048143.010799999698065, 1713617.301300000632182 ], [ 1048145.5982, 1713612.681299998192117 ], [ 1048144.302799999830313, 1713609.710500000976026 ], [ 1048152.456400000606664, 1713600.944499999284744 ], [ 1048155.929800000390969, 1713601.076099999248981 ], [ 1048168.570199999609031, 1713591.118900000117719 ], [ 1048231.9744, 1713524.3204 ], [ 1048232.137000000569969, 1713524.1491 ], [ 1048236.452400000183843, 1713524.969699999550357 ], [ 1048262.522199999308214, 1713529.92589999944903 ], [ 1048314.865300000179559, 1713539.877299999818206 ], [ 1048322.48540000023786, 1713541.325899999821559 ], [ 1048327.26459999976214, 1713540.06540000019595 ], [ 1048352.690799998817965, 1713533.358100001001731 ], [ 1048373.9279, 1713528.10950000048615 ], [ 1048404.61839999910444, 1713520.524299998767674 ], [ 1048410.012600000947714, 1713518.772700001252815 ], [ 1048463.085000000311993, 1713481.27669999981299 ], [ 1048545.050999999395572, 1713457.6863 ], [ 1048558.246600001351908, 1713491.678700000746176 ], [ 1048557.962000000290573, 1713516.850299999117851 ], [ 1048657.209400000749156, 1713484.738300000317395 ], [ 1048674.806999999564141, 1713489.16569999884814 ], [ 1048743.445199999725446, 1713522.169299999717623 ], [ 1048783.154399999417365, 1713554.56189999752678 ], [ 1048811.437999999150634, 1713557.544700000435114 ], [ 1048813.236200000857934, 1713557.753100001253188 ], [ 1048817.616199999814853, 1713559.143300000345334 ], [ 1048832.15360000054352, 1713568.224899999098852 ], [ 1048844.115000000922009, 1713581.459100001258776 ], [ 1048896.246199999004602, 1713598.363099999725819 ], [ 1048944.442800001008436, 1713627.713500000303611 ], [ 1048982.326800000853837, 1713707.41370000038296 ], [ 1049008.298399999039248, 1713740.424700001021847 ], [ 1049040.387000001035631, 1713773.364499998977408 ], [ 1049052.1328, 1713791.1801 ], [ 1049073.483999999472871, 1713793.045099999755621 ], [ 1049097.934400000609457, 1713808.3855000003241 ], [ 1049119.815599999390543, 1713815.557499999413267 ], [ 1049165.311200000811368, 1713866.029100000392646 ], [ 1049201.094799999380484, 1713817.817299998598173 ], [ 1049208.9404, 1713807.246700000716373 ], [ 1049230.231200001435354, 1713798.211899999063462 ], [ 1049273.727000000886619, 1713779.753900001058355 ], [ 1049307.950400001369417, 1713739.458699999609962 ], [ 1049362.980999998748302, 1713716.439900000113994 ], [ 1049366.455599999288097, 1713710.317100000102073 ], [ 1049380.9466, 1713687.254699998069555 ], [ 1049394.524599999189377, 1713660.069100000429899 ], [ 1049408.220799999777228, 1713632.646099999081343 ], [ 1049423.040799999376759, 1713602.686699997633696 ], [ 1049434.6508, 1713564.68730000173673 ], [ 1049466.299300000537187, 1713525.168899998534471 ], [ 1049471.339999999152496, 1713518.8745 ], [ 1049502.234799999045208, 1713474.312700001290068 ], [ 1049508.457799999741837, 1713477.210500000277534 ], [ 1049584.782200000248849, 1713512.751700002001598 ], [ 1049603.454999999376014, 1713513.041700000874698 ], [ 1049668.827, 1713513.809699999168515 ], [ 1049707.157399999210611, 1713523.614899999229237 ], [ 1049720.07399999932386, 1713526.919099999358878 ], [ 1049768.007400000467896, 1713600.371100000105798 ], [ 1049808.427799999015406, 1713631.103399999206886 ], [ 1049815.132800000486895, 1713636.20130000077188 ], [ 1049821.3358, 1713637.380999999120831 ], [ 1049862.292900000233203, 1713645.170800000661984 ], [ 1049879.865100000752136, 1713648.51270000054501 ], [ 1049896.466599998995662, 1713651.670100000221282 ], [ 1049930.349799999501556, 1713666.879699999000877 ], [ 1049997.738599999574944, 1713660.96269999910146 ], [ 1050040.020799999125302, 1713657.250099999830127 ], [ 1050070.018999999156222, 1713654.615900001022965 ], [ 1050105.1992, 1713686.092499999329448 ], [ 1050114.154599999543279, 1713699.200799999060109 ], [ 1050129.671600000234321, 1713721.912900000810623 ], [ 1050130.882800000254065, 1713723.685900002252311 ], [ 1050131.081400000257418, 1713723.975700000301003 ], [ 1050173.453600000357255, 1713711.614900001324713 ], [ 1050207.3294, 1713693.318899999605492 ], [ 1050261.791, 1713622.925300000468269 ], [ 1050280.782400000607595, 1713607.620499999495223 ], [ 1050311.685600000200793, 1713582.715900000184774 ], [ 1050341.009200001135468, 1713539.528500000946224 ], [ 1050339.994999999646097, 1713525.190099999541417 ], [ 1050337.528000000398606, 1713490.312699998728931 ], [ 1050335.7802, 1713465.606100001139566 ], [ 1050347.060199999716133, 1713448.668999998364598 ], [ 1050389.740199999883771, 1713384.582299999659881 ], [ 1050386.0932, 1713349.39970000134781 ], [ 1050399.66139999893494, 1713334.9725 ], [ 1050421.787799999816343, 1713311.445000000298023 ], [ 1050429.684799998998642, 1713303.047599999699742 ], [ 1050445.645800000522286, 1713278.231699999421835 ], [ 1050478.17920000012964, 1713221.391100000124425 ], [ 1050480.63480000058189, 1713217.101100001484156 ], [ 1050481.320800000336021, 1713192.708499999716878 ], [ 1050482.910599999595433, 1713136.170499999076128 ], [ 1050500.446599999675527, 1713115.238100000657141 ], [ 1050506.555999998934567, 1713107.945499999681488 ], [ 1050506.469800000777468, 1713041.817299999762326 ], [ 1050506.457799999741837, 1713032.582499999087304 ], [ 1050503.804599999682978, 1712993.062899999320507 ], [ 1050516.22440000041388, 1712979.038500000257045 ], [ 1050556.31599999871105, 1712933.766299999784678 ], [ 1050572.043800000101328, 1712916.005899999057874 ], [ 1050584.674200000241399, 1712900.3019 ], [ 1050599.552599999355152, 1712848.177500000922009 ], [ 1050608.126999999862164, 1712842.351899998961017 ], [ 1050632.583599998848513, 1712822.66569999884814 ], [ 1050657.772199998842552, 1712802.389700000174344 ], [ 1050675.69220000016503, 1712717.852900000987574 ], [ 1050663.6598, 1712690.34129999903962 ], [ 1050675.412399999098852, 1712608.651100000599399 ], [ 1050677.452200001105666, 1712600.231899999082088 ], [ 1050678.470600000582635, 1712596.345300000160933 ], [ 1050684.436200000811368, 1712573.572699999669567 ], [ 1050768.196800001198426, 1712451.509500000393018 ], [ 1050750.702799999155104, 1712403.841299999738112 ], [ 1050758.508999999146909, 1712369.16929999855347 ], [ 1050777.408999999519438, 1712326.808100000722334 ], [ 1050799.286399999633431, 1712330.0901 ], [ 1050838.164399999892339, 1712335.92259999923408 ], [ 1050880.102600000565872, 1712298.045299998018891 ], [ 1050965.895999999484047, 1712277.495600000256673 ], [ 1051004.970999999204651, 1712250.681700000772253 ], [ 1051036.561400000937283, 1712246.751099999528378 ], [ 1051063.415400000289083, 1712248.2852999989409 ], [ 1051070.5428, 1712249.633300002664328 ], [ 1051105.906799999065697, 1712208.809200000483543 ], [ 1051106.114, 1712208.568700000876561 ], [ 1051107.394800000591204, 1712206.525200000498444 ], [ 1051136.4504, 1712115.918699998874217 ], [ 1051227.736200000392273, 1712120.470299999695271 ], [ 1051256.754200000315905, 1712089.231899998616427 ], [ 1051268.123100001132116, 1712081.2392 ], [ 1051400.699199998751283, 1711988.031700000399724 ], [ 1051400.337000000756234, 1711974.32630000053905 ], [ 1051398.877599999541417, 1711919.099300001049414 ], [ 1051386.281300000613555, 1711891.860400000354275 ], [ 1051382.2786, 1711883.204899999778718 ], [ 1051358.783400000305846, 1711865.408099999185652 ], [ 1051349.560899998992682, 1711839.060799999861047 ], [ 1051346.222600000211969, 1711829.523500001523644 ], [ 1051347.260800000978634, 1711783.262900000670925 ], [ 1051326.816199999302626, 1711734.787100000306964 ], [ 1051334.502399999415502, 1711682.35630000103265 ], [ 1051326.327399999136105, 1711642.489800001028925 ], [ 1051316.61879999935627, 1711628.1117 ], [ 1051296.759200001135468, 1711598.7008 ], [ 1051298.514100000960752, 1711596.694499999517575 ], [ 1051337.082799999276176, 1711552.6001 ], [ 1051351.369099999545142, 1711497.65110000083223 ], [ 1051352.981000000378117, 1711491.450899999588728 ], [ 1051376.309200000483543, 1711463.172899999888614 ], [ 1051413.683, 1711433.794299999717623 ], [ 1051423.152199999429286, 1711426.350700000301003 ], [ 1051432.687599999364465, 1711404.838300001109019 ], [ 1051430.495500001357868, 1711377.9912 ], [ 1051430.4894, 1711377.914900000207126 ], [ 1051424.422799998894334, 1711350.794500001706183 ], [ 1051419.242999999318272, 1711327.638900000834838 ], [ 1051417.764599999878556, 1711328.744899999117479 ], [ 1051392.208800000138581, 1711312.09569999948144 ], [ 1051389.861600001342595, 1711310.6184 ], [ 1051351.937199999112636, 1711286.747899999376386 ], [ 1051282.044400000711903, 1711227.447699998505414 ], [ 1051225.315999999409541, 1711169.873900001868606 ], [ 1051219.510200001532212, 1711132.485099999466911 ], [ 1051232.006100000115111, 1711116.457499999552965 ], [ 1051236.080199999036267, 1711111.231699998956174 ], [ 1051215.3416, 1711091.096099999733269 ], [ 1051200.47080000070855, 1711076.65770000172779 ], [ 1051201.8158, 1711020.843299998901784 ], [ 1051169.236400000983849, 1711007.7668999992311 ], [ 1051124.9082, 1711005.7174 ], [ 1051079.406999999191612, 1710998.437300000572577 ], [ 1051069.742799999890849, 1711008.787100001005456 ], [ 1051064.014000000664964, 1711015.639699998544529 ], [ 1051005.630199999548495, 1710959.7837 ], [ 1050999.292999998433515, 1710954.172299998812377 ], [ 1050960.971000000135973, 1710888.671699999365956 ], [ 1050894.606399998767301, 1710850.5835 ], [ 1050826.994000000180677, 1710830.441900000907481 ], [ 1050794.604000001214445, 1710774.2179000005126 ], [ 1050744.900999998673797, 1710721.356500000692904 ], [ 1050668.0384, 1710670.777300000190735 ], [ 1050653.310799999162555, 1710661.085899999365211 ], [ 1050666.275399999460205, 1710624.577900000615045 ], [ 1050673.084000000264496, 1710606.272299998439848 ], [ 1050681.636399999493733, 1710485.586599999573082 ], [ 1050745.348199999658391, 1710421.709900001995265 ], [ 1050791.572800000198185, 1710346.856299998937175 ], [ 1050826.83119999896735, 1710308.586699998471886 ], [ 1050837.245399999432266, 1710250.069499998586252 ], [ 1050838.138399999588728, 1710245.0519 ], [ 1050830.856999998679385, 1710236.74970000050962 ], [ 1050828.240000000223517, 1710233.9132 ], [ 1050808.152999999234453, 1710220.700800000457093 ], [ 1050752.74860000028275, 1710235.233099999837577 ], [ 1050737.882, 1710248.0091 ], [ 1050725.426600000355393, 1710260.0589 ], [ 1050718.82219999935478, 1710261.823299999348819 ], [ 1050709.026599999750033, 1710264.440500001423061 ], [ 1050688.843399999663234, 1710269.052100001834333 ], [ 1050639.664600000251085, 1710265.0469 ], [ 1050617.009200000204146, 1710252.1253 ], [ 1050593.107399999396876, 1710237.412900002673268 ], [ 1050579.185199999716133, 1710217.611299999523908 ], [ 1050559.911199999740347, 1710190.34239999903366 ], [ 1050534.754399999044836, 1710154.75029999925755 ], [ 1050515.648800000548363, 1710124.454100000672042 ], [ 1050491.791800000239164, 1710082.555299999658018 ], [ 1050480.122199998935685, 1710073.68970000022091 ], [ 1050479.068199999630451, 1710072.888900001300499 ], [ 1050459.261, 1710058.879300000378862 ], [ 1050465.961999999592081, 1710054.259700000518933 ], [ 1050466.465400000335649, 1710053.91249999939464 ], [ 1050478.4372, 1710050.611699999775738 ], [ 1050481.91880000103265, 1710048.469100000569597 ], [ 1050469.931800001300871, 1710044.768300001276657 ], [ 1050466.232800000812858, 1710049.386900000739843 ], [ 1050462.923200001008809, 1710049.940099998144433 ], [ 1050462.40940000093542, 1710049.7753 ], [ 1050456.238599998643622, 1710047.795899998396635 ], [ 1050457.720200000796467, 1710044.108100000536069 ], [ 1050457.780600000638515, 1710043.959500000113621 ], [ 1050460.290199999231845, 1710037.787299999501556 ], [ 1050458.009599999291822, 1710035.898499999195337 ], [ 1050454.013799998909235, 1710035.73890000092797 ], [ 1050451.374199999729171, 1710035.913500000257045 ], [ 1050442.449200000148267, 1710036.503699997672811 ], [ 1050437.048800000688061, 1710035.748299999162555 ], [ 1050431.553600000217557, 1710026.632300000172108 ], [ 1050429.261799999512732, 1710018.515799999702722 ], [ 1050419.6454, 1710010.003300000214949 ], [ 1050419.025000001303852, 1710001.953299999237061 ], [ 1050418.67119999974966, 1709991.022299999371171 ], [ 1050418.168000000528991, 1709968.195300000486895 ], [ 1050417.947000000160187, 1709958.177499999757856 ], [ 1050394.851399999111891, 1709934.262300000526011 ], [ 1050385.084199999226257, 1709925.074100001016632 ], [ 1050365.267199998954311, 1709906.431700001005083 ], [ 1050361.860200000461191, 1709899.37419999926351 ], [ 1050359.562400000169873, 1709894.069300000788644 ], [ 1050357.459800001466647, 1709889.562899999553338 ], [ 1050355.066999998874962, 1709884.628300000913441 ], [ 1050336.844800000544637, 1709870.54689999949187 ], [ 1050326.487400000682101, 1709856.036900001345202 ], [ 1050321.416999999200925, 1709849.308900000760332 ], [ 1050320.086800000630319, 1709846.377900000661612 ], [ 1050315.103400000371039, 1709833.319100000662729 ], [ 1050313.008600001223385, 1709826.60899999900721 ], [ 1050313.160199999343604, 1709825.360899998806417 ], [ 1050308.771799999056384, 1709819.728699999861419 ], [ 1050288.406799999065697, 1709792.4043 ], [ 1050277.190200000302866, 1709777.354900000151247 ], [ 1050227.911000000312924, 1709748.656900000525638 ], [ 1050179.656199999619275, 1709742.179100002162158 ], [ 1050157.690000001341105, 1709740.272900000447407 ], [ 1050152.492199999047443, 1709739.005699998699129 ], [ 1050147.71559999906458, 1709738.8258 ], [ 1050139.151799999177456, 1709735.309699999634176 ], [ 1050136.275199998868629, 1709729.347900000400841 ], [ 1050127.107399999396876, 1709702.557900000596419 ], [ 1050129.840200000908226, 1709690.277899999171495 ], [ 1050136.311200000112876, 1709682.350100000621751 ], [ 1050153.592199999606237, 1709633.758099999045953 ], [ 1050173.138599999481812, 1709572.6217 ], [ 1050172.852199998684227, 1709568.124199999729171 ], [ 1050150.351200001314282, 1709478.123299999628216 ], [ 1050116.112600000808015, 1709456.132299999706447 ], [ 1050094.317999999271706, 1709410.9075 ], [ 1050076.39659999939613, 1709387.517100000288337 ], [ 1050039.433599999174476, 1709332.861300001619384 ], [ 1050005.093199998838827, 1709312.26410000026226 ], [ 1049949.980000000447035, 1709328.656099999323487 ], [ 1049910.469600000185892, 1709308.292500000912696 ], [ 1049908.89560000016354, 1709307.481300000334159 ], [ 1049897.492399998707697, 1709257.95130000053905 ], [ 1049920.666799999773502, 1709220.729100000811741 ], [ 1049936.269599999533966, 1709197.381100001046434 ], [ 1049944.401600000914186, 1709185.212300000712276 ], [ 1049942.662999999476597, 1709142.220100000267848 ], [ 1049942.591799998655915, 1709140.462699999799952 ], [ 1049942.913399999495596, 1709139.351500001735985 ], [ 1049959.579999999841675, 1709081.748899999074638 ], [ 1049974.666000001132488, 1709032.997899999376386 ], [ 1049987.818599998950958, 1709001.005899999057874 ], [ 1049984.401600000448525, 1708927.663899999344721 ], [ 1049976.446600000374019, 1708868.58610000135377 ], [ 1049946.303600000916049, 1708842.769099998986349 ], [ 1049945.760799999814481, 1708842.304099999833852 ], [ 1049945.756999999284744, 1708841.667699999408796 ], [ 1049945.303600000450388, 1708765.11949999909848 ], [ 1049944.918100000126287, 1708700.014999999664724 ], [ 1049917.893899998860434, 1708644.060800001490861 ], [ 1049901.981300001265481, 1708610.47800000035204 ], [ 1049851.044900000328198, 1708556.80299999890849 ], [ 1049886.405899999896064, 1708504.1658 ], [ 1049894.9153, 1708469.521400001831353 ], [ 1049872.188699999824166, 1708430.762199998833239 ], [ 1049864.668799999402836, 1708417.708799998741597 ], [ 1049848.43620000127703, 1708389.531500000972301 ], [ 1049826.816799999214709, 1708381.878900001756847 ], [ 1049813.404399999184534, 1708379.10010000015609 ], [ 1049790.010800001211464, 1708374.253100000554696 ], [ 1049760.275799999013543, 1708384.330900001106784 ], [ 1049735.102400000905618, 1708392.86250000144355 ], [ 1049728.260599999688566, 1708395.181299999123439 ], [ 1049652.159199999645352, 1708447.4541 ], [ 1049641.071400000946596, 1708446.815300002228469 ], [ 1049610.248800000641495, 1708445.0395 ], [ 1049584.532999998657033, 1708452.521099999081343 ], [ 1049577.175999999279156, 1708454.661499998532236 ], [ 1049565.853600000729784, 1708463.840700000524521 ], [ 1049544.014199999626726, 1708481.54590000025928 ], [ 1049511.568199999397621, 1708490.621899999678135 ], [ 1049498.815999999642372, 1708491.484499998856336 ], [ 1049456.379199999151751, 1708494.355399999534711 ], [ 1049423.0652, 1708503.894899999257177 ], [ 1049400.996200000168756, 1708515.920199999818578 ], [ 1049376.410400000633672, 1708529.316899999510497 ], [ 1049342.79160000057891, 1708509.940500000491738 ], [ 1049322.892200000584126, 1708496.562100001377985 ], [ 1049299.952799999387935, 1708481.139900001697242 ], [ 1049269.49970000050962, 1708479.727900000289083 ], [ 1049209.632399999303743, 1708476.952099999412894 ], [ 1049199.688400001497939, 1708476.842199999140576 ], [ 1049143.125199998961762, 1708476.216900000348687 ], [ 1049109.646, 1708475.846899998839945 ], [ 1049105.521, 1708475.801300000399351 ], [ 1049089.506000000517815, 1708503.29790000198409 ], [ 1049087.882600000360981, 1708587.4799 ], [ 1049087.821200001053512, 1708590.657099999720231 ], [ 1049082.60799999977462, 1708614.958699997747317 ], [ 1049069.928000001236796, 1708665.346900000236928 ], [ 1049018.402200000360608, 1708713.909600001294166 ], [ 1049000.060199999017641, 1708734.441400000825524 ], [ 1048968.217200000304729, 1708766.975299999350682 ], [ 1048959.566599998623133, 1708768.599300000118092 ], [ 1048936.627599999308586, 1708777.200300000607967 ], [ 1048881.177799999481067, 1708797.99129999987781 ], [ 1048812.437400000402704, 1708780.540100001264364 ], [ 1048808.825599999167025, 1708785.511300000362098 ], [ 1048783.841200000140816, 1708819.898499998729676 ], [ 1048750.005799999460578, 1708847.376099999295548 ], [ 1048734.217999999411404, 1708849.731300000101328 ], [ 1048677.897800001082942, 1708883.680299998726696 ], [ 1048670.395999998785555, 1708892.522700000321493 ], [ 1048657.146999998949468, 1708910.134299998171628 ], [ 1048633.160799999255687, 1708911.429300002520904 ], [ 1048625.698400001274422, 1708911.8321 ], [ 1048569.839400000520982, 1708910.971899999538437 ], [ 1048561.113399999565445, 1708916.9070999994874 ], [ 1048557.280999999493361, 1708919.359099998837337 ], [ 1048549.775400000624359, 1708924.160700001521036 ], [ 1048546.1082, 1708925.753499999875203 ], [ 1048530.608400000608526, 1708932.677899999776855 ], [ 1048502.642599999555387, 1708945.171299998648465 ], [ 1048472.309600001317449, 1708928.05030000093393 ], [ 1048441.505400000372902, 1708911.648199998773634 ], [ 1048441.312199998879805, 1708911.545299998950213 ], [ 1048314.921600000583567, 1708883.69700000109151 ], [ 1048311.392799998982809, 1708882.919500001007691 ], [ 1048284.6772, 1708877.03309999871999 ], [ 1048277.438100000959821, 1708845.516899999696761 ], [ 1048271.834400000865571, 1708821.120300000533462 ], [ 1048241.5082, 1708753.937699999427423 ], [ 1048242.197800000198185, 1708721.5966 ], [ 1048242.525400000158697, 1708706.233100002864376 ], [ 1048222.234000000986271, 1708680.241699999896809 ], [ 1048163.595099998754449, 1708648.993299999507144 ], [ 1048154.818799999542534, 1708644.316500000888482 ], [ 1048151.766400000778958, 1708634.33049999945797 ], [ 1048144.151, 1708609.416700000409037 ], [ 1048138.452600000193343, 1708595.777599999448285 ], [ 1048127.771200001006946, 1708570.211700000800192 ], [ 1048099.330800000228919, 1708580.981899999314919 ], [ 1048082.007799999671988, 1708585.108300000196323 ], [ 1048061.772000000113621, 1708591.606299999402836 ], [ 1048019.9724000004353, 1708599.674100000411272 ], [ 1047989.944199998979457, 1708602.964899999788031 ], [ 1047966.486200000392273, 1708600.555300001055002 ], [ 1047932.8082, 1708614.829000000376254 ], [ 1047917.599599999841303, 1708621.274899999145418 ], [ 1047895.233100000885315, 1708638.908900001784787 ], [ 1047881.053200001129881, 1708650.088500000769272 ], [ 1047862.485199999762699, 1708663.651499998755753 ], [ 1047833.943999999784864, 1708669.858300000429153 ], [ 1047820.015000000596046, 1708719.760099999606609 ], [ 1047807.03660000115633, 1708725.197899998864159 ], [ 1047766.156000000890344, 1708741.098300001583993 ], [ 1047763.2862, 1708740.847899999003857 ], [ 1047746.290000000386499, 1708741.218300000298768 ], [ 1047732.607999999076128, 1708741.51630000025034 ], [ 1047722.780799998668954, 1708741.550899998517707 ], [ 1047697.201200000941753, 1708749.7497 ], [ 1047644.155999999493361, 1708773.342100000940263 ], [ 1047617.572799999616109, 1708776.160700000589713 ], [ 1047579.88579999958165, 1708774.601299998350441 ], [ 1047534.135399999795482, 1708787.4977 ], [ 1047506.318999999086373, 1708786.197699999436736 ], [ 1047461.416000000899658, 1708780.839299999643117 ], [ 1047438.004400000441819, 1708758.268100000917912 ], [ 1047431.201400000369176, 1708759.214900000486523 ], [ 1047425.416799999773502, 1708759.763699997449294 ], [ 1047408.9544, 1708740.850999999791384 ], [ 1047349.015599999111146, 1708671.990299999713898 ], [ 1047300.143199999583885, 1708612.194700000109151 ], [ 1047261.273999999393709, 1708648.60329999960959 ], [ 1047235.65720000048168, 1708653.192299999762326 ], [ 1047233.291399999754503, 1708654.771800002083182 ], [ 1047223.311600000481121, 1708661.434699999634176 ], [ 1047206.093000000459142, 1708678.367499999003485 ], [ 1047202.106199999223463, 1708682.380699998233467 ], [ 1047198.71019999939017, 1708686.054900000104681 ], [ 1047196.481399999116547, 1708688.03730000089854 ], [ 1047189.323200000915676, 1708695.472899998072535 ], [ 1047182.532599999336526, 1708702.483699999283999 ], [ 1047179.299599999329075, 1708705.545700000133365 ], [ 1047176.662799999467097, 1708708.110699999611825 ], [ 1047172.772999999346212, 1708712.359300000127405 ], [ 1047164.734200000180863, 1708720.564899999415502 ], [ 1047159.882599999313243, 1708726.143699999898672 ], [ 1047142.884400001028553, 1708746.728699999861419 ], [ 1047139.143199999816716, 1708751.300499998731539 ], [ 1047137.401600000448525, 1708753.4231 ], [ 1047129.660400001215748, 1708762.351100000552833 ], [ 1047122.979399998672307, 1708769.472300000954419 ], [ 1047116.874999999650754, 1708775.56330000073649 ], [ 1047112.609000000986271, 1708780.954100000206381 ], [ 1047109.695400000433438, 1708784.905099998228252 ], [ 1047100.186800000374205, 1708793.041099998168647 ], [ 1047097.653000000398606, 1708795.014100001193583 ], [ 1047070.701600000960752, 1708817.996899999445304 ], [ 1047069.291399999288842, 1708819.235500001348555 ], [ 1047058.212000001221895, 1708828.614900001091883 ], [ 1047038.296999999787658, 1708844.020900000818074 ], [ 1047002.687199998646975, 1708872.48689999897033 ], [ 1046991.348600000725128, 1708884.812499998603016 ], [ 1046979.444200000260025, 1708900.282099999720231 ], [ 1046975.349600000423379, 1708905.534300000406802 ], [ 1046961.412200000951998, 1708919.218900003004819 ], [ 1046944.090799999772571, 1708936.173300001770258 ], [ 1046908.572400000179186, 1708959.1856 ], [ 1046886.540600000764243, 1708970.664100000634789 ], [ 1046875.752400000113994, 1708973.968900000443682 ], [ 1046837.204800000647083, 1708981.961599999805912 ], [ 1046814.889800000237301, 1708986.623699999647215 ], [ 1046784.044200000469573, 1708993.5169 ], [ 1046777.19930000056047, 1708995.214999999618158 ], [ 1046742.8810000004014, 1709003.728700001258403 ], [ 1046699.470000000554137, 1709015.1471 ], [ 1046697.6187999995891, 1709011.277100000996143 ], [ 1046692.004599999752827, 1708999.540999999037012 ], [ 1046687.360000001499429, 1708989.831900001037866 ], [ 1046706.512599999899976, 1708983.394500001100823 ], [ 1046688.1214, 1708976.665299999760464 ], [ 1046671.335599998710677, 1708972.576899998122826 ], [ 1046654.570399998920038, 1708969.3617 ], [ 1046632.50560000014957, 1708956.45310000050813 ], [ 1046616.204400000628084, 1708949.920299999415874 ], [ 1046603.590200000442564, 1708955.432299999287352 ], [ 1046572.150200000731274, 1708987.226800000295043 ], [ 1046563.922600001213141, 1708986.558499998645857 ], [ 1046557.002, 1708988.971300000324845 ], [ 1046553.739599999273196, 1708985.38450000109151 ], [ 1046548.917999999597669, 1708987.59270000224933 ], [ 1046536.471599999116734, 1708994.29329999932088 ], [ 1046524.138599999016151, 1709002.092900001443923 ], [ 1046510.353400001185946, 1709003.123900001402944 ], [ 1046505.468200000468642, 1709000.464500000700355 ], [ 1046497.3905999987619, 1709000.47069999971427 ], [ 1046469.652200000244193, 1709000.4921 ], [ 1046441.948799999896437, 1709019.257900001248345 ], [ 1046420.628800000878982, 1709033.312699999660254 ], [ 1046398.383800000534393, 1709038.193499998189509 ], [ 1046385.050599999725819, 1709041.266299999086186 ], [ 1046379.207200000295416, 1709039.865300000179559 ], [ 1046376.954600000404753, 1709039.324899999424815 ], [ 1046376.64979999884963, 1709040.338099998887628 ], [ 1046374.30520000110846, 1709038.62569999974221 ], [ 1046372.782799999811687, 1709039.980900001246482 ], [ 1046367.522400001180358, 1709044.358100000303239 ], [ 1046366.555800001020543, 1709045.52549999859184 ], [ 1046363.529400000348687, 1709047.74369999859482 ], [ 1046362.181000000564381, 1709048.732100000139326 ], [ 1046362.321800000383519, 1709046.151500000618398 ], [ 1046362.416199999279343, 1709044.442899999208748 ], [ 1046360.054600000497885, 1709040.342699999688193 ], [ 1046357.001300000352785, 1709041.794800000498071 ], [ 1046355.2026, 1709042.6502 ], [ 1046353.282000000588596, 1709043.762299999361858 ], [ 1046352.626400000532158, 1709044.142300001112744 ], [ 1046352.206000000238419, 1709044.254499999340624 ], [ 1046351.311599998618476, 1709044.491900000954047 ], [ 1046341.959799999487586, 1709050.191400000127032 ], [ 1046340.002399999764748, 1709050.538899999344721 ], [ 1046334.293200000887737, 1709055.490500001236796 ], [ 1046326.742600000696257, 1709061.80650000134483 ], [ 1046324.2448, 1709064.617699998896569 ], [ 1046322.311800000839867, 1709067.809900001157075 ], [ 1046310.8744, 1709073.785899999784306 ], [ 1046286.57239999982994, 1709081.837500000372529 ], [ 1046238.059999998658895, 1709102.223500001244247 ], [ 1046222.256799999275245, 1709137.375899999868125 ], [ 1046203.538200000301003, 1709179.012300000526011 ], [ 1046177.325600000913255, 1709179.581900000805035 ], [ 1046128.130800001439638, 1709180.650700000114739 ], [ 1046128.025599999702536, 1709183.170099999057129 ], [ 1046094.554800001205876, 1709275.3383 ], [ 1046083.646400000783615, 1709304.372700001113117 ], [ 1046088.972599999862723, 1709324.044300000183284 ], [ 1046103.38379999937024, 1709377.270699997898191 ], [ 1046109.104200000176206, 1709398.39809999987483 ], [ 1046108.156600000918843, 1709405.243499998934567 ], [ 1046107.054000000120141, 1709413.209500000113621 ], [ 1046106.7655999987619, 1709415.094100000802428 ], [ 1046074.492399998707697, 1709475.761299999663606 ], [ 1046067.198400000226684, 1709489.129699999466538 ], [ 1046066.258200000156648, 1709491.057100001256913 ], [ 1046047.491200000862591, 1709529.5271 ], [ 1046034.7532, 1709547.009099998744205 ], [ 1046023.047199999447912, 1709554.2325 ], [ 1046017.111, 1709565.949100000783801 ], [ 1046011.997399999876507, 1709576.038200000533834 ], [ 1046006.325199999730103, 1709592.960699999006465 ], [ 1046000.629999999771826, 1709610.047300001606345 ], [ 1045995.64139999973122, 1709619.971899997908622 ], [ 1045987.126800000318326, 1709628.588799999561161 ], [ 1045977.130999999353662, 1709623.721499999519438 ], [ 1045978.646599999628961, 1709621.19289999967441 ], [ 1045968.347999999648891, 1709616.36710000038147 ], [ 1045960.857800001045689, 1709610.270699999295175 ], [ 1045934.082199999364093, 1709579.673100001178682 ], [ 1045925.168200000654906, 1709568.136499998392537 ], [ 1045905.7212, 1709542.970099999802187 ], [ 1045897.508800000417978, 1709532.342700000619516 ], [ 1045888.889199999743141, 1709543.15269999881275 ], [ 1045887.313999999430962, 1709545.128100001253188 ], [ 1045869.143799999379553, 1709567.592100000241771 ], [ 1045866.5792, 1709570.593499999493361 ], [ 1045858.801599999889731, 1709580.856899998150766 ], [ 1045846.026199999614619, 1709597.43970000022091 ], [ 1045830.140400000964291, 1709601.949500001501292 ], [ 1045779.261200000764802, 1709610.450899999355897 ], [ 1045763.3594000012381, 1709613.580700002377853 ], [ 1045753.1598, 1709607.771700000623241 ], [ 1045736.326799998758361, 1709605.980499998666346 ], [ 1045731.75480000092648, 1709607.233999998774379 ], [ 1045729.099199999473058, 1709607.962099999655038 ], [ 1045728.473600001190789, 1709609.049300001468509 ], [ 1045727.5216, 1709610.703699999023229 ], [ 1045693.645400000852533, 1709651.939099999377504 ], [ 1045664.7902, 1709677.948300001211464 ], [ 1045659.296399999875575, 1709681.643300001043826 ], [ 1045652.619800001033582, 1709681.522900001145899 ], [ 1045640.723800000152551, 1709682.407099998556077 ], [ 1045640.555999999749474, 1709682.4195 ], [ 1045634.132000000914559, 1709685.996099999174476 ], [ 1045633.086399999447167, 1709687.424099999479949 ], [ 1045628.188799998839386, 1709694.11409999942407 ], [ 1045623.922600000398234, 1709703.4437000004109 ], [ 1045623.396800000569783, 1709704.5933 ], [ 1045616.636399999028072, 1709713.182499998714775 ], [ 1045616.159199998597614, 1709720.460499999579042 ], [ 1045618.826600001426414, 1709739.29770000022836 ], [ 1045624.113599998760037, 1709776.634900001110509 ], [ 1045624.211400001193397, 1709780.740499999141321 ], [ 1045620.285199999576434, 1709788.349700000137091 ], [ 1045610.685800001141615, 1709806.952299999538809 ], [ 1045608.633400000631809, 1709808.344499999191612 ], [ 1045588.070799999521114, 1709822.292299999855459 ], [ 1045531.189400000497699, 1709834.599300002446398 ], [ 1045521.452600001357496, 1709836.706299999263138 ], [ 1045506.067400000290945, 1709840.588900000555441 ], [ 1045452.625199998961762, 1709858.38689999980852 ], [ 1045438.449, 1709863.94190000067465 ], [ 1045422.340999998967163, 1709873.188699999824166 ], [ 1045403.191400000592694, 1709882.3798999984283 ], [ 1045396.646000000298955, 1709885.073699999600649 ], [ 1045397.651, 1709887.016699999570847 ], [ 1045400.5704, 1709892.661299999337643 ], [ 1045379.858999999123625, 1709898.574100001016632 ], [ 1045380.282599999569356, 1709899.521299998741597 ], [ 1045378.141200000769459, 1709899.064300000201911 ], [ 1045337.73839999944903, 1709910.597699998877943 ], [ 1045292.280399999115616, 1709903.394100000150502 ], [ 1045278.385999998776242, 1709899.095500000752509 ], [ 1045276.130800000624731, 1709898.397900001145899 ], [ 1045242.122799998847768, 1709900.828500002389774 ], [ 1045227.039400000474416, 1709901.906700000399724 ], [ 1045199.934000001405366, 1709890.430299998959526 ], [ 1045192.073200000915676, 1709887.10190000012517 ], [ 1045183.764199999044649, 1709891.554099999601021 ], [ 1045133.429199999547563, 1709918.523700001183897 ], [ 1045024.702400000882335, 1709953.284600001759827 ], [ 1044968.351599999237806, 1709958.407299998216331 ], [ 1044957.127000001259148, 1709950.8923 ], [ 1044900.45299999974668, 1709919.048899999819696 ], [ 1044827.851600000285544, 1709883.444700001273304 ], [ 1044813.615999999572523, 1709884.872700000880286 ], [ 1044774.116, 1709888.835300001315773 ], [ 1044765.3076, 1709889.718900000443682 ], [ 1044763.102800001273863, 1709888.172100000781938 ], [ 1044714.97319999942556, 1709854.405099999159575 ], [ 1044691.034399999771267, 1709835.770700000459328 ], [ 1044654.488800000865012, 1709808.850499999476597 ], [ 1044649.532999999355525, 1709805.239099999889731 ], [ 1044599.6966, 1709810.251900001661852 ], [ 1044578.822800000314601, 1709812.532099999021739 ], [ 1044534.4724, 1709816.059100000886247 ], [ 1044505.986000000382774, 1709795.896299998974428 ], [ 1044450.436999999452382, 1709756.578500001225621 ], [ 1044446.88680000056047, 1709754.451299999840558 ], [ 1044404.877999998512678, 1709699.0001 ], [ 1044384.503799999132752, 1709653.228299999143928 ], [ 1044389.078000000678003, 1709601.493399999570101 ], [ 1044363.464999999618158, 1709564.705299999099225 ], [ 1044357.241399998543784, 1709555.76630000025034 ], [ 1044317.035999999265186, 1709542.032299998914823 ], [ 1044306.587799998815171, 1709540.038899998180568 ], [ 1044240.655800000182353, 1709474.195099999429658 ], [ 1044231.232200001482852, 1709460.924699999392033 ], [ 1044203.129599998705089, 1709413.744699998758733 ], [ 1044172.531799999298528, 1709405.556099999696016 ], [ 1044158.753600000287406, 1709401.868899999186397 ], [ 1044114.109600000199862, 1709347.949900000356138 ], [ 1044050.502000000677072, 1709286.410099999513477 ], [ 1044044.383200000738725, 1709280.490299999015406 ], [ 1044031.751599999261089, 1709268.269300000974908 ], [ 1043982.75659999914933, 1709269.3613000002224 ], [ 1043912.4928, 1709270.927100000204518 ], [ 1043907.178299999213777, 1709268.022899999748915 ], [ 1043878.696600000956096, 1709252.4581 ], [ 1043866.503799999481998, 1709256.365700001129881 ], [ 1043854.264599999878556, 1709260.707499999552965 ], [ 1043830.703999998862855, 1709268.272099997848272 ], [ 1043797.018000001320615, 1709279.087300000712276 ], [ 1043765.277200000709854, 1709280.154900000430644 ], [ 1043742.614799999515526, 1709282.548100000247359 ], [ 1043714.807400000863709, 1709306.471899999305606 ], [ 1043677.770399999804795, 1709335.178100000135601 ], [ 1043567.829600000521168, 1709444.060600000433624 ], [ 1043529.65, 1709484.254099999787286 ], [ 1043413.57540000078734, 1709578.155300001148134 ], [ 1043341.516600000206381, 1709565.53830000013113 ], [ 1043257.50279999896884, 1709619.313899999251589 ], [ 1043231.247000001254492, 1709565.5151 ], [ 1043229.113099998910911, 1709566.619899998418987 ], [ 1043196.2904, 1709583.614899999694899 ], [ 1043173.178999999305233, 1709691.272100000409409 ], [ 1043164.855899998685345, 1709731.308800000464544 ], [ 1043159.211199998972006, 1709758.461300001479685 ], [ 1043083.947200000635348, 1709797.1557 ], [ 1043068.249599998933263, 1709790.625700001372024 ], [ 1043045.524499999475665, 1709763.855499999597669 ], [ 1043040.6768, 1709758.144899998791516 ], [ 1043003.446000000694767, 1709755.1169 ], [ 1042979.700799999758601, 1709752.274900000775233 ], [ 1042967.167400000384077, 1709775.062499999767169 ], [ 1042963.831600001314655, 1709781.1275 ], [ 1042963.597900000633672, 1709781.537299999035895 ], [ 1042941.777800000505522, 1709819.812500000232831 ], [ 1042913.697399998898618, 1709852.050100002903491 ], [ 1042912.261000000988133, 1709850.808900000760332 ], [ 1042910.448800000594929, 1709849.242799999192357 ], [ 1042905.688199999392964, 1709845.128699999768287 ], [ 1042890.793999999063089, 1709881.56870000064373 ], [ 1042879.9636, 1709892.405300000449643 ], [ 1042869.652400000602938, 1709902.72249999968335 ], [ 1042864.350999999791384, 1709948.385899999411777 ], [ 1042861.994199998793192, 1709965.84650000045076 ], [ 1042853.692499999888241, 1709986.861400000285357 ], [ 1042841.141000000643544, 1710018.634099998744205 ], [ 1042812.157999999006279, 1710042.528200000757352 ], [ 1042800.3158, 1710052.291100000264123 ], [ 1042772.384400000912137, 1710146.09940000041388 ], [ 1042772.365999999572523, 1710146.161300000734627 ], [ 1042706.194400001317263, 1710236.168799999402836 ], [ 1042704.477200000430457, 1710238.5045 ], [ 1042695.347399999620393, 1710289.468699999852106 ], [ 1042698.981599998776801, 1710326.184300000313669 ], [ 1042704.449, 1710342.174799998756498 ], [ 1042712.039200000930578, 1710364.37370000127703 ], [ 1042726.783799999393523, 1710407.32630000077188 ], [ 1042715.678799998830073, 1710418.588000001152977 ], [ 1042703.9979, 1710430.433700001100078 ], [ 1042682.422199999447912, 1710452.31389999971725 ], [ 1042651.844399999594316, 1710467.178100000135601 ], [ 1042620.811200000811368, 1710483.495100000640377 ], [ 1042606.315100000123493, 1710483.6095 ], [ 1042587.906500000157394, 1710483.754699999699369 ], [ 1042573.876000000163913, 1710483.86549999890849 ], [ 1042571.209599999594502, 1710485.196199999423698 ], [ 1042501.607399999746121, 1710519.93309999932535 ], [ 1042442.283, 1710541.926899998448789 ], [ 1042414.141800001380034, 1710558.921700001694262 ], [ 1042370.187599999830127, 1710581.80269999941811 ], [ 1042360.855600001523271, 1710588.4747 ], [ 1042343.936999999685213, 1710602.674499999033287 ], [ 1042341.0548000006238, 1710608.29630000051111 ], [ 1042301.185800001258031, 1710669.088899999624118 ], [ 1042275.929100000648759, 1710677.985200001159683 ], [ 1042271.774800000479445, 1710679.4485 ], [ 1042269.57859999849461, 1710680.222100001061335 ], [ 1042223.525000000954606, 1710698.45670000067912 ], [ 1042186.826199999428354, 1710701.8483 ], [ 1042178.847399999736808, 1710702.3373 ], [ 1042167.051300001214258, 1710706.7674 ], [ 1042160.487800000235438, 1710709.232500000856817 ], [ 1042153.122999999555759, 1710720.319700002437457 ], [ 1042133.723700000206009, 1710715.2304 ], [ 1042096.1602, 1710705.3757000034675 ], [ 1042031.735199999064207, 1710688.51729999971576 ], [ 1041998.010300001129508, 1710673.63969999901019 ], [ 1041964.229600000311621, 1710658.737500000279397 ], [ 1041944.189599999343045, 1710642.954700000584126 ], [ 1041933.284199998597614, 1710634.3659 ], [ 1041910.087000001338311, 1710627.030300000216812 ], [ 1041862.87360000028275, 1710615.252699998905882 ], [ 1041841.099399999715388, 1710621.351699999766424 ], [ 1041809.137600001180544, 1710646.008300000568852 ], [ 1041796.454600000753999, 1710648.9889 ], [ 1041771.515600000624545, 1710647.1144999996759 ], [ 1041758.45369999948889, 1710631.4597 ], [ 1041757.023100000922568, 1710629.744999999413267 ], [ 1041726.623900000704452, 1710593.311199999647215 ], [ 1041715.3474, 1710579.796100001549348 ], [ 1041670.633799999253824, 1710566.892499999608845 ], [ 1041624.626599999377504, 1710553.61549999890849 ], [ 1041619.029600000125356, 1710547.9315 ], [ 1041574.2552, 1710508.811300000175834 ], [ 1041505.901799999759533, 1710429.839699999894947 ], [ 1041456.074799998779781, 1710455.792899998836219 ], [ 1041386.592599999392405, 1710458.471899999538437 ], [ 1041334.461999999242835, 1710455.707100000698119 ], [ 1041333.622099999687634, 1710437.181800001068041 ], [ 1041332.639000000664964, 1710415.499899999471381 ], [ 1041279.572200001217425, 1710408.646500001661479 ], [ 1041245.926199998590164, 1710402.3435 ], [ 1041173.027000000700355, 1710388.686899998458102 ], [ 1041064.163799999281764, 1710401.4289 ], [ 1040959.4024, 1710362.540100001962855 ], [ 1040921.622399999643676, 1710353.105900000780821 ], [ 1040856.850399999879301, 1710367.549699999392033 ], [ 1040782.599399999366142, 1710372.6197 ], [ 1040771.024500000290573, 1710369.916400000452995 ], [ 1040717.383799999253824, 1710357.388499998953193 ], [ 1040666.194899999769405, 1710389.609299999894574 ], [ 1040652.05139999918174, 1710398.51189999980852 ], [ 1040585.656200000899844, 1710409.791300000157207 ], [ 1040551.621200000634417, 1710426.711100001819432 ], [ 1040529.127399999881163, 1710448.6722999997437 ], [ 1040461.673799999756739, 1710451.270500000100583 ], [ 1040455.386999999638647, 1710451.51270000054501 ], [ 1040504.30519999936223, 1710509.189699999056756 ], [ 1040521.088000000687316, 1710528.9774999988731 ], [ 1040512.62099999981001, 1710548.87610000022687 ], [ 1040508.801199998822995, 1710557.8531 ], [ 1040511.507799999206327, 1710567.520300001371652 ], [ 1040520.198200001148507, 1710598.558899999596179 ], [ 1040501.591000000829808, 1710653.329099999275059 ], [ 1040504.035799998557195, 1710737.2199 ], [ 1040519.526200000662357, 1710752.802499999757856 ], [ 1040461.558599999756552, 1710807.050700000254437 ], [ 1040462.5768, 1710844.899900001008064 ], [ 1040462.981000000378117, 1710847.926699999254197 ], [ 1040443.873000000487082, 1710892.707699999213219 ], [ 1040443.595000000554137, 1710893.359099998371676 ], [ 1040439.1242, 1710944.1493 ], [ 1040465.307799999718554, 1710977.61670000012964 ], [ 1040479.461000000243075, 1711020.819299999624491 ], [ 1040506.639400000683963, 1711056.983300000661984 ], [ 1040507.865399998729117, 1711058.6144999996759 ], [ 1040506.5746, 1711078.027200000127777 ], [ 1040502.663199999602512, 1711136.845499999821186 ], [ 1040502.251200000289828, 1711143.15650000073947 ], [ 1040529.221399999572895, 1711191.286299998639151 ], [ 1040532.768999999272637, 1711209.557000000961125 ], [ 1040566.225200001033954, 1711276.55510000186041 ], [ 1040555.433199999621138, 1711319.581499999389052 ], [ 1040573.43959999922663, 1711379.616900001186877 ], [ 1040593.625799999455921, 1711394.222300000954419 ], [ 1040599.316199999302626, 1711398.371700000250712 ], [ 1040651.399599999771453, 1711481.784299999242648 ], [ 1040676.362199999159202, 1711485.582699998514727 ], [ 1040692.76620000123512, 1711486.125700000906363 ], [ 1040746.990399999427609, 1711481.633599999593571 ], [ 1040824.861400000285357, 1711484.789499999722466 ], [ 1040843.962200000532903, 1711485.563700000522658 ], [ 1040856.414999999338761, 1711485.865700001362711 ], [ 1040858.75620000064373, 1711515.261299999896437 ], [ 1040858.33820000034757, 1711548.163199999602512 ], [ 1040858.0701999993762, 1711551.478900000220165 ], [ 1040854.217400000896305, 1711565.24529999983497 ], [ 1040852.122000000439584, 1711572.731899997452274 ], [ 1040860.805599999497645, 1711591.89729999890551 ], [ 1040862.58600000012666, 1711593.841499998932704 ], [ 1040891.008000001311302, 1711624.875700000673532 ], [ 1040900.216199998627417, 1711641.844300001859665 ], [ 1040911.511000000289641, 1711696.191099999472499 ], [ 1040910.0234, 1711710.423099999548867 ], [ 1040907.3688, 1711732.438299999572337 ], [ 1040904.861999998800457, 1711752.069700001273304 ], [ 1040896.569999999599531, 1711816.185900001088157 ], [ 1040895.817399999243207, 1711871.721899999771267 ], [ 1040893.5162, 1711873.024900002870709 ], [ 1040892.787799999816343, 1711877.044700001366436 ], [ 1040891.466199999558739, 1711879.7761 ], [ 1040893.361399999121204, 1711881.59770000143908 ], [ 1040893.547799998894334, 1711884.479499999433756 ], [ 1040887.668200001236983, 1711889.167899999301881 ], [ 1040885.794599998742342, 1711896.809699998702854 ], [ 1040886.595599999302067, 1711901.426699999719858 ], [ 1040883.457600001012906, 1711906.4821 ], [ 1040882.474599999608472, 1711912.152299999259412 ], [ 1040880.208600000594743, 1711918.471899998839945 ], [ 1040878.576400000485592, 1711924.862099999096245 ], [ 1040878.416799999540672, 1711925.486700000241399 ], [ 1040879.872999999672174, 1711926.082100000232458 ], [ 1040884.46799999976065, 1711931.040499999653548 ], [ 1040897.623399999458343, 1711931.545099999057129 ], [ 1040905.193799998960458, 1711936.708500000182539 ], [ 1040902.847799998708069, 1711938.057499998249114 ], [ 1040899.776199999381788, 1711948.185300000710413 ], [ 1040895.457999999402091, 1711952.892100000986829 ], [ 1040888.921399999177083, 1711951.557500000111759 ], [ 1040886.7516, 1711954.577099999878556 ], [ 1040880.577799999737181, 1711956.835100000957027 ], [ 1040876.703399999300018, 1711958.215299998410046 ], [ 1040877.57380000106059, 1711960.260099999140948 ], [ 1040868.471000000834465, 1711969.852300001075491 ], [ 1040863.279800000484101, 1711966.030700000235811 ], [ 1040861.682599999709055, 1711967.368500000331551 ], [ 1040862.405800000298768, 1711970.031700002262369 ], [ 1040862.605600000708364, 1711971.194100000197068 ], [ 1040859.229799998924136, 1711975.697100001387298 ], [ 1040855.963199999881908, 1711979.8137 ], [ 1040855.07500000053551, 1711980.303900001570582 ], [ 1040853.878799999831244, 1711980.859499999787658 ], [ 1040851.944800000404939, 1711981.7578999993857 ], [ 1040848.546199998934753, 1711980.550699998624623 ], [ 1040846.765999999595806, 1711985.4983 ], [ 1040841.1626, 1711991.0321 ], [ 1040839.126199998776428, 1711993.559100000187755 ], [ 1040831.225800001062453, 1711997.894100000616163 ], [ 1040827.861400000168942, 1712002.7037 ], [ 1040826.876599999493919, 1712004.111499999882653 ], [ 1040822.121599999140017, 1712010.90889999922365 ], [ 1040823.943199999863282, 1712012.738100001355633 ], [ 1040824.4392, 1712013.236200001556426 ], [ 1040827.426199999288656, 1712014.277499999850988 ], [ 1040828.301999999093823, 1712027.2273 ], [ 1040829.815399999497458, 1712032.990700001362711 ], [ 1040832.946399999433197, 1712034.2675 ], [ 1040836.318599999533035, 1712039.572899998864159 ], [ 1040836.417600000393577, 1712045.525699999416247 ], [ 1040837.319200000958517, 1712050.704899999778718 ], [ 1040839.858999999240041, 1712058.5992999994196 ], [ 1040846.448799999896437, 1712068.763099998701364 ], [ 1040841.52300000062678, 1712074.245700000785291 ], [ 1040841.565599999856204, 1712075.710699999239296 ], [ 1040841.114400001126342, 1712076.2667 ], [ 1040839.104399998788722, 1712078.676899999380112 ], [ 1040837.497000001370907, 1712076.785299997776747 ], [ 1040833.997399999061599, 1712080.06789999967441 ], [ 1040835.745999999460764, 1712082.70369999948889 ], [ 1040825.9958, 1712094.394500002264977 ], [ 1040821.502999999444, 1712092.817900000838563 ], [ 1040823.675399999134243, 1712101.807000000728294 ], [ 1040824.927999999723397, 1712104.448300001211464 ], [ 1040826.662399999331683, 1712108.232699999352917 ], [ 1040828.276999999303371, 1712110.906500000273809 ], [ 1040829.950199999613687, 1712113.676699999254197 ], [ 1040830.199799998663366, 1712118.957100000232458 ], [ 1040830.5682, 1712124.631499999435619 ], [ 1040832.018800000543706, 1712130.637299999594688 ], [ 1040835.05140000092797, 1712135.970699998782948 ], [ 1040838.268400000291876, 1712137.468699999619275 ], [ 1040836.416199999512173, 1712142.009299999568611 ], [ 1040835.2254, 1712144.92850000038743 ], [ 1040838.618599998997524, 1712150.246900000609457 ], [ 1040841.481200001202524, 1712157.540100001264364 ], [ 1040844.966599999344908, 1712159.35869999951683 ], [ 1040857.781399999395944, 1712168.419899999164045 ], [ 1040881.241799999843352, 1712206.954700001049787 ], [ 1040893.785999999847263, 1712253.153899999801069 ], [ 1040900.22819999861531, 1712279.143499999539927 ], [ 1040921.507800000952557, 1712322.47569999913685 ], [ 1040940.501000000280328, 1712361.152100000530481 ], [ 1040973.135800000862218, 1712439.355699999257922 ], [ 1040974.4234, 1712442.441400000592694 ], [ 1041003.852599999285303, 1712474.9359 ], [ 1041098.6164, 1712536.57630000053905 ], [ 1041121.351799999829382, 1712546.860900001600385 ], [ 1041168.073199999402277, 1712567.083499998785555 ], [ 1041170.7536, 1712568.243699999526143 ], [ 1041174.81759999867063, 1712587.077500000130385 ], [ 1041176.00400000042282, 1712592.575800001854077 ], [ 1041186.955799999763258, 1712643.330100000603124 ], [ 1041191.250199998961762, 1712673.739299999549985 ], [ 1041218.6963, 1712708.11710000038147 ], [ 1041239.527800000505522, 1712734.209700000938028 ], [ 1041285.901799999410287, 1712784.296499999240041 ], [ 1041310.366200000513345, 1712793.736999998800457 ], [ 1041334.414800001075491, 1712803.017100002383813 ], [ 1041348.858599998988211, 1712822.748100001132116 ], [ 1041390.751599999610335, 1712860.1184 ], [ 1041462.655399999464862, 1712941.238100000424311 ], [ 1041514.7202, 1712979.721500000217929 ], [ 1041522.102799999760464, 1712990.237299998058006 ], [ 1041516.049300000770018, 1712998.982499999692664 ], [ 1041479.45740000042133, 1713051.844700000248849 ], [ 1041434.196199999423698, 1713102.5315 ], [ 1041402.91950000077486, 1713125.311499999836087 ], [ 1041402.279200000455603, 1713125.777900000102818 ], [ 1041368.484199999598786, 1713144.853300001472235 ], [ 1041321.906199998920783, 1713159.009700000286102 ], [ 1041300.286000000312924, 1713170.238499999744818 ], [ 1041278.903799999388866, 1713181.506100001046434 ], [ 1041224.369000000297092, 1713194.572299999650568 ], [ 1041178.6312000004109, 1713198.126299999654293 ], [ 1041137.141200000536628, 1713225.418099997797981 ], [ 1041061.6388, 1713300.477899999823421 ], [ 1041027.554399999440648, 1713316.2887 ], [ 1040975.049599998630583, 1713333.702299999073148 ], [ 1040836.479799999506213, 1713362.825799999525771 ], [ 1040794.529199998942204, 1713357.645899998955429 ], [ 1040747.619800000102259, 1713368.724300000350922 ], [ 1040702.123400000506081, 1713385.670099999755621 ], [ 1040639.049000000115484, 1713425.360900000203401 ], [ 1040589.707599999266677, 1713454.265300000784919 ], [ 1040564.236999999033287, 1713474.974300000118092 ], [ 1040491.993199999327771, 1713493.158099999418482 ], [ 1040462.757000000216067, 1713525.527699999511242 ], [ 1040335.14480000094045, 1713574.814699998823926 ], [ 1040266.00279999896884, 1713618.595099999802187 ], [ 1040219.7096, 1713611.710700000170618 ], [ 1040185.151600000681356, 1713632.542499999515712 ], [ 1040139.264599999412894, 1713651.912900001043454 ], [ 1040061.670599999371916, 1713701.82899999897927 ], [ 1040057.414200000464916, 1713704.567099998239428 ], [ 1040031.291800000704825, 1713813.068099999334663 ], [ 1040069.151600000914186, 1713959.214299999177456 ], [ 1040070.862400000332855, 1714029.902099999831989 ], [ 1040071.668800000217743, 1714045.13469999958761 ], [ 1040067.208999999100342, 1714101.843100000405684 ], [ 1040067.041599999414757, 1714142.37610000022687 ], [ 1040066.973600000492297, 1714158.834899999666959 ], [ 1040069.2654, 1714178.591100001707673 ], [ 1040075.577599999611266, 1714232.754100000252947 ], [ 1040073.1436, 1714298.3351 ], [ 1040064.724200000986457, 1714317.077900002012029 ], [ 1040060.2742000001017, 1714348.187899998854846 ], [ 1040049.715999999199994, 1714405.444700000341982 ], [ 1040052.053200000547804, 1714435.649399999529123 ], [ 1040053.277600000379607, 1714451.47330000018701 ], [ 1040066.000000000349246, 1714501.0843 ], [ 1040068.036799999768846, 1714529.76850000070408 ], [ 1040080.121299999882467, 1714566.624899999238551 ], [ 1040085.233600000152364, 1714582.216499999165535 ], [ 1040083.659, 1714592.648800000548363 ], [ 1040080.43120000034105, 1714614.035900000249967 ], [ 1040082.240400000126101, 1714615.113099999725819 ], [ 1040130.005199998617172, 1714643.549100000178441 ], [ 1040136.142799998517148, 1714651.434900000691414 ], [ 1040158.419200000935234, 1714680.057000000262633 ], [ 1040218.395399999455549, 1714759.708299999823794 ], [ 1040280.703599998960271, 1714844.769300000509247 ], [ 1040396.611399999703281, 1714876.356899998383597 ], [ 1040415.781000000890344, 1714845.530300001148134 ], [ 1040425.398999999510124, 1714843.075500000733882 ], [ 1040473.514800000120886, 1714830.794900003354996 ], [ 1040517.094399999012239, 1714781.60869999951683 ], [ 1040575.007599999662489, 1714747.142699999734759 ], [ 1040590.534399999305606, 1714729.896300001535565 ], [ 1040616.877000001259148, 1714710.641299998853356 ], [ 1040706.9502, 1714692.81489999871701 ], [ 1040874.9348, 1714629.928500001318753 ], [ 1040894.087800000444986, 1714625.49590000230819 ], [ 1040936.882000000216067, 1714627.922899999888614 ], [ 1040963.3198, 1714633.296899999724701 ], [ 1040984.488400000846013, 1714638.514699999475852 ], [ 1041024.926800000481308, 1714654.597300000721589 ], [ 1041082.772000000928529, 1714683.532900000922382 ], [ 1041098.466400001314469, 1714691.780700001399964 ], [ 1041130.975799999549054, 1714697.832100000465289 ], [ 1041156.050399998901412, 1714724.458100000629202 ], [ 1041187.1523999995552, 1714716.214900000253692 ], [ 1041217.519400000455789, 1714712.290499999653548 ], [ 1041283.4284, 1714718.160100000211969 ], [ 1041298.3342, 1714717.677300000563264 ], [ 1041333.936599999549799, 1714724.224500000476837 ], [ 1041416.027999999118038, 1714713.430299999192357 ], [ 1041438.4482000003336, 1714714.742499999003485 ], [ 1041476.037999999593012, 1714724.121500000590459 ], [ 1041486.919599998975173, 1714728.785499999532476 ], [ 1041521.891400000778958, 1714753.172599998302758 ], [ 1041541.962599999154918, 1714751.12029999983497 ], [ 1041577.605399999534711, 1714760.721900000236928 ], [ 1041600.440199999837205, 1714755.845100000500679 ], [ 1041649.454400000628084, 1714735.247300000861287 ], [ 1041676.535799999255687, 1714729.900200000498444 ], [ 1041721.529799999669194, 1714761.1535 ], [ 1041764.467199999140576, 1714768.803399998228997 ], [ 1041778.639200000790879, 1714769.511299999197945 ], [ 1041788.784399999887682, 1714771.831299999030307 ], [ 1041789.365800000377931, 1714771.964299998478964 ], [ 1041811.374800000572577, 1714776.996700000250712 ], [ 1041844.931800000485964, 1714775.90790000022389 ], [ 1041852.269200000213459, 1714775.670100000454113 ], [ 1041880.5884000005899, 1714774.750499999150634 ], [ 1041916.291400001500733, 1714753.679099999601021 ], [ 1041949.948400000925176, 1714733.814699999755248 ], [ 1041969.560400001006201, 1714727.686499998439103 ], [ 1041989.1116, 1714721.577700002118945 ], [ 1042001.7004, 1714713.365100000286475 ], [ 1042020.838399999774992, 1714700.880100000184029 ], [ 1042021.937199998996221, 1714700.163200001232326 ], [ 1042025.004599999054335, 1714698.161499999463558 ], [ 1042031.971599998883903, 1714695.6315 ], [ 1042058.211399999447167, 1714681.740499999141321 ], [ 1042068.481200000620447, 1714683.449400000739843 ], [ 1042085.0704, 1714686.209899999666959 ], [ 1042091.041599999298342, 1714687.203299999702722 ], [ 1042095.925999999162741, 1714687.338500000536442 ], [ 1042099.599800001014955, 1714687.440099998842925 ], [ 1042112.372600000933744, 1714687.793299999088049 ], [ 1042133.492599999415688, 1714688.523499999660999 ], [ 1042137.443399999756366, 1714688.660100000910461 ], [ 1042177.5306, 1714690.045499999076128 ], [ 1042254.287399999564514, 1714692.699100001715124 ], [ 1042258.777999999118038, 1714692.854300000239164 ], [ 1042271.80120000068564, 1714697.278499998617917 ], [ 1042285.555800001136959, 1714748.591100000310689 ], [ 1042273.071400000480935, 1714801.476500001503155 ], [ 1042272.635200000717305, 1714802.249900001799688 ], [ 1042251.269600000348873, 1714840.125499999150634 ], [ 1042259.990000000805594, 1714850.9145 ], [ 1042292.9937999995891, 1714891.748899999074638 ], [ 1042295.355800000950694, 1714892.689099999377504 ], [ 1042338.079199999803677, 1714909.6961 ], [ 1042351.450400001485832, 1714963.845299999462441 ], [ 1042351.331400000257418, 1715008.248299998231232 ], [ 1042359.693400000222027, 1715055.205099999671802 ], [ 1042382.401399999624118, 1715096.2915 ], [ 1042413.397800000151619, 1715141.850500001106411 ], [ 1042437.295999998925254, 1715176.976799999596551 ], [ 1042467.44140000094194, 1715179.122099998639897 ], [ 1042505.782600000151433, 1715181.850899999728426 ], [ 1042527.047400000272319, 1715185.548899999354035 ], [ 1042589.657199999899603, 1715221.056299998424947 ], [ 1042595.552600000635721, 1715226.656500000506639 ], [ 1042608.828399999765679, 1715239.267100001685321 ], [ 1042669.98259999928996, 1715264.985500001115724 ], [ 1042699.2756, 1715315.037299999501556 ], [ 1042694.867600000812672, 1715352.8739 ], [ 1042669.488399999099784, 1715371.895099998451769 ], [ 1042661.412800001096912, 1715402.541499998886138 ], [ 1042640.1652, 1715437.299499999731779 ], [ 1042615.418599999509752, 1715467.7972999997437 ], [ 1042609.663, 1715484.376299999421462 ], [ 1042605.070800000103191, 1715497.603700000792742 ], [ 1042598.3314, 1715520.302100001601502 ], [ 1042592.726600000634789, 1715555.879699999233708 ], [ 1042580.9514, 1715563.853499998338521 ], [ 1042554.207600001129322, 1715591.815499999560416 ], [ 1042551.502600000239909, 1715594.643699999665841 ], [ 1042547.46579999953974, 1715601.006900001084432 ], [ 1042536.477199999848381, 1715618.327700000489131 ], [ 1042535.111999999615364, 1715619.690500002354383 ], [ 1042497.783400000655092, 1715656.957100000232458 ], [ 1042489.912399999215268, 1715664.814899998949841 ], [ 1042489.072000000276603, 1715675.953699999721721 ], [ 1042487.220600000582635, 1715700.490299999481067 ], [ 1042486.2484, 1715713.375700000906363 ], [ 1042482.467199998674914, 1715727.286499999696389 ], [ 1042468.45240000099875, 1715759.304099998902529 ], [ 1042462.589800000656396, 1715783.606499999761581 ], [ 1042443.867199999862351, 1715804.527100000297651 ], [ 1042430.721599999349564, 1715828.793099998962134 ], [ 1042423.736400000634603, 1715855.6239 ], [ 1042421.393599999835715, 1715869.941099999239668 ], [ 1042420.67099999950733, 1715876.299699999857694 ], [ 1042421.784799999557436, 1715887.632899998920038 ], [ 1042430.395200000260957, 1715944.36890000058338 ], [ 1042427.016599999391474, 1715951.455300000263378 ], [ 1042425.835600000224076, 1715953.932499998947605 ], [ 1042405.09419999900274, 1715988.5931 ], [ 1042386.676999999559484, 1716020.928899998776615 ], [ 1042383.446600000956096, 1716032.441100000636652 ], [ 1042381.170200000167824, 1716040.5567 ], [ 1042371.939000000245869, 1716073.466900000115857 ], [ 1042370.701600000960752, 1716122.781099999323487 ], [ 1042361.571800000965595, 1716149.7247 ], [ 1042345.137199999182485, 1716157.613899999763817 ], [ 1042326.7428, 1716172.083299998659641 ], [ 1042314.459399999119341, 1716181.745499999728054 ], [ 1042302.26379999902565, 1716197.144099999219179 ], [ 1042302.097599999164231, 1716197.816900000907481 ], [ 1042298.541599999065511, 1716212.205700000980869 ], [ 1042276.009600001038052, 1716257.074500001035631 ], [ 1042274.375199999776669, 1716283.382699999725446 ], [ 1042257.489599998807535, 1716291.652899999869987 ], [ 1042237.007000000448897, 1716300.514299999456853 ], [ 1042199.577400000533089, 1716318.338899998459965 ], [ 1042180.313800000119954, 1716379.039899998577312 ], [ 1042148.321200000587851, 1716436.2008 ], [ 1042127.564799999585375, 1716456.726099998923019 ], [ 1042114.879800000810064, 1716469.2701 ], [ 1042128.393799999263138, 1716491.260700000450015 ], [ 1042139.27779999980703, 1716508.971499999519438 ], [ 1042133.051999999210238, 1716524.679499999154359 ], [ 1042124.725399999530055, 1716545.57490000128746 ], [ 1042108.982800000114366, 1716582.035300001036376 ], [ 1042098.641800000681542, 1716610.413300000829622 ], [ 1042092.8963999991538, 1716626.031099999323487 ], [ 1042076.573200001497753, 1716646.129899999825284 ], [ 1042065.267999999574386, 1716660.0497 ], [ 1042062.23180000053253, 1716702.518300000810996 ], [ 1042058.384800001047552, 1716717.836600000504404 ], [ 1042036.295199999818578, 1716805.8081 ], [ 1042027.289600000251085, 1716841.670099998591468 ], [ 1042032.163200000184588, 1716886.617500001098961 ], [ 1042031.0228, 1716902.88649999955669 ], [ 1042060.317599999485537, 1716962.195099999429658 ], [ 1042099.733799998881295, 1716968.054500001249835 ], [ 1042116.582, 1716964.259099998977035 ], [ 1042138.065400000312366, 1716958.597300000721589 ], [ 1042189.134800000814721, 1716956.0987000009045 ], [ 1042240.733799999812618, 1717000.080499998759478 ], [ 1042305.745800000615418, 1717015.565099999308586 ], [ 1042327.766400000429712, 1717006.615299999248236 ], [ 1042395.604999999748543, 1717000.134700000518933 ], [ 1042459.01540000049863, 1716999.917500000447035 ], [ 1042506.675999999744818, 1717007.99129999987781 ], [ 1042541.788000000175089, 1717003.547100000549108 ], [ 1042552.744000000995584, 1717000.5911 ], [ 1042578.62700000021141, 1716995.827700000721961 ], [ 1042623.031200000201352, 1716985.512299999827519 ], [ 1042643.18199999933131, 1716978.222899998538196 ], [ 1042674.108799999812618, 1716965.775699998950586 ], [ 1042690.92779999866616, 1716953.069700000807643 ], [ 1042691.164799999562092, 1716952.890500000445172 ], [ 1042695.7242, 1716949.446099999593571 ], [ 1042713.403399999486282, 1716931.493100000545382 ], [ 1042742.243200000375509, 1716931.9617000001017 ], [ 1042764.423799999640323, 1716932.3221 ], [ 1042817.628800000878982, 1716932.303700000746176 ], [ 1042848.450399999623187, 1716932.293099999660626 ], [ 1042903.406599999405444, 1716941.571299999253824 ], [ 1042921.73099999979604, 1716926.105899999849498 ], [ 1042928.62619999947492, 1716922.8427 ], [ 1042937.387800000724383, 1716918.809299998451024 ], [ 1042943.837, 1716915.2493 ], [ 1042953.518200000515208, 1716909.256400000536814 ], [ 1042973.010800000629388, 1716926.85179999936372 ], [ 1043005.0486000002129, 1716951.127499999012798 ], [ 1043105.73019999905955, 1716977.439099999377504 ], [ 1043211.39980000059586, 1717017.186900000553578 ], [ 1043244.342599999392405, 1717032.11570000089705 ], [ 1043282.362, 1717058.289500000188127 ], [ 1043298.033399999607354, 1717065.36119999946095 ], [ 1043352.499800000688992, 1717099.758099999511614 ], [ 1043352.647599999676459, 1717118.765499998815358 ], [ 1043351.294599999557249, 1717146.186499999603257 ], [ 1043359.519399999175221, 1717221.384700001915917 ], [ 1043378.236600000178441, 1717256.42689999868162 ], [ 1043405.363000001059845, 1717266.515300001017749 ], [ 1043413.145799999125302, 1717289.1833 ], [ 1043416.683000000659376, 1717302.238299999153242 ], [ 1043493.532200000248849, 1717351.796299999346957 ], [ 1043528.98759999894537, 1717348.010899999877438 ], [ 1043556.793800000450574, 1717365.639300000388175 ], [ 1043612.060599999735132, 1717381.05210000090301 ], [ 1043624.20600000070408, 1717397.68689999775961 ], [ 1043645.588399999658577, 1717405.484500001417473 ], [ 1043704.391400000313297, 1717406.1570999994874 ], [ 1043708.443, 1717409.414899999508634 ] ] ] } }
]
}
