{"type": "FeatureCollection", "features": [{"type": "Feature", "geometry": {"type": "Point", "coordinates": [126.708943, 37.621467]}, "properties": {"shelter_id": "OBJ024157000000032", "name": "김포제일공업고등학교 운동장", "sido": "경기도", "sigungu": "김포시", "emd": "북변동", "road_name": "봉화로", "capacity": null}}, {"type": "Feature", "geometry": {"type": "Point", "coordinates": [126.628013, 37.71838]}, "properties": {"shelter_id": "OBJ024157000000033", "name": "하성고등학교  운동장", "sido": "경기도", "sigungu": "김포시", "emd": "하성면", "road_name": "애기봉로806번길", "capacity": null}}, {"type": "Feature", "geometry": {"type": "Point", "coordinates": [126.636166, 37.6412]}, "properties": {"shelter_id": "OBJ024157000000034", "name": "솔터고등학교 운동장", "sido": "경기도", "sigungu": "김포시", "emd": "마산동", "road_name": "김포한강7로22번길", "capacity": null}}, {"type": "Feature", "geometry": {"type": "Point", "coordinates": [126.707218, 37.638998]}, "properties": {"shelter_id": "OBJ024157000000039", "name": "걸포중앙공원", "sido": "경기도", "sigungu": "김포시", "emd": "걸포동", "road_name": "걸포로", "capacity": null}}, {"type": "Feature", "geometry": {"type": "Point", "coordinates": [126.72621, 37.603747]}, "properties": {"shelter_id": "OBJ024157000000046", "name": "풍무제1어린이공원", "sido": "경기도", "sigungu": "김포시", "emd": "풍무동", "road_name": "풍무로96번길", "capacity": null}}, {"type": "Feature", "geometry": {"type": "Point", "coordinates": [126.66764, 37.647903]}, "properties": {"shelter_id": "OBJ024157000000047", "name": "청송제1공원", "sido": "경기도", "sigungu": "김포시", "emd": "장기동", "road_name": "청송로", "capacity": null}}, {"type": "Feature", "geometry": {"type": "Point", "coordinates": [126.626271, 37.63997]}, "properties": {"shelter_id": "OBJ024157000000025", "name": "나비초등학교 운동장", "sido": "경기도", "sigungu": "김포시", "emd": "구래동", "road_name": "김포한강10로134번길", "capacity": null}}, {"type": "Feature", "geometry": {"type": "Point", "coordinates": [128.606074, 35.8579]}, "properties": {"shelter_id": "OBJ022711000000023", "name": "대구백화점 프라자 야외 주차장", "sido": "대구광역시", "sigungu": "중구", "emd": "대봉동", "road_name": "명덕로65길", "capacity": null}}, {"type": "Feature", "geometry": {"type": "Point", "coordinates": [128.733644, 35.870003]}, "properties": {"shelter_id": "OBJ022714000000013", "name": "송정초등학교(운동장)", "sido": "대구광역시", "sigungu": "동구", "emd": "괴전동", "road_name": "안심로90길", "capacity": null}}, {"type": "Feature", "geometry": {"type": "Point", "coordinates": [128.711206, 35.868719]}, "properties": {"shelter_id": "OBJ022714000000011", "name": "반야월초등학교(운동장)", "sido": "대구광역시", "sigungu": "동구", "emd": "서호동", "road_name": "안심로49길", "capacity": null}}, {"type": "Feature", "geometry": {"type": "Point", "coordinates": [128.695045, 35.871009]}, "properties": {"shelter_id": "OBJ022714000000012", "name": "안일초등학교(운동장)", "sido": "대구광역시", "sigungu": "동구", "emd": "율하동", "road_name": "율하동로23길", "capacity": null}}, {"type": "Feature", "geometry": {"type": "Point", "coordinates": [128.632651, 35.897201]}, "properties": {"shelter_id": "OBJ022714000000015", "name": "불로초등학교(운동장)", "sido": "대구광역시", "sigungu": "동구", "emd": "불로동", "road_name": "방천로3길", "capacity": null}}, {"type": "Feature", "geometry": {"type": "Point", "coordinates": [128.628385, 35.881687]}, "properties": {"shelter_id": "OBJ022714000000016", "name": "덕성초등학교(운동장)", "sido": "대구광역시", "sigungu": "동구", "emd": "신암동", "road_name": "아양로34길", "capacity": null}}, {"type": "Feature", "geometry": {"type": "Point", "coordinates": [128.662591, 35.880322]}, "properties": {"shelter_id": "OBJ022714000000017", "name": "방촌초등학교(운동장)", "sido": "대구광역시", "sigungu": "동구", "emd": "방촌동", "road_name": "동촌로46길", "capacity": null}}, {"type": "Feature", "geometry": {"type": "Point", "coordinates": [128.64494, 35.883803]}, "properties": {"shelter_id": "OBJ022714000000018", "name": "효동초등학교(운동장)", "sido": "대구광역시", "sigungu": "동구", "emd": "효목동", "road_name": "효동로", "capacity": null}}, {"type": "Feature", "geometry": {"type": "Point", "coordinates": [128.643636, 35.89057]}, "properties": {"shelter_id": "OBJ022714000000019", "name": "입석초등학교(운동장)", "sido": "대구광역시", "sigungu": "동구", "emd": "입석동", "road_name": "아양로", "capacity": null}}, {"type": "Feature", "geometry": {"type": "Point", "coordinates": [128.701213, 35.867575]}, "properties": {"shelter_id": "OBJ022714000000020", "name": "율하초등학교(운동장)", "sido": "대구광역시", "sigungu": "동구", "emd": "율하동", "road_name": "율하동로", "capacity": null}}, {"type": "Feature", "geometry": {"type": "Point", "coordinates": [127.077639, 37.328741]}, "properties": {"shelter_id": "OBJ024146500000004", "name": "신일초등학교 운동장", "sido": "경기도", "sigungu": "용인시 수지구", "emd": "신봉동", "road_name": "신봉2로48번길", "capacity": null}}, {"type": "Feature", "geometry": {"type": "Point", "coordinates": [127.110339, 37.333366]}, "properties": {"shelter_id": "OBJ024146500000010", "name": "죽전초등학교 운동장", "sido": "경기도", "sigungu": "용인시 수지구", "emd": "죽전동", "road_name": "용구대로2772번길", "capacity": null}}, {"type": "Feature", "geometry": {"type": "Point", "coordinates": [127.107136, 37.333605]}, "properties": {"shelter_id": "OBJ024146500000011", "name": "대현초등학교 운동장", "sido": "경기도", "sigungu": "용인시 수지구", "emd": "죽전동", "road_name": "용구대로2771번길", "capacity": null}}, {"type": "Feature", "geometry": {"type": "Point", "coordinates": [127.095754, 37.329848]}, "properties": {"shelter_id": "OBJ024146500000001", "name": "풍덕초등학교 운동장", "sido": "경기도", "sigungu": "용인시 수지구", "emd": "풍덕천동", "road_name": "수지로", "capacity": null}}, {"type": "Feature", "geometry": {"type": "Point", "coordinates": [127.082167, 37.305372]}, "properties": {"shelter_id": "OBJ024146500000014", "name": "솔개초등학교 운동장", "sido": "경기도", "sigungu": "용인시 수지구", "emd": "상현동", "road_name": "상현로", "capacity": null}}, {"type": "Feature", "geometry": {"type": "Point", "coordinates": [127.089688, 37.308562]}, "properties": {"shelter_id": "OBJ024146500000016", "name": "상현초등학교 운동장", "sido": "경기도", "sigungu": "용인시 수지구", "emd": "상현동", "road_name": "만현로67번길", "capacity": null}}, {"type": "Feature", "geometry": {"type": "Point", "coordinates": [127.061263, 37.323075]}, "properties": {"shelter_id": "OBJ024146500000018", "name": "성복고등학교 운동장", "sido": "경기도", "sigungu": "용인시 수지구", "emd": "성복동", "road_name": "도마치로", "capacity": null}}, {"type": "Feature", "geometry": {"type": "Point", "coordinates": [127.118578, 37.327474]}, "properties": {"shelter_id": "OBJ024146500000006", "name": "용인대일초등학교 운동장", "sido": "경기도", "sigungu": "용인시 수지구", "emd": "죽전동", "road_name": "푸른솔로", "capacity": null}}, {"type": "Feature", "geometry": {"type": "Point", "coordinates": [127.115863, 37.329636]}, "properties": {"shelter_id": "OBJ024146500000009", "name": "대지초등학교 운동장", "sido": "경기도", "sigungu": "용인시 수지구", "emd": "죽전동", "road_name": "대지로51번길", "capacity": null}}, {"type": "Feature", "geometry": {"type": "Point", "coordinates": [127.128514, 37.333875]}, "properties": {"shelter_id": "OBJ024146500000007", "name": "대청초등학교 운동장", "sido": "경기도", "sigungu": "용인시 수지구", "emd": "죽전동", "road_name": "죽전로", "capacity": null}}, {"type": "Feature", "geometry": {"type": "Point", "coordinates": [127.124713, 37.329296]}, "properties": {"shelter_id": "OBJ024146500000008", "name": "현암초등학교 운동장", "sido": "경기도", "sigungu": "용인시 수지구", "emd": "죽전동", "road_name": "대지로", "capacity": null}}, {"type": "Feature", "geometry": {"type": "Point", "coordinates": [127.078483, 37.303235]}, "properties": {"shelter_id": "OBJ024146500000015", "name": "서원초등학교 운동장", "sido": "경기도", "sigungu": "용인시 수지구", "emd": "상현동", "road_name": "상현로", "capacity": null}}, {"type": "Feature", "geometry": {"type": "Point", "coordinates": [127.077927, 37.319081]}, "properties": {"shelter_id": "OBJ024146500000017", "name": "성복초등학교 운동장", "sido": "경기도", "sigungu": "용인시 수지구", "emd": "신봉동", "road_name": "성복2로78번길", "capacity": null}}, {"type": "Feature", "geometry": {"type": "Point", "coordinates": [128.585097, 35.888167]}, "properties": {"shelter_id": "OBJ022723000000033", "name": "달산초등학교 운동장", "sido": "대구광역시", "sigungu": "북구", "emd": "침산동", "road_name": "옥산로17길", "capacity": null}}, {"type": "Feature", "geometry": {"type": "Point", "coordinates": [128.588701, 35.889368]}, "properties": {"shelter_id": "OBJ022723000000034", "name": "침산중학교 운동장", "sido": "대구광역시", "sigungu": "북구", "emd": "침산동", "road_name": "침산남로", "capacity": null}}, {"type": "Feature", "geometry": {"type": "Point", "coordinates": [128.585993, 35.89118]}, "properties": {"shelter_id": "OBJ022723000000035", "name": "침산초등학교 운동장", "sido": "대구광역시", "sigungu": "북구", "emd": "침산동", "road_name": "성북로5길", "capacity": null}}, {"type": "Feature", "geometry": {"type": "Point", "coordinates": [128.59359, 35.886235]}, "properties": {"shelter_id": "OBJ022723000000036", "name": "칠성초등학교 운동장", "sido": "대구광역시", "sigungu": "북구", "emd": "침산동", "road_name": "침산남로32길", "capacity": null}}, {"type": "Feature", "geometry": {"type": "Point", "coordinates": [128.550066, 35.923155]}, "properties": {"shelter_id": "OBJ022723000000039", "name": "태암초등학교 운동장", "sido": "대구광역시", "sigungu": "북구", "emd": "태전동", "road_name": "학정로", "capacity": null}}, {"type": "Feature", "geometry": {"type": "Point", "coordinates": [128.598851, 35.880208]}, "properties": {"shelter_id": "OBJ022723000000040", "name": "경명여고 운동장", "sido": "대구광역시", "sigungu": "북구", "emd": "칠성동2가", "road_name": "칠성로17길", "capacity": null}}, {"type": "Feature", "geometry": {"type": "Point", "coordinates": [128.566673, 35.940293]}, "properties": {"shelter_id": "OBJ022723000000022", "name": "강북초등학교 운동장", "sido": "대구광역시", "sigungu": "북구", "emd": "구암동", "road_name": "구암서로", "capacity": null}}, {"type": "Feature", "geometry": {"type": "Point", "coordinates": [128.564969, 35.938447]}, "properties": {"shelter_id": "OBJ022723000000024", "name": "강북중학교 운동장", "sido": "대구광역시", "sigungu": "북구", "emd": "구암동", "road_name": "구암서로", "capacity": null}}, {"type": "Feature", "geometry": {"type": "Point", "coordinates": [128.560837, 35.928371]}, "properties": {"shelter_id": "OBJ022723000000027", "name": "함지고등학교 운동장", "sido": "대구광역시", "sigungu": "북구", "emd": "구암동", "road_name": "학정로48길", "capacity": null}}, {"type": "Feature", "geometry": {"type": "Point", "coordinates": [128.569482, 35.948215]}, "properties": {"shelter_id": "OBJ022723000000029", "name": "학정초등학교 운동장", "sido": "대구광역시", "sigungu": "북구", "emd": "학정동", "road_name": "학남로", "capacity": null}}, {"type": "Feature", "geometry": {"type": "Point", "coordinates": [126.63582, 37.658654]}, "properties": {"shelter_id": "OBJ024157000000029", "name": "신양중학교 운동장", "sido": "경기도", "sigungu": "김포시", "emd": "양촌읍", "road_name": "양곡3로", "capacity": null}}, {"type": "Feature", "geometry": {"type": "Point", "coordinates": [126.667241, 37.651905]}, "properties": {"shelter_id": "OBJ024157000000030", "name": "푸른솔중학교 운동장", "sido": "경기도", "sigungu": "김포시", "emd": "장기동", "road_name": "김포한강2로", "capacity": null}}, {"type": "Feature", "geometry": {"type": "Point", "coordinates": [126.639624, 37.637803]}, "properties": {"shelter_id": "OBJ024157000000031", "name": "은여울중학교 운동장", "sido": "경기도", "sigungu": "김포시", "emd": "마산동", "road_name": "김포한강8로", "capacity": null}}, {"type": "Feature", "geometry": {"type": "Point", "coordinates": [126.678054, 37.653337]}, "properties": {"shelter_id": "OBJ024157000000035", "name": "김포제일고등학교 운동장", "sido": "경기도", "sigungu": "김포시", "emd": "운양동", "road_name": "김포한강11로", "capacity": null}}, {"type": "Feature", "geometry": {"type": "Point", "coordinates": [126.649977, 37.640858]}, "properties": {"shelter_id": "OBJ024157000000036", "name": "솔터체육공원", "sido": "경기도", "sigungu": "김포시", "emd": "마산동", "road_name": "김포한강3로", "capacity": null}}, {"type": "Feature", "geometry": {"type": "Point", "coordinates": [126.687079, 37.648525]}, "properties": {"shelter_id": "OBJ024157000000037", "name": "모담공원", "sido": "경기도", "sigungu": "김포시", "emd": "운양동", "road_name": "전원로38번길", "capacity": null}}, {"type": "Feature", "geometry": {"type": "Point", "coordinates": [126.690759, 37.657467]}, "properties": {"shelter_id": "OBJ024157000000038", "name": "조류생태공원", "sido": "경기도", "sigungu": "김포시", "emd": "운양동", "road_name": "김포한강11로379번길", "capacity": null}}, {"type": "Feature", "geometry": {"type": "Point", "coordinates": [126.656796, 37.639744]}, "properties": {"shelter_id": "OBJ024157000000040", "name": "한강신도시 근린7공원", "sido": "경기도", "sigungu": "김포시", "emd": "장기동", "road_name": "김포한강3로", "capacity": null}}, {"type": "Feature", "geometry": {"type": "Point", "coordinates": [126.629657, 37.652766]}, "properties": {"shelter_id": "OBJ024157000000041", "name": "양곡제4근린공원", "sido": "경기도", "sigungu": "김포시", "emd": "양촌읍", "road_name": "양곡3로1번길", "capacity": null}}, {"type": "Feature", "geometry": {"type": "Point", "coordinates": [126.62953, 37.620768]}, "properties": {"shelter_id": "OBJ024157000000042", "name": "골드밸리 근린5호", "sido": "경기도", "sigungu": "김포시", "emd": "양촌읍", "road_name": "황금로", "capacity": null}}, {"type": "Feature", "geometry": {"type": "Point", "coordinates": [127.140572, 36.988985]}, "properties": {"shelter_id": "OBJ024155000000053", "name": "양진초등학교 운동장", "sido": "경기도", "sigungu": "안성시", "emd": "공도읍", "road_name": "진사1길", "capacity": null}}, {"type": "Feature", "geometry": {"type": "Point", "coordinates": [127.425184, 37.081466]}, "properties": {"shelter_id": "OBJ024155000000050", "name": "죽산중학교 운동장", "sido": "경기도", "sigungu": "안성시", "emd": "죽산면", "road_name": "죽산향교길", "capacity": null}}, {"type": "Feature", "geometry": {"type": "Point", "coordinates": [127.433733, 37.007932]}, "properties": {"shelter_id": "OBJ024155000000051", "name": "광선초등학교 운동장", "sido": "경기도", "sigungu": "안성시", "emd": "죽산면", "road_name": "개좌길", "capacity": null}}, {"type": "Feature", "geometry": {"type": "Point", "coordinates": [127.264452, 37.082226]}, "properties": {"shelter_id": "OBJ024155000000052", "name": "고삼초등학교 운동장", "sido": "경기도", "sigungu": "안성시", "emd": "고삼면", "road_name": "고삼호수로", "capacity": null}}, {"type": "Feature", "geometry": {"type": "Point", "coordinates": [127.421088, 37.077585]}, "properties": {"shelter_id": "OBJ024155000000054", "name": "죽산초등학교 운동장", "sido": "경기도", "sigungu": "안성시", "emd": "죽산면", "road_name": "죽산초교길", "capacity": null}}, {"type": "Feature", "geometry": {"type": "Point", "coordinates": [127.171841, 37.001902]}, "properties": {"shelter_id": "OBJ024155000000001", "name": "경기창조고등학교운동장", "sido": "경기도", "sigungu": "안성시", "emd": "공도읍", "road_name": "공도5로", "capacity": null}}, {"type": "Feature", "geometry": {"type": "Point", "coordinates": [127.264838, 37.084513]}, "properties": {"shelter_id": "OBJ024155000000002", "name": "한길학교 주차장", "sido": "경기도", "sigungu": "안성시", "emd": "고삼면", "road_name": "고삼호수로", "capacity": null}}, {"type": "Feature", "geometry": {"type": "Point", "coordinates": [129.166934, 35.327669]}, "properties": {"shelter_id": "OBJ022671000000029", "name": "신정고등학교 운동장", "sido": "부산광역시", "sigungu": "기장군", "emd": "정관읍", "road_name": "정관3로", "capacity": null}}, {"type": "Feature", "geometry": {"type": "Point", "coordinates": [129.263036, 35.374707]}, "properties": {"shelter_id": "OBJ022671000000032", "name": "성우학교 운동장", "sido": "부산광역시", "sigungu": "기장군", "emd": "장안읍", "road_name": "구운달길", "capacity": null}}, {"type": "Feature", "geometry": {"type": "Point", "coordinates": [129.155992, 35.273195]}, "properties": {"shelter_id": "OBJ022671000000035", "name": "기장철마 체육공원 축구장", "sido": "부산광역시", "sigungu": "기장군", "emd": "철마면", "road_name": "철마로", "capacity": null}}, {"type": "Feature", "geometry": {"type": "Point", "coordinates": [128.608116, 35.862997]}, "properties": {"shelter_id": "OBJ022711000000001", "name": "삼덕초등학교 운동장", "sido": "대구광역시", "sigungu": "중구", "emd": "삼덕동3가", "road_name": "달구벌대로447길", "capacity": null}}, {"type": "Feature", "geometry": {"type": "Point", "coordinates": [128.583098, 35.862601]}, "properties": {"shelter_id": "OBJ022711000000005", "name": "남산초등학교 운동장", "sido": "대구광역시", "sigungu": "중구", "emd": "남산동", "road_name": "남산로", "capacity": null}}, {"type": "Feature", "geometry": {"type": "Point", "coordinates": [128.592916, 35.858715]}, "properties": {"shelter_id": "OBJ022711000000002", "name": "경북여자고등학교 운동장", "sido": "대구광역시", "sigungu": "중구", "emd": "남산동", "road_name": "중앙대로", "capacity": null}}, {"type": "Feature", "geometry": {"type": "Point", "coordinates": [127.145186, 37.280435]}, "properties": {"shelter_id": "OBJ024146300000028", "name": "어정중학교 운동장", "sido": "경기도", "sigungu": "용인시 기흥구", "emd": "중동", "road_name": "동백죽전대로527번길", "capacity": null}}, {"type": "Feature", "geometry": {"type": "Point", "coordinates": [127.138677, 37.269635]}, "properties": {"shelter_id": "OBJ024146300000030", "name": "지석초등학교 운동장", "sido": "경기도", "sigungu": "용인시 기흥구", "emd": "상하동", "road_name": "어정로", "capacity": null}}, {"type": "Feature", "geometry": {"type": "Point", "coordinates": [127.135882, 37.261353]}, "properties": {"shelter_id": "OBJ024146300000031", "name": "상하중학교 운동장", "sido": "경기도", "sigungu": "용인시 기흥구", "emd": "상하동", "road_name": "중부대로746번길", "capacity": null}}, {"type": "Feature", "geometry": {"type": "Point", "coordinates": [128.595599, 35.853126]}, "properties": {"shelter_id": "OBJ022720000000030", "name": "대구영선초등학교 운동장", "sido": "대구광역시", "sigungu": "남구", "emd": "이천동", "road_name": "영선길", "capacity": null}}, {"type": "Feature", "geometry": {"type": "Point", "coordinates": [128.57475, 35.833324]}, "properties": {"shelter_id": "OBJ022720000000032", "name": "대구남덕초등학교 운동장", "sido": "대구광역시", "sigungu": "남구", "emd": "대명동", "road_name": "앞산순환로93길", "capacity": null}}, {"type": "Feature", "geometry": {"type": "Point", "coordinates": [128.602434, 35.8451]}, "properties": {"shelter_id": "OBJ022720000000035", "name": "봉덕시장공영주차장", "sido": "대구광역시", "sigungu": "남구", "emd": "봉덕동", "road_name": "봉덕로25길", "capacity": null}}, {"type": "Feature", "geometry": {"type": "Point", "coordinates": [128.607043, 35.894513]}, "properties": {"shelter_id": "OBJ022723000000001", "name": "산격초등학교 운동장", "sido": "대구광역시", "sigungu": "북구", "emd": "산격동", "road_name": "대학로13길", "capacity": null}}, {"type": "Feature", "geometry": {"type": "Point", "coordinates": [128.609074, 35.902697]}, "properties": {"shelter_id": "OBJ022723000000002", "name": "산격중학교 운동장", "sido": "대구광역시", "sigungu": "북구", "emd": "산격동", "road_name": "동북로31길", "capacity": null}}, {"type": "Feature", "geometry": {"type": "Point", "coordinates": [128.541318, 35.928936]}, "properties": {"shelter_id": "OBJ022723000000006", "name": "강북고등학교 운동장", "sido": "대구광역시", "sigungu": "북구", "emd": "태전동", "road_name": "태전로", "capacity": null}}, {"type": "Feature", "geometry": {"type": "Point", "coordinates": [128.60993, 35.903543]}, "properties": {"shelter_id": "OBJ022723000000003", "name": "북대구초등학교 운동장", "sido": "대구광역시", "sigungu": "북구", "emd": "산격동", "road_name": "유통단지로8길", "capacity": null}}, {"type": "Feature", "geometry": {"type": "Point", "coordinates": [128.617995, 35.891975]}, "properties": {"shelter_id": "OBJ022723000000004", "name": "경진초등학교 운동장", "sido": "대구광역시", "sigungu": "북구", "emd": "복현동", "road_name": "경진로12길", "capacity": null}}, {"type": "Feature", "geometry": {"type": "Point", "coordinates": [128.546022, 35.92977]}, "properties": {"shelter_id": "OBJ022723000000005", "name": "태전초등학교 운동장", "sido": "대구광역시", "sigungu": "북구", "emd": "태전동", "road_name": "칠곡중앙대로75길", "capacity": null}}, {"type": "Feature", "geometry": {"type": "Point", "coordinates": [128.542516, 35.929999]}, "properties": {"shelter_id": "OBJ022723000000007", "name": "대구과학대학 운동장", "sido": "대구광역시", "sigungu": "북구", "emd": "태전동", "road_name": "영송로", "capacity": null}}, {"type": "Feature", "geometry": {"type": "Point", "coordinates": [127.173065, 37.008043]}, "properties": {"shelter_id": "OBJ024155000000005", "name": "만정중학교 운동장", "sido": "경기도", "sigungu": "안성시", "emd": "공도읍", "road_name": "송원길", "capacity": null}}, {"type": "Feature", "geometry": {"type": "Point", "coordinates": [127.171685, 37.006454]}, "properties": {"shelter_id": "OBJ024155000000006", "name": "만정초등학교 운동장", "sido": "경기도", "sigungu": "안성시", "emd": "공도읍", "road_name": "송원길", "capacity": null}}, {"type": "Feature", "geometry": {"type": "Point", "coordinates": [127.143454, 36.985859]}, "properties": {"shelter_id": "OBJ024155000000008", "name": "양진중학교 운동장", "sido": "경기도", "sigungu": "안성시", "emd": "공도읍", "road_name": "진사1길", "capacity": null}}, {"type": "Feature", "geometry": {"type": "Point", "coordinates": [127.265579, 37.00583]}, "properties": {"shelter_id": "OBJ024155000000033", "name": "내혜홀초등학교 운동장", "sido": "경기도", "sigungu": "안성시", "emd": "아양동", "road_name": "내혜홀2길", "capacity": null}}, {"type": "Feature", "geometry": {"type": "Point", "coordinates": [127.263323, 37.015742]}, "properties": {"shelter_id": "OBJ024155000000036", "name": "비룡중학교 운동장", "sido": "경기도", "sigungu": "안성시", "emd": "당왕동", "road_name": "남파로", "capacity": null}}, {"type": "Feature", "geometry": {"type": "Point", "coordinates": [126.709404, 37.625356]}, "properties": {"shelter_id": "OBJ024157000000001", "name": "김포초등학교 운동장", "sido": "경기도", "sigungu": "김포시", "emd": "북변동", "road_name": "북변중로25번길", "capacity": null}}, {"type": "Feature", "geometry": {"type": "Point", "coordinates": [126.673491, 37.646046]}, "properties": {"shelter_id": "OBJ024157000000002", "name": "고창초등학교 운동장", "sido": "경기도", "sigungu": "김포시", "emd": "장기동", "road_name": "김포한강1로98번길", "capacity": null}}, {"type": "Feature", "geometry": {"type": "Point", "coordinates": [126.773916, 37.605878]}, "properties": {"shelter_id": "OBJ024157000000003", "name": "고촌초등학교 운동장", "sido": "경기도", "sigungu": "김포시", "emd": "고촌읍", "road_name": "신곡로29번길", "capacity": null}}, {"type": "Feature", "geometry": {"type": "Point", "coordinates": [126.584277, 37.651684]}, "properties": {"shelter_id": "OBJ024157000000005", "name": "대곶초등학교 운동장", "sido": "경기도", "sigungu": "김포시", "emd": "대곶면", "road_name": "율생중앙로36번길", "capacity": null}}, {"type": "Feature", "geometry": {"type": "Point", "coordinates": [126.553311, 37.648159]}, "properties": {"shelter_id": "OBJ024157000000006", "name": "김포대명초등학교 운동장", "sido": "경기도", "sigungu": "김포시", "emd": "대곶면", "road_name": "대곶로20번길", "capacity": null}}, {"type": "Feature", "geometry": {"type": "Point", "coordinates": [126.551986, 37.717436]}, "properties": {"shelter_id": "OBJ024157000000007", "name": "월곶초등학교 운동장", "sido": "경기도", "sigungu": "김포시", "emd": "월곶면", "road_name": "군하로276번길", "capacity": null}}, {"type": "Feature", "geometry": {"type": "Point", "coordinates": [126.604819, 37.699794]}, "properties": {"shelter_id": "OBJ024157000000008", "name": "서암초등학교 운동장", "sido": "경기도", "sigungu": "김포시", "emd": "통진읍", "road_name": "소서명로", "capacity": null}}, {"type": "Feature", "geometry": {"type": "Point", "coordinates": [126.726704, 37.598711]}, "properties": {"shelter_id": "OBJ024157000000015", "name": "유현초등학교 운동장", "sido": "경기도", "sigungu": "김포시", "emd": "풍무동", "road_name": "유현로33번길", "capacity": null}}, {"type": "Feature", "geometry": {"type": "Point", "coordinates": [126.72053, 37.603452]}, "properties": {"shelter_id": "OBJ024157000000016", "name": "양도초등학교 운동장", "sido": "경기도", "sigungu": "김포시", "emd": "풍무동", "road_name": "풍무로93번길", "capacity": null}}, {"type": "Feature", "geometry": {"type": "Point", "coordinates": [128.586903, 35.862294]}, "properties": {"shelter_id": "OBJ022711000000007", "name": "대구가톨릭대학교 유스티노캠퍼스 운", "sido": "대구광역시", "sigungu": "중구", "emd": "남산동", "road_name": "명륜로12길", "capacity": null}}, {"type": "Feature", "geometry": {"type": "Point", "coordinates": [128.58449, 35.868493]}, "properties": {"shelter_id": "OBJ022711000000008", "name": "신명고등학교 운동장", "sido": "대구광역시", "sigungu": "중구", "emd": "동산동", "road_name": "국채보상로102길", "capacity": null}}, {"type": "Feature", "geometry": {"type": "Point", "coordinates": [128.60063, 35.862846]}, "properties": {"shelter_id": "OBJ022711000000009", "name": "경북대학교 부설중·고등학교 운동장", "sido": "대구광역시", "sigungu": "중구", "emd": "대봉동", "road_name": "달구벌대로", "capacity": null}}, {"type": "Feature", "geometry": {"type": "Point", "coordinates": [128.583956, 35.858198]}, "properties": {"shelter_id": "OBJ022711000000017", "name": "경북공업고등학교 운동장", "sido": "대구광역시", "sigungu": "중구", "emd": "남산동", "road_name": "남산로", "capacity": null}}, {"type": "Feature", "geometry": {"type": "Point", "coordinates": [128.595733, 35.863644]}, "properties": {"shelter_id": "OBJ022711000000011", "name": "대구초등학교 운동장", "sido": "대구광역시", "sigungu": "중구", "emd": "봉산동", "road_name": "봉산문화2길", "capacity": null}}, {"type": "Feature", "geometry": {"type": "Point", "coordinates": [128.598107, 35.863856]}, "properties": {"shelter_id": "OBJ022711000000013", "name": "경북대학교 부설초등학교 운동장", "sido": "대구광역시", "sigungu": "중구", "emd": "봉산동", "road_name": "달구벌대로", "capacity": null}}, {"type": "Feature", "geometry": {"type": "Point", "coordinates": [128.580906, 35.866032]}, "properties": {"shelter_id": "OBJ022711000000014", "name": "계성초등학교 운동장", "sido": "대구광역시", "sigungu": "중구", "emd": "대신동", "road_name": "달성로", "capacity": null}}, {"type": "Feature", "geometry": {"type": "Point", "coordinates": [128.581452, 35.866832]}, "properties": {"shelter_id": "OBJ022711000000015", "name": "계성중학교 운동장", "sido": "대구광역시", "sigungu": "중구", "emd": "대신동", "road_name": "달성로", "capacity": null}}, {"type": "Feature", "geometry": {"type": "Point", "coordinates": [128.610205, 35.867735]}, "properties": {"shelter_id": "OBJ022711000000016", "name": "동인초등학교 운동장", "sido": "대구광역시", "sigungu": "중구", "emd": "동인동4가", "road_name": "국채보상로", "capacity": null}}, {"type": "Feature", "geometry": {"type": "Point", "coordinates": [128.579144, 35.878481]}, "properties": {"shelter_id": "OBJ022711000000025", "name": "대한적십자사 대구경북혈액원 주차장", "sido": "대구광역시", "sigungu": "중구", "emd": "달성동", "road_name": "태평로", "capacity": null}}, {"type": "Feature", "geometry": {"type": "Point", "coordinates": [128.597652, 35.869792]}, "properties": {"shelter_id": "OBJ022711000000019", "name": "2.28기념 중앙공원", "sido": "대구광역시", "sigungu": "중구", "emd": "문화동", "road_name": "국채보상로", "capacity": null}}, {"type": "Feature", "geometry": {"type": "Point", "coordinates": [128.600719, 35.86858]}, "properties": {"shelter_id": "OBJ022711000000020", "name": "국채보상기념공원", "sido": "대구광역시", "sigungu": "중구", "emd": "동인동2가", "road_name": "공평로", "capacity": null}}, {"type": "Feature", "geometry": {"type": "Point", "coordinates": [128.592292, 35.872246]}, "properties": {"shelter_id": "OBJ022711000000021", "name": "경상감영공원", "sido": "대구광역시", "sigungu": "중구", "emd": "포정동", "road_name": "경상감영길", "capacity": null}}, {"type": "Feature", "geometry": {"type": "Point", "coordinates": [128.604793, 35.865097]}, "properties": {"shelter_id": "OBJ022711000000012", "name": "동덕초등학교 운동장", "sido": "대구광역시", "sigungu": "중구", "emd": "삼덕동2가", "road_name": "동덕로", "capacity": null}}, {"type": "Feature", "geometry": {"type": "Point", "coordinates": [128.5811, 35.858275]}, "properties": {"shelter_id": "OBJ022711000000018", "name": "남산어린이공원", "sido": "대구광역시", "sigungu": "중구", "emd": "남산동", "road_name": "남산로1길", "capacity": null}}, {"type": "Feature", "geometry": {"type": "Point", "coordinates": [128.574445, 35.864336]}, "properties": {"shelter_id": "OBJ022711000000024", "name": "덕영주차장", "sido": "대구광역시", "sigungu": "중구", "emd": "대신동", "road_name": "큰장로12길", "capacity": null}}, {"type": "Feature", "geometry": {"type": "Point", "coordinates": [128.601358, 35.870882]}, "properties": {"shelter_id": "OBJ022711000000026", "name": "대구광역시청 주차장", "sido": "대구광역시", "sigungu": "중구", "emd": "동인동2가", "road_name": "국채보상로131길", "capacity": null}}, {"type": "Feature", "geometry": {"type": "Point", "coordinates": [127.116254, 37.318334]}, "properties": {"shelter_id": "OBJ024146300000032", "name": "독정초등학교 운동장", "sido": "경기도", "sigungu": "용인시 기흥구", "emd": "보정동", "road_name": "보정로", "capacity": null}}, {"type": "Feature", "geometry": {"type": "Point", "coordinates": [127.092884, 37.309689]}, "properties": {"shelter_id": "OBJ024146300000034", "name": "이현초등학교 운동장", "sido": "경기도", "sigungu": "용인시 기흥구", "emd": "보정동", "road_name": "이현로", "capacity": null}}, {"type": "Feature", "geometry": {"type": "Point", "coordinates": [127.158524, 37.285117]}, "properties": {"shelter_id": "OBJ024146300000035", "name": "동백중학교  운동장", "sido": "경기도", "sigungu": "용인시 기흥구", "emd": "동백동", "road_name": "동백중앙로", "capacity": null}}, {"type": "Feature", "geometry": {"type": "Point", "coordinates": [127.114715, 37.295301]}, "properties": {"shelter_id": "OBJ024146300000037", "name": "구성초등학교 운동장", "sido": "경기도", "sigungu": "용인시 기흥구", "emd": "마북동", "road_name": "구성로", "capacity": null}}, {"type": "Feature", "geometry": {"type": "Point", "coordinates": [127.141071, 37.256824]}, "properties": {"shelter_id": "OBJ024146300000038", "name": "상하초등학교 운동장", "sido": "경기도", "sigungu": "용인시 기흥구", "emd": "상하동", "road_name": "중부대로788번길", "capacity": null}}, {"type": "Feature", "geometry": {"type": "Point", "coordinates": [127.108649, 37.284351]}, "properties": {"shelter_id": "OBJ024146300000039", "name": "구갈중학교 운동장", "sido": "경기도", "sigungu": "용인시 기흥구", "emd": "신갈동", "road_name": "산양로", "capacity": null}}, {"type": "Feature", "geometry": {"type": "Point", "coordinates": [127.157175, 37.265143]}, "properties": {"shelter_id": "OBJ024146300000021", "name": "초당중학교 운동장", "sido": "경기도", "sigungu": "용인시 기흥구", "emd": "중동", "road_name": "동백중앙로", "capacity": null}}, {"type": "Feature", "geometry": {"type": "Point", "coordinates": [127.143019, 37.285239]}, "properties": {"shelter_id": "OBJ024146300000018", "name": "중일초등학교 운동장", "sido": "경기도", "sigungu": "용인시 기흥구", "emd": "중동", "road_name": "동백죽전대로527번길", "capacity": null}}, {"type": "Feature", "geometry": {"type": "Point", "coordinates": [127.158926, 37.282951]}, "properties": {"shelter_id": "OBJ024146300000020", "name": "동백고등학교 운동장", "sido": "경기도", "sigungu": "용인시 기흥구", "emd": "동백동", "road_name": "동백7로", "capacity": null}}, {"type": "Feature", "geometry": {"type": "Point", "coordinates": [127.160849, 37.263023]}, "properties": {"shelter_id": "OBJ024146300000025", "name": "초당초등학교 운동장", "sido": "경기도", "sigungu": "용인시 기흥구", "emd": "중동", "road_name": "동백중앙로", "capacity": null}}, {"type": "Feature", "geometry": {"type": "Point", "coordinates": [128.612103, 35.883299]}, "properties": {"shelter_id": "OBJ022723000000008", "name": "신암초등학교 운동장", "sido": "대구광역시", "sigungu": "북구", "emd": "대현동", "road_name": "경대로", "capacity": null}}, {"type": "Feature", "geometry": {"type": "Point", "coordinates": [128.551741, 35.944549]}, "properties": {"shelter_id": "OBJ022723000000010", "name": "칠곡초등학교 운동장", "sido": "대구광역시", "sigungu": "북구", "emd": "읍내동", "road_name": "칠곡중앙대로110길", "capacity": null}}, {"type": "Feature", "geometry": {"type": "Point", "coordinates": [128.620133, 35.905344]}, "properties": {"shelter_id": "OBJ022723000000018", "name": "문성초등학교 운동장", "sido": "대구광역시", "sigungu": "북구", "emd": "복현동", "road_name": "복현로", "capacity": null}}, {"type": "Feature", "geometry": {"type": "Point", "coordinates": [128.593576, 35.896564]}, "properties": {"shelter_id": "OBJ022723000000009", "name": "대산초등학교 운동장", "sido": "대구광역시", "sigungu": "북구", "emd": "산격동", "road_name": "연암로25길", "capacity": null}}, {"type": "Feature", "geometry": {"type": "Point", "coordinates": [128.55113, 35.947869]}, "properties": {"shelter_id": "OBJ022723000000011", "name": "칠곡중학교 운동장", "sido": "대구광역시", "sigungu": "북구", "emd": "읍내동", "road_name": "칠곡중앙대로", "capacity": null}}, {"type": "Feature", "geometry": {"type": "Point", "coordinates": [128.558237, 35.927913]}, "properties": {"shelter_id": "OBJ022723000000021", "name": "구암초등학교 운동장", "sido": "대구광역시", "sigungu": "북구", "emd": "구암동", "road_name": "학정로", "capacity": null}}, {"type": "Feature", "geometry": {"type": "Point", "coordinates": [128.621507, 35.895975]}, "properties": {"shelter_id": "OBJ022723000000014", "name": "영진전문대학 운동장", "sido": "대구광역시", "sigungu": "북구", "emd": "복현동", "road_name": "동북로49길", "capacity": null}}, {"type": "Feature", "geometry": {"type": "Point", "coordinates": [128.622134, 35.894121]}, "properties": {"shelter_id": "OBJ022723000000015", "name": "영진고등학교 운동장", "sido": "대구광역시", "sigungu": "북구", "emd": "복현동", "road_name": "동북로57길", "capacity": null}}, {"type": "Feature", "geometry": {"type": "Point", "coordinates": [128.620363, 35.89784]}, "properties": {"shelter_id": "OBJ022723000000016", "name": "대구북중학교 운동장", "sido": "대구광역시", "sigungu": "북구", "emd": "복현동", "road_name": "동북로49길", "capacity": null}}, {"type": "Feature", "geometry": {"type": "Point", "coordinates": [126.723517, 37.620033]}, "properties": {"shelter_id": "OBJ024157000000012", "name": "사우초등학교 운동장", "sido": "경기도", "sigungu": "김포시", "emd": "사우동", "road_name": "사우로", "capacity": null}}, {"type": "Feature", "geometry": {"type": "Point", "coordinates": [126.632775, 37.72025]}, "properties": {"shelter_id": "OBJ024157000000009", "name": "하성초등학교 운동장", "sido": "경기도", "sigungu": "김포시", "emd": "하성면", "road_name": "애기봉로", "capacity": null}}, {"type": "Feature", "geometry": {"type": "Point", "coordinates": [126.702114, 37.628787]}, "properties": {"shelter_id": "OBJ024157000000010", "name": "김포서초등학교 운동장", "sido": "경기도", "sigungu": "김포시", "emd": "북변동", "road_name": "봉화로", "capacity": null}}, {"type": "Feature", "geometry": {"type": "Point", "coordinates": [126.72639, 37.604682]}, "properties": {"shelter_id": "OBJ024157000000011", "name": "풍무초등학교 운동장", "sido": "경기도", "sigungu": "김포시", "emd": "풍무동", "road_name": "풍무로96번길", "capacity": null}}, {"type": "Feature", "geometry": {"type": "Point", "coordinates": [126.606668, 37.684234]}, "properties": {"shelter_id": "OBJ024157000000004", "name": "마송초등학교 운동장", "sido": "경기도", "sigungu": "김포시", "emd": "통진읍", "road_name": "흥신로", "capacity": null}}, {"type": "Feature", "geometry": {"type": "Point", "coordinates": [126.717379, 37.623983]}, "properties": {"shelter_id": "OBJ024157000000013", "name": "금파초등학교 운동장", "sido": "경기도", "sigungu": "김포시", "emd": "북변동", "road_name": "김포대로926번길", "capacity": null}}, {"type": "Feature", "geometry": {"type": "Point", "coordinates": [126.695904, 37.623647]}, "properties": {"shelter_id": "OBJ024157000000014", "name": "감정초등학교 운동장", "sido": "경기도", "sigungu": "김포시", "emd": "감정동", "road_name": "중봉로", "capacity": null}}, {"type": "Feature", "geometry": {"type": "Point", "coordinates": [128.554391, 35.859748]}, "properties": {"shelter_id": "OBJ022717000000052", "name": "경운중학교", "sido": "대구광역시", "sigungu": "서구", "emd": "내당동", "road_name": "서대구로5길", "capacity": null}}, {"type": "Feature", "geometry": {"type": "Point", "coordinates": [128.55501, 35.857952]}, "properties": {"shelter_id": "OBJ022717000000054", "name": "달성고등학교", "sido": "대구광역시", "sigungu": "서구", "emd": "내당동", "road_name": "서대구로3길", "capacity": null}}, {"type": "Feature", "geometry": {"type": "Point", "coordinates": [128.560076, 35.874372]}, "properties": {"shelter_id": "OBJ022717000000055", "name": "대구서부고등학교", "sido": "대구광역시", "sigungu": "서구", "emd": "평리동", "road_name": "국채보상로53길", "capacity": null}}, {"type": "Feature", "geometry": {"type": "Point", "coordinates": [128.548424, 35.856628]}, "properties": {"shelter_id": "OBJ022717000000056", "name": "대구서부공업고등학교", "sido": "대구광역시", "sigungu": "서구", "emd": "내당동", "road_name": "당산로", "capacity": null}}, {"type": "Feature", "geometry": {"type": "Point", "coordinates": [128.555119, 35.861947]}, "properties": {"shelter_id": "OBJ022717000000017", "name": "경운공원", "sido": "대구광역시", "sigungu": "서구", "emd": "내당동", "road_name": "평리로54길", "capacity": null}}, {"type": "Feature", "geometry": {"type": "Point", "coordinates": [128.551655, 35.858515]}, "properties": {"shelter_id": "OBJ022717000000018", "name": "감삼못공원", "sido": "대구광역시", "sigungu": "서구", "emd": "내당동", "road_name": "서대구로3길", "capacity": null}}, {"type": "Feature", "geometry": {"type": "Point", "coordinates": [128.565813, 35.864048]}, "properties": {"shelter_id": "OBJ022717000000019", "name": "황제공원", "sido": "대구광역시", "sigungu": "서구", "emd": "내당동", "road_name": "평리로78길", "capacity": null}}, {"type": "Feature", "geometry": {"type": "Point", "coordinates": [128.550185, 35.860156]}, "properties": {"shelter_id": "OBJ022717000000021", "name": "삼익공원", "sido": "대구광역시", "sigungu": "서구", "emd": "내당동", "road_name": "서대구로5길", "capacity": null}}, {"type": "Feature", "geometry": {"type": "Point", "coordinates": [128.558592, 35.861119]}, "properties": {"shelter_id": "OBJ022717000000020", "name": "형제공원", "sido": "대구광역시", "sigungu": "서구", "emd": "내당동", "road_name": "달구벌대로357길", "capacity": null}}, {"type": "Feature", "geometry": {"type": "Point", "coordinates": [128.568623, 35.887651]}, "properties": {"shelter_id": "OBJ022717000000024", "name": "비산공원", "sido": "대구광역시", "sigungu": "서구", "emd": "비산동", "road_name": "서대구로68길", "capacity": null}}, {"type": "Feature", "geometry": {"type": "Point", "coordinates": [128.543595, 35.873383]}, "properties": {"shelter_id": "OBJ022717000000025", "name": "이현공원", "sido": "대구광역시", "sigungu": "서구", "emd": "이현동", "road_name": "문화로", "capacity": null}}, {"type": "Feature", "geometry": {"type": "Point", "coordinates": [128.549418, 35.863092]}, "properties": {"shelter_id": "OBJ022717000000026", "name": "중리공원", "sido": "대구광역시", "sigungu": "서구", "emd": "중리동", "road_name": "평리로", "capacity": null}}, {"type": "Feature", "geometry": {"type": "Point", "coordinates": [127.457698, 37.285118]}, "properties": {"shelter_id": "OBJ024150000000023", "name": "이현고등학교 운동장", "sido": "경기도", "sigungu": "이천시", "emd": "갈산동", "road_name": "증신로", "capacity": null}}, {"type": "Feature", "geometry": {"type": "Point", "coordinates": [127.433192, 37.294587]}, "properties": {"shelter_id": "OBJ024150000000029", "name": "이천송정초등학교 운동장", "sido": "경기도", "sigungu": "이천시", "emd": "송정동", "road_name": "영창로45번길", "capacity": null}}, {"type": "Feature", "geometry": {"type": "Point", "coordinates": [127.453305, 37.281838]}, "properties": {"shelter_id": "OBJ024150000000032", "name": "온천공원", "sido": "경기도", "sigungu": "이천시", "emd": "갈산동", "road_name": "영창로", "capacity": null}}, {"type": "Feature", "geometry": {"type": "Point", "coordinates": [127.173613, 37.001615]}, "properties": {"shelter_id": "OBJ024155000000003", "name": "공도중학교 운동장", "sido": "경기도", "sigungu": "안성시", "emd": "공도읍", "road_name": "공도로", "capacity": null}}, {"type": "Feature", "geometry": {"type": "Point", "coordinates": [127.167605, 36.999377]}, "properties": {"shelter_id": "OBJ024155000000004", "name": "공도초등학교 운동장", "sido": "경기도", "sigungu": "안성시", "emd": "공도읍", "road_name": "공도1로", "capacity": null}}, {"type": "Feature", "geometry": {"type": "Point", "coordinates": [127.221487, 37.00069]}, "properties": {"shelter_id": "OBJ024155000000012", "name": "광덕초등학교 운동장", "sido": "경기도", "sigungu": "안성시", "emd": "대덕면", "road_name": "내리1길", "capacity": null}}, {"type": "Feature", "geometry": {"type": "Point", "coordinates": [127.238089, 36.973128]}, "properties": {"shelter_id": "OBJ024155000000018", "name": "보체초등학교 운동장", "sido": "경기도", "sigungu": "안성시", "emd": "미양면", "road_name": "보체길", "capacity": null}}, {"type": "Feature", "geometry": {"type": "Point", "coordinates": [127.486884, 37.241597]}, "properties": {"shelter_id": "OBJ024150000000035", "name": "사동초등학교 운동장", "sido": "경기도", "sigungu": "이천시", "emd": "대월면", "road_name": "경충대로2003번길", "capacity": null}}, {"type": "Feature", "geometry": {"type": "Point", "coordinates": [127.2748, 37.004861]}, "properties": {"shelter_id": "OBJ024155000000029", "name": "명륜여자중학교 운동장", "sido": "경기도", "sigungu": "안성시", "emd": "낙원동", "road_name": "장기로103번길", "capacity": null}}, {"type": "Feature", "geometry": {"type": "Point", "coordinates": [127.276465, 37.007668]}, "properties": {"shelter_id": "OBJ024155000000030", "name": "안성여자중학교 운동장", "sido": "경기도", "sigungu": "안성시", "emd": "봉남동", "road_name": "중앙2길", "capacity": null}}, {"type": "Feature", "geometry": {"type": "Point", "coordinates": [127.272159, 37.011784]}, "properties": {"shelter_id": "OBJ024155000000031", "name": "안성초등학교 운동장", "sido": "경기도", "sigungu": "안성시", "emd": "구포동", "road_name": "금산2길", "capacity": null}}, {"type": "Feature", "geometry": {"type": "Point", "coordinates": [128.555624, 35.884239]}, "properties": {"shelter_id": "OBJ022717000000038", "name": "대구북부시외버스터미널", "sido": "대구광역시", "sigungu": "서구", "emd": "비산동", "road_name": "서대구로", "capacity": null}}, {"type": "Feature", "geometry": {"type": "Point", "coordinates": [127.167117, 37.140289]}, "properties": {"shelter_id": "OBJ024146100000006", "name": "남곡초등학교 운동장", "sido": "경기도", "sigungu": "용인시 처인구", "emd": "남사면", "road_name": "남산로", "capacity": null}}, {"type": "Feature", "geometry": {"type": "Point", "coordinates": [127.137666, 37.101401]}, "properties": {"shelter_id": "OBJ024146100000007", "name": "남촌초등학교 운동장", "sido": "경기도", "sigungu": "용인시 처인구", "emd": "남사면", "road_name": "천덕산로", "capacity": null}}, {"type": "Feature", "geometry": {"type": "Point", "coordinates": [127.315154, 37.162891]}, "properties": {"shelter_id": "OBJ024146100000010", "name": "원삼초등학교 운동장", "sido": "경기도", "sigungu": "용인시 처인구", "emd": "원삼면", "road_name": "하사로", "capacity": null}}, {"type": "Feature", "geometry": {"type": "Point", "coordinates": [127.174029, 37.342932]}, "properties": {"shelter_id": "OBJ024146100000003", "name": "능원초등학교 운동장", "sido": "경기도", "sigungu": "용인시 처인구", "emd": "모현읍", "road_name": "충렬로8번길", "capacity": null}}, {"type": "Feature", "geometry": {"type": "Point", "coordinates": [128.561072, 35.868]}, "properties": {"shelter_id": "OBJ022717000000016", "name": "신평리시장 공영주차장", "sido": "대구광역시", "sigungu": "서구", "emd": "평리동", "road_name": "통학로17길", "capacity": null}}, {"type": "Feature", "geometry": {"type": "Point", "coordinates": [128.548851, 35.856078]}, "properties": {"shelter_id": "OBJ022717000000022", "name": "내삼공원", "sido": "대구광역시", "sigungu": "서구", "emd": "내당동", "road_name": "당산로", "capacity": null}}, {"type": "Feature", "geometry": {"type": "Point", "coordinates": [128.566624, 35.886817]}, "properties": {"shelter_id": "OBJ022717000000050", "name": "인지초등학교", "sido": "대구광역시", "sigungu": "서구", "emd": "비산동", "road_name": "서대구로66길", "capacity": null}}, {"type": "Feature", "geometry": {"type": "Point", "coordinates": [128.560023, 35.87265]}, "properties": {"shelter_id": "OBJ022717000000051", "name": "평리초등학교", "sido": "대구광역시", "sigungu": "서구", "emd": "평리동", "road_name": "국채보상로53길", "capacity": null}}, {"type": "Feature", "geometry": {"type": "Point", "coordinates": [128.639708, 35.843738]}, "properties": {"shelter_id": "OBJ022726000000036", "name": "경북고등학교", "sido": "대구광역시", "sigungu": "수성구", "emd": "황금동", "road_name": "청호로", "capacity": null}}, {"type": "Feature", "geometry": {"type": "Point", "coordinates": [128.610094, 35.83654]}, "properties": {"shelter_id": "OBJ022726000000041", "name": "수성초등학교", "sido": "대구광역시", "sigungu": "수성구", "emd": "상동", "road_name": "상화로7길", "capacity": null}}, {"type": "Feature", "geometry": {"type": "Point", "coordinates": [128.619534, 35.843291]}, "properties": {"shelter_id": "OBJ022726000000038", "name": "황금중학교", "sido": "대구광역시", "sigungu": "수성구", "emd": "황금동", "road_name": "들안로32길", "capacity": null}}, {"type": "Feature", "geometry": {"type": "Point", "coordinates": [128.62575, 35.845084]}, "properties": {"shelter_id": "OBJ022726000000039", "name": "대구과학고등학교", "sido": "대구광역시", "sigungu": "수성구", "emd": "황금동", "road_name": "동대구로", "capacity": null}}, {"type": "Feature", "geometry": {"type": "Point", "coordinates": [128.610483, 35.839801]}, "properties": {"shelter_id": "OBJ022726000000040", "name": "삼육초등학교", "sido": "대구광역시", "sigungu": "수성구", "emd": "중동", "road_name": "청수로", "capacity": null}}, {"type": "Feature", "geometry": {"type": "Point", "coordinates": [128.615107, 35.833213]}, "properties": {"shelter_id": "OBJ022726000000042", "name": "덕화중학교", "sido": "대구광역시", "sigungu": "수성구", "emd": "상동", "road_name": "들안로9길", "capacity": null}}, {"type": "Feature", "geometry": {"type": "Point", "coordinates": [128.60784, 35.824258]}, "properties": {"shelter_id": "OBJ022726000000043", "name": "파동초등학교", "sido": "대구광역시", "sigungu": "수성구", "emd": "파동", "road_name": "파동로51길", "capacity": null}}, {"type": "Feature", "geometry": {"type": "Point", "coordinates": [128.6074, 35.825432]}, "properties": {"shelter_id": "OBJ022726000000044", "name": "수성중학교", "sido": "대구광역시", "sigungu": "수성구", "emd": "파동", "road_name": "파동로51길", "capacity": null}}, {"type": "Feature", "geometry": {"type": "Point", "coordinates": [128.640819, 35.824998]}, "properties": {"shelter_id": "OBJ022726000000046", "name": "지봉초등학교", "sido": "대구광역시", "sigungu": "수성구", "emd": "지산동", "road_name": "지범로31안길", "capacity": null}}, {"type": "Feature", "geometry": {"type": "Point", "coordinates": [128.644998, 35.821553]}, "properties": {"shelter_id": "OBJ022726000000055", "name": "범물초등학교", "sido": "대구광역시", "sigungu": "수성구", "emd": "범물동", "road_name": "지범로41길", "capacity": null}}, {"type": "Feature", "geometry": {"type": "Point", "coordinates": [128.693224, 35.843509]}, "properties": {"shelter_id": "OBJ022726000000065", "name": "고산초등학교", "sido": "대구광역시", "sigungu": "수성구", "emd": "시지동", "road_name": "달구벌대로", "capacity": null}}, {"type": "Feature", "geometry": {"type": "Point", "coordinates": [128.730219, 35.867641]}, "properties": {"shelter_id": "OBJ022714000000023", "name": "강동초등학교(운동장)", "sido": "대구광역시", "sigungu": "동구", "emd": "신서동", "road_name": "동호로7길", "capacity": null}}, {"type": "Feature", "geometry": {"type": "Point", "coordinates": [128.692004, 35.86138]}, "properties": {"shelter_id": "OBJ022714000000024", "name": "율금초등학교(운동장)", "sido": "대구광역시", "sigungu": "동구", "emd": "율하동", "road_name": "안심로16길", "capacity": null}}, {"type": "Feature", "geometry": {"type": "Point", "coordinates": [128.717599, 35.884074]}, "properties": {"shelter_id": "OBJ022714000000025", "name": "새론초등학교(운동장)", "sido": "대구광역시", "sigungu": "동구", "emd": "각산동", "road_name": "과학로", "capacity": null}}, {"type": "Feature", "geometry": {"type": "Point", "coordinates": [128.701943, 35.860959]}, "properties": {"shelter_id": "OBJ022714000000029", "name": "율원중학교(운동장)", "sido": "대구광역시", "sigungu": "동구", "emd": "율하동", "road_name": "율하동로", "capacity": null}}, {"type": "Feature", "geometry": {"type": "Point", "coordinates": [128.702636, 35.869492]}, "properties": {"shelter_id": "OBJ022714000000034", "name": "안심근린공원", "sido": "대구광역시", "sigungu": "동구", "emd": "신기동", "road_name": "율하동로24길", "capacity": null}}, {"type": "Feature", "geometry": {"type": "Point", "coordinates": [128.623513, 35.889821]}, "properties": {"shelter_id": "OBJ022714000000035", "name": "신암공원", "sido": "대구광역시", "sigungu": "동구", "emd": "신암동", "road_name": "큰고개로", "capacity": null}}, {"type": "Feature", "geometry": {"type": "Point", "coordinates": [128.733008, 35.88051]}, "properties": {"shelter_id": "OBJ022714000000042", "name": "신서중앙공원", "sido": "대구광역시", "sigungu": "동구", "emd": "신서동", "road_name": "첨복로", "capacity": null}}, {"type": "Feature", "geometry": {"type": "Point", "coordinates": [128.648112, 35.913462]}, "properties": {"shelter_id": "OBJ022714000000037", "name": "불로동고분공원", "sido": "대구광역시", "sigungu": "동구", "emd": "불로동", "road_name": "팔공로32길", "capacity": null}}, {"type": "Feature", "geometry": {"type": "Point", "coordinates": [128.637763, 35.926318]}, "properties": {"shelter_id": "OBJ022714000000038", "name": "위남공원", "sido": "대구광역시", "sigungu": "동구", "emd": "봉무동", "road_name": "팔공로53길", "capacity": null}}, {"type": "Feature", "geometry": {"type": "Point", "coordinates": [128.703259, 35.864559]}, "properties": {"shelter_id": "OBJ022714000000040", "name": "샛터근린공원", "sido": "대구광역시", "sigungu": "동구", "emd": "율하동", "road_name": "율하동로", "capacity": null}}, {"type": "Feature", "geometry": {"type": "Point", "coordinates": [128.715371, 35.879588]}, "properties": {"shelter_id": "OBJ022714000000041", "name": "각산비나리공원", "sido": "대구광역시", "sigungu": "동구", "emd": "각산동", "road_name": "경안로", "capacity": null}}, {"type": "Feature", "geometry": {"type": "Point", "coordinates": [128.640134, 35.917463]}, "properties": {"shelter_id": "OBJ022714000000039", "name": "단산유적공원", "sido": "대구광역시", "sigungu": "동구", "emd": "봉무동", "road_name": "팔공로", "capacity": null}}, {"type": "Feature", "geometry": {"type": "Point", "coordinates": [128.690783, 35.85977]}, "properties": {"shelter_id": "OBJ022714000000043", "name": "율하체육공원", "sido": "대구광역시", "sigungu": "동구", "emd": "율하동", "road_name": "금호강변로", "capacity": null}}, {"type": "Feature", "geometry": {"type": "Point", "coordinates": [128.65479, 35.882749]}, "properties": {"shelter_id": "OBJ022714000000044", "name": "동촌둔치(체육공원)", "sido": "대구광역시", "sigungu": "동구", "emd": "검사동", "road_name": "해동로", "capacity": null}}, {"type": "Feature", "geometry": {"type": "Point", "coordinates": [128.62583, 35.874233]}, "properties": {"shelter_id": "OBJ022714000000045", "name": "동대구로동네체육공원", "sido": "대구광역시", "sigungu": "동구", "emd": "신천동", "road_name": "동부로", "capacity": null}}, {"type": "Feature", "geometry": {"type": "Point", "coordinates": [128.646809, 35.909062]}, "properties": {"shelter_id": "OBJ022714000000046", "name": "불로천둔치", "sido": "대구광역시", "sigungu": "동구", "emd": "도동", "road_name": "팔공로24길", "capacity": null}}, {"type": "Feature", "geometry": {"type": "Point", "coordinates": [128.662426, 35.91894]}, "properties": {"shelter_id": "OBJ022714000000047", "name": "도동측백나무숲주차장", "sido": "대구광역시", "sigungu": "동구", "emd": "도동", "road_name": "도평로", "capacity": null}}, {"type": "Feature", "geometry": {"type": "Point", "coordinates": [126.722321, 37.72245]}, "properties": {"shelter_id": "OBJ024148000000038", "name": "교하고등학교 운동장", "sido": "경기도", "sigungu": "파주시", "emd": "동패동", "road_name": "책향기로", "capacity": null}}, {"type": "Feature", "geometry": {"type": "Point", "coordinates": [126.767856, 37.754551]}, "properties": {"shelter_id": "OBJ024148000000048", "name": "금화초등학교 운동장", "sido": "경기도", "sigungu": "파주시", "emd": "금촌동", "road_name": "새꽃로", "capacity": null}}, {"type": "Feature", "geometry": {"type": "Point", "coordinates": [126.754944, 37.713042]}, "properties": {"shelter_id": "OBJ024148000000041", "name": "한빛고등학교 운동장", "sido": "경기도", "sigungu": "파주시", "emd": "야당동", "road_name": "한빛로", "capacity": null}}, {"type": "Feature", "geometry": {"type": "Point", "coordinates": [126.757472, 37.726356]}, "properties": {"shelter_id": "OBJ024148000000042", "name": "와동초등학교 운동장", "sido": "경기도", "sigungu": "파주시", "emd": "와동동", "road_name": "가온로", "capacity": null}}, {"type": "Feature", "geometry": {"type": "Point", "coordinates": [126.756379, 37.731655]}, "properties": {"shelter_id": "OBJ024148000000043", "name": "한가람초등학교 운동장", "sido": "경기도", "sigungu": "파주시", "emd": "와동동", "road_name": "금바위로", "capacity": null}}, {"type": "Feature", "geometry": {"type": "Point", "coordinates": [126.752473, 37.724214]}, "properties": {"shelter_id": "OBJ024148000000044", "name": "지산중학교 운동장", "sido": "경기도", "sigungu": "파주시", "emd": "와동동", "road_name": "와석순환로", "capacity": null}}, {"type": "Feature", "geometry": {"type": "Point", "coordinates": [126.756878, 37.730859]}, "properties": {"shelter_id": "OBJ024148000000045", "name": "한가람중학교 운동장", "sido": "경기도", "sigungu": "파주시", "emd": "와동동", "road_name": "금바위로", "capacity": null}}, {"type": "Feature", "geometry": {"type": "Point", "coordinates": [126.778167, 37.751191]}, "properties": {"shelter_id": "OBJ024148000000050", "name": "금촌중학교 운동장", "sido": "경기도", "sigungu": "파주시", "emd": "금릉동", "road_name": "쇠재1길", "capacity": null}}, {"type": "Feature", "geometry": {"type": "Point", "coordinates": [126.769639, 37.761532]}, "properties": {"shelter_id": "OBJ024148000000051", "name": "금촌초등학교 운동장", "sido": "경기도", "sigungu": "파주시", "emd": "금촌동", "road_name": "새꽃로", "capacity": null}}, {"type": "Feature", "geometry": {"type": "Point", "coordinates": [128.738126, 35.880383]}, "properties": {"shelter_id": "OBJ022714000000074", "name": "동내여울근린공원", "sido": "대구광역시", "sigungu": "동구", "emd": "동내동", "road_name": "동내로20길", "capacity": null}}, {"type": "Feature", "geometry": {"type": "Point", "coordinates": [128.737034, 35.876216]}, "properties": {"shelter_id": "OBJ022714000000075", "name": "동내향수근린공원", "sido": "대구광역시", "sigungu": "동구", "emd": "동내동", "road_name": "동내로", "capacity": null}}, {"type": "Feature", "geometry": {"type": "Point", "coordinates": [128.753892, 35.875686]}, "properties": {"shelter_id": "OBJ022714000000077", "name": "숙천꿈마루근린공원", "sido": "대구광역시", "sigungu": "동구", "emd": "사복동", "road_name": "숙천로", "capacity": null}}, {"type": "Feature", "geometry": {"type": "Point", "coordinates": [128.714238, 35.885299]}, "properties": {"shelter_id": "OBJ022714000000086", "name": "다람쥐어린이공원", "sido": "대구광역시", "sigungu": "동구", "emd": "각산동", "road_name": "이노밸리로29길", "capacity": null}}, {"type": "Feature", "geometry": {"type": "Point", "coordinates": [126.793032, 37.883535]}, "properties": {"shelter_id": "OBJ024148000000054", "name": "문산체육공원", "sido": "경기도", "sigungu": "파주시", "emd": "문산읍", "road_name": "율곡로", "capacity": null}}, {"type": "Feature", "geometry": {"type": "Point", "coordinates": [126.772772, 37.751025]}, "properties": {"shelter_id": "OBJ024148000000049", "name": "금릉중학교 운동장", "sido": "경기도", "sigungu": "파주시", "emd": "금촌동", "road_name": "후곡로", "capacity": null}}, {"type": "Feature", "geometry": {"type": "Point", "coordinates": [126.734195, 37.710712]}, "properties": {"shelter_id": "OBJ024148000000039", "name": "동패고등학교 운동장", "sido": "경기도", "sigungu": "파주시", "emd": "동패동", "road_name": "교하로", "capacity": null}}, {"type": "Feature", "geometry": {"type": "Point", "coordinates": [126.736301, 37.721487]}, "properties": {"shelter_id": "OBJ024148000000040", "name": "운정고등학교 운동장", "sido": "경기도", "sigungu": "파주시", "emd": "목동동", "road_name": "와석순환로", "capacity": null}}, {"type": "Feature", "geometry": {"type": "Point", "coordinates": [126.773251, 37.752245]}, "properties": {"shelter_id": "OBJ024148000000046", "name": "금릉초등학교 운동장", "sido": "경기도", "sigungu": "파주시", "emd": "금촌동", "road_name": "후곡로", "capacity": null}}, {"type": "Feature", "geometry": {"type": "Point", "coordinates": [126.778211, 37.750057]}, "properties": {"shelter_id": "OBJ024148000000052", "name": "금촌고등학교 운동장", "sido": "경기도", "sigungu": "파주시", "emd": "금릉동", "road_name": "쇠재1길", "capacity": null}}, {"type": "Feature", "geometry": {"type": "Point", "coordinates": [126.746087, 37.840278]}, "properties": {"shelter_id": "OBJ024148000000055", "name": "내포리체육공원", "sido": "경기도", "sigungu": "파주시", "emd": "문산읍", "road_name": "방촌로", "capacity": null}}, {"type": "Feature", "geometry": {"type": "Point", "coordinates": [126.687976, 37.780619]}, "properties": {"shelter_id": "OBJ024148000000058", "name": "통일동산(계절화원)", "sido": "경기도", "sigungu": "파주시", "emd": "탄현면", "road_name": "성동로", "capacity": null}}, {"type": "Feature", "geometry": {"type": "Point", "coordinates": [126.699247, 37.788459]}, "properties": {"shelter_id": "OBJ024148000000059", "name": "탄현면 공터 1", "sido": "경기도", "sigungu": "파주시", "emd": "탄현면", "road_name": "헤이리마을길", "capacity": null}}, {"type": "Feature", "geometry": {"type": "Point", "coordinates": [126.694743, 37.728277]}, "properties": {"shelter_id": "OBJ024148000000060", "name": "신촌동 공터 1", "sido": "경기도", "sigungu": "파주시", "emd": "신촌동", "road_name": "신촌2로", "capacity": null}}, {"type": "Feature", "geometry": {"type": "Point", "coordinates": [126.694813, 37.730656]}, "properties": {"shelter_id": "OBJ024148000000061", "name": "신촌동 공터 2", "sido": "경기도", "sigungu": "파주시", "emd": "신촌동", "road_name": "신촌1로", "capacity": null}}, {"type": "Feature", "geometry": {"type": "Point", "coordinates": [126.737296, 37.708343]}, "properties": {"shelter_id": "OBJ024148000000063", "name": "운정지구 메아리공원", "sido": "경기도", "sigungu": "파주시", "emd": "동패동", "road_name": "동패로", "capacity": null}}, {"type": "Feature", "geometry": {"type": "Point", "coordinates": [126.753586, 37.71042]}, "properties": {"shelter_id": "OBJ024148000000068", "name": "와석초등학교 운동장", "sido": "경기도", "sigungu": "파주시", "emd": "야당동", "road_name": "한빛로", "capacity": null}}, {"type": "Feature", "geometry": {"type": "Point", "coordinates": [126.754334, 37.707715]}, "properties": {"shelter_id": "OBJ024148000000069", "name": "운정초등학교 운동장", "sido": "경기도", "sigungu": "파주시", "emd": "야당동", "road_name": "와석순환로", "capacity": null}}, {"type": "Feature", "geometry": {"type": "Point", "coordinates": [128.625179, 35.832558]}, "properties": {"shelter_id": "OBJ022726000000047", "name": "두산초등학교", "sido": "대구광역시", "sigungu": "수성구", "emd": "지산동", "road_name": "동대구로6길", "capacity": null}}, {"type": "Feature", "geometry": {"type": "Point", "coordinates": [128.630286, 35.826649]}, "properties": {"shelter_id": "OBJ022726000000048", "name": "지산초등학교", "sido": "대구광역시", "sigungu": "수성구", "emd": "지산동", "road_name": "지범로17길", "capacity": null}}, {"type": "Feature", "geometry": {"type": "Point", "coordinates": [128.632173, 35.831283]}, "properties": {"shelter_id": "OBJ022726000000049", "name": "능인중.고등학교", "sido": "대구광역시", "sigungu": "수성구", "emd": "지산동", "road_name": "무학로", "capacity": null}}, {"type": "Feature", "geometry": {"type": "Point", "coordinates": [128.628722, 35.825009]}, "properties": {"shelter_id": "OBJ022726000000052", "name": "지산중학교", "sido": "대구광역시", "sigungu": "수성구", "emd": "지산동", "road_name": "지산로3길", "capacity": null}}, {"type": "Feature", "geometry": {"type": "Point", "coordinates": [128.625722, 35.821602]}, "properties": {"shelter_id": "OBJ022726000000053", "name": "수성고등학교", "sido": "대구광역시", "sigungu": "수성구", "emd": "지산동", "road_name": "용학로28길", "capacity": null}}, {"type": "Feature", "geometry": {"type": "Point", "coordinates": [128.639512, 35.816445]}, "properties": {"shelter_id": "OBJ022726000000057", "name": "범일초등학교", "sido": "대구광역시", "sigungu": "수성구", "emd": "범물동", "road_name": "범안로2길", "capacity": null}}, {"type": "Feature", "geometry": {"type": "Point", "coordinates": [128.639687, 35.815464]}, "properties": {"shelter_id": "OBJ022726000000058", "name": "범물중학교", "sido": "대구광역시", "sigungu": "수성구", "emd": "범물동", "road_name": "범안로4길", "capacity": null}}, {"type": "Feature", "geometry": {"type": "Point", "coordinates": [128.70904, 35.836032]}, "properties": {"shelter_id": "OBJ022726000000059", "name": "신매초등학교", "sido": "대구광역시", "sigungu": "수성구", "emd": "신매동", "road_name": "신매로", "capacity": null}}, {"type": "Feature", "geometry": {"type": "Point", "coordinates": [128.707549, 35.830936]}, "properties": {"shelter_id": "OBJ022726000000060", "name": "욱수초등학교", "sido": "대구광역시", "sigungu": "수성구", "emd": "신매동", "road_name": "달구벌대로650길", "capacity": null}}, {"type": "Feature", "geometry": {"type": "Point", "coordinates": [128.633756, 35.897962]}, "properties": {"shelter_id": "OBJ022714000000057", "name": "불로중학교(운동장)", "sido": "대구광역시", "sigungu": "동구", "emd": "불로동", "road_name": "방천로5길", "capacity": null}}, {"type": "Feature", "geometry": {"type": "Point", "coordinates": [128.725396, 35.878764]}, "properties": {"shelter_id": "OBJ022714000000058", "name": "새론중학교(운동장)", "sido": "대구광역시", "sigungu": "동구", "emd": "신서동", "road_name": "이노밸리로", "capacity": null}}, {"type": "Feature", "geometry": {"type": "Point", "coordinates": [128.721853, 35.88589]}, "properties": {"shelter_id": "OBJ022714000000061", "name": "대구일과학고등학교(운동장)", "sido": "대구광역시", "sigungu": "동구", "emd": "각산동", "road_name": "과학로", "capacity": null}}, {"type": "Feature", "geometry": {"type": "Point", "coordinates": [126.958194, 37.321208]}, "properties": {"shelter_id": "OBJ024143000000006", "name": "의왕덕성초등학교 운동장", "sido": "경기도", "sigungu": "의왕시", "emd": "삼동", "road_name": "덕영대로", "capacity": null}}, {"type": "Feature", "geometry": {"type": "Point", "coordinates": [126.950098, 37.315449]}, "properties": {"shelter_id": "OBJ024143000000007", "name": "의왕부곡초등학교 운동장", "sido": "경기도", "sigungu": "의왕시", "emd": "삼동", "road_name": "부곡초등길", "capacity": null}}, {"type": "Feature", "geometry": {"type": "Point", "coordinates": [126.979134, 37.348638]}, "properties": {"shelter_id": "OBJ024143000000003", "name": "우성고등학교 운동장", "sido": "경기도", "sigungu": "의왕시", "emd": "고천동", "road_name": "오전로", "capacity": null}}, {"type": "Feature", "geometry": {"type": "Point", "coordinates": [126.959361, 37.34736]}, "properties": {"shelter_id": "OBJ024143000000004", "name": "경기외국어고등학교 운동장", "sido": "경기도", "sigungu": "의왕시", "emd": "고천동", "road_name": "고산로105번길", "capacity": null}}, {"type": "Feature", "geometry": {"type": "Point", "coordinates": [126.982489, 37.346905]}, "properties": {"shelter_id": "OBJ024143000000005", "name": "고천체육공원", "sido": "경기도", "sigungu": "의왕시", "emd": "왕곡동", "road_name": "오전로", "capacity": null}}, {"type": "Feature", "geometry": {"type": "Point", "coordinates": [126.956738, 37.314335]}, "properties": {"shelter_id": "OBJ024143000000008", "name": "의왕부곡중학교 운동장", "sido": "경기도", "sigungu": "의왕시", "emd": "월암동", "road_name": "부곡중학길", "capacity": null}}, {"type": "Feature", "geometry": {"type": "Point", "coordinates": [126.980525, 37.345599]}, "properties": {"shelter_id": "OBJ024143000000002", "name": "왕곡초등학교 운동장", "sido": "경기도", "sigungu": "의왕시", "emd": "왕곡동", "road_name": "위인로", "capacity": null}}, {"type": "Feature", "geometry": {"type": "Point", "coordinates": [126.713866, 37.719681]}, "properties": {"shelter_id": "OBJ024148000000053", "name": "두일초등학교 운동장", "sido": "경기도", "sigungu": "파주시", "emd": "동패동", "road_name": "책향기로", "capacity": null}}, {"type": "Feature", "geometry": {"type": "Point", "coordinates": [126.854351, 37.83957]}, "properties": {"shelter_id": "OBJ024148000000056", "name": "법원체육공원", "sido": "경기도", "sigungu": "파주시", "emd": "법원읍", "road_name": "술이홀로", "capacity": null}}, {"type": "Feature", "geometry": {"type": "Point", "coordinates": [126.741401, 37.762017]}, "properties": {"shelter_id": "OBJ024148000000062", "name": "교하체육공원", "sido": "경기도", "sigungu": "파주시", "emd": "하지석동", "road_name": "하지석길", "capacity": null}}, {"type": "Feature", "geometry": {"type": "Point", "coordinates": [126.755789, 37.714224]}, "properties": {"shelter_id": "OBJ024148000000064", "name": "운정지구 오름공원", "sido": "경기도", "sigungu": "파주시", "emd": "야당동", "road_name": "한빛로", "capacity": null}}, {"type": "Feature", "geometry": {"type": "Point", "coordinates": [126.767483, 37.767557]}, "properties": {"shelter_id": "OBJ024148000000065", "name": "금촌체육공원", "sido": "경기도", "sigungu": "파주시", "emd": "금촌동", "road_name": "평화로", "capacity": null}}, {"type": "Feature", "geometry": {"type": "Point", "coordinates": [128.749093, 35.877129]}, "properties": {"shelter_id": "OBJ022714000000076", "name": "사복노을근린공원", "sido": "대구광역시", "sigungu": "동구", "emd": "사복동", "road_name": "메디밸리로12길", "capacity": null}}, {"type": "Feature", "geometry": {"type": "Point", "coordinates": [128.69574, 35.868977]}, "properties": {"shelter_id": "OBJ022714000000078", "name": "햇님어린이공원", "sido": "대구광역시", "sigungu": "동구", "emd": "율하동", "road_name": "율하동로17길", "capacity": null}}, {"type": "Feature", "geometry": {"type": "Point", "coordinates": [128.698829, 35.868845]}, "properties": {"shelter_id": "OBJ022714000000079", "name": "달님어린이공원", "sido": "대구광역시", "sigungu": "동구", "emd": "율하동", "road_name": "율하동로19길", "capacity": null}}, {"type": "Feature", "geometry": {"type": "Point", "coordinates": [128.7011, 35.866419]}, "properties": {"shelter_id": "OBJ022714000000080", "name": "믿음어린이공원", "sido": "대구광역시", "sigungu": "동구", "emd": "율하동", "road_name": "율하동로", "capacity": null}}, {"type": "Feature", "geometry": {"type": "Point", "coordinates": [128.724826, 35.86482]}, "properties": {"shelter_id": "OBJ022714000000081", "name": "아라어린이공원", "sido": "대구광역시", "sigungu": "동구", "emd": "동호동", "road_name": "동호로2길", "capacity": null}}, {"type": "Feature", "geometry": {"type": "Point", "coordinates": [128.729404, 35.864441]}, "properties": {"shelter_id": "OBJ022714000000082", "name": "금강어린이공원", "sido": "대구광역시", "sigungu": "동구", "emd": "신서동", "road_name": "금강로", "capacity": null}}, {"type": "Feature", "geometry": {"type": "Point", "coordinates": [128.694344, 35.86663]}, "properties": {"shelter_id": "OBJ022714000000083", "name": "바람꽃어린이공원", "sido": "대구광역시", "sigungu": "동구", "emd": "율하동", "road_name": "안심로16길", "capacity": null}}, {"type": "Feature", "geometry": {"type": "Point", "coordinates": [128.688139, 35.861672]}, "properties": {"shelter_id": "OBJ022714000000084", "name": "금낭화어린이공원", "sido": "대구광역시", "sigungu": "동구", "emd": "율하동", "road_name": "율하서로3길", "capacity": null}}, {"type": "Feature", "geometry": {"type": "Point", "coordinates": [128.698746, 35.864644]}, "properties": {"shelter_id": "OBJ022714000000085", "name": "쑥부쟁이어린이공원", "sido": "대구광역시", "sigungu": "동구", "emd": "율하동", "road_name": "안심로22길", "capacity": null}}, {"type": "Feature", "geometry": {"type": "Point", "coordinates": [128.716638, 35.888548]}, "properties": {"shelter_id": "OBJ022714000000087", "name": "돌고래어린이공원", "sido": "대구광역시", "sigungu": "동구", "emd": "각산동", "road_name": "과학로13길", "capacity": null}}, {"type": "Feature", "geometry": {"type": "Point", "coordinates": [128.720792, 35.877439]}, "properties": {"shelter_id": "OBJ022714000000088", "name": "거북이어린이공원", "sido": "대구광역시", "sigungu": "동구", "emd": "각산동", "road_name": "이노밸리로46길", "capacity": null}}, {"type": "Feature", "geometry": {"type": "Point", "coordinates": [128.72729, 35.876824]}, "properties": {"shelter_id": "OBJ022714000000089", "name": "반달곰어린이공원", "sido": "대구광역시", "sigungu": "동구", "emd": "신서동", "road_name": "신서로22길", "capacity": null}}, {"type": "Feature", "geometry": {"type": "Point", "coordinates": [128.752225, 35.883372]}, "properties": {"shelter_id": "OBJ022714000000090", "name": "꽃사슴어린이공원", "sido": "대구광역시", "sigungu": "동구", "emd": "숙천동", "road_name": "초례로16길", "capacity": null}}, {"type": "Feature", "geometry": {"type": "Point", "coordinates": [128.64448, 35.921736]}, "properties": {"shelter_id": "OBJ022714000000091", "name": "분홍공원", "sido": "대구광역시", "sigungu": "동구", "emd": "봉무동", "road_name": "단산길", "capacity": null}}, {"type": "Feature", "geometry": {"type": "Point", "coordinates": [128.545331, 35.869293]}, "properties": {"shelter_id": "OBJ022717000000043", "name": "중리초등학교", "sido": "대구광역시", "sigungu": "서구", "emd": "이현동", "road_name": "당산로", "capacity": null}}, {"type": "Feature", "geometry": {"type": "Point", "coordinates": [128.556852, 35.87961]}, "properties": {"shelter_id": "OBJ022717000000005", "name": "서대구중학교", "sido": "대구광역시", "sigungu": "서구", "emd": "평리동", "road_name": "북비산로45길", "capacity": null}}, {"type": "Feature", "geometry": {"type": "Point", "coordinates": [128.568541, 35.88314]}, "properties": {"shelter_id": "OBJ022717000000007", "name": "비봉초등학교", "sido": "대구광역시", "sigungu": "서구", "emd": "비산동", "road_name": "북비산로63길", "capacity": null}}, {"type": "Feature", "geometry": {"type": "Point", "coordinates": [128.575874, 35.881187]}, "properties": {"shelter_id": "OBJ022717000000008", "name": "경일중학교", "sido": "대구광역시", "sigungu": "서구", "emd": "원대동1가", "road_name": "달서천로76길", "capacity": null}}, {"type": "Feature", "geometry": {"type": "Point", "coordinates": [126.742832, 37.718652]}, "properties": {"shelter_id": "OBJ024148000000071", "name": "자운학교 운동장", "sido": "경기도", "sigungu": "파주시", "emd": "목동동", "road_name": "교하로", "capacity": null}}, {"type": "Feature", "geometry": {"type": "Point", "coordinates": [126.773161, 37.747794]}, "properties": {"shelter_id": "OBJ024148000000072", "name": "새금초등학교 운동장", "sido": "경기도", "sigungu": "파주시", "emd": "금촌동", "road_name": "후곡로", "capacity": null}}, {"type": "Feature", "geometry": {"type": "Point", "coordinates": [127.442189, 37.318188]}, "properties": {"shelter_id": "OBJ024150000000004", "name": "도암초등학교 운동장", "sido": "경기도", "sigungu": "이천시", "emd": "신둔면", "road_name": "증신로", "capacity": null}}, {"type": "Feature", "geometry": {"type": "Point", "coordinates": [126.881142, 37.848825]}, "properties": {"shelter_id": "OBJ024148000000073", "name": "율곡중,고등학교 운동장", "sido": "경기도", "sigungu": "파주시", "emd": "법원읍", "road_name": "사임당로905번길", "capacity": null}}, {"type": "Feature", "geometry": {"type": "Point", "coordinates": [126.848379, 37.782889]}, "properties": {"shelter_id": "OBJ024148000000074", "name": "광탄고등학교 운동장", "sido": "경기도", "sigungu": "파주시", "emd": "광탄면", "road_name": "혜음로1120번길", "capacity": null}}, {"type": "Feature", "geometry": {"type": "Point", "coordinates": [126.719101, 37.73069]}, "properties": {"shelter_id": "OBJ024148000000075", "name": "청석초등학교 운동장", "sido": "경기도", "sigungu": "파주시", "emd": "다율동", "road_name": "책향기숲길", "capacity": null}}, {"type": "Feature", "geometry": {"type": "Point", "coordinates": [126.735613, 37.70815]}, "properties": {"shelter_id": "OBJ024148000000076", "name": "동패중학교 운동장", "sido": "경기도", "sigungu": "파주시", "emd": "동패동", "road_name": "교하로", "capacity": null}}, {"type": "Feature", "geometry": {"type": "Point", "coordinates": [126.754576, 37.714217]}, "properties": {"shelter_id": "OBJ024148000000077", "name": "한빛중학교 운동장", "sido": "경기도", "sigungu": "파주시", "emd": "야당동", "road_name": "한빛로", "capacity": null}}, {"type": "Feature", "geometry": {"type": "Point", "coordinates": [126.745898, 37.726962]}, "properties": {"shelter_id": "OBJ024148000000078", "name": "해솔중학교 운동장", "sido": "경기도", "sigungu": "파주시", "emd": "목동동", "road_name": "해솔로", "capacity": null}}, {"type": "Feature", "geometry": {"type": "Point", "coordinates": [127.4035, 37.309909]}, "properties": {"shelter_id": "OBJ024150000000003", "name": "신둔초등학교 운동장", "sido": "경기도", "sigungu": "이천시", "emd": "신둔면", "road_name": "경충대로3150번길", "capacity": null}}, {"type": "Feature", "geometry": {"type": "Point", "coordinates": [126.776682, 37.75213]}, "properties": {"shelter_id": "OBJ024148000000047", "name": "금향초등학교 운동장", "sido": "경기도", "sigungu": "파주시", "emd": "금촌동", "road_name": "쇠재로", "capacity": null}}, {"type": "Feature", "geometry": {"type": "Point", "coordinates": [126.851402, 37.807693]}, "properties": {"shelter_id": "OBJ024148000000057", "name": "광탄체육공원", "sido": "경기도", "sigungu": "파주시", "emd": "광탄면", "road_name": "부흥로", "capacity": null}}, {"type": "Feature", "geometry": {"type": "Point", "coordinates": [127.627841, 37.116125]}, "properties": {"shelter_id": "OBJ024150000000001", "name": "장호원초등학교 운동장", "sido": "경기도", "sigungu": "이천시", "emd": "장호원읍", "road_name": "장감로", "capacity": null}}, {"type": "Feature", "geometry": {"type": "Point", "coordinates": [127.488658, 37.286247]}, "properties": {"shelter_id": "OBJ024150000000002", "name": "부발초등학교 운동장", "sido": "경기도", "sigungu": "이천시", "emd": "부발읍", "road_name": "무촌로", "capacity": null}}, {"type": "Feature", "geometry": {"type": "Point", "coordinates": [127.394397, 37.214876]}, "properties": {"shelter_id": "OBJ024150000000008", "name": "매곡초등학교 운동장", "sido": "경기도", "sigungu": "이천시", "emd": "호법면", "road_name": "이섭대천로100번길", "capacity": null}}, {"type": "Feature", "geometry": {"type": "Point", "coordinates": [127.490267, 37.338279]}, "properties": {"shelter_id": "OBJ024150000000005", "name": "백사초등학교 운동장", "sido": "경기도", "sigungu": "이천시", "emd": "백사면", "road_name": "현방로43번길", "capacity": null}}, {"type": "Feature", "geometry": {"type": "Point", "coordinates": [127.483281, 37.308191]}, "properties": {"shelter_id": "OBJ024150000000006", "name": "도지초등학교 운동장", "sido": "경기도", "sigungu": "이천시", "emd": "백사면", "road_name": "청백리로", "capacity": null}}, {"type": "Feature", "geometry": {"type": "Point", "coordinates": [128.707187, 35.829797]}, "properties": {"shelter_id": "OBJ022726000000062", "name": "시지고등학교", "sido": "대구광역시", "sigungu": "수성구", "emd": "신매동", "road_name": "신매로", "capacity": null}}, {"type": "Feature", "geometry": {"type": "Point", "coordinates": [128.706946, 35.825872]}, "properties": {"shelter_id": "OBJ022726000000063", "name": "덕원중.고등학교", "sido": "대구광역시", "sigungu": "수성구", "emd": "욱수동", "road_name": "욱수길", "capacity": null}}, {"type": "Feature", "geometry": {"type": "Point", "coordinates": [128.715599, 35.834012]}, "properties": {"shelter_id": "OBJ022726000000064", "name": "사월초등학교", "sido": "대구광역시", "sigungu": "수성구", "emd": "신매동", "road_name": "달구벌대로656길", "capacity": null}}, {"type": "Feature", "geometry": {"type": "Point", "coordinates": [128.712544, 35.841128]}, "properties": {"shelter_id": "OBJ022726000000072", "name": "매호초등학교", "sido": "대구광역시", "sigungu": "수성구", "emd": "매호동", "road_name": "달구벌대로647길", "capacity": null}}, {"type": "Feature", "geometry": {"type": "Point", "coordinates": [128.697383, 35.837211]}, "properties": {"shelter_id": "OBJ022726000000066", "name": "노변초등학교", "sido": "대구광역시", "sigungu": "수성구", "emd": "시지동", "road_name": "노변공원로", "capacity": null}}, {"type": "Feature", "geometry": {"type": "Point", "coordinates": [128.703063, 35.843282]}, "properties": {"shelter_id": "OBJ022726000000070", "name": "시지초등학교", "sido": "대구광역시", "sigungu": "수성구", "emd": "매호동", "road_name": "달구벌대로631길", "capacity": null}}, {"type": "Feature", "geometry": {"type": "Point", "coordinates": [128.637727, 35.821068]}, "properties": {"shelter_id": "OBJ022726000000006", "name": "지산어린이공원", "sido": "대구광역시", "sigungu": "수성구", "emd": "지산동", "road_name": "용학로", "capacity": null}}, {"type": "Feature", "geometry": {"type": "Point", "coordinates": [128.703649, 35.844942]}, "properties": {"shelter_id": "OBJ022726000000003", "name": "매호공원", "sido": "대구광역시", "sigungu": "수성구", "emd": "매호동", "road_name": "천을로23길", "capacity": null}}, {"type": "Feature", "geometry": {"type": "Point", "coordinates": [128.643221, 35.81832]}, "properties": {"shelter_id": "OBJ022726000000004", "name": "범물공원", "sido": "대구광역시", "sigungu": "수성구", "emd": "범물동", "road_name": "범안로", "capacity": null}}, {"type": "Feature", "geometry": {"type": "Point", "coordinates": [128.709064, 35.832359]}, "properties": {"shelter_id": "OBJ022726000000005", "name": "신매공원", "sido": "대구광역시", "sigungu": "수성구", "emd": "신매동", "road_name": "달구벌대로650길", "capacity": null}}, {"type": "Feature", "geometry": {"type": "Point", "coordinates": [128.618112, 35.833484]}, "properties": {"shelter_id": "OBJ022726000000001", "name": "맑음공원", "sido": "대구광역시", "sigungu": "수성구", "emd": "두산동", "road_name": "들안로8길", "capacity": null}}, {"type": "Feature", "geometry": {"type": "Point", "coordinates": [128.614844, 35.860583]}, "properties": {"shelter_id": "OBJ022726000000007", "name": "수성근린공원", "sido": "대구광역시", "sigungu": "수성구", "emd": "수성동4가", "road_name": "수성로", "capacity": null}}, {"type": "Feature", "geometry": {"type": "Point", "coordinates": [128.6498, 35.852429]}, "properties": {"shelter_id": "OBJ022726000000025", "name": "소선여자중학교", "sido": "대구광역시", "sigungu": "수성구", "emd": "만촌동", "road_name": "교학로8길", "capacity": null}}, {"type": "Feature", "geometry": {"type": "Point", "coordinates": [126.959332, 37.314112]}, "properties": {"shelter_id": "OBJ024143000000010", "name": "부곡체육공원", "sido": "경기도", "sigungu": "의왕시", "emd": "월암동", "road_name": "부곡중학길", "capacity": null}}, {"type": "Feature", "geometry": {"type": "Point", "coordinates": [126.972523, 37.354487]}, "properties": {"shelter_id": "OBJ024143000000011", "name": "오전초등학교 운동장", "sido": "경기도", "sigungu": "의왕시", "emd": "오전동", "road_name": "찬우물길", "capacity": null}}, {"type": "Feature", "geometry": {"type": "Point", "coordinates": [126.96826, 37.363193]}, "properties": {"shelter_id": "OBJ024143000000012", "name": "의왕초등학교 운동장", "sido": "경기도", "sigungu": "의왕시", "emd": "오전동", "road_name": "모락로", "capacity": null}}, {"type": "Feature", "geometry": {"type": "Point", "coordinates": [126.972712, 37.358203]}, "properties": {"shelter_id": "OBJ024143000000013", "name": "모락초등학교 운동장", "sido": "경기도", "sigungu": "의왕시", "emd": "오전동", "road_name": "보식골로", "capacity": null}}, {"type": "Feature", "geometry": {"type": "Point", "coordinates": [126.97512, 37.351519]}, "properties": {"shelter_id": "OBJ024143000000014", "name": "의왕중학교 운동장", "sido": "경기도", "sigungu": "의왕시", "emd": "오전동", "road_name": "등칙골길", "capacity": null}}, {"type": "Feature", "geometry": {"type": "Point", "coordinates": [126.982829, 37.352663]}, "properties": {"shelter_id": "OBJ024143000000015", "name": "고천중학교 운동장", "sido": "경기도", "sigungu": "의왕시", "emd": "오전동", "road_name": "백운로", "capacity": null}}, {"type": "Feature", "geometry": {"type": "Point", "coordinates": [126.972447, 37.376481]}, "properties": {"shelter_id": "OBJ024143000000018", "name": "갈뫼초등학교 운동장", "sido": "경기도", "sigungu": "의왕시", "emd": "내손동", "road_name": "갈미1로", "capacity": null}}, {"type": "Feature", "geometry": {"type": "Point", "coordinates": [126.974726, 37.38603]}, "properties": {"shelter_id": "OBJ024143000000019", "name": "백운초등학교 운동장", "sido": "경기도", "sigungu": "의왕시", "emd": "내손동", "road_name": "백운초등길", "capacity": null}}, {"type": "Feature", "geometry": {"type": "Point", "coordinates": [126.979943, 37.389094]}, "properties": {"shelter_id": "OBJ024143000000021", "name": "내동초등학교 운동장", "sido": "경기도", "sigungu": "의왕시", "emd": "내손동", "road_name": "내손로", "capacity": null}}, {"type": "Feature", "geometry": {"type": "Point", "coordinates": [126.986099, 37.387413]}, "properties": {"shelter_id": "OBJ024143000000023", "name": "백운고등학교 운동장", "sido": "경기도", "sigungu": "의왕시", "emd": "내손동", "road_name": "내손순환로", "capacity": null}}, {"type": "Feature", "geometry": {"type": "Point", "coordinates": [126.983534, 37.386796]}, "properties": {"shelter_id": "OBJ024143000000024", "name": "내손체육공원", "sido": "경기도", "sigungu": "의왕시", "emd": "내손동", "road_name": "내손공원1길", "capacity": null}}, {"type": "Feature", "geometry": {"type": "Point", "coordinates": [128.577425, 35.870959]}, "properties": {"shelter_id": "OBJ022717000000009", "name": "대성초등학교", "sido": "대구광역시", "sigungu": "서구", "emd": "비산동", "road_name": "국채보상로", "capacity": null}}, {"type": "Feature", "geometry": {"type": "Point", "coordinates": [128.557317, 35.889245]}, "properties": {"shelter_id": "OBJ022717000000010", "name": "서대구초등학교", "sido": "대구광역시", "sigungu": "서구", "emd": "비산동", "road_name": "서대구로63길", "capacity": null}}, {"type": "Feature", "geometry": {"type": "Point", "coordinates": [128.574036, 35.873324]}, "properties": {"shelter_id": "OBJ022717000000011", "name": "서부초등학교", "sido": "대구광역시", "sigungu": "서구", "emd": "비산동", "road_name": "달서로26길", "capacity": null}}, {"type": "Feature", "geometry": {"type": "Point", "coordinates": [128.565385, 35.866768]}, "properties": {"shelter_id": "OBJ022717000000012", "name": "서도초등학교", "sido": "대구광역시", "sigungu": "서구", "emd": "평리동", "road_name": "평리로", "capacity": null}}, {"type": "Feature", "geometry": {"type": "Point", "coordinates": [128.563829, 35.878362]}, "properties": {"shelter_id": "OBJ022717000000034", "name": "비산초등학교", "sido": "대구광역시", "sigungu": "서구", "emd": "평리동", "road_name": "통학로40길", "capacity": null}}, {"type": "Feature", "geometry": {"type": "Point", "coordinates": [128.573649, 35.871364]}, "properties": {"shelter_id": "OBJ022717000000035", "name": "제일고등학교", "sido": "대구광역시", "sigungu": "서구", "emd": "비산동", "road_name": "국채보상로", "capacity": null}}, {"type": "Feature", "geometry": {"type": "Point", "coordinates": [128.54571, 35.872433]}, "properties": {"shelter_id": "OBJ022717000000013", "name": "서구구민운동장", "sido": "대구광역시", "sigungu": "서구", "emd": "이현동", "road_name": "당산로", "capacity": null}}, {"type": "Feature", "geometry": {"type": "Point", "coordinates": [128.579381, 35.882316]}, "properties": {"shelter_id": "OBJ022717000000014", "name": "달성초등학교", "sido": "대구광역시", "sigungu": "서구", "emd": "원대동1가", "road_name": "고성로", "capacity": null}}, {"type": "Feature", "geometry": {"type": "Point", "coordinates": [129.237007, 35.318529]}, "properties": {"shelter_id": "OBJ022671000000028", "name": "부산장안고등학교 운동장", "sido": "부산광역시", "sigungu": "기장군", "emd": "장안읍", "road_name": "장안고길", "capacity": null}}, {"type": "Feature", "geometry": {"type": "Point", "coordinates": [129.170775, 35.321744]}, "properties": {"shelter_id": "OBJ022671000000030", "name": "정관고등학교 운동장", "sido": "부산광역시", "sigungu": "기장군", "emd": "정관읍", "road_name": "정관로", "capacity": null}}, {"type": "Feature", "geometry": {"type": "Point", "coordinates": [129.257717, 35.283802]}, "properties": {"shelter_id": "OBJ022671000000033", "name": "부경대수산과학연구소 공터", "sido": "부산광역시", "sigungu": "기장군", "emd": "일광면", "road_name": "문오성길", "capacity": null}}, {"type": "Feature", "geometry": {"type": "Point", "coordinates": [129.172668, 35.323639]}, "properties": {"shelter_id": "OBJ022671000000034", "name": "정관중학교 운동장", "sido": "부산광역시", "sigungu": "기장군", "emd": "정관읍", "road_name": "정관로", "capacity": null}}, {"type": "Feature", "geometry": {"type": "Point", "coordinates": [129.216382, 35.25471]}, "properties": {"shelter_id": "OBJ022671000000036", "name": "교리초등학교운동장", "sido": "부산광역시", "sigungu": "기장군", "emd": "기장읍", "road_name": "차성로", "capacity": null}}, {"type": "Feature", "geometry": {"type": "Point", "coordinates": [129.168033, 35.328151]}, "properties": {"shelter_id": "OBJ022671000000008", "name": "신정초등학교 운동장", "sido": "부산광역시", "sigungu": "기장군", "emd": "정관읍", "road_name": "정관3로", "capacity": null}}, {"type": "Feature", "geometry": {"type": "Point", "coordinates": [129.171508, 35.240473]}, "properties": {"shelter_id": "OBJ022671000000009", "name": "신진초등학교 운동장", "sido": "부산광역시", "sigungu": "기장군", "emd": "철마면", "road_name": "고촌로18번길", "capacity": null}}, {"type": "Feature", "geometry": {"type": "Point", "coordinates": [129.162113, 35.337488]}, "properties": {"shelter_id": "OBJ022671000000023", "name": "모전중학교 운동장", "sido": "부산광역시", "sigungu": "기장군", "emd": "정관읍", "road_name": "정관1로", "capacity": null}}, {"type": "Feature", "geometry": {"type": "Point", "coordinates": [129.188073, 35.322219]}, "properties": {"shelter_id": "OBJ022671000000024", "name": "부산중앙중학교 운동장", "sido": "부산광역시", "sigungu": "기장군", "emd": "정관읍", "road_name": "정관덕산길", "capacity": null}}, {"type": "Feature", "geometry": {"type": "Point", "coordinates": [129.169403, 35.329161]}, "properties": {"shelter_id": "OBJ022671000000025", "name": "신정중학교 운동장", "sido": "부산광역시", "sigungu": "기장군", "emd": "정관읍", "road_name": "정관3로", "capacity": null}}, {"type": "Feature", "geometry": {"type": "Point", "coordinates": [127.108775, 37.250488]}, "properties": {"shelter_id": "OBJ024146300000006", "name": "나산초등학교 운동장", "sido": "경기도", "sigungu": "용인시 기흥구", "emd": "보라동", "road_name": "한보라1로43번길", "capacity": null}}, {"type": "Feature", "geometry": {"type": "Point", "coordinates": [127.106969, 37.242861]}, "properties": {"shelter_id": "OBJ024146300000009", "name": "한일초등학교  운동장", "sido": "경기도", "sigungu": "용인시 기흥구", "emd": "공세동", "road_name": "한보라1로", "capacity": null}}, {"type": "Feature", "geometry": {"type": "Point", "coordinates": [127.13035, 37.294224]}, "properties": {"shelter_id": "OBJ024146300000012", "name": "언동중학교  운동장", "sido": "경기도", "sigungu": "용인시 기흥구", "emd": "언남동", "road_name": "언남로", "capacity": null}}, {"type": "Feature", "geometry": {"type": "Point", "coordinates": [127.149723, 37.294247]}, "properties": {"shelter_id": "OBJ024146300000013", "name": "청덕초등학교  운동장", "sido": "경기도", "sigungu": "용인시 기흥구", "emd": "청덕동", "road_name": "구성3로", "capacity": null}}, {"type": "Feature", "geometry": {"type": "Point", "coordinates": [127.110056, 37.302287]}, "properties": {"shelter_id": "OBJ024146300000015", "name": "마북초등학교 운동장", "sido": "경기도", "sigungu": "용인시 기흥구", "emd": "마북동", "road_name": "연원로", "capacity": null}}, {"type": "Feature", "geometry": {"type": "Point", "coordinates": [127.122135, 37.300141]}, "properties": {"shelter_id": "OBJ024146300000016", "name": "교동초등학교 운동장", "sido": "경기도", "sigungu": "용인시 기흥구", "emd": "마북동", "road_name": "마북로", "capacity": null}}, {"type": "Feature", "geometry": {"type": "Point", "coordinates": [127.161703, 37.283096]}, "properties": {"shelter_id": "OBJ024146300000017", "name": "용인백현초등학교 운동장", "sido": "경기도", "sigungu": "용인시 기흥구", "emd": "동백동", "road_name": "동백8로", "capacity": null}}, {"type": "Feature", "geometry": {"type": "Point", "coordinates": [127.074549, 37.270202]}, "properties": {"shelter_id": "OBJ024146300000002", "name": "흥덕고등학교 운동장", "sido": "경기도", "sigungu": "용인시 기흥구", "emd": "영덕동", "road_name": "흥덕2로", "capacity": null}}, {"type": "Feature", "geometry": {"type": "Point", "coordinates": [127.079484, 37.276349]}, "properties": {"shelter_id": "OBJ024146300000003", "name": "흥덕중학교 운동장", "sido": "경기도", "sigungu": "용인시 기흥구", "emd": "영덕동", "road_name": "흥덕중앙로105번길", "capacity": null}}, {"type": "Feature", "geometry": {"type": "Point", "coordinates": [128.577432, 35.833001]}, "properties": {"shelter_id": "OBJ022720000000034", "name": "대구대명중학교 운동장", "sido": "대구광역시", "sigungu": "남구", "emd": "대명동", "road_name": "앞산순환로", "capacity": null}}, {"type": "Feature", "geometry": {"type": "Point", "coordinates": [128.584458, 35.848474]}, "properties": {"shelter_id": "OBJ022720000000037", "name": "영남이공대학교 운동장", "sido": "대구광역시", "sigungu": "남구", "emd": "대명동", "road_name": "현충로", "capacity": null}}, {"type": "Feature", "geometry": {"type": "Point", "coordinates": [128.560867, 35.836315]}, "properties": {"shelter_id": "OBJ022720000000002", "name": "관문공원", "sido": "대구광역시", "sigungu": "남구", "emd": "대명동", "road_name": "관문시장6길", "capacity": null}}, {"type": "Feature", "geometry": {"type": "Point", "coordinates": [128.572261, 35.844082]}, "properties": {"shelter_id": "OBJ022720000000003", "name": "앵두마을공원", "sido": "대구광역시", "sigungu": "남구", "emd": "대명동", "road_name": "두류공원로16길", "capacity": null}}, {"type": "Feature", "geometry": {"type": "Point", "coordinates": [128.587917, 35.843036]}, "properties": {"shelter_id": "OBJ022720000000004", "name": "명덕공원", "sido": "대구광역시", "sigungu": "남구", "emd": "대명동", "road_name": "대명로58길", "capacity": null}}, {"type": "Feature", "geometry": {"type": "Point", "coordinates": [128.563877, 35.832808]}, "properties": {"shelter_id": "OBJ022720000000005", "name": "백합공원", "sido": "대구광역시", "sigungu": "남구", "emd": "대명동", "road_name": "대명역6길", "capacity": null}}, {"type": "Feature", "geometry": {"type": "Point", "coordinates": [128.578321, 35.842687]}, "properties": {"shelter_id": "OBJ022720000000006", "name": "무궁화공원", "sido": "대구광역시", "sigungu": "남구", "emd": "대명동", "road_name": "장전2길", "capacity": null}}, {"type": "Feature", "geometry": {"type": "Point", "coordinates": [128.591856, 35.853883]}, "properties": {"shelter_id": "OBJ022720000000008", "name": "영선공원", "sido": "대구광역시", "sigungu": "남구", "emd": "대명동", "road_name": "영선시장1길", "capacity": null}}, {"type": "Feature", "geometry": {"type": "Point", "coordinates": [128.577668, 35.852964]}, "properties": {"shelter_id": "OBJ022720000000009", "name": "명동공원", "sido": "대구광역시", "sigungu": "남구", "emd": "대명동", "road_name": "계명7길", "capacity": null}}, {"type": "Feature", "geometry": {"type": "Point", "coordinates": [128.571279, 35.847764]}, "properties": {"shelter_id": "OBJ022720000000010", "name": "성명공원", "sido": "대구광역시", "sigungu": "남구", "emd": "대명동", "road_name": "성명공원길", "capacity": null}}, {"type": "Feature", "geometry": {"type": "Point", "coordinates": [128.583511, 35.844934]}, "properties": {"shelter_id": "OBJ022720000000011", "name": "대명2공원", "sido": "대구광역시", "sigungu": "남구", "emd": "대명동", "road_name": "대명로49길", "capacity": null}}, {"type": "Feature", "geometry": {"type": "Point", "coordinates": [128.581818, 35.838457]}, "properties": {"shelter_id": "OBJ022720000000012", "name": "대덕공원", "sido": "대구광역시", "sigungu": "남구", "emd": "대명동", "road_name": "자유3길", "capacity": null}}, {"type": "Feature", "geometry": {"type": "Point", "coordinates": [128.568406, 35.836936]}, "properties": {"shelter_id": "OBJ022720000000018", "name": "중앙시장 공영주차장", "sido": "대구광역시", "sigungu": "남구", "emd": "대명동", "road_name": "안지랑로17길", "capacity": null}}, {"type": "Feature", "geometry": {"type": "Point", "coordinates": [128.574204, 35.838204]}, "properties": {"shelter_id": "OBJ022720000000013", "name": "안지랑공원", "sido": "대구광역시", "sigungu": "남구", "emd": "대명동", "road_name": "안지랑로20길", "capacity": null}}, {"type": "Feature", "geometry": {"type": "Point", "coordinates": [128.591435, 35.843581]}, "properties": {"shelter_id": "OBJ022720000000014", "name": "목련공원", "sido": "대구광역시", "sigungu": "남구", "emd": "봉덕동", "road_name": "봉덕로6길", "capacity": null}}, {"type": "Feature", "geometry": {"type": "Point", "coordinates": [128.601389, 35.843856]}, "properties": {"shelter_id": "OBJ022720000000015", "name": "개나리공원", "sido": "대구광역시", "sigungu": "남구", "emd": "봉덕동", "road_name": "봉덕로22길", "capacity": null}}, {"type": "Feature", "geometry": {"type": "Point", "coordinates": [128.599826, 35.832437]}, "properties": {"shelter_id": "OBJ022720000000017", "name": "남구 구민체육광장", "sido": "대구광역시", "sigungu": "남구", "emd": "봉덕동", "road_name": "고산2길", "capacity": null}}, {"type": "Feature", "geometry": {"type": "Point", "coordinates": [128.593306, 35.845931]}, "properties": {"shelter_id": "OBJ022720000000016", "name": "봉덕공원", "sido": "대구광역시", "sigungu": "남구", "emd": "봉덕동", "road_name": "중앙대로26길", "capacity": null}}, {"type": "Feature", "geometry": {"type": "Point", "coordinates": [128.573683, 35.849691]}, "properties": {"shelter_id": "OBJ022720000000019", "name": "성당시장공영주차장", "sido": "대구광역시", "sigungu": "남구", "emd": "대명동", "road_name": "대경길", "capacity": null}}, {"type": "Feature", "geometry": {"type": "Point", "coordinates": [128.597171, 35.84277]}, "properties": {"shelter_id": "OBJ022720000000020", "name": "봉삼공영주차장", "sido": "대구광역시", "sigungu": "남구", "emd": "봉덕동", "road_name": "중앙대로22길", "capacity": null}}, {"type": "Feature", "geometry": {"type": "Point", "coordinates": [128.601728, 35.842307]}, "properties": {"shelter_id": "OBJ022720000000021", "name": "봉덕공영주차장", "sido": "대구광역시", "sigungu": "남구", "emd": "봉덕동", "road_name": "중앙대로22길", "capacity": null}}, {"type": "Feature", "geometry": {"type": "Point", "coordinates": [128.603135, 35.830458]}, "properties": {"shelter_id": "OBJ022720000000022", "name": "고산골공영주차장", "sido": "대구광역시", "sigungu": "남구", "emd": "봉덕동", "road_name": "용두길", "capacity": null}}, {"type": "Feature", "geometry": {"type": "Point", "coordinates": [128.558914, 35.835988]}, "properties": {"shelter_id": "OBJ022720000000023", "name": "관문시장공영주차장", "sido": "대구광역시", "sigungu": "남구", "emd": "대명동", "road_name": "관문시장1길", "capacity": null}}, {"type": "Feature", "geometry": {"type": "Point", "coordinates": [128.574122, 35.831874]}, "properties": {"shelter_id": "OBJ022720000000024", "name": "앞산맛둘레길 제1주차장", "sido": "대구광역시", "sigungu": "남구", "emd": "대명동", "road_name": "앞산순환로", "capacity": null}}, {"type": "Feature", "geometry": {"type": "Point", "coordinates": [127.433686, 37.11931]}, "properties": {"shelter_id": "OBJ024155000000045", "name": "방초초등학교 운동장", "sido": "경기도", "sigungu": "안성시", "emd": "일죽면", "road_name": "사실로", "capacity": null}}, {"type": "Feature", "geometry": {"type": "Point", "coordinates": [127.481945, 37.092331]}, "properties": {"shelter_id": "OBJ024155000000046", "name": "일죽초등학교 운동장", "sido": "경기도", "sigungu": "안성시", "emd": "일죽면", "road_name": "주래본죽로", "capacity": null}}, {"type": "Feature", "geometry": {"type": "Point", "coordinates": [127.458463, 37.107469]}, "properties": {"shelter_id": "OBJ024155000000047", "name": "죽화초등학교 운동장", "sido": "경기도", "sigungu": "안성시", "emd": "일죽면", "road_name": "죽화로", "capacity": null}}, {"type": "Feature", "geometry": {"type": "Point", "coordinates": [127.473637, 37.09105]}, "properties": {"shelter_id": "OBJ024155000000048", "name": "일죽중고등학교 운동장", "sido": "경기도", "sigungu": "안성시", "emd": "일죽면", "road_name": "서동대로", "capacity": null}}, {"type": "Feature", "geometry": {"type": "Point", "coordinates": [127.420903, 37.065463]}, "properties": {"shelter_id": "OBJ024155000000049", "name": "두원공과대학교 운동장", "sido": "경기도", "sigungu": "안성시", "emd": "죽산면", "road_name": "장원길", "capacity": null}}, {"type": "Feature", "geometry": {"type": "Point", "coordinates": [126.726496, 37.612523]}, "properties": {"shelter_id": "OBJ024157000000017", "name": "김포신풍초등학교 운동장", "sido": "경기도", "sigungu": "김포시", "emd": "풍무동", "road_name": "풍무로208번길", "capacity": null}}, {"type": "Feature", "geometry": {"type": "Point", "coordinates": [126.690155, 37.65367]}, "properties": {"shelter_id": "OBJ024157000000024", "name": "하늘빛초등학교 운동장", "sido": "경기도", "sigungu": "김포시", "emd": "운양동", "road_name": "김포한강11로", "capacity": null}}, {"type": "Feature", "geometry": {"type": "Point", "coordinates": [126.665097, 37.642174]}, "properties": {"shelter_id": "OBJ024157000000019", "name": "장기초등학교 운동장", "sido": "경기도", "sigungu": "김포시", "emd": "장기동", "road_name": "김포한강2로", "capacity": null}}, {"type": "Feature", "geometry": {"type": "Point", "coordinates": [126.594607, 37.693436]}, "properties": {"shelter_id": "OBJ024157000000018", "name": "통진초등학교 운동장", "sido": "경기도", "sigungu": "김포시", "emd": "통진읍", "road_name": "조강로", "capacity": null}}, {"type": "Feature", "geometry": {"type": "Point", "coordinates": [126.59377, 37.688867]}, "properties": {"shelter_id": "OBJ024157000000020", "name": "마송중앙초등학교 운동장", "sido": "경기도", "sigungu": "김포시", "emd": "통진읍", "road_name": "마송1로", "capacity": null}}, {"type": "Feature", "geometry": {"type": "Point", "coordinates": [126.633655, 37.649599]}, "properties": {"shelter_id": "OBJ024157000000023", "name": "김포호수초등학교 운동장", "sido": "경기도", "sigungu": "김포시", "emd": "구래동", "road_name": "김포한강4로420번길", "capacity": null}}, {"type": "Feature", "geometry": {"type": "Point", "coordinates": [128.682691, 35.895682]}, "properties": {"shelter_id": "OBJ022714000000001", "name": "해안초등학교(운동장)", "sido": "대구광역시", "sigungu": "동구", "emd": "부동", "road_name": "옻골로", "capacity": null}}, {"type": "Feature", "geometry": {"type": "Point", "coordinates": [128.637467, 35.886869]}, "properties": {"shelter_id": "OBJ022714000000002", "name": "아양초등학교(운동장)", "sido": "대구광역시", "sigungu": "동구", "emd": "신암동", "road_name": "아양로", "capacity": null}}, {"type": "Feature", "geometry": {"type": "Point", "coordinates": [128.620936, 35.879156]}, "properties": {"shelter_id": "OBJ022714000000003", "name": "동대구초등학교(운동장)", "sido": "대구광역시", "sigungu": "동구", "emd": "신암동", "road_name": "신암남로", "capacity": null}}, {"type": "Feature", "geometry": {"type": "Point", "coordinates": [128.642123, 35.876517]}, "properties": {"shelter_id": "OBJ022714000000004", "name": "효목초등학교(운동장)", "sido": "대구광역시", "sigungu": "동구", "emd": "효목동", "road_name": "화랑로29길", "capacity": null}}, {"type": "Feature", "geometry": {"type": "Point", "coordinates": [128.615507, 35.877076]}, "properties": {"shelter_id": "OBJ022714000000005", "name": "동신초등학교(운동장)", "sido": "대구광역시", "sigungu": "동구", "emd": "신암동", "road_name": "신성로", "capacity": null}}, {"type": "Feature", "geometry": {"type": "Point", "coordinates": [128.620416, 35.887948]}, "properties": {"shelter_id": "OBJ022714000000006", "name": "동부초등학교(운동장)", "sido": "대구광역시", "sigungu": "동구", "emd": "신암동", "road_name": "신암북로", "capacity": null}}, {"type": "Feature", "geometry": {"type": "Point", "coordinates": [128.632141, 35.872322]}, "properties": {"shelter_id": "OBJ022714000000007", "name": "효신초등학교(운동장)", "sido": "대구광역시", "sigungu": "동구", "emd": "신천동", "road_name": "동부로34길", "capacity": null}}, {"type": "Feature", "geometry": {"type": "Point", "coordinates": [128.584185, 35.874412]}, "properties": {"shelter_id": "OBJ022711000000003", "name": "수창초등학교 운동장", "sido": "대구광역시", "sigungu": "중구", "emd": "수창동", "road_name": "북성로5길", "capacity": null}}, {"type": "Feature", "geometry": {"type": "Point", "coordinates": [128.596899, 35.860859]}, "properties": {"shelter_id": "OBJ022711000000004", "name": "제일중학교 운동장", "sido": "대구광역시", "sigungu": "중구", "emd": "봉산동", "road_name": "명륜로23길", "capacity": null}}, {"type": "Feature", "geometry": {"type": "Point", "coordinates": [128.589921, 35.872168]}, "properties": {"shelter_id": "OBJ022711000000006", "name": "종로초등학교 운동장", "sido": "대구광역시", "sigungu": "중구", "emd": "서문로1가", "road_name": "서성로14길", "capacity": null}}, {"type": "Feature", "geometry": {"type": "Point", "coordinates": [128.589485, 35.857882]}, "properties": {"shelter_id": "OBJ022711000000010", "name": "명덕초등학교 운동장", "sido": "대구광역시", "sigungu": "중구", "emd": "남산동", "road_name": "남산로2길", "capacity": null}}, {"type": "Feature", "geometry": {"type": "Point", "coordinates": [127.133889, 37.271216]}, "properties": {"shelter_id": "OBJ024146300000004", "name": "갈곡초등학교 운동장", "sido": "경기도", "sigungu": "용인시 기흥구", "emd": "구갈동", "road_name": "강남동로", "capacity": null}}, {"type": "Feature", "geometry": {"type": "Point", "coordinates": [127.138364, 37.251635]}, "properties": {"shelter_id": "OBJ024146300000007", "name": "지곡초등학교  운동장", "sido": "경기도", "sigungu": "용인시 기흥구", "emd": "지곡동", "road_name": "사은로", "capacity": null}}, {"type": "Feature", "geometry": {"type": "Point", "coordinates": [127.069374, 37.23358]}, "properties": {"shelter_id": "OBJ024146300000010", "name": "서천고등학교  운동장", "sido": "경기도", "sigungu": "용인시 기흥구", "emd": "농서동", "road_name": "서천서로", "capacity": null}}, {"type": "Feature", "geometry": {"type": "Point", "coordinates": [127.076442, 37.239751]}, "properties": {"shelter_id": "OBJ024146300000011", "name": "서천중학교 운동장", "sido": "경기도", "sigungu": "용인시 기흥구", "emd": "서천동", "road_name": "서천동로", "capacity": null}}, {"type": "Feature", "geometry": {"type": "Point", "coordinates": [127.164106, 37.281009]}, "properties": {"shelter_id": "OBJ024146300000019", "name": "백현중학교 운동장", "sido": "경기도", "sigungu": "용인시 기흥구", "emd": "동백동", "road_name": "동백7로107번길", "capacity": null}}, {"type": "Feature", "geometry": {"type": "Point", "coordinates": [127.14733, 37.276627]}, "properties": {"shelter_id": "OBJ024146300000026", "name": "어정초등학교 운동장", "sido": "경기도", "sigungu": "용인시 기흥구", "emd": "중동", "road_name": "어정로", "capacity": null}}, {"type": "Feature", "geometry": {"type": "Point", "coordinates": [127.163682, 37.258296]}, "properties": {"shelter_id": "OBJ024146300000027", "name": "초당고등학교 운동장", "sido": "경기도", "sigungu": "용인시 기흥구", "emd": "중동", "road_name": "동백중앙로", "capacity": null}}, {"type": "Feature", "geometry": {"type": "Point", "coordinates": [128.690175, 35.95621]}, "properties": {"shelter_id": "OBJ022714000000008", "name": "공산초등학교(운동장)", "sido": "대구광역시", "sigungu": "동구", "emd": "백안동", "road_name": "팔공산로292길", "capacity": null}}, {"type": "Feature", "geometry": {"type": "Point", "coordinates": [128.638456, 35.942748]}, "properties": {"shelter_id": "OBJ022714000000009", "name": "지묘초등학교(운동장)", "sido": "대구광역시", "sigungu": "동구", "emd": "지묘동", "road_name": "파계로22길", "capacity": null}}, {"type": "Feature", "geometry": {"type": "Point", "coordinates": [128.631695, 35.980136]}, "properties": {"shelter_id": "OBJ022714000000010", "name": "서촌초등학교(운동장)", "sido": "대구광역시", "sigungu": "동구", "emd": "중대동", "road_name": "파계로", "capacity": null}}, {"type": "Feature", "geometry": {"type": "Point", "coordinates": [128.645534, 35.882889]}, "properties": {"shelter_id": "OBJ022714000000054", "name": "대구일마이스터고등학교(운동장)", "sido": "대구광역시", "sigungu": "동구", "emd": "효목동", "road_name": "효동로", "capacity": null}}, {"type": "Feature", "geometry": {"type": "Point", "coordinates": [128.61275, 35.870959]}, "properties": {"shelter_id": "OBJ022711000000022", "name": "신천둔치", "sido": "대구광역시", "sigungu": "중구", "emd": "동인동3가", "road_name": "신천대로", "capacity": null}}, {"type": "Feature", "geometry": {"type": "Point", "coordinates": [127.162665, 37.278933]}, "properties": {"shelter_id": "OBJ024146300000022", "name": "백현고등학교 운동장", "sido": "경기도", "sigungu": "용인시 기흥구", "emd": "동백동", "road_name": "동백7로", "capacity": null}}, {"type": "Feature", "geometry": {"type": "Point", "coordinates": [127.156488, 37.280071]}, "properties": {"shelter_id": "OBJ024146300000023", "name": "동백초등학교 운동장", "sido": "경기도", "sigungu": "용인시 기흥구", "emd": "동백동", "road_name": "동백중앙로", "capacity": null}}, {"type": "Feature", "geometry": {"type": "Point", "coordinates": [127.158497, 37.269919]}, "properties": {"shelter_id": "OBJ024146300000024", "name": "석성초등학교 운동장", "sido": "경기도", "sigungu": "용인시 기흥구", "emd": "중동", "road_name": "동백2로", "capacity": null}}, {"type": "Feature", "geometry": {"type": "Point", "coordinates": [127.154988, 37.285754]}, "properties": {"shelter_id": "OBJ024146300000029", "name": "동막초등학교 운동장", "sido": "경기도", "sigungu": "용인시 기흥구", "emd": "동백동", "road_name": "동백8로", "capacity": null}}, {"type": "Feature", "geometry": {"type": "Point", "coordinates": [127.110772, 37.308647]}, "properties": {"shelter_id": "OBJ024146300000033", "name": "보정초등학교 운동장", "sido": "경기도", "sigungu": "용인시 기흥구", "emd": "보정동", "road_name": "용구대로2518번길", "capacity": null}}, {"type": "Feature", "geometry": {"type": "Point", "coordinates": [127.092635, 37.301426]}, "properties": {"shelter_id": "OBJ024146300000036", "name": "소현초등학교 운동장", "sido": "경기도", "sigungu": "용인시 수지구", "emd": "상현동", "road_name": "만현로133번길", "capacity": null}}, {"type": "Feature", "geometry": {"type": "Point", "coordinates": [127.064177, 37.327085]}, "properties": {"shelter_id": "OBJ024146500000005", "name": "신봉중학교 운동장", "sido": "경기도", "sigungu": "용인시 수지구", "emd": "신봉동", "road_name": "신봉3로", "capacity": null}}, {"type": "Feature", "geometry": {"type": "Point", "coordinates": [127.093917, 37.344089]}, "properties": {"shelter_id": "OBJ024146500000012", "name": "동천초등학교 운동장", "sido": "경기도", "sigungu": "용인시 수지구", "emd": "동천동", "road_name": "고기로", "capacity": null}}, {"type": "Feature", "geometry": {"type": "Point", "coordinates": [127.066368, 37.358804]}, "properties": {"shelter_id": "OBJ024146500000013", "name": "고기초등학교 운동장", "sido": "경기도", "sigungu": "용인시 수지구", "emd": "고기동", "road_name": "고기로", "capacity": null}}, {"type": "Feature", "geometry": {"type": "Point", "coordinates": [127.093169, 37.320754]}, "properties": {"shelter_id": "OBJ024146500000002", "name": "신월초등학교 운동장", "sido": "경기도", "sigungu": "용인시 수지구", "emd": "풍덕천동", "road_name": "풍덕천로", "capacity": null}}, {"type": "Feature", "geometry": {"type": "Point", "coordinates": [127.088103, 37.317658]}, "properties": {"shelter_id": "OBJ024146500000003", "name": "정평중학교 운동장", "sido": "경기도", "sigungu": "용인시 수지구", "emd": "풍덕천동", "road_name": "정평로", "capacity": null}}, {"type": "Feature", "geometry": {"type": "Point", "coordinates": [128.621387, 35.898229]}, "properties": {"shelter_id": "OBJ022723000000017", "name": "복현초등학교 운동장", "sido": "대구광역시", "sigungu": "북구", "emd": "복현동", "road_name": "공항로", "capacity": null}}, {"type": "Feature", "geometry": {"type": "Point", "coordinates": [128.622404, 35.901719]}, "properties": {"shelter_id": "OBJ022723000000019", "name": "경상고등학교 운동장", "sido": "대구광역시", "sigungu": "북구", "emd": "복현동", "road_name": "공항로15길", "capacity": null}}, {"type": "Feature", "geometry": {"type": "Point", "coordinates": [128.590624, 35.880677]}, "properties": {"shelter_id": "OBJ022723000000041", "name": "칠성고등학교 운동장", "sido": "대구광역시", "sigungu": "북구", "emd": "칠성동2가", "road_name": "칠성로", "capacity": null}}, {"type": "Feature", "geometry": {"type": "Point", "coordinates": [128.587706, 35.899568]}, "properties": {"shelter_id": "OBJ022723000000020", "name": "경상여자고등학교 운동장", "sido": "대구광역시", "sigungu": "북구", "emd": "침산동", "road_name": "침산남로9길", "capacity": null}}, {"type": "Feature", "geometry": {"type": "Point", "coordinates": [128.557157, 35.927167]}, "properties": {"shelter_id": "OBJ022723000000023", "name": "구암중학교 운동장", "sido": "대구광역시", "sigungu": "북구", "emd": "구암동", "road_name": "태암로", "capacity": null}}, {"type": "Feature", "geometry": {"type": "Point", "coordinates": [128.564974, 35.9323]}, "properties": {"shelter_id": "OBJ022723000000025", "name": "운암중학교 운동장", "sido": "대구광역시", "sigungu": "북구", "emd": "구암동", "road_name": "구암로49길", "capacity": null}}, {"type": "Feature", "geometry": {"type": "Point", "coordinates": [128.553241, 35.925372]}, "properties": {"shelter_id": "OBJ022723000000026", "name": "구암고등학교 운동장", "sido": "대구광역시", "sigungu": "북구", "emd": "구암동", "road_name": "태암남로11길", "capacity": null}}, {"type": "Feature", "geometry": {"type": "Point", "coordinates": [128.566247, 35.945755]}, "properties": {"shelter_id": "OBJ022723000000028", "name": "학남초등학교 운동장", "sido": "대구광역시", "sigungu": "북구", "emd": "국우동", "road_name": "학정동로", "capacity": null}}, {"type": "Feature", "geometry": {"type": "Point", "coordinates": [128.559029, 35.957973]}, "properties": {"shelter_id": "OBJ022723000000031", "name": "대구체육중고등학교 운동장", "sido": "대구광역시", "sigungu": "북구", "emd": "동호동", "road_name": "팔거천동로", "capacity": null}}, {"type": "Feature", "geometry": {"type": "Point", "coordinates": [128.584815, 35.885819]}, "properties": {"shelter_id": "OBJ022723000000032", "name": "대구일중학교 운동장", "sido": "대구광역시", "sigungu": "북구", "emd": "침산동", "road_name": "옥산로17길", "capacity": null}}, {"type": "Feature", "geometry": {"type": "Point", "coordinates": [126.621568, 37.647322]}, "properties": {"shelter_id": "OBJ024157000000021", "name": "김포한가람초 운동장", "sido": "경기도", "sigungu": "김포시", "emd": "구래동", "road_name": "김포한강9로115번길", "capacity": null}}, {"type": "Feature", "geometry": {"type": "Point", "coordinates": [126.660337, 37.646311]}, "properties": {"shelter_id": "OBJ024157000000022", "name": "운유초등학교 운동장", "sido": "경기도", "sigungu": "김포시", "emd": "장기동", "road_name": "김포한강2로", "capacity": null}}, {"type": "Feature", "geometry": {"type": "Point", "coordinates": [126.664385, 37.647463]}, "properties": {"shelter_id": "OBJ024157000000026", "name": "장기중학교 운동장", "sido": "경기도", "sigungu": "김포시", "emd": "장기동", "road_name": "청송로", "capacity": null}}, {"type": "Feature", "geometry": {"type": "Point", "coordinates": [126.765275, 37.599189]}, "properties": {"shelter_id": "OBJ024157000000027", "name": "신곡중학교 운동장", "sido": "경기도", "sigungu": "김포시", "emd": "고촌읍", "road_name": "수기로", "capacity": null}}, {"type": "Feature", "geometry": {"type": "Point", "coordinates": [126.671132, 37.641878]}, "properties": {"shelter_id": "OBJ024157000000028", "name": "고창중학교  운동장", "sido": "경기도", "sigungu": "김포시", "emd": "장기동", "road_name": "초당로", "capacity": null}}, {"type": "Feature", "geometry": {"type": "Point", "coordinates": [129.212303, 35.245826]}, "properties": {"shelter_id": "OBJ022671000000002", "name": "기장초등학교 운동장", "sido": "부산광역시", "sigungu": "기장군", "emd": "기장읍", "road_name": "읍내로", "capacity": null}}, {"type": "Feature", "geometry": {"type": "Point", "coordinates": [129.282839, 35.327786]}, "properties": {"shelter_id": "OBJ022671000000010", "name": "월내초등학교 운동장", "sido": "부산광역시", "sigungu": "기장군", "emd": "장안읍", "road_name": "길천2길", "capacity": null}}, {"type": "Feature", "geometry": {"type": "Point", "coordinates": [129.138818, 35.359703]}, "properties": {"shelter_id": "OBJ022671000000011", "name": "월평초등학교 운동장", "sido": "부산광역시", "sigungu": "기장군", "emd": "정관읍", "road_name": "월평1길", "capacity": null}}, {"type": "Feature", "geometry": {"type": "Point", "coordinates": [129.253813, 35.346278]}, "properties": {"shelter_id": "OBJ022671000000013", "name": "장안초등학교 운동장", "sido": "부산광역시", "sigungu": "기장군", "emd": "장안읍", "road_name": "장안로", "capacity": null}}, {"type": "Feature", "geometry": {"type": "Point", "coordinates": [129.171901, 35.322719]}, "properties": {"shelter_id": "OBJ022671000000014", "name": "정관초등학교 운동장", "sido": "부산광역시", "sigungu": "기장군", "emd": "정관읍", "road_name": "정관로", "capacity": null}}, {"type": "Feature", "geometry": {"type": "Point", "coordinates": [129.167828, 35.332261]}, "properties": {"shelter_id": "OBJ022671000000015", "name": "정원초등학교 운동장", "sido": "부산광역시", "sigungu": "기장군", "emd": "정관읍", "road_name": "정관로", "capacity": null}}, {"type": "Feature", "geometry": {"type": "Point", "coordinates": [129.243868, 35.242357]}, "properties": {"shelter_id": "OBJ022671000000017", "name": "죽성초등학교 운동장", "sido": "부산광역시", "sigungu": "기장군", "emd": "기장읍", "road_name": "죽성로", "capacity": null}}, {"type": "Feature", "geometry": {"type": "Point", "coordinates": [129.240425, 35.31179]}, "properties": {"shelter_id": "OBJ022671000000016", "name": "좌천초등학교 운동장", "sido": "부산광역시", "sigungu": "기장군", "emd": "장안읍", "road_name": "좌천로", "capacity": null}}, {"type": "Feature", "geometry": {"type": "Point", "coordinates": [129.255409, 35.298437]}, "properties": {"shelter_id": "OBJ022671000000019", "name": "칠암초등학교 운동장", "sido": "부산광역시", "sigungu": "기장군", "emd": "일광면", "road_name": "박영준길", "capacity": null}}, {"type": "Feature", "geometry": {"type": "Point", "coordinates": [129.165631, 35.339726]}, "properties": {"shelter_id": "OBJ022671000000031", "name": "해마루학교 운동장", "sido": "부산광역시", "sigungu": "기장군", "emd": "정관읍", "road_name": "모전로", "capacity": null}}, {"type": "Feature", "geometry": {"type": "Point", "coordinates": [129.150706, 35.275024]}, "properties": {"shelter_id": "OBJ022671000000020", "name": "철마초등학교 운동장", "sido": "부산광역시", "sigungu": "기장군", "emd": "철마면", "road_name": "철마로", "capacity": null}}, {"type": "Feature", "geometry": {"type": "Point", "coordinates": [129.217814, 35.244234]}, "properties": {"shelter_id": "OBJ022671000000021", "name": "기장중학교 운동장", "sido": "부산광역시", "sigungu": "기장군", "emd": "기장읍", "road_name": "차성로288번길", "capacity": null}}, {"type": "Feature", "geometry": {"type": "Point", "coordinates": [129.212439, 35.23379]}, "properties": {"shelter_id": "OBJ022671000000022", "name": "대청중학교 운동장", "sido": "부산광역시", "sigungu": "기장군", "emd": "기장읍", "road_name": "차성서로", "capacity": null}}, {"type": "Feature", "geometry": {"type": "Point", "coordinates": [129.241462, 35.314794]}, "properties": {"shelter_id": "OBJ022671000000026", "name": "장안제일고등학교(장안중학교) 운동", "sido": "부산광역시", "sigungu": "기장군", "emd": "장안읍", "road_name": "좌천2길", "capacity": null}}, {"type": "Feature", "geometry": {"type": "Point", "coordinates": [129.209564, 35.239451]}, "properties": {"shelter_id": "OBJ022671000000027", "name": "기장고등학교 운동장", "sido": "부산광역시", "sigungu": "기장군", "emd": "기장읍", "road_name": "차성서로", "capacity": null}}, {"type": "Feature", "geometry": {"type": "Point", "coordinates": [127.192885, 37.240144]}, "properties": {"shelter_id": "OBJ024146100000020", "name": "용인고등학교 운동장", "sido": "경기도", "sigungu": "용인시 처인구", "emd": "역북동", "road_name": "금학로241번길", "capacity": null}}, {"type": "Feature", "geometry": {"type": "Point", "coordinates": [127.216339, 37.240861]}, "properties": {"shelter_id": "OBJ024146100000022", "name": "용인덕영고등학교 운동장", "sido": "경기도", "sigungu": "용인시 처인구", "emd": "고림동", "road_name": "고림로74번길", "capacity": null}}, {"type": "Feature", "geometry": {"type": "Point", "coordinates": [127.225376, 37.268316]}, "properties": {"shelter_id": "OBJ024146100000002", "name": "둔전초등학교 운동장", "sido": "경기도", "sigungu": "용인시 처인구", "emd": "포곡읍", "road_name": "포곡로118번길", "capacity": null}}, {"type": "Feature", "geometry": {"type": "Point", "coordinates": [127.171035, 37.236511]}, "properties": {"shelter_id": "OBJ024146100000019", "name": "삼가초등학교 운동장", "sido": "경기도", "sigungu": "용인시 처인구", "emd": "삼가동", "road_name": "중부대로1158번길", "capacity": null}}, {"type": "Feature", "geometry": {"type": "Point", "coordinates": [127.227508, 37.246952]}, "properties": {"shelter_id": "OBJ024146100000021", "name": "고림초등학교 운동장", "sido": "경기도", "sigungu": "용인시 처인구", "emd": "고림동", "road_name": "한터로152번길", "capacity": null}}, {"type": "Feature", "geometry": {"type": "Point", "coordinates": [127.131997, 37.294972]}, "properties": {"shelter_id": "OBJ024146300000014", "name": "언동초등학교  운동장", "sido": "경기도", "sigungu": "용인시 기흥구", "emd": "언남동", "road_name": "언남로", "capacity": null}}, {"type": "Feature", "geometry": {"type": "Point", "coordinates": [127.246149, 37.202755]}, "properties": {"shelter_id": "OBJ024146100000025", "name": "운학초등학교 운동장", "sido": "경기도", "sigungu": "용인시 처인구", "emd": "운학동", "road_name": "동부로465번길", "capacity": null}}, {"type": "Feature", "geometry": {"type": "Point", "coordinates": [127.148431, 37.113244]}, "properties": {"shelter_id": "OBJ024146100000026", "name": "남사초등학교 운동장", "sido": "경기도", "sigungu": "용인시 처인구", "emd": "남사면", "road_name": "처인성로185번길", "capacity": null}}, {"type": "Feature", "geometry": {"type": "Point", "coordinates": [127.399851, 37.137677]}, "properties": {"shelter_id": "OBJ024146100000027", "name": "백봉초등학교 운동장", "sido": "경기도", "sigungu": "용인시 처인구", "emd": "백암면", "road_name": "죽양대로748번길", "capacity": null}}, {"type": "Feature", "geometry": {"type": "Point", "coordinates": [127.106733, 37.273463]}, "properties": {"shelter_id": "OBJ024146300000001", "name": "신갈초등학교 운동장", "sido": "경기도", "sigungu": "용인시 기흥구", "emd": "신갈동", "road_name": "신갈로", "capacity": null}}, {"type": "Feature", "geometry": {"type": "Point", "coordinates": [127.21642, 37.258505]}, "properties": {"shelter_id": "OBJ024146100000023", "name": "용인성산초등학교 운동장", "sido": "경기도", "sigungu": "용인시 처인구", "emd": "유방동", "road_name": "백옥대로1362번길", "capacity": null}}, {"type": "Feature", "geometry": {"type": "Point", "coordinates": [127.109621, 37.232309]}, "properties": {"shelter_id": "OBJ024146300000008", "name": "기흥초등학교  운동장", "sido": "경기도", "sigungu": "용인시 기흥구", "emd": "공세동", "road_name": "공세로82번길", "capacity": null}}, {"type": "Feature", "geometry": {"type": "Point", "coordinates": [127.111961, 37.277506]}, "properties": {"shelter_id": "OBJ024146300000005", "name": "구갈초등학교 운동장", "sido": "경기도", "sigungu": "용인시 기흥구", "emd": "구갈동", "road_name": "구갈로", "capacity": null}}, {"type": "Feature", "geometry": {"type": "Point", "coordinates": [128.581542, 35.844984]}, "properties": {"shelter_id": "OBJ022720000000025", "name": "대구남도초등학교 운동장", "sido": "대구광역시", "sigungu": "남구", "emd": "대명동", "road_name": "현충로28길", "capacity": null}}, {"type": "Feature", "geometry": {"type": "Point", "coordinates": [128.582084, 35.834959]}, "properties": {"shelter_id": "OBJ022720000000026", "name": "대구남명초등학교 운동장", "sido": "대구광역시", "sigungu": "남구", "emd": "대명동", "road_name": "큰골4길", "capacity": null}}, {"type": "Feature", "geometry": {"type": "Point", "coordinates": [128.605258, 35.850542]}, "properties": {"shelter_id": "OBJ022720000000027", "name": "대구대봉초등학교 운동장", "sido": "대구광역시", "sigungu": "남구", "emd": "이천동", "road_name": "명덕로68길", "capacity": null}}, {"type": "Feature", "geometry": {"type": "Point", "coordinates": [128.597957, 35.83913]}, "properties": {"shelter_id": "OBJ022720000000028", "name": "대구봉덕초등학교 운동장", "sido": "대구광역시", "sigungu": "남구", "emd": "봉덕동", "road_name": "봉덕초등길", "capacity": null}}, {"type": "Feature", "geometry": {"type": "Point", "coordinates": [128.570736, 35.845825]}, "properties": {"shelter_id": "OBJ022720000000029", "name": "대구성명초등학교 운동장", "sido": "대구광역시", "sigungu": "남구", "emd": "대명동", "road_name": "성당로30길", "capacity": null}}, {"type": "Feature", "geometry": {"type": "Point", "coordinates": [128.568741, 35.838556]}, "properties": {"shelter_id": "OBJ022720000000031", "name": "대구대명초등학교 운동장", "sido": "대구광역시", "sigungu": "남구", "emd": "대명동", "road_name": "대명로22길", "capacity": null}}, {"type": "Feature", "geometry": {"type": "Point", "coordinates": [128.562464, 35.83045]}, "properties": {"shelter_id": "OBJ022720000000033", "name": "대구대덕초등학교 운동장", "sido": "대구광역시", "sigungu": "남구", "emd": "대명동", "road_name": "골안길", "capacity": null}}, {"type": "Feature", "geometry": {"type": "Point", "coordinates": [127.276037, 36.989045]}, "properties": {"shelter_id": "OBJ024155000000028", "name": "가온고등학교 운동장", "sido": "경기도", "sigungu": "안성시", "emd": "발화동", "road_name": "샛터길", "capacity": null}}, {"type": "Feature", "geometry": {"type": "Point", "coordinates": [127.274042, 37.012422]}, "properties": {"shelter_id": "OBJ024155000000032", "name": "안법고등학교 운동장", "sido": "경기도", "sigungu": "안성시", "emd": "구포동", "road_name": "명륜길", "capacity": null}}, {"type": "Feature", "geometry": {"type": "Point", "coordinates": [127.195393, 37.062801]}, "properties": {"shelter_id": "OBJ024155000000042", "name": "양성중학교 운동장", "sido": "경기도", "sigungu": "안성시", "emd": "양성면", "road_name": "양성로", "capacity": null}}, {"type": "Feature", "geometry": {"type": "Point", "coordinates": [127.195062, 37.061419]}, "properties": {"shelter_id": "OBJ024155000000043", "name": "양성초등학교 운동장", "sido": "경기도", "sigungu": "안성시", "emd": "양성면", "road_name": "옥단길", "capacity": null}}, {"type": "Feature", "geometry": {"type": "Point", "coordinates": [127.127881, 37.041511]}, "properties": {"shelter_id": "OBJ024155000000044", "name": "원곡초등학교 운동장", "sido": "경기도", "sigungu": "안성시", "emd": "원곡면", "road_name": "가천중앙1길", "capacity": null}}, {"type": "Feature", "geometry": {"type": "Point", "coordinates": [127.263873, 37.010884]}, "properties": {"shelter_id": "OBJ024155000000034", "name": "한경대학교 운동장", "sido": "경기도", "sigungu": "안성시", "emd": "석정동", "road_name": "비룡5길", "capacity": null}}, {"type": "Feature", "geometry": {"type": "Point", "coordinates": [127.267621, 37.010705]}, "properties": {"shelter_id": "OBJ024155000000035", "name": "안성몽실학교 운동장", "sido": "경기도", "sigungu": "안성시", "emd": "금산동", "road_name": "백성2길", "capacity": null}}, {"type": "Feature", "geometry": {"type": "Point", "coordinates": [127.262862, 37.014608]}, "properties": {"shelter_id": "OBJ024155000000037", "name": "비룡초등학교 운동장", "sido": "경기도", "sigungu": "안성시", "emd": "당왕동", "road_name": "비룡로", "capacity": null}}, {"type": "Feature", "geometry": {"type": "Point", "coordinates": [127.270591, 37.014312]}, "properties": {"shelter_id": "OBJ024155000000038", "name": "안성고등학교 운동장", "sido": "경기도", "sigungu": "안성시", "emd": "금산동", "road_name": "서당길", "capacity": null}}, {"type": "Feature", "geometry": {"type": "Point", "coordinates": [127.258188, 37.017601]}, "properties": {"shelter_id": "OBJ024155000000039", "name": "안성여자고등학교 운동장", "sido": "경기도", "sigungu": "안성시", "emd": "신소현동", "road_name": "남파로", "capacity": null}}, {"type": "Feature", "geometry": {"type": "Point", "coordinates": [127.274712, 37.021431]}, "properties": {"shelter_id": "OBJ024155000000040", "name": "안청중학교 운동장", "sido": "경기도", "sigungu": "안성시", "emd": "당왕동", "road_name": "당목길", "capacity": null}}, {"type": "Feature", "geometry": {"type": "Point", "coordinates": [127.2451, 37.110332]}, "properties": {"shelter_id": "OBJ024155000000041", "name": "미곡초등학교 운동장", "sido": "경기도", "sigungu": "안성시", "emd": "양성면", "road_name": "노곡길", "capacity": null}}, {"type": "Feature", "geometry": {"type": "Point", "coordinates": [126.989319, 37.543532]}, "properties": {"shelter_id": "OBJ021117000000036", "name": "소월길 어린이공원", "sido": "서울특별시", "sigungu": "용산구", "emd": "이태원동", "road_name": "소월로38길", "capacity": null}}, {"type": "Feature", "geometry": {"type": "Point", "coordinates": [126.989263, 37.538216]}, "properties": {"shelter_id": "OBJ021117000000037", "name": "이태원 어린이공원", "sido": "서울특별시", "sigungu": "용산구", "emd": "이태원동", "road_name": "회나무로26길", "capacity": null}}, {"type": "Feature", "geometry": {"type": "Point", "coordinates": [126.991508, 37.54127]}, "properties": {"shelter_id": "OBJ021117000000038", "name": "이태원 마을숲 소공원", "sido": "서울특별시", "sigungu": "용산구", "emd": "이태원동", "road_name": "회나무로13나길", "capacity": null}}, {"type": "Feature", "geometry": {"type": "Point", "coordinates": [126.974298, 37.552432]}, "properties": {"shelter_id": "OBJ021117000000008", "name": "새꿈어린이공원", "sido": "서울특별시", "sigungu": "용산구", "emd": "동자동", "road_name": "후암로57길", "capacity": null}}, {"type": "Feature", "geometry": {"type": "Point", "coordinates": [126.953045, 37.535536]}, "properties": {"shelter_id": "OBJ021117000000025", "name": "산천동 마을마당", "sido": "서울특별시", "sigungu": "용산구", "emd": "산천동", "road_name": "효창원로13길", "capacity": null}}, {"type": "Feature", "geometry": {"type": "Point", "coordinates": [126.997158, 37.540759]}, "properties": {"shelter_id": "OBJ021117000000039", "name": "라틴아메리카공원", "sido": "서울특별시", "sigungu": "용산구", "emd": "이태원동", "road_name": "소월로", "capacity": null}}, {"type": "Feature", "geometry": {"type": "Point", "coordinates": [127.012485, 37.534504]}, "properties": {"shelter_id": "OBJ021117000000040", "name": "독서당어린이공원", "sido": "서울특별시", "sigungu": "용산구", "emd": "한남동", "road_name": "유엔빌리지길", "capacity": null}}, {"type": "Feature", "geometry": {"type": "Point", "coordinates": [127.00009, 37.535072]}, "properties": {"shelter_id": "OBJ021117000000043", "name": "한남동공영주차장", "sido": "서울특별시", "sigungu": "용산구", "emd": "한남동", "road_name": "이태원로", "capacity": null}}, {"type": "Feature", "geometry": {"type": "Point", "coordinates": [126.988716, 37.543717]}, "properties": {"shelter_id": "OBJ021117000000048", "name": "용산2가동마을마당", "sido": "서울특별시", "sigungu": "용산구", "emd": "용산동2가", "road_name": "녹사평대로60길", "capacity": null}}, {"type": "Feature", "geometry": {"type": "Point", "coordinates": [126.998055, 37.52796]}, "properties": {"shelter_id": "OBJ021117000000045", "name": "달맞이공원", "sido": "서울특별시", "sigungu": "용산구", "emd": "보광동", "road_name": "보광로23길", "capacity": null}}, {"type": "Feature", "geometry": {"type": "Point", "coordinates": [126.984337, 37.545126]}, "properties": {"shelter_id": "OBJ021117000000046", "name": "용산2가동 마을휴식공간", "sido": "서울특별시", "sigungu": "용산구", "emd": "용산동2가", "road_name": "신흥로", "capacity": null}}, {"type": "Feature", "geometry": {"type": "Point", "coordinates": [126.98786, 37.545618]}, "properties": {"shelter_id": "OBJ021117000000047", "name": "소월길주민쉼터", "sido": "서울특별시", "sigungu": "용산구", "emd": "용산동2가", "road_name": "소월로30길", "capacity": null}}, {"type": "Feature", "geometry": {"type": "Point", "coordinates": [127.027629, 37.56752]}, "properties": {"shelter_id": "OBJ021120000000001", "name": "숭신초등학교 운동장", "sido": "서울특별시", "sigungu": "성동구", "emd": "하왕십리동", "road_name": "마장로", "capacity": null}}, {"type": "Feature", "geometry": {"type": "Point", "coordinates": [127.029867, 37.562753]}, "properties": {"shelter_id": "OBJ021120000000002", "name": "무학초등학교 운동장", "sido": "서울특별시", "sigungu": "성동구", "emd": "하왕십리동", "road_name": "무학봉15길", "capacity": null}}, {"type": "Feature", "geometry": {"type": "Point", "coordinates": [128.61702, 35.857653]}, "properties": {"shelter_id": "OBJ022726000000032", "name": "동일초등학교", "sido": "대구광역시", "sigungu": "수성구", "emd": "수성동2가", "road_name": "수성로76길", "capacity": null}}, {"type": "Feature", "geometry": {"type": "Point", "coordinates": [128.618547, 35.838583]}, "properties": {"shelter_id": "OBJ022726000000045", "name": "들안길초등학교", "sido": "대구광역시", "sigungu": "수성구", "emd": "두산동", "road_name": "청수로20길", "capacity": null}}, {"type": "Feature", "geometry": {"type": "Point", "coordinates": [128.629137, 35.83325]}, "properties": {"shelter_id": "OBJ022726000000050", "name": "남양학교", "sido": "대구광역시", "sigungu": "수성구", "emd": "지산동", "road_name": "무학로37안길", "capacity": null}}, {"type": "Feature", "geometry": {"type": "Point", "coordinates": [128.632715, 35.822532]}, "properties": {"shelter_id": "OBJ022726000000051", "name": "용지초등학교", "sido": "대구광역시", "sigungu": "수성구", "emd": "지산동", "road_name": "지산로", "capacity": null}}, {"type": "Feature", "geometry": {"type": "Point", "coordinates": [128.709113, 35.844756]}, "properties": {"shelter_id": "OBJ022726000000071", "name": "매동초등학교", "sido": "대구광역시", "sigungu": "수성구", "emd": "매호동", "road_name": "천을로31길", "capacity": null}}, {"type": "Feature", "geometry": {"type": "Point", "coordinates": [128.647048, 35.817309]}, "properties": {"shelter_id": "OBJ022726000000054", "name": "복명초등학교", "sido": "대구광역시", "sigungu": "수성구", "emd": "범물동", "road_name": "범안로20길", "capacity": null}}, {"type": "Feature", "geometry": {"type": "Point", "coordinates": [128.644442, 35.820642]}, "properties": {"shelter_id": "OBJ022726000000056", "name": "범일중학교", "sido": "대구광역시", "sigungu": "수성구", "emd": "범물동", "road_name": "지범로41길", "capacity": null}}, {"type": "Feature", "geometry": {"type": "Point", "coordinates": [128.70895, 35.834973]}, "properties": {"shelter_id": "OBJ022726000000061", "name": "시지중학교", "sido": "대구광역시", "sigungu": "수성구", "emd": "신매동", "road_name": "신매로", "capacity": null}}, {"type": "Feature", "geometry": {"type": "Point", "coordinates": [128.653036, 35.850678]}, "properties": {"shelter_id": "OBJ022726000000080", "name": "만촌공원", "sido": "대구광역시", "sigungu": "수성구", "emd": "만촌동", "road_name": "교학로5길", "capacity": null}}, {"type": "Feature", "geometry": {"type": "Point", "coordinates": [128.694642, 35.837853]}, "properties": {"shelter_id": "OBJ022726000000068", "name": "노변중학교", "sido": "대구광역시", "sigungu": "수성구", "emd": "노변동", "road_name": "시지로", "capacity": null}}, {"type": "Feature", "geometry": {"type": "Point", "coordinates": [127.251454, 37.408885]}, "properties": {"shelter_id": "OBJ024161000000035", "name": "경안근린공원", "sido": "경기도", "sigungu": "광주시", "emd": "경안동", "road_name": "경안로98번길", "capacity": null}}, {"type": "Feature", "geometry": {"type": "Point", "coordinates": [126.963344, 37.857757]}, "properties": {"shelter_id": "OBJ024163000000001", "name": "효촌초등학교 운동장", "sido": "경기도", "sigungu": "양주시", "emd": "광적면", "road_name": "화합로248번길", "capacity": null}}, {"type": "Feature", "geometry": {"type": "Point", "coordinates": [127.327084, 37.29535]}, "properties": {"shelter_id": "OBJ024161000000043", "name": "도척 그린공원", "sido": "경기도", "sigungu": "광주시", "emd": "도척면", "road_name": "도척로", "capacity": null}}, {"type": "Feature", "geometry": {"type": "Point", "coordinates": [127.30363, 37.473042]}, "properties": {"shelter_id": "OBJ024161000000044", "name": "퇴촌 공설운동장", "sido": "경기도", "sigungu": "광주시", "emd": "퇴촌면", "road_name": "천진암로", "capacity": null}}, {"type": "Feature", "geometry": {"type": "Point", "coordinates": [127.300612, 37.496268]}, "properties": {"shelter_id": "OBJ024161000000045", "name": "남종 공설운동장", "sido": "경기도", "sigungu": "광주시", "emd": "남종면", "road_name": "산수로", "capacity": null}}, {"type": "Feature", "geometry": {"type": "Point", "coordinates": [126.983739, 37.781141]}, "properties": {"shelter_id": "OBJ024163000000002", "name": "은봉초등학교 운동장", "sido": "경기도", "sigungu": "양주시", "emd": "백석읍", "road_name": "꿈나무로", "capacity": null}}, {"type": "Feature", "geometry": {"type": "Point", "coordinates": [127.068208, 37.834096]}, "properties": {"shelter_id": "OBJ024163000000004", "name": "고암중학교 운동장", "sido": "경기도", "sigungu": "양주시", "emd": "덕정동", "road_name": "고암길", "capacity": null}}, {"type": "Feature", "geometry": {"type": "Point", "coordinates": [126.998844, 37.908659]}, "properties": {"shelter_id": "OBJ024163000000017", "name": "남면초등학교 양덕분교 운동장", "sido": "경기도", "sigungu": "양주시", "emd": "남면", "road_name": "은남로119번길", "capacity": null}}, {"type": "Feature", "geometry": {"type": "Point", "coordinates": [127.048001, 37.822987]}, "properties": {"shelter_id": "OBJ024163000000010", "name": "덕계초등학교 운동장", "sido": "경기도", "sigungu": "양주시", "emd": "덕계동", "road_name": "평화로1489번길", "capacity": null}}, {"type": "Feature", "geometry": {"type": "Point", "coordinates": [126.991088, 37.788974]}, "properties": {"shelter_id": "OBJ024163000000008", "name": "신지초등학교 운동장", "sido": "경기도", "sigungu": "양주시", "emd": "백석읍", "road_name": "양주산성로574번길", "capacity": null}}, {"type": "Feature", "geometry": {"type": "Point", "coordinates": [127.047382, 37.817775]}, "properties": {"shelter_id": "OBJ024163000000009", "name": "덕산초등학교 운동장", "sido": "경기도", "sigungu": "양주시", "emd": "덕계동", "road_name": "평화로1416번길", "capacity": null}}, {"type": "Feature", "geometry": {"type": "Point", "coordinates": [127.080777, 37.799025]}, "properties": {"shelter_id": "OBJ024163000000006", "name": "덕현초등학교 운동장", "sido": "경기도", "sigungu": "양주시", "emd": "고읍동", "road_name": "고읍로35번길", "capacity": null}}, {"type": "Feature", "geometry": {"type": "Point", "coordinates": [127.005697, 37.910498]}, "properties": {"shelter_id": "OBJ024163000000011", "name": "봉암초등학교 운동장", "sido": "경기도", "sigungu": "양주시", "emd": "은현면", "road_name": "삼육사로477번길", "capacity": null}}, {"type": "Feature", "geometry": {"type": "Point", "coordinates": [126.961718, 37.806836]}, "properties": {"shelter_id": "OBJ024163000000012", "name": "연곡초등학교 운동장", "sido": "경기도", "sigungu": "양주시", "emd": "백석읍", "road_name": "월암로170번길", "capacity": null}}, {"type": "Feature", "geometry": {"type": "Point", "coordinates": [126.970774, 37.715936]}, "properties": {"shelter_id": "OBJ024163000000014", "name": "송추초등학교 운동장", "sido": "경기도", "sigungu": "양주시", "emd": "장흥면", "road_name": "호국로", "capacity": null}}, {"type": "Feature", "geometry": {"type": "Point", "coordinates": [128.524391, 35.822861]}, "properties": {"shelter_id": "OBJ022729000000164", "name": "조암중학교 운동장", "sido": "대구광역시", "sigungu": "달서구", "emd": "월성동", "road_name": "조암남로14안길", "capacity": null}}, {"type": "Feature", "geometry": {"type": "Point", "coordinates": [128.532072, 35.821294]}, "properties": {"shelter_id": "OBJ022729000000183", "name": "월서초등학교 운동장", "sido": "대구광역시", "sigungu": "달서구", "emd": "상인동", "road_name": "월배로39길", "capacity": null}}, {"type": "Feature", "geometry": {"type": "Point", "coordinates": [128.549491, 35.811684]}, "properties": {"shelter_id": "OBJ022729000000190", "name": "월곡초등학교 운동장", "sido": "대구광역시", "sigungu": "달서구", "emd": "상인동", "road_name": "상인로", "capacity": null}}, {"type": "Feature", "geometry": {"type": "Point", "coordinates": [128.550415, 35.810908]}, "properties": {"shelter_id": "OBJ022729000000191", "name": "상인중학교 운동장", "sido": "대구광역시", "sigungu": "달서구", "emd": "상인동", "road_name": "상인로", "capacity": null}}, {"type": "Feature", "geometry": {"type": "Point", "coordinates": [128.551058, 35.810003]}, "properties": {"shelter_id": "OBJ022729000000192", "name": "상인고등학교 운동장", "sido": "대구광역시", "sigungu": "달서구", "emd": "상인동", "road_name": "상인로", "capacity": null}}, {"type": "Feature", "geometry": {"type": "Point", "coordinates": [127.749802, 37.864128]}, "properties": {"shelter_id": "OBJ024211000000031", "name": "우석초등학교 운동장", "sido": "강원도", "sigungu": "춘천시", "emd": "석사동", "road_name": "우석로29번길", "capacity": null}}, {"type": "Feature", "geometry": {"type": "Point", "coordinates": [127.726443, 37.858494]}, "properties": {"shelter_id": "OBJ024211000000032", "name": "남부초등학교 운동장", "sido": "강원도", "sigungu": "춘천시", "emd": "퇴계동", "road_name": "춘주로147번길", "capacity": null}}, {"type": "Feature", "geometry": {"type": "Point", "coordinates": [127.739535, 37.904329]}, "properties": {"shelter_id": "OBJ024211000000038", "name": "소양초등학교 운동장", "sido": "강원도", "sigungu": "춘천시", "emd": "우두동", "road_name": "충열로", "capacity": null}}, {"type": "Feature", "geometry": {"type": "Point", "coordinates": [127.722132, 37.860823]}, "properties": {"shelter_id": "OBJ024211000000035", "name": "남춘천초등학교 운동장", "sido": "강원도", "sigungu": "춘천시", "emd": "온의동", "road_name": "충혼길", "capacity": null}}, {"type": "Feature", "geometry": {"type": "Point", "coordinates": [127.712067, 37.84266]}, "properties": {"shelter_id": "OBJ024211000000036", "name": "신남초등학교 운동장", "sido": "강원도", "sigungu": "춘천시", "emd": "칠전동", "road_name": "칠전서길", "capacity": null}}, {"type": "Feature", "geometry": {"type": "Point", "coordinates": [127.725837, 37.906092]}, "properties": {"shelter_id": "OBJ024211000000037", "name": "소양중학교 운동장", "sido": "강원도", "sigungu": "춘천시", "emd": "사농동", "road_name": "사우로", "capacity": null}}, {"type": "Feature", "geometry": {"type": "Point", "coordinates": [127.035796, 37.568436]}, "properties": {"shelter_id": "OBJ021120000000003", "name": "동명초등학교 운동장", "sido": "서울특별시", "sigungu": "성동구", "emd": "마장동", "road_name": "청계천로12길", "capacity": null}}, {"type": "Feature", "geometry": {"type": "Point", "coordinates": [127.020295, 37.552421]}, "properties": {"shelter_id": "OBJ021120000000007", "name": "금호초등학교 운동장", "sido": "서울특별시", "sigungu": "성동구", "emd": "금호동2가", "road_name": "무수막길", "capacity": null}}, {"type": "Feature", "geometry": {"type": "Point", "coordinates": [127.042055, 37.561001]}, "properties": {"shelter_id": "OBJ021120000000004", "name": "한양대사범대학부속중학교 운동장", "sido": "서울특별시", "sigungu": "성동구", "emd": "사근동", "road_name": "마조로", "capacity": null}}, {"type": "Feature", "geometry": {"type": "Point", "coordinates": [127.034572, 37.557]}, "properties": {"shelter_id": "OBJ021120000000005", "name": "행당초등학교 운동장", "sido": "서울특별시", "sigungu": "성동구", "emd": "행당동", "road_name": "고산자로8길", "capacity": null}}, {"type": "Feature", "geometry": {"type": "Point", "coordinates": [127.023387, 37.556965]}, "properties": {"shelter_id": "OBJ021120000000006", "name": "금북초등학교 운동장", "sido": "서울특별시", "sigungu": "성동구", "emd": "금호동1가", "road_name": "행당로1길", "capacity": null}}, {"type": "Feature", "geometry": {"type": "Point", "coordinates": [127.042197, 37.555117]}, "properties": {"shelter_id": "OBJ021120000000015", "name": "덕수고등학교 운동장", "sido": "서울특별시", "sigungu": "성동구", "emd": "행당동", "road_name": "살곶이길", "capacity": null}}, {"type": "Feature", "geometry": {"type": "Point", "coordinates": [127.039862, 37.56234]}, "properties": {"shelter_id": "OBJ021120000000012", "name": "동마중학교 운동장", "sido": "서울특별시", "sigungu": "성동구", "emd": "마장동", "road_name": "마조로11길", "capacity": null}}, {"type": "Feature", "geometry": {"type": "Point", "coordinates": [127.047985, 37.562546]}, "properties": {"shelter_id": "OBJ021120000000014", "name": "사근초등학교 운동장", "sido": "서울특별시", "sigungu": "성동구", "emd": "사근동", "road_name": "사근동11길", "capacity": null}}, {"type": "Feature", "geometry": {"type": "Point", "coordinates": [127.042686, 37.554272]}, "properties": {"shelter_id": "OBJ021120000000013", "name": "행당중학교 운동장", "sido": "서울특별시", "sigungu": "성동구", "emd": "행당동", "road_name": "살곶이길", "capacity": null}}, {"type": "Feature", "geometry": {"type": "Point", "coordinates": [127.049912, 37.558167]}, "properties": {"shelter_id": "OBJ021120000000016", "name": "한양여자대학교 운동장", "sido": "서울특별시", "sigungu": "성동구", "emd": "사근동", "road_name": "살곶이길", "capacity": null}}, {"type": "Feature", "geometry": {"type": "Point", "coordinates": [127.022377, 37.545853]}, "properties": {"shelter_id": "OBJ021120000000027", "name": "옥수초등학교 운동장", "sido": "서울특별시", "sigungu": "성동구", "emd": "금호동4가", "road_name": "금호로1길", "capacity": null}}, {"type": "Feature", "geometry": {"type": "Point", "coordinates": [127.033552, 37.54989]}, "properties": {"shelter_id": "OBJ021120000000021", "name": "응봉초등학교 운동장", "sido": "서울특별시", "sigungu": "성동구", "emd": "응봉동", "road_name": "독서당로62길", "capacity": null}}, {"type": "Feature", "geometry": {"type": "Point", "coordinates": [127.023832, 37.553225]}, "properties": {"shelter_id": "OBJ021120000000024", "name": "금호고등학교 운동장", "sido": "서울특별시", "sigungu": "성동구", "emd": "금호동1가", "road_name": "금호로", "capacity": null}}, {"type": "Feature", "geometry": {"type": "Point", "coordinates": [127.017971, 37.5466]}, "properties": {"shelter_id": "OBJ021120000000026", "name": "금옥초등학교 운동장", "sido": "서울특별시", "sigungu": "성동구", "emd": "금호동4가", "road_name": "독서당로", "capacity": null}}, {"type": "Feature", "geometry": {"type": "Point", "coordinates": [127.047806, 37.543243]}, "properties": {"shelter_id": "OBJ021120000000033", "name": "경일고등학교 운동장", "sido": "서울특별시", "sigungu": "성동구", "emd": "성수동1가", "road_name": "뚝섬로1길", "capacity": null}}, {"type": "Feature", "geometry": {"type": "Point", "coordinates": [127.012775, 37.541402]}, "properties": {"shelter_id": "OBJ021120000000029", "name": "옥정중학교 운동장", "sido": "서울특별시", "sigungu": "성동구", "emd": "옥수동", "road_name": "한림말길", "capacity": null}}, {"type": "Feature", "geometry": {"type": "Point", "coordinates": [127.015882, 37.541666]}, "properties": {"shelter_id": "OBJ021120000000030", "name": "옥정초등학교 운동장", "sido": "서울특별시", "sigungu": "성동구", "emd": "옥수동", "road_name": "한림말3길", "capacity": null}}, {"type": "Feature", "geometry": {"type": "Point", "coordinates": [127.047037, 37.540393]}, "properties": {"shelter_id": "OBJ021120000000032", "name": "경일초등학교 운동장", "sido": "서울특별시", "sigungu": "성동구", "emd": "성수동1가", "road_name": "성덕정1길", "capacity": null}}, {"type": "Feature", "geometry": {"type": "Point", "coordinates": [127.050896, 37.542736]}, "properties": {"shelter_id": "OBJ021120000000034", "name": "경동초등학교 운동장", "sido": "서울특별시", "sigungu": "성동구", "emd": "성수동1가", "road_name": "뚝섬로5길", "capacity": null}}, {"type": "Feature", "geometry": {"type": "Point", "coordinates": [127.058217, 37.540018]}, "properties": {"shelter_id": "OBJ021120000000038", "name": "경수초등학교 운동장", "sido": "서울특별시", "sigungu": "성동구", "emd": "성수동2가", "road_name": "성수이로16길", "capacity": null}}, {"type": "Feature", "geometry": {"type": "Point", "coordinates": [128.703539, 35.834799]}, "properties": {"shelter_id": "OBJ022726000000067", "name": "청림초등학교", "sido": "대구광역시", "sigungu": "수성구", "emd": "신매동", "road_name": "고산로", "capacity": null}}, {"type": "Feature", "geometry": {"type": "Point", "coordinates": [128.702041, 35.83489]}, "properties": {"shelter_id": "OBJ022726000000069", "name": "대구농업마이스터고등학교", "sido": "대구광역시", "sigungu": "수성구", "emd": "노변동", "road_name": "유니버시아드로", "capacity": null}}, {"type": "Feature", "geometry": {"type": "Point", "coordinates": [128.62669, 35.846513]}, "properties": {"shelter_id": "OBJ022726000000090", "name": "어린이회관광장", "sido": "대구광역시", "sigungu": "수성구", "emd": "황금동", "road_name": "동대구로", "capacity": null}}, {"type": "Feature", "geometry": {"type": "Point", "coordinates": [128.633012, 35.826767]}, "properties": {"shelter_id": "OBJ022726000000107", "name": "세각단공원", "sido": "대구광역시", "sigungu": "수성구", "emd": "지산동", "road_name": "지산로11길", "capacity": null}}, {"type": "Feature", "geometry": {"type": "Point", "coordinates": [128.629636, 35.849757]}, "properties": {"shelter_id": "OBJ022726000000137", "name": "수성구구민운동장", "sido": "대구광역시", "sigungu": "수성구", "emd": "범어동", "road_name": "동대구로50길", "capacity": null}}, {"type": "Feature", "geometry": {"type": "Point", "coordinates": [128.698304, 35.845434]}, "properties": {"shelter_id": "OBJ022726000000140", "name": "고산중학교", "sido": "대구광역시", "sigungu": "수성구", "emd": "시지동", "road_name": "천을로", "capacity": null}}, {"type": "Feature", "geometry": {"type": "Point", "coordinates": [128.618062, 35.832154]}, "properties": {"shelter_id": "OBJ022726000000101", "name": "끝동공원", "sido": "대구광역시", "sigungu": "수성구", "emd": "두산동", "road_name": "들안로2길", "capacity": null}}, {"type": "Feature", "geometry": {"type": "Point", "coordinates": [128.701892, 35.843576]}, "properties": {"shelter_id": "OBJ022726000000073", "name": "매호중학교", "sido": "대구광역시", "sigungu": "수성구", "emd": "매호동", "road_name": "달구벌대로627길", "capacity": null}}, {"type": "Feature", "geometry": {"type": "Point", "coordinates": [128.620011, 35.865396]}, "properties": {"shelter_id": "OBJ022726000000074", "name": "범어재공원", "sido": "대구광역시", "sigungu": "수성구", "emd": "범어동", "road_name": "들안로78길", "capacity": null}}, {"type": "Feature", "geometry": {"type": "Point", "coordinates": [128.641561, 35.860053]}, "properties": {"shelter_id": "OBJ022726000000075", "name": "광명공원", "sido": "대구광역시", "sigungu": "수성구", "emd": "만촌동", "road_name": "동원로2길", "capacity": null}}, {"type": "Feature", "geometry": {"type": "Point", "coordinates": [128.643229, 35.86211]}, "properties": {"shelter_id": "OBJ022726000000076", "name": "동원공원", "sido": "대구광역시", "sigungu": "수성구", "emd": "만촌동", "road_name": "세진로12길", "capacity": null}}, {"type": "Feature", "geometry": {"type": "Point", "coordinates": [128.645949, 35.863247]}, "properties": {"shelter_id": "OBJ022726000000077", "name": "청구공원", "sido": "대구광역시", "sigungu": "수성구", "emd": "만촌동", "road_name": "만촌로8길", "capacity": null}}, {"type": "Feature", "geometry": {"type": "Point", "coordinates": [128.647875, 35.865489]}, "properties": {"shelter_id": "OBJ022726000000078", "name": "무열공원", "sido": "대구광역시", "sigungu": "수성구", "emd": "만촌동", "road_name": "국채보상로216길", "capacity": null}}, {"type": "Feature", "geometry": {"type": "Point", "coordinates": [128.648816, 35.856299]}, "properties": {"shelter_id": "OBJ022726000000079", "name": "국화공원", "sido": "대구광역시", "sigungu": "수성구", "emd": "만촌동", "road_name": "달구벌대로526길", "capacity": null}}, {"type": "Feature", "geometry": {"type": "Point", "coordinates": [126.978956, 37.89719]}, "properties": {"shelter_id": "OBJ024163000000015", "name": "한국외식과학고등학교 운동장", "sido": "경기도", "sigungu": "양주시", "emd": "남면", "road_name": "삼육사로111번길", "capacity": null}}, {"type": "Feature", "geometry": {"type": "Point", "coordinates": [126.977365, 37.840293]}, "properties": {"shelter_id": "OBJ024163000000016", "name": "덕도초등학교 운동장", "sido": "경기도", "sigungu": "양주시", "emd": "광적면", "road_name": "광적로224번길", "capacity": null}}, {"type": "Feature", "geometry": {"type": "Point", "coordinates": [126.987886, 37.86865]}, "properties": {"shelter_id": "OBJ024163000000018", "name": "상수초등학교 운동장", "sido": "경기도", "sigungu": "양주시", "emd": "남면", "road_name": "화합로", "capacity": null}}, {"type": "Feature", "geometry": {"type": "Point", "coordinates": [126.930309, 37.699797]}, "properties": {"shelter_id": "OBJ024163000000023", "name": "삼상초등학교 운동장", "sido": "경기도", "sigungu": "양주시", "emd": "장흥면", "road_name": "일영로", "capacity": null}}, {"type": "Feature", "geometry": {"type": "Point", "coordinates": [127.023252, 37.86407]}, "properties": {"shelter_id": "OBJ024163000000020", "name": "은현초등학교 운동장", "sido": "경기도", "sigungu": "양주시", "emd": "은현면", "road_name": "화합로", "capacity": null}}, {"type": "Feature", "geometry": {"type": "Point", "coordinates": [126.982965, 37.819122]}, "properties": {"shelter_id": "OBJ024163000000021", "name": "가납초등학교 운동장", "sido": "경기도", "sigungu": "양주시", "emd": "광적면", "road_name": "부흥로", "capacity": null}}, {"type": "Feature", "geometry": {"type": "Point", "coordinates": [126.979265, 37.81928]}, "properties": {"shelter_id": "OBJ024163000000022", "name": "조양중학교 운동장", "sido": "경기도", "sigungu": "양주시", "emd": "광적면", "road_name": "부흥로", "capacity": null}}, {"type": "Feature", "geometry": {"type": "Point", "coordinates": [127.039908, 37.806235]}, "properties": {"shelter_id": "OBJ024163000000024", "name": "산북초등학교 운동장", "sido": "경기도", "sigungu": "양주시", "emd": "산북동", "road_name": "평화로1261번길", "capacity": null}}, {"type": "Feature", "geometry": {"type": "Point", "coordinates": [127.027387, 37.785454]}, "properties": {"shelter_id": "OBJ024163000000025", "name": "유양초등학교 운동장", "sido": "경기도", "sigungu": "양주시", "emd": "유양동", "road_name": "부흥로", "capacity": null}}, {"type": "Feature", "geometry": {"type": "Point", "coordinates": [127.063313, 37.845862]}, "properties": {"shelter_id": "OBJ024163000000028", "name": "덕정초등학교 운동장", "sido": "경기도", "sigungu": "양주시", "emd": "덕정동", "road_name": "덕정5길", "capacity": null}}, {"type": "Feature", "geometry": {"type": "Point", "coordinates": [127.063637, 37.842081]}, "properties": {"shelter_id": "OBJ024163000000029", "name": "덕정중학교 운동장", "sido": "경기도", "sigungu": "양주시", "emd": "덕정동", "road_name": "화합로", "capacity": null}}, {"type": "Feature", "geometry": {"type": "Point", "coordinates": [126.592131, 37.688859]}, "properties": {"shelter_id": "OBJ024157000000043", "name": "마송제1근린공원", "sido": "경기도", "sigungu": "김포시", "emd": "통진읍", "road_name": "마송1로", "capacity": null}}, {"type": "Feature", "geometry": {"type": "Point", "coordinates": [126.767368, 37.600049]}, "properties": {"shelter_id": "OBJ024157000000044", "name": "수기1어린이공원", "sido": "경기도", "sigungu": "김포시", "emd": "고촌읍", "road_name": "수기로", "capacity": null}}, {"type": "Feature", "geometry": {"type": "Point", "coordinates": [126.725169, 37.597908]}, "properties": {"shelter_id": "OBJ024157000000045", "name": "풍무5지구 바다어린이공원", "sido": "경기도", "sigungu": "김포시", "emd": "풍무동", "road_name": "유현로33번길", "capacity": null}}, {"type": "Feature", "geometry": {"type": "Point", "coordinates": [126.666263, 37.652104]}, "properties": {"shelter_id": "OBJ024157000000048", "name": "한강신도시 제8호 어린이공원", "sido": "경기도", "sigungu": "김포시", "emd": "장기동", "road_name": "김포한강2로", "capacity": null}}, {"type": "Feature", "geometry": {"type": "Point", "coordinates": [126.672486, 37.643752]}, "properties": {"shelter_id": "OBJ024157000000049", "name": "하프공원", "sido": "경기도", "sigungu": "김포시", "emd": "장기동", "road_name": "김포한강1로78번길", "capacity": null}}, {"type": "Feature", "geometry": {"type": "Point", "coordinates": [126.869204, 37.236512]}, "properties": {"shelter_id": "OBJ024159000000017", "name": "비봉초등학교 운동장", "sido": "경기도", "sigungu": "화성시", "emd": "비봉면", "road_name": "양노로", "capacity": null}}, {"type": "Feature", "geometry": {"type": "Point", "coordinates": [126.954768, 37.217777]}, "properties": {"shelter_id": "OBJ024159000000019", "name": "상봉초등학교 운동장", "sido": "경기도", "sigungu": "화성시", "emd": "봉담읍", "road_name": "동화길", "capacity": null}}, {"type": "Feature", "geometry": {"type": "Point", "coordinates": [127.047042, 37.21243]}, "properties": {"shelter_id": "OBJ024159000000028", "name": "안화초등학교 운동장", "sido": "경기도", "sigungu": "화성시", "emd": "병점동", "road_name": "병점3로", "capacity": null}}, {"type": "Feature", "geometry": {"type": "Point", "coordinates": [127.076328, 37.210599]}, "properties": {"shelter_id": "OBJ024159000000029", "name": "예원초등학교 운동장", "sido": "경기도", "sigungu": "화성시", "emd": "석우동", "road_name": "동탄반석로", "capacity": null}}, {"type": "Feature", "geometry": {"type": "Point", "coordinates": [126.852389, 37.056031]}, "properties": {"shelter_id": "OBJ024159000000030", "name": "장명초등학교 운동장", "sido": "경기도", "sigungu": "화성시", "emd": "장안면", "road_name": "장명길", "capacity": null}}, {"type": "Feature", "geometry": {"type": "Point", "coordinates": [126.824058, 37.085525]}, "properties": {"shelter_id": "OBJ024159000000031", "name": "화성장안초등학교 운동장", "sido": "경기도", "sigungu": "화성시", "emd": "장안면", "road_name": "조암동로", "capacity": null}}, {"type": "Feature", "geometry": {"type": "Point", "coordinates": [127.012044, 37.152544]}, "properties": {"shelter_id": "OBJ024159000000032", "name": "정림초등학교 운동장", "sido": "경기도", "sigungu": "화성시", "emd": "정남면", "road_name": "정남동로324번길", "capacity": null}}, {"type": "Feature", "geometry": {"type": "Point", "coordinates": [126.888699, 37.201159]}, "properties": {"shelter_id": "OBJ024159000000034", "name": "청룡초등학교 운동장", "sido": "경기도", "sigungu": "화성시", "emd": "비봉면", "road_name": "주석로", "capacity": null}}, {"type": "Feature", "geometry": {"type": "Point", "coordinates": [127.055855, 37.208354]}, "properties": {"shelter_id": "OBJ024159000000037", "name": "한마음초등학교 운동장", "sido": "경기도", "sigungu": "화성시", "emd": "능동", "road_name": "동탄숲속로", "capacity": null}}, {"type": "Feature", "geometry": {"type": "Point", "coordinates": [128.539488, 35.822375]}, "properties": {"shelter_id": "OBJ022729000000187", "name": "상원고등학교 운동장", "sido": "대구광역시", "sigungu": "달서구", "emd": "상인동", "road_name": "학산남로", "capacity": null}}, {"type": "Feature", "geometry": {"type": "Point", "coordinates": [128.60483, 35.918893]}, "properties": {"shelter_id": "OBJ022723000000053", "name": "동변초.중학교 운동장", "sido": "대구광역시", "sigungu": "북구", "emd": "동변동", "road_name": "동변로", "capacity": null}}, {"type": "Feature", "geometry": {"type": "Point", "coordinates": [128.544734, 35.90928]}, "properties": {"shelter_id": "OBJ022723000000057", "name": "매천근린공원", "sido": "대구광역시", "sigungu": "북구", "emd": "매천동", "road_name": "매전로", "capacity": null}}, {"type": "Feature", "geometry": {"type": "Point", "coordinates": [128.658742, 35.882869]}, "properties": {"shelter_id": "OBJ022714000000026", "name": "동촌중학교(운동장)", "sido": "대구광역시", "sigungu": "동구", "emd": "방촌동", "road_name": "동촌로", "capacity": null}}, {"type": "Feature", "geometry": {"type": "Point", "coordinates": [128.702365, 35.86745]}, "properties": {"shelter_id": "OBJ022714000000027", "name": "신기중학교(운동장)", "sido": "대구광역시", "sigungu": "동구", "emd": "신기동", "road_name": "율하동로", "capacity": null}}, {"type": "Feature", "geometry": {"type": "Point", "coordinates": [128.709875, 35.866627]}, "properties": {"shelter_id": "OBJ022714000000028", "name": "안심중학교(운동장)", "sido": "대구광역시", "sigungu": "동구", "emd": "서호동", "road_name": "안심로49길", "capacity": null}}, {"type": "Feature", "geometry": {"type": "Point", "coordinates": [128.729626, 35.865336]}, "properties": {"shelter_id": "OBJ022714000000030", "name": "강동고등학교(운동장)", "sido": "대구광역시", "sigungu": "동구", "emd": "신서동", "road_name": "금강로", "capacity": null}}, {"type": "Feature", "geometry": {"type": "Point", "coordinates": [128.719149, 35.873276]}, "properties": {"shelter_id": "OBJ022714000000031", "name": "동부고등학교(운동장)", "sido": "대구광역시", "sigungu": "동구", "emd": "각산동", "road_name": "반야월북로", "capacity": null}}, {"type": "Feature", "geometry": {"type": "Point", "coordinates": [128.693221, 35.877461]}, "properties": {"shelter_id": "OBJ022714000000032", "name": "정동고등학교(운동장)", "sido": "대구광역시", "sigungu": "동구", "emd": "용계동", "road_name": "용계로1길", "capacity": null}}, {"type": "Feature", "geometry": {"type": "Point", "coordinates": [128.694746, 35.881747]}, "properties": {"shelter_id": "OBJ022714000000033", "name": "조일로봇고등학교(운동장)", "sido": "대구광역시", "sigungu": "동구", "emd": "신평동", "road_name": "신덕로", "capacity": null}}, {"type": "Feature", "geometry": {"type": "Point", "coordinates": [128.631198, 35.891679]}, "properties": {"shelter_id": "OBJ022714000000036", "name": "신암선열공원", "sido": "대구광역시", "sigungu": "동구", "emd": "신암동", "road_name": "동북로71길", "capacity": null}}, {"type": "Feature", "geometry": {"type": "Point", "coordinates": [128.634724, 35.888588]}, "properties": {"shelter_id": "OBJ022714000000048", "name": "신아중학교(운동장)", "sido": "대구광역시", "sigungu": "동구", "emd": "신암동", "road_name": "아양로39길", "capacity": null}}, {"type": "Feature", "geometry": {"type": "Point", "coordinates": [128.689706, 35.955116]}, "properties": {"shelter_id": "OBJ022714000000050", "name": "공산중학교(운동장)", "sido": "대구광역시", "sigungu": "동구", "emd": "백안동", "road_name": "팔공로197길", "capacity": null}}, {"type": "Feature", "geometry": {"type": "Point", "coordinates": [127.064313, 37.314789]}, "properties": {"shelter_id": "OBJ024146500000020", "name": "성서중학교  운동장", "sido": "경기도", "sigungu": "용인시 수지구", "emd": "성복동", "road_name": "성복1로", "capacity": null}}, {"type": "Feature", "geometry": {"type": "Point", "coordinates": [127.099295, 37.323002]}, "properties": {"shelter_id": "OBJ024146500000022", "name": "문정중학교 운동장", "sido": "경기도", "sigungu": "용인시 수지구", "emd": "풍덕천동", "road_name": "포은대로", "capacity": null}}, {"type": "Feature", "geometry": {"type": "Point", "coordinates": [127.107561, 37.332781]}, "properties": {"shelter_id": "OBJ024146500000023", "name": "죽전중학교 운동장", "sido": "경기도", "sigungu": "용인시 수지구", "emd": "죽전동", "road_name": "용구대로2771번길", "capacity": null}}, {"type": "Feature", "geometry": {"type": "Point", "coordinates": [127.065279, 37.320039]}, "properties": {"shelter_id": "OBJ024146500000019", "name": "성서초등학교 운동장", "sido": "경기도", "sigungu": "용인시 수지구", "emd": "성복동", "road_name": "성복2로", "capacity": null}}, {"type": "Feature", "geometry": {"type": "Point", "coordinates": [127.091774, 37.32472]}, "properties": {"shelter_id": "OBJ024146500000021", "name": "토월초등학교 운동장", "sido": "경기도", "sigungu": "용인시 수지구", "emd": "풍덕천동", "road_name": "수지로296번길", "capacity": null}}, {"type": "Feature", "geometry": {"type": "Point", "coordinates": [127.067674, 37.316995]}, "properties": {"shelter_id": "OBJ024146500000024", "name": "효자초등학교 운동장", "sido": "경기도", "sigungu": "용인시 수지구", "emd": "성복동", "road_name": "성복1로", "capacity": null}}, {"type": "Feature", "geometry": {"type": "Point", "coordinates": [126.81315, 37.74794]}, "properties": {"shelter_id": "OBJ024148000000001", "name": "봉일천중학교 운동장", "sido": "경기도", "sigungu": "파주시", "emd": "조리읍", "road_name": "두루봉로", "capacity": null}}, {"type": "Feature", "geometry": {"type": "Point", "coordinates": [126.792893, 37.739906]}, "properties": {"shelter_id": "OBJ024148000000002", "name": "능안초등학교 운동장", "sido": "경기도", "sigungu": "파주시", "emd": "조리읍", "road_name": "능안로", "capacity": null}}, {"type": "Feature", "geometry": {"type": "Point", "coordinates": [126.819867, 37.726886]}, "properties": {"shelter_id": "OBJ024148000000003", "name": "파주대원초등학교 운동장", "sido": "경기도", "sigungu": "파주시", "emd": "조리읍", "road_name": "대원로", "capacity": null}}, {"type": "Feature", "geometry": {"type": "Point", "coordinates": [126.761423, 37.730549]}, "properties": {"shelter_id": "OBJ024148000000009", "name": "지산초등학교 운동장", "sido": "경기도", "sigungu": "파주시", "emd": "와동동", "road_name": "경의로", "capacity": null}}, {"type": "Feature", "geometry": {"type": "Point", "coordinates": [126.815416, 37.83208]}, "properties": {"shelter_id": "OBJ024148000000004", "name": "파주초등학교 운동장", "sido": "경기도", "sigungu": "파주시", "emd": "파주읍", "road_name": "향교말길", "capacity": null}}, {"type": "Feature", "geometry": {"type": "Point", "coordinates": [126.834587, 37.830685]}, "properties": {"shelter_id": "OBJ024148000000005", "name": "연풍초등학교 운동장", "sido": "경기도", "sigungu": "파주시", "emd": "파주읍", "road_name": "교육길", "capacity": null}}, {"type": "Feature", "geometry": {"type": "Point", "coordinates": [128.57035, 35.945155]}, "properties": {"shelter_id": "OBJ022723000000030", "name": "학남중학교 운동장", "sido": "대구광역시", "sigungu": "북구", "emd": "국우동", "road_name": "학남로", "capacity": null}}, {"type": "Feature", "geometry": {"type": "Point", "coordinates": [128.54485, 35.898519]}, "properties": {"shelter_id": "OBJ022723000000050", "name": "팔달중학교 운동장", "sido": "대구광역시", "sigungu": "북구", "emd": "팔달동", "road_name": "매천로8길", "capacity": null}}, {"type": "Feature", "geometry": {"type": "Point", "coordinates": [128.5159, 35.900449]}, "properties": {"shelter_id": "OBJ022723000000047", "name": "사수초등학교 운동장", "sido": "대구광역시", "sigungu": "북구", "emd": "사수동", "road_name": "내곡로", "capacity": null}}, {"type": "Feature", "geometry": {"type": "Point", "coordinates": [128.55924, 35.933005]}, "properties": {"shelter_id": "OBJ022723000000046", "name": "북부초등학교 운동장", "sido": "대구광역시", "sigungu": "북구", "emd": "동천동", "road_name": "동천로", "capacity": null}}, {"type": "Feature", "geometry": {"type": "Point", "coordinates": [128.545542, 35.897938]}, "properties": {"shelter_id": "OBJ022723000000048", "name": "팔달초등학교 운동장", "sido": "대구광역시", "sigungu": "북구", "emd": "팔달동", "road_name": "매천로2길", "capacity": null}}, {"type": "Feature", "geometry": {"type": "Point", "coordinates": [128.546286, 35.940035]}, "properties": {"shelter_id": "OBJ022723000000042", "name": "관음초등학교 운동장", "sido": "대구광역시", "sigungu": "북구", "emd": "관음동", "road_name": "관음동로", "capacity": null}}, {"type": "Feature", "geometry": {"type": "Point", "coordinates": [128.573889, 35.944909]}, "properties": {"shelter_id": "OBJ022723000000044", "name": "북구구민운동장", "sido": "대구광역시", "sigungu": "북구", "emd": "국우동", "road_name": "학남로15길", "capacity": null}}, {"type": "Feature", "geometry": {"type": "Point", "coordinates": [128.523267, 35.895292]}, "properties": {"shelter_id": "OBJ022723000000058", "name": "새터어린이공원", "sido": "대구광역시", "sigungu": "북구", "emd": "금호동", "road_name": "사수로70길", "capacity": null}}, {"type": "Feature", "geometry": {"type": "Point", "coordinates": [128.564712, 35.86193]}, "properties": {"shelter_id": "OBJ022717000000041", "name": "무궁화고속관광 주차장", "sido": "대구광역시", "sigungu": "서구", "emd": "내당동", "road_name": "통학로", "capacity": null}}, {"type": "Feature", "geometry": {"type": "Point", "coordinates": [128.550457, 35.866386]}, "properties": {"shelter_id": "OBJ022717000000044", "name": "달서초등학교", "sido": "대구광역시", "sigungu": "서구", "emd": "중리동", "road_name": "국채보상로34길", "capacity": null}}, {"type": "Feature", "geometry": {"type": "Point", "coordinates": [127.427169, 37.22395]}, "properties": {"shelter_id": "OBJ024150000000007", "name": "호법초등학교 운동장", "sido": "경기도", "sigungu": "이천시", "emd": "호법면", "road_name": "이섭대천로537번길", "capacity": null}}, {"type": "Feature", "geometry": {"type": "Point", "coordinates": [127.491369, 37.223943]}, "properties": {"shelter_id": "OBJ024150000000009", "name": "대월중학교 운동장", "sido": "경기도", "sigungu": "이천시", "emd": "대월면", "road_name": "대평로150번길", "capacity": null}}, {"type": "Feature", "geometry": {"type": "Point", "coordinates": [127.443471, 37.276413]}, "properties": {"shelter_id": "OBJ024150000000017", "name": "이천남초등학교 운동장", "sido": "경기도", "sigungu": "이천시", "emd": "중리동", "road_name": "경충대로2598번길", "capacity": null}}, {"type": "Feature", "geometry": {"type": "Point", "coordinates": [127.49301, 37.223172]}, "properties": {"shelter_id": "OBJ024150000000010", "name": "대월초등학교 운동장", "sido": "경기도", "sigungu": "이천시", "emd": "대월면", "road_name": "대평로", "capacity": null}}, {"type": "Feature", "geometry": {"type": "Point", "coordinates": [127.542259, 37.086906]}, "properties": {"shelter_id": "OBJ024150000000011", "name": "율면초등학교 운동장", "sido": "경기도", "sigungu": "이천시", "emd": "율면", "road_name": "고당로", "capacity": null}}, {"type": "Feature", "geometry": {"type": "Point", "coordinates": [127.451086, 37.284353]}, "properties": {"shelter_id": "OBJ024150000000012", "name": "설봉중학교 운동장", "sido": "경기도", "sigungu": "이천시", "emd": "창전동", "road_name": "향교로", "capacity": null}}, {"type": "Feature", "geometry": {"type": "Point", "coordinates": [127.442241, 37.283424]}, "properties": {"shelter_id": "OBJ024150000000013", "name": "이천초등학교 운동장", "sido": "경기도", "sigungu": "이천시", "emd": "창전동", "road_name": "향교로", "capacity": null}}, {"type": "Feature", "geometry": {"type": "Point", "coordinates": [127.448097, 37.2874]}, "properties": {"shelter_id": "OBJ024150000000014", "name": "이천고등학교 운동장", "sido": "경기도", "sigungu": "이천시", "emd": "증포동", "road_name": "이섭대천로1311번길", "capacity": null}}, {"type": "Feature", "geometry": {"type": "Point", "coordinates": [127.455436, 37.278419]}, "properties": {"shelter_id": "OBJ024150000000015", "name": "이천중학교 운동장", "sido": "경기도", "sigungu": "이천시", "emd": "안흥동", "road_name": "안흥로", "capacity": null}}, {"type": "Feature", "geometry": {"type": "Point", "coordinates": [127.45123, 37.227346]}, "properties": {"shelter_id": "OBJ024150000000016", "name": "단월초등학교 운동장", "sido": "경기도", "sigungu": "이천시", "emd": "단월동", "road_name": "단월로", "capacity": null}}, {"type": "Feature", "geometry": {"type": "Point", "coordinates": [127.43733, 37.284065]}, "properties": {"shelter_id": "OBJ024150000000019", "name": "이천양정여자고등학교 운동장", "sido": "경기도", "sigungu": "이천시", "emd": "관고동", "road_name": "영창로", "capacity": null}}, {"type": "Feature", "geometry": {"type": "Point", "coordinates": [128.981914, 35.157446]}, "properties": {"shelter_id": "OBJ022653000000004", "name": "서감초등학교 운동장", "sido": "부산광역시", "sigungu": "사상구", "emd": "감전동", "road_name": "괘감로", "capacity": null}}, {"type": "Feature", "geometry": {"type": "Point", "coordinates": [128.983633, 35.145864]}, "properties": {"shelter_id": "OBJ022653000000005", "name": "학장초등학교 운동장", "sido": "부산광역시", "sigungu": "사상구", "emd": "학장동", "road_name": "대동로", "capacity": null}}, {"type": "Feature", "geometry": {"type": "Point", "coordinates": [128.974727, 35.133193]}, "properties": {"shelter_id": "OBJ022653000000006", "name": "학진초등학교 운동장", "sido": "부산광역시", "sigungu": "사상구", "emd": "엄궁동", "road_name": "대동로", "capacity": null}}, {"type": "Feature", "geometry": {"type": "Point", "coordinates": [128.991234, 35.1822]}, "properties": {"shelter_id": "OBJ022653000000007", "name": "모덕초등학교 운동장", "sido": "부산광역시", "sigungu": "사상구", "emd": "모라동", "road_name": "덕상로", "capacity": null}}, {"type": "Feature", "geometry": {"type": "Point", "coordinates": [128.990372, 35.174651]}, "properties": {"shelter_id": "OBJ022653000000008", "name": "덕상초등학교 운동장", "sido": "부산광역시", "sigungu": "사상구", "emd": "덕포동", "road_name": "덕상로", "capacity": null}}, {"type": "Feature", "geometry": {"type": "Point", "coordinates": [128.995408, 35.185259]}, "properties": {"shelter_id": "OBJ022653000000009", "name": "모산초등학교 운동장", "sido": "부산광역시", "sigungu": "사상구", "emd": "모라동", "road_name": "모라로110번길", "capacity": null}}, {"type": "Feature", "geometry": {"type": "Point", "coordinates": [128.985509, 35.1901]}, "properties": {"shelter_id": "OBJ022653000000011", "name": "모라초등학교 운동장", "sido": "부산광역시", "sigungu": "사상구", "emd": "모라동", "road_name": "모라로64번길", "capacity": null}}, {"type": "Feature", "geometry": {"type": "Point", "coordinates": [128.982894, 35.167936]}, "properties": {"shelter_id": "OBJ022653000000020", "name": "사상초등학교 운동장", "sido": "부산광역시", "sigungu": "사상구", "emd": "덕포동", "road_name": "운산로", "capacity": null}}, {"type": "Feature", "geometry": {"type": "Point", "coordinates": [129.001933, 35.184993]}, "properties": {"shelter_id": "OBJ022653000000010", "name": "모동초등학교 운동장", "sido": "부산광역시", "sigungu": "사상구", "emd": "모라동", "road_name": "모라로192번길", "capacity": null}}, {"type": "Feature", "geometry": {"type": "Point", "coordinates": [128.977828, 35.165642]}, "properties": {"shelter_id": "OBJ022653000000014", "name": "창진초등학교 운동장", "sido": "부산광역시", "sigungu": "사상구", "emd": "괘법동", "road_name": "사상로223번길", "capacity": null}}, {"type": "Feature", "geometry": {"type": "Point", "coordinates": [128.978688, 35.173635]}, "properties": {"shelter_id": "OBJ022653000000015", "name": "삼덕초등학교 운동장", "sido": "부산광역시", "sigungu": "사상구", "emd": "삼락동", "road_name": "삼덕로", "capacity": null}}, {"type": "Feature", "geometry": {"type": "Point", "coordinates": [128.985357, 35.174056]}, "properties": {"shelter_id": "OBJ022653000000016", "name": "덕포초등학교 운동장", "sido": "부산광역시", "sigungu": "사상구", "emd": "덕포동", "road_name": "삼덕로", "capacity": null}}, {"type": "Feature", "geometry": {"type": "Point", "coordinates": [129.000843, 35.153358]}, "properties": {"shelter_id": "OBJ022653000000017", "name": "주감초등학교 운동장", "sido": "부산광역시", "sigungu": "사상구", "emd": "주례동", "road_name": "양지로", "capacity": null}}, {"type": "Feature", "geometry": {"type": "Point", "coordinates": [128.974209, 35.123305]}, "properties": {"shelter_id": "OBJ022653000000018", "name": "동궁초등학교 운동장", "sido": "부산광역시", "sigungu": "사상구", "emd": "엄궁동", "road_name": "엄궁로", "capacity": null}}, {"type": "Feature", "geometry": {"type": "Point", "coordinates": [128.974106, 35.128784]}, "properties": {"shelter_id": "OBJ022653000000019", "name": "엄궁초등학교 운동장", "sido": "부산광역시", "sigungu": "사상구", "emd": "엄궁동", "road_name": "엄궁북로", "capacity": null}}, {"type": "Feature", "geometry": {"type": "Point", "coordinates": [128.993049, 35.137776]}, "properties": {"shelter_id": "OBJ022653000000021", "name": "구학초등학교 운동장", "sido": "부산광역시", "sigungu": "사상구", "emd": "학장동", "road_name": "학감대로", "capacity": null}}, {"type": "Feature", "geometry": {"type": "Point", "coordinates": [126.997392, 37.391959]}, "properties": {"shelter_id": "OBJ024143000000025", "name": "덕장초등학교 운동장", "sido": "경기도", "sigungu": "의왕시", "emd": "청계동", "road_name": "새터길", "capacity": null}}, {"type": "Feature", "geometry": {"type": "Point", "coordinates": [126.99848, 37.39271]}, "properties": {"shelter_id": "OBJ024143000000028", "name": "덕장중학교 운동장", "sido": "경기도", "sigungu": "의왕시", "emd": "청계동", "road_name": "덕장로", "capacity": null}}, {"type": "Feature", "geometry": {"type": "Point", "coordinates": [126.958198, 37.322136]}, "properties": {"shelter_id": "OBJ024143000000009", "name": "의왕고등학교 운동장", "sido": "경기도", "sigungu": "의왕시", "emd": "삼동", "road_name": "덕영대로", "capacity": null}}, {"type": "Feature", "geometry": {"type": "Point", "coordinates": [126.967076, 37.368195]}, "properties": {"shelter_id": "OBJ024143000000016", "name": "모락중학교 운동장", "sido": "경기도", "sigungu": "의왕시", "emd": "오전동", "road_name": "모락로", "capacity": null}}, {"type": "Feature", "geometry": {"type": "Point", "coordinates": [126.966811, 37.369436]}, "properties": {"shelter_id": "OBJ024143000000017", "name": "모락고등학교 운동장", "sido": "경기도", "sigungu": "의왕시", "emd": "오전동", "road_name": "모락로", "capacity": null}}, {"type": "Feature", "geometry": {"type": "Point", "coordinates": [126.974529, 37.377609]}, "properties": {"shelter_id": "OBJ024143000000020", "name": "갈뫼중학교 운동장", "sido": "경기도", "sigungu": "의왕시", "emd": "내손동", "road_name": "갈미로", "capacity": null}}, {"type": "Feature", "geometry": {"type": "Point", "coordinates": [126.982095, 37.388347]}, "properties": {"shelter_id": "OBJ024143000000022", "name": "내손초등학교 운동장", "sido": "경기도", "sigungu": "의왕시", "emd": "내손동", "road_name": "내손로", "capacity": null}}, {"type": "Feature", "geometry": {"type": "Point", "coordinates": [126.98576, 37.39905]}, "properties": {"shelter_id": "OBJ024143000000026", "name": "포일초등학교 운동장", "sido": "경기도", "sigungu": "의왕시", "emd": "포일동", "road_name": "포일세거리로", "capacity": null}}, {"type": "Feature", "geometry": {"type": "Point", "coordinates": [128.549397, 35.864244]}, "properties": {"shelter_id": "OBJ022717000000045", "name": "경덕여자고등학교", "sido": "대구광역시", "sigungu": "서구", "emd": "중리동", "road_name": "국채보상로34길", "capacity": null}}, {"type": "Feature", "geometry": {"type": "Point", "coordinates": [128.550933, 35.863896]}, "properties": {"shelter_id": "OBJ022717000000046", "name": "중리중학교", "sido": "대구광역시", "sigungu": "서구", "emd": "중리동", "road_name": "국채보상로34길", "capacity": null}}, {"type": "Feature", "geometry": {"type": "Point", "coordinates": [128.553117, 35.861515]}, "properties": {"shelter_id": "OBJ022717000000049", "name": "경운초등학교", "sido": "대구광역시", "sigungu": "서구", "emd": "내당동", "road_name": "서대구로11길", "capacity": null}}, {"type": "Feature", "geometry": {"type": "Point", "coordinates": [128.566439, 35.864046]}, "properties": {"shelter_id": "OBJ022717000000001", "name": "내서초등학교", "sido": "대구광역시", "sigungu": "서구", "emd": "내당동", "road_name": "달구벌대로371길", "capacity": null}}, {"type": "Feature", "geometry": {"type": "Point", "coordinates": [128.550528, 35.872955]}, "properties": {"shelter_id": "OBJ022717000000002", "name": "이현초등학교", "sido": "대구광역시", "sigungu": "서구", "emd": "평리동", "road_name": "국채보상로37길", "capacity": null}}, {"type": "Feature", "geometry": {"type": "Point", "coordinates": [128.563708, 35.881741]}, "properties": {"shelter_id": "OBJ022717000000003", "name": "북비산초등학교", "sido": "대구광역시", "sigungu": "서구", "emd": "비산동", "road_name": "통학로48길", "capacity": null}}, {"type": "Feature", "geometry": {"type": "Point", "coordinates": [128.562443, 35.879841]}, "properties": {"shelter_id": "OBJ022717000000004", "name": "대평중학교", "sido": "대구광역시", "sigungu": "서구", "emd": "평리동", "road_name": "북비산로", "capacity": null}}, {"type": "Feature", "geometry": {"type": "Point", "coordinates": [128.548768, 35.878349]}, "properties": {"shelter_id": "OBJ022717000000006", "name": "서평초등학교", "sido": "대구광역시", "sigungu": "서구", "emd": "평리동", "road_name": "북비산로", "capacity": null}}, {"type": "Feature", "geometry": {"type": "Point", "coordinates": [128.566157, 35.876022]}, "properties": {"shelter_id": "OBJ022717000000015", "name": "평리1동 공영주차장", "sido": "대구광역시", "sigungu": "서구", "emd": "평리동", "road_name": "문화로", "capacity": null}}, {"type": "Feature", "geometry": {"type": "Point", "coordinates": [127.478473, 37.260588]}, "properties": {"shelter_id": "OBJ024150000000027", "name": "신하초등학교 운동장", "sido": "경기도", "sigungu": "이천시", "emd": "부발읍", "road_name": "대산로", "capacity": null}}, {"type": "Feature", "geometry": {"type": "Point", "coordinates": [127.519087, 37.135165]}, "properties": {"shelter_id": "OBJ024150000000020", "name": "이천세무고등학교 운동장", "sido": "경기도", "sigungu": "이천시", "emd": "설성면", "road_name": "설성로15번길", "capacity": null}}, {"type": "Feature", "geometry": {"type": "Point", "coordinates": [127.483783, 37.152001]}, "properties": {"shelter_id": "OBJ024150000000022", "name": "송곡초등학교 운동장", "sido": "경기도", "sigungu": "이천시", "emd": "모가면", "road_name": "진상미로", "capacity": null}}, {"type": "Feature", "geometry": {"type": "Point", "coordinates": [127.455435, 37.287492]}, "properties": {"shelter_id": "OBJ024150000000024", "name": "증포중학교 운동장", "sido": "경기도", "sigungu": "이천시", "emd": "증포동", "road_name": "애련정로", "capacity": null}}, {"type": "Feature", "geometry": {"type": "Point", "coordinates": [127.456909, 37.293703]}, "properties": {"shelter_id": "OBJ024150000000025", "name": "증포초등학교 운동장", "sido": "경기도", "sigungu": "이천시", "emd": "증포동", "road_name": "이섭대천로", "capacity": null}}, {"type": "Feature", "geometry": {"type": "Point", "coordinates": [127.457226, 37.280188]}, "properties": {"shelter_id": "OBJ024150000000026", "name": "안흥초등학교 운동장", "sido": "경기도", "sigungu": "이천시", "emd": "안흥동", "road_name": "영창로300번길", "capacity": null}}, {"type": "Feature", "geometry": {"type": "Point", "coordinates": [127.491045, 37.257819]}, "properties": {"shelter_id": "OBJ024150000000028", "name": "아미초등학교 운동장", "sido": "경기도", "sigungu": "이천시", "emd": "부발읍", "road_name": "신아로92번길", "capacity": null}}, {"type": "Feature", "geometry": {"type": "Point", "coordinates": [127.352521, 37.25827]}, "properties": {"shelter_id": "OBJ024150000000030", "name": "마장중학교 운동장", "sido": "경기도", "sigungu": "이천시", "emd": "마장면", "road_name": "마도로", "capacity": null}}, {"type": "Feature", "geometry": {"type": "Point", "coordinates": [127.39809, 37.316132]}, "properties": {"shelter_id": "OBJ024150000000031", "name": "신둔체육공원", "sido": "경기도", "sigungu": "이천시", "emd": "신둔면", "road_name": "경충대로3234번길", "capacity": null}}, {"type": "Feature", "geometry": {"type": "Point", "coordinates": [127.479422, 37.174354]}, "properties": {"shelter_id": "OBJ024150000000033", "name": "진가초등학교 운동장", "sido": "경기도", "sigungu": "이천시", "emd": "모가면", "road_name": "진상미로", "capacity": null}}, {"type": "Feature", "geometry": {"type": "Point", "coordinates": [127.436825, 37.271862]}, "properties": {"shelter_id": "OBJ024150000000034", "name": "이천세무서 앞 광장", "sido": "경기도", "sigungu": "이천시", "emd": "중리동", "road_name": "부악로", "capacity": null}}, {"type": "Feature", "geometry": {"type": "Point", "coordinates": [127.537288, 37.109782]}, "properties": {"shelter_id": "OBJ024150000000036", "name": "설성초등학교 운동장", "sido": "경기도", "sigungu": "이천시", "emd": "설성면", "road_name": "진상미로264번길", "capacity": null}}, {"type": "Feature", "geometry": {"type": "Point", "coordinates": [127.587613, 37.145246]}, "properties": {"shelter_id": "OBJ024150000000037", "name": "이황초등학교 운동장", "sido": "경기도", "sigungu": "이천시", "emd": "장호원읍", "road_name": "경충대로", "capacity": null}}, {"type": "Feature", "geometry": {"type": "Point", "coordinates": [127.620074, 37.115895]}, "properties": {"shelter_id": "OBJ024150000000038", "name": "부원고등학교 운동장", "sido": "경기도", "sigungu": "이천시", "emd": "장호원읍", "road_name": "서동대로", "capacity": null}}, {"type": "Feature", "geometry": {"type": "Point", "coordinates": [129.004114, 35.145626]}, "properties": {"shelter_id": "OBJ022653000000032", "name": "동주중학교 운동장", "sido": "부산광역시", "sigungu": "사상구", "emd": "주례동", "road_name": "주례로", "capacity": null}}, {"type": "Feature", "geometry": {"type": "Point", "coordinates": [129.006821, 35.148227]}, "properties": {"shelter_id": "OBJ022653000000022", "name": "주례여자중학교 운동장", "sido": "부산광역시", "sigungu": "사상구", "emd": "주례동", "road_name": "가야대로306번길", "capacity": null}}, {"type": "Feature", "geometry": {"type": "Point", "coordinates": [129.013874, 35.147758]}, "properties": {"shelter_id": "OBJ022653000000023", "name": "주례중학교 운동장", "sido": "부산광역시", "sigungu": "사상구", "emd": "주례동", "road_name": "가야대로378번길", "capacity": null}}, {"type": "Feature", "geometry": {"type": "Point", "coordinates": [128.975831, 35.135156]}, "properties": {"shelter_id": "OBJ022653000000024", "name": "엄궁중학교 운동장", "sido": "부산광역시", "sigungu": "사상구", "emd": "엄궁동", "road_name": "대동로", "capacity": null}}, {"type": "Feature", "geometry": {"type": "Point", "coordinates": [128.992269, 35.189983]}, "properties": {"shelter_id": "OBJ022653000000027", "name": "모라중학교 운동장", "sido": "부산광역시", "sigungu": "사상구", "emd": "모라동", "road_name": "백양대로", "capacity": null}}, {"type": "Feature", "geometry": {"type": "Point", "coordinates": [128.982585, 35.138055]}, "properties": {"shelter_id": "OBJ022653000000025", "name": "학장중학교 운동장", "sido": "부산광역시", "sigungu": "사상구", "emd": "학장동", "road_name": "대동로140번길", "capacity": null}}, {"type": "Feature", "geometry": {"type": "Point", "coordinates": [129.003067, 35.184763]}, "properties": {"shelter_id": "OBJ022653000000026", "name": "모동중학교 운동장", "sido": "부산광역시", "sigungu": "사상구", "emd": "모라동", "road_name": "모라로192번길", "capacity": null}}, {"type": "Feature", "geometry": {"type": "Point", "coordinates": [128.9954, 35.156258]}, "properties": {"shelter_id": "OBJ022653000000029", "name": "주감중학교 운동장", "sido": "부산광역시", "sigungu": "사상구", "emd": "주례동", "road_name": "백양대로", "capacity": null}}, {"type": "Feature", "geometry": {"type": "Point", "coordinates": [128.986364, 35.16979]}, "properties": {"shelter_id": "OBJ022653000000030", "name": "덕포여자중학교 운동장", "sido": "부산광역시", "sigungu": "사상구", "emd": "덕포동", "road_name": "사상로310번길", "capacity": null}}, {"type": "Feature", "geometry": {"type": "Point", "coordinates": [128.97854, 35.181159]}, "properties": {"shelter_id": "OBJ022653000000031", "name": "삼락중학교 운동장", "sido": "부산광역시", "sigungu": "사상구", "emd": "삼락동", "road_name": "삼덕로5번길", "capacity": null}}, {"type": "Feature", "geometry": {"type": "Point", "coordinates": [128.993188, 35.179094]}, "properties": {"shelter_id": "OBJ022653000000036", "name": "대덕여자고등학교 운동장", "sido": "부산광역시", "sigungu": "사상구", "emd": "덕포동", "road_name": "백양대로804번길", "capacity": null}}, {"type": "Feature", "geometry": {"type": "Point", "coordinates": [129.013712, 35.145046]}, "properties": {"shelter_id": "OBJ022653000000033", "name": "주례여자고등학교 운동장", "sido": "부산광역시", "sigungu": "사상구", "emd": "주례동", "road_name": "가야대로366번길", "capacity": null}}, {"type": "Feature", "geometry": {"type": "Point", "coordinates": [128.985472, 35.16848]}, "properties": {"shelter_id": "OBJ022653000000034", "name": "사상고등학교 운동장", "sido": "부산광역시", "sigungu": "사상구", "emd": "덕포동", "road_name": "강선로", "capacity": null}}, {"type": "Feature", "geometry": {"type": "Point", "coordinates": [128.992942, 35.173181]}, "properties": {"shelter_id": "OBJ022653000000035", "name": "부산에너지과학고등학교 운동장", "sido": "부산광역시", "sigungu": "사상구", "emd": "덕포동", "road_name": "백양대로768번길", "capacity": null}}, {"type": "Feature", "geometry": {"type": "Point", "coordinates": [128.978869, 35.181877]}, "properties": {"shelter_id": "OBJ022653000000037", "name": "부산솔빛학교 운동장", "sido": "부산광역시", "sigungu": "사상구", "emd": "삼락동", "road_name": "삼덕로5번길", "capacity": null}}, {"type": "Feature", "geometry": {"type": "Point", "coordinates": [129.003056, 35.155017]}, "properties": {"shelter_id": "OBJ022653000000039", "name": "양지1공원", "sido": "부산광역시", "sigungu": "사상구", "emd": "주례동", "road_name": "양지로42번길", "capacity": null}}, {"type": "Feature", "geometry": {"type": "Point", "coordinates": [126.990256, 37.390595]}, "properties": {"shelter_id": "OBJ024143000000027", "name": "백운중학교 운동장", "sido": "경기도", "sigungu": "의왕시", "emd": "포일동", "road_name": "안양판교로", "capacity": null}}, {"type": "Feature", "geometry": {"type": "Point", "coordinates": [127.208014, 37.542186]}, "properties": {"shelter_id": "OBJ024145000000001", "name": "신장초등학교 운동장", "sido": "경기도", "sigungu": "하남시", "emd": "신장동", "road_name": "하남대로802번길", "capacity": null}}, {"type": "Feature", "geometry": {"type": "Point", "coordinates": [127.216423, 37.537821]}, "properties": {"shelter_id": "OBJ024145000000002", "name": "하남천현초등학교 운동장", "sido": "경기도", "sigungu": "하남시", "emd": "신장동", "road_name": "천현로39번길", "capacity": null}}, {"type": "Feature", "geometry": {"type": "Point", "coordinates": [127.227207, 37.534554]}, "properties": {"shelter_id": "OBJ024145000000003", "name": "한국애니메이션고 운동장", "sido": "경기도", "sigungu": "하남시", "emd": "창우동", "road_name": "검단산로", "capacity": null}}, {"type": "Feature", "geometry": {"type": "Point", "coordinates": [127.20291, 37.535573]}, "properties": {"shelter_id": "OBJ024145000000004", "name": "동부중학교 운동장", "sido": "경기도", "sigungu": "하남시", "emd": "덕풍동", "road_name": "신평로", "capacity": null}}, {"type": "Feature", "geometry": {"type": "Point", "coordinates": [127.202516, 37.537155]}, "properties": {"shelter_id": "OBJ024145000000005", "name": "동부초등학교 운동장", "sido": "경기도", "sigungu": "하남시", "emd": "덕풍동", "road_name": "역말로", "capacity": null}}, {"type": "Feature", "geometry": {"type": "Point", "coordinates": [127.208678, 37.271425]}, "properties": {"shelter_id": "OBJ024146100000001", "name": "영문중학교 운동장", "sido": "경기도", "sigungu": "용인시 처인구", "emd": "포곡읍", "road_name": "영문로", "capacity": null}}, {"type": "Feature", "geometry": {"type": "Point", "coordinates": [127.162125, 37.515402]}, "properties": {"shelter_id": "OBJ024145000000006", "name": "서부초등학교 운동장", "sido": "경기도", "sigungu": "하남시", "emd": "감일동", "road_name": "서하남로", "capacity": null}}, {"type": "Feature", "geometry": {"type": "Point", "coordinates": [127.197475, 37.518211]}, "properties": {"shelter_id": "OBJ024145000000007", "name": "고골초등학교 운동장", "sido": "경기도", "sigungu": "하남시", "emd": "하사창동", "road_name": "대성로", "capacity": null}}, {"type": "Feature", "geometry": {"type": "Point", "coordinates": [127.149633, 37.476685]}, "properties": {"shelter_id": "OBJ024145000000008", "name": "위례초등학교 운동장", "sido": "경기도", "sigungu": "하남시", "emd": "학암동", "road_name": "위례순환로", "capacity": null}}, {"type": "Feature", "geometry": {"type": "Point", "coordinates": [128.547602, 35.911421]}, "properties": {"shelter_id": "OBJ022723000000038", "name": "매천고등학교 운동장", "sido": "대구광역시", "sigungu": "북구", "emd": "태전동", "road_name": "매전로", "capacity": null}}, {"type": "Feature", "geometry": {"type": "Point", "coordinates": [128.595731, 35.925902]}, "properties": {"shelter_id": "OBJ022723000000052", "name": "서변중학교 운동장", "sido": "대구광역시", "sigungu": "북구", "emd": "서변동", "road_name": "호국로57길", "capacity": null}}, {"type": "Feature", "geometry": {"type": "Point", "coordinates": [126.8522, 37.781257]}, "properties": {"shelter_id": "OBJ024148000000066", "name": "신산초등학교 운동장", "sido": "경기도", "sigungu": "파주시", "emd": "광탄면", "road_name": "심궁로1번길", "capacity": null}}, {"type": "Feature", "geometry": {"type": "Point", "coordinates": [126.919503, 37.952024]}, "properties": {"shelter_id": "OBJ024148000000067", "name": "마지초등학교 운동장", "sido": "경기도", "sigungu": "파주시", "emd": "적성면", "road_name": "칠중1길", "capacity": null}}, {"type": "Feature", "geometry": {"type": "Point", "coordinates": [126.750604, 37.714544]}, "properties": {"shelter_id": "OBJ024148000000070", "name": "한빛초등학교 운동장", "sido": "경기도", "sigungu": "파주시", "emd": "야당동", "road_name": "미래로408번길", "capacity": null}}, {"type": "Feature", "geometry": {"type": "Point", "coordinates": [126.8021, 37.866571]}, "properties": {"shelter_id": "OBJ024148000000014", "name": "선유중학교 운동장", "sido": "경기도", "sigungu": "파주시", "emd": "문산읍", "road_name": "독서울1길", "capacity": null}}, {"type": "Feature", "geometry": {"type": "Point", "coordinates": [126.7222, 37.72488]}, "properties": {"shelter_id": "OBJ024148000000029", "name": "석곶초등학교 운동장", "sido": "경기도", "sigungu": "파주시", "emd": "동패동", "road_name": "책향기로", "capacity": null}}, {"type": "Feature", "geometry": {"type": "Point", "coordinates": [126.720609, 37.722358]}, "properties": {"shelter_id": "OBJ024148000000030", "name": "교하중학교 운동장", "sido": "경기도", "sigungu": "파주시", "emd": "동패동", "road_name": "책향기로", "capacity": null}}, {"type": "Feature", "geometry": {"type": "Point", "coordinates": [126.74711, 37.726245]}, "properties": {"shelter_id": "OBJ024148000000037", "name": "해솔초등학교 운동장", "sido": "경기도", "sigungu": "파주시", "emd": "목동동", "road_name": "해솔로", "capacity": null}}, {"type": "Feature", "geometry": {"type": "Point", "coordinates": [128.647729, 35.867085]}, "properties": {"shelter_id": "OBJ022726000000022", "name": "만촌초등학교", "sido": "대구광역시", "sigungu": "수성구", "emd": "만촌동", "road_name": "국채보상로214길", "capacity": null}}, {"type": "Feature", "geometry": {"type": "Point", "coordinates": [128.650689, 35.851409]}, "properties": {"shelter_id": "OBJ022726000000023", "name": "대청초등학교", "sido": "대구광역시", "sigungu": "수성구", "emd": "만촌동", "road_name": "교학로12길", "capacity": null}}, {"type": "Feature", "geometry": {"type": "Point", "coordinates": [128.654577, 35.852695]}, "properties": {"shelter_id": "OBJ022726000000024", "name": "대륜중.고등학교", "sido": "대구광역시", "sigungu": "수성구", "emd": "만촌동", "road_name": "달구벌대로", "capacity": null}}, {"type": "Feature", "geometry": {"type": "Point", "coordinates": [128.645368, 35.854379]}, "properties": {"shelter_id": "OBJ022726000000026", "name": "오성중.고등학교", "sido": "대구광역시", "sigungu": "수성구", "emd": "만촌동", "road_name": "달구벌대로522길", "capacity": null}}, {"type": "Feature", "geometry": {"type": "Point", "coordinates": [128.648136, 35.849457]}, "properties": {"shelter_id": "OBJ022726000000027", "name": "혜화여자고등학교", "sido": "대구광역시", "sigungu": "수성구", "emd": "만촌동", "road_name": "교학로12길", "capacity": null}}, {"type": "Feature", "geometry": {"type": "Point", "coordinates": [128.648284, 35.848133]}, "properties": {"shelter_id": "OBJ022726000000028", "name": "영남공업고등학교", "sido": "대구광역시", "sigungu": "수성구", "emd": "만촌동", "road_name": "교학로", "capacity": null}}, {"type": "Feature", "geometry": {"type": "Point", "coordinates": [128.612621, 35.852454]}, "properties": {"shelter_id": "OBJ022726000000030", "name": "동성초등학교", "sido": "대구광역시", "sigungu": "수성구", "emd": "수성동1가", "road_name": "수성로", "capacity": null}}, {"type": "Feature", "geometry": {"type": "Point", "coordinates": [128.615868, 35.857747]}, "properties": {"shelter_id": "OBJ022726000000033", "name": "동중학교", "sido": "대구광역시", "sigungu": "수성구", "emd": "수성동2가", "road_name": "수성로76길", "capacity": null}}, {"type": "Feature", "geometry": {"type": "Point", "coordinates": [128.616763, 35.86725]}, "properties": {"shelter_id": "OBJ022726000000034", "name": "중앙중.고등학교", "sido": "대구광역시", "sigungu": "수성구", "emd": "수성동4가", "road_name": "신천동로", "capacity": null}}, {"type": "Feature", "geometry": {"type": "Point", "coordinates": [128.63262, 35.841266]}, "properties": {"shelter_id": "OBJ022726000000035", "name": "성동초등학교", "sido": "대구광역시", "sigungu": "수성구", "emd": "황금동", "road_name": "청수로45길", "capacity": null}}, {"type": "Feature", "geometry": {"type": "Point", "coordinates": [126.603233, 37.471854]}, "properties": {"shelter_id": "OBJ022811000000014", "name": "월미공원", "sido": "인천광역시", "sigungu": "중구", "emd": "북성동1가", "road_name": "월미로", "capacity": null}}, {"type": "Feature", "geometry": {"type": "Point", "coordinates": [126.623031, 37.474984]}, "properties": {"shelter_id": "OBJ022811000000015", "name": "자유공원", "sido": "인천광역시", "sigungu": "중구", "emd": "송학동1가", "road_name": "자유공원남로", "capacity": null}}, {"type": "Feature", "geometry": {"type": "Point", "coordinates": [126.6257, 37.478846]}, "properties": {"shelter_id": "OBJ022811000000016", "name": "송월초등학교 운동장", "sido": "인천광역시", "sigungu": "중구", "emd": "전동", "road_name": "참외전로", "capacity": null}}, {"type": "Feature", "geometry": {"type": "Point", "coordinates": [126.485459, 37.492053]}, "properties": {"shelter_id": "OBJ022811000000019", "name": "인천공항초등학교 운동장", "sido": "인천광역시", "sigungu": "중구", "emd": "운서동", "road_name": "신도시남로", "capacity": null}}, {"type": "Feature", "geometry": {"type": "Point", "coordinates": [126.416546, 37.480688]}, "properties": {"shelter_id": "OBJ022811000000029", "name": "인천국제공항 제2여객터미널 장기주차장", "sido": "인천광역시", "sigungu": "중구", "emd": "운서동", "road_name": "제2터미널대로", "capacity": null}}, {"type": "Feature", "geometry": {"type": "Point", "coordinates": [126.475681, 37.466889]}, "properties": {"shelter_id": "OBJ022811000000030", "name": "인천국제공항 화물터미널 남측5번주차장", "sido": "인천광역시", "sigungu": "중구", "emd": "운서동", "road_name": "공항동로193번길", "capacity": null}}, {"type": "Feature", "geometry": {"type": "Point", "coordinates": [126.601287, 37.455128]}, "properties": {"shelter_id": "OBJ022811000000035", "name": "연안부두 해양광장", "sido": "인천광역시", "sigungu": "중구", "emd": "항동7가", "road_name": "연안부두로", "capacity": null}}, {"type": "Feature", "geometry": {"type": "Point", "coordinates": [126.459597, 37.441071]}, "properties": {"shelter_id": "OBJ022811000000032", "name": "공항합동청사 잔디광장", "sido": "인천광역시", "sigungu": "중구", "emd": "운서동", "road_name": "공항로424번길", "capacity": null}}, {"type": "Feature", "geometry": {"type": "Point", "coordinates": [126.627459, 37.469576]}, "properties": {"shelter_id": "OBJ022811000000033", "name": "답동소공원", "sido": "인천광역시", "sigungu": "중구", "emd": "답동", "road_name": "제물량로", "capacity": null}}, {"type": "Feature", "geometry": {"type": "Point", "coordinates": [126.633055, 37.469697]}, "properties": {"shelter_id": "OBJ022811000000034", "name": "율목공원", "sido": "인천광역시", "sigungu": "중구", "emd": "율목동", "road_name": "율목로", "capacity": null}}, {"type": "Feature", "geometry": {"type": "Point", "coordinates": [126.556796, 37.489086]}, "properties": {"shelter_id": "OBJ022811000000036", "name": "영종하늘체육공원", "sido": "인천광역시", "sigungu": "중구", "emd": "중산동", "road_name": "하늘중앙로", "capacity": null}}, {"type": "Feature", "geometry": {"type": "Point", "coordinates": [126.646715, 37.475199]}, "properties": {"shelter_id": "OBJ022814000000002", "name": "서림초등학교 운동장", "sido": "인천광역시", "sigungu": "동구", "emd": "송림동", "road_name": "금곡로", "capacity": null}}, {"type": "Feature", "geometry": {"type": "Point", "coordinates": [126.639181, 37.471384]}, "properties": {"shelter_id": "OBJ022814000000003", "name": "창영초등학교 운동장", "sido": "인천광역시", "sigungu": "동구", "emd": "창영동", "road_name": "우각로15번길", "capacity": null}}, {"type": "Feature", "geometry": {"type": "Point", "coordinates": [127.078848, 37.800025]}, "properties": {"shelter_id": "OBJ024163000000037", "name": "푸르네 근린공원", "sido": "경기도", "sigungu": "양주시", "emd": "고읍동", "road_name": "고읍로35번길", "capacity": null}}, {"type": "Feature", "geometry": {"type": "Point", "coordinates": [127.081328, 37.793542]}, "properties": {"shelter_id": "OBJ024163000000038", "name": "하늘물 공원", "sido": "경기도", "sigungu": "양주시", "emd": "광사동", "road_name": "고읍로", "capacity": null}}, {"type": "Feature", "geometry": {"type": "Point", "coordinates": [127.071541, 37.809705]}, "properties": {"shelter_id": "OBJ024163000000043", "name": "경동대학교 운동장", "sido": "경기도", "sigungu": "양주시", "emd": "고암동", "road_name": "경동대학로", "capacity": null}}, {"type": "Feature", "geometry": {"type": "Point", "coordinates": [126.974923, 37.893894]}, "properties": {"shelter_id": "OBJ024163000000045", "name": "남면초등학교 운동장", "sido": "경기도", "sigungu": "양주시", "emd": "남면", "road_name": "개나리2길", "capacity": null}}, {"type": "Feature", "geometry": {"type": "Point", "coordinates": [127.194384, 37.007269]}, "properties": {"shelter_id": "OBJ024155000000007", "name": "문기초등학교 운동장", "sido": "경기도", "sigungu": "안성시", "emd": "공도읍", "road_name": "서동대로", "capacity": null}}, {"type": "Feature", "geometry": {"type": "Point", "coordinates": [127.159036, 37.002283]}, "properties": {"shelter_id": "OBJ024155000000009", "name": "용머리초등학교 운동장", "sido": "경기도", "sigungu": "안성시", "emd": "공도읍", "road_name": "기업단지로", "capacity": null}}, {"type": "Feature", "geometry": {"type": "Point", "coordinates": [127.301855, 36.98399]}, "properties": {"shelter_id": "OBJ024155000000010", "name": "개산초등학교 운동장", "sido": "경기도", "sigungu": "안성시", "emd": "금광면", "road_name": "외개산길", "capacity": null}}, {"type": "Feature", "geometry": {"type": "Point", "coordinates": [128.991526, 35.1385]}, "properties": {"shelter_id": "OBJ022653000000041", "name": "구덕고등학교 운동장", "sido": "부산광역시", "sigungu": "사상구", "emd": "학장동", "road_name": "학감대로", "capacity": null}}, {"type": "Feature", "geometry": {"type": "Point", "coordinates": [128.980351, 35.183787]}, "properties": {"shelter_id": "OBJ022653000000042", "name": "부산조리고등학교 운동장", "sido": "부산광역시", "sigungu": "사상구", "emd": "삼락동", "road_name": "낙동대로1390번길", "capacity": null}}, {"type": "Feature", "geometry": {"type": "Point", "coordinates": [126.648291, 37.472929]}, "properties": {"shelter_id": "OBJ022814000000001", "name": "동산고등학교 운동장", "sido": "인천광역시", "sigungu": "동구", "emd": "송림동", "road_name": "동산로", "capacity": null}}, {"type": "Feature", "geometry": {"type": "Point", "coordinates": [126.651223, 37.475302]}, "properties": {"shelter_id": "OBJ022814000000004", "name": "재능고등학교 운동장", "sido": "인천광역시", "sigungu": "동구", "emd": "송림동", "road_name": "재능로", "capacity": null}}, {"type": "Feature", "geometry": {"type": "Point", "coordinates": [127.317718, 37.377583]}, "properties": {"shelter_id": "OBJ024161000000007", "name": "선동초등학교 운동장", "sido": "경기도", "sigungu": "광주시", "emd": "초월읍", "road_name": "동막골길", "capacity": null}}, {"type": "Feature", "geometry": {"type": "Point", "coordinates": [127.30774, 37.407416]}, "properties": {"shelter_id": "OBJ024161000000008", "name": "초월초등학교 운동장", "sido": "경기도", "sigungu": "광주시", "emd": "초월읍", "road_name": "산수로", "capacity": null}}, {"type": "Feature", "geometry": {"type": "Point", "coordinates": [127.337864, 37.349418]}, "properties": {"shelter_id": "OBJ024161000000009", "name": "곤지암초등학교 운동장", "sido": "경기도", "sigungu": "광주시", "emd": "곤지암읍", "road_name": "곤지암로", "capacity": null}}, {"type": "Feature", "geometry": {"type": "Point", "coordinates": [127.237441, 37.389004]}, "properties": {"shelter_id": "OBJ024161000000048", "name": "광남 생활체육공원", "sido": "경기도", "sigungu": "광주시", "emd": "태전동", "road_name": "장지7길", "capacity": null}}, {"type": "Feature", "geometry": {"type": "Point", "coordinates": [127.312804, 37.334464]}, "properties": {"shelter_id": "OBJ024161000000011", "name": "도궁초등학교 운동장", "sido": "경기도", "sigungu": "광주시", "emd": "도척면", "road_name": "독고개길", "capacity": null}}, {"type": "Feature", "geometry": {"type": "Point", "coordinates": [127.330646, 37.303137]}, "properties": {"shelter_id": "OBJ024161000000012", "name": "광일중학교 운동장", "sido": "경기도", "sigungu": "광주시", "emd": "도척면", "road_name": "노곡로", "capacity": null}}, {"type": "Feature", "geometry": {"type": "Point", "coordinates": [127.317385, 37.471725]}, "properties": {"shelter_id": "OBJ024161000000013", "name": "도수초등학교 운동장", "sido": "경기도", "sigungu": "광주시", "emd": "퇴촌면", "road_name": "도수길", "capacity": null}}, {"type": "Feature", "geometry": {"type": "Point", "coordinates": [127.319665, 37.473]}, "properties": {"shelter_id": "OBJ024161000000014", "name": "광수중학교 운동장", "sido": "경기도", "sigungu": "광주시", "emd": "퇴촌면", "road_name": "도수길23번길", "capacity": null}}, {"type": "Feature", "geometry": {"type": "Point", "coordinates": [127.266784, 37.445657]}, "properties": {"shelter_id": "OBJ024161000000018", "name": "번천초등학교 운동장", "sido": "경기도", "sigungu": "광주시", "emd": "남한산성면", "road_name": "해공로", "capacity": null}}, {"type": "Feature", "geometry": {"type": "Point", "coordinates": [127.302393, 37.49601]}, "properties": {"shelter_id": "OBJ024161000000015", "name": "분원초등학교 운동장", "sido": "경기도", "sigungu": "광주시", "emd": "남종면", "road_name": "산수로", "capacity": null}}, {"type": "Feature", "geometry": {"type": "Point", "coordinates": [127.251199, 37.463969]}, "properties": {"shelter_id": "OBJ024161000000016", "name": "광지원초등학교 운동장", "sido": "경기도", "sigungu": "광주시", "emd": "남한산성면", "road_name": "회안대로", "capacity": null}}, {"type": "Feature", "geometry": {"type": "Point", "coordinates": [127.185269, 37.478537]}, "properties": {"shelter_id": "OBJ024161000000017", "name": "남한산초등학교", "sido": "경기도", "sigungu": "광주시", "emd": "남한산성면", "road_name": "남한산성로", "capacity": null}}, {"type": "Feature", "geometry": {"type": "Point", "coordinates": [128.521706, 35.806914]}, "properties": {"shelter_id": "OBJ022729000000176", "name": "대진초등학교 운동장", "sido": "대구광역시", "sigungu": "달서구", "emd": "대곡동", "road_name": "서산로", "capacity": null}}, {"type": "Feature", "geometry": {"type": "Point", "coordinates": [128.513016, 35.819392]}, "properties": {"shelter_id": "OBJ022729000000178", "name": "용천초등학교 운동장", "sido": "대구광역시", "sigungu": "달서구", "emd": "유천동", "road_name": "조암남로32길", "capacity": null}}, {"type": "Feature", "geometry": {"type": "Point", "coordinates": [128.515808, 35.816306]}, "properties": {"shelter_id": "OBJ022729000000179", "name": "한솔초등학교 운동장", "sido": "대구광역시", "sigungu": "달서구", "emd": "유천동", "road_name": "조암남로", "capacity": null}}, {"type": "Feature", "geometry": {"type": "Point", "coordinates": [128.532018, 35.812979]}, "properties": {"shelter_id": "OBJ022729000000180", "name": "월배중학교 운동장", "sido": "대구광역시", "sigungu": "달서구", "emd": "진천동", "road_name": "월배로28길", "capacity": null}}, {"type": "Feature", "geometry": {"type": "Point", "coordinates": [128.5358, 35.803779]}, "properties": {"shelter_id": "OBJ022729000000198", "name": "대곡초등학교 운동장", "sido": "대구광역시", "sigungu": "달서구", "emd": "도원동", "road_name": "도원남로", "capacity": null}}, {"type": "Feature", "geometry": {"type": "Point", "coordinates": [128.536888, 35.803726]}, "properties": {"shelter_id": "OBJ022729000000199", "name": "대곡고등학교 운동장", "sido": "대구광역시", "sigungu": "달서구", "emd": "도원동", "road_name": "도원남로", "capacity": null}}, {"type": "Feature", "geometry": {"type": "Point", "coordinates": [128.519555, 35.805316]}, "properties": {"shelter_id": "OBJ022729000000181", "name": "대진중학교 운동장", "sido": "대구광역시", "sigungu": "달서구", "emd": "대곡동", "road_name": "화암로73길", "capacity": null}}, {"type": "Feature", "geometry": {"type": "Point", "coordinates": [126.965062, 37.535943]}, "properties": {"shelter_id": "OBJ021117000000006", "name": "남정초등학교 운동장", "sido": "서울특별시", "sigungu": "용산구", "emd": "원효로2가", "road_name": "원효로", "capacity": null}}, {"type": "Feature", "geometry": {"type": "Point", "coordinates": [126.987896, 37.535631]}, "properties": {"shelter_id": "OBJ021117000000007", "name": "이태원초등학교 운동장", "sido": "서울특별시", "sigungu": "용산구", "emd": "이태원동", "road_name": "녹사평대로40길", "capacity": null}}, {"type": "Feature", "geometry": {"type": "Point", "coordinates": [126.98928, 37.544905]}, "properties": {"shelter_id": "OBJ021117000000014", "name": "용암초등학교 운동장", "sido": "서울특별시", "sigungu": "용산구", "emd": "용산동2가", "road_name": "소월로30길", "capacity": null}}, {"type": "Feature", "geometry": {"type": "Point", "coordinates": [126.956755, 37.534845]}, "properties": {"shelter_id": "OBJ021117000000009", "name": "늘푸른어린이공원", "sido": "서울특별시", "sigungu": "용산구", "emd": "원효로3가", "road_name": "원효로41가길", "capacity": null}}, {"type": "Feature", "geometry": {"type": "Point", "coordinates": [126.972353, 37.535396]}, "properties": {"shelter_id": "OBJ021117000000010", "name": "용산초등학교 운동장", "sido": "서울특별시", "sigungu": "용산구", "emd": "한강로2가", "road_name": "한강대로57길", "capacity": null}}, {"type": "Feature", "geometry": {"type": "Point", "coordinates": [126.981945, 37.550886]}, "properties": {"shelter_id": "OBJ021117000000013", "name": "후암초등학교 운동장", "sido": "서울특별시", "sigungu": "용산구", "emd": "후암동", "road_name": "두텁바위로60길", "capacity": null}}, {"type": "Feature", "geometry": {"type": "Point", "coordinates": [126.980395, 37.545083]}, "properties": {"shelter_id": "OBJ021117000000015", "name": "용산고등학교 운동장", "sido": "서울특별시", "sigungu": "용산구", "emd": "용산동2가", "road_name": "두텁바위로", "capacity": null}}, {"type": "Feature", "geometry": {"type": "Point", "coordinates": [126.965692, 37.542349]}, "properties": {"shelter_id": "OBJ021117000000020", "name": "선린중학교 운동장", "sido": "서울특별시", "sigungu": "용산구", "emd": "청파동3가", "road_name": "원효로97길", "capacity": null}}, {"type": "Feature", "geometry": {"type": "Point", "coordinates": [126.951963, 37.533596]}, "properties": {"shelter_id": "OBJ021117000000024", "name": "문화원 정자마당", "sido": "서울특별시", "sigungu": "용산구", "emd": "원효로4가", "road_name": "효창원로8길", "capacity": null}}, {"type": "Feature", "geometry": {"type": "Point", "coordinates": [126.966967, 37.542349]}, "properties": {"shelter_id": "OBJ021117000000021", "name": "선린인터넷고등학교 운동장", "sido": "서울특별시", "sigungu": "용산구", "emd": "청파동3가", "road_name": "원효로97길", "capacity": null}}, {"type": "Feature", "geometry": {"type": "Point", "coordinates": [129.010488, 35.153133]}, "properties": {"shelter_id": "OBJ022653000000012", "name": "주양초등학교 운동장", "sido": "부산광역시", "sigungu": "사상구", "emd": "주례동", "road_name": "백양대로", "capacity": null}}, {"type": "Feature", "geometry": {"type": "Point", "coordinates": [126.954391, 37.534047]}, "properties": {"shelter_id": "OBJ021117000000022", "name": "성심여자중고등학교 운동장", "sido": "서울특별시", "sigungu": "용산구", "emd": "원효로4가", "road_name": "효창원로16길", "capacity": null}}, {"type": "Feature", "geometry": {"type": "Point", "coordinates": [126.951845, 37.536053]}, "properties": {"shelter_id": "OBJ021117000000023", "name": "원효초등학교 운동장", "sido": "서울특별시", "sigungu": "용산구", "emd": "산천동", "road_name": "효창원로13길", "capacity": null}}, {"type": "Feature", "geometry": {"type": "Point", "coordinates": [126.961236, 37.543546]}, "properties": {"shelter_id": "OBJ021117000000026", "name": "효창운동장", "sido": "서울특별시", "sigungu": "용산구", "emd": "청파동3가", "road_name": "효창원로", "capacity": null}}, {"type": "Feature", "geometry": {"type": "Point", "coordinates": [126.98098, 37.517055]}, "properties": {"shelter_id": "OBJ021117000000034", "name": "이촌한우리공원", "sido": "서울특별시", "sigungu": "용산구", "emd": "이촌동", "road_name": "이촌로", "capacity": null}}, {"type": "Feature", "geometry": {"type": "Point", "coordinates": [126.967641, 37.524114]}, "properties": {"shelter_id": "OBJ021117000000030", "name": "용산공업고등학교 운동장", "sido": "서울특별시", "sigungu": "용산구", "emd": "한강로3가", "road_name": "서빙고로", "capacity": null}}, {"type": "Feature", "geometry": {"type": "Point", "coordinates": [126.975502, 37.517435]}, "properties": {"shelter_id": "OBJ021117000000031", "name": "중경고등학교 운동장", "sido": "서울특별시", "sigungu": "용산구", "emd": "이촌동", "road_name": "이촌로84길", "capacity": null}}, {"type": "Feature", "geometry": {"type": "Point", "coordinates": [126.976572, 37.520802]}, "properties": {"shelter_id": "OBJ021117000000032", "name": "용강중학교 운동장", "sido": "서울특별시", "sigungu": "용산구", "emd": "이촌동", "road_name": "이촌로65가길", "capacity": null}}, {"type": "Feature", "geometry": {"type": "Point", "coordinates": [126.996607, 37.532243]}, "properties": {"shelter_id": "OBJ021117000000035", "name": "보광초등학교 운동장", "sido": "서울특별시", "sigungu": "용산구", "emd": "이태원동", "road_name": "우사단로", "capacity": null}}, {"type": "Feature", "geometry": {"type": "Point", "coordinates": [126.989791, 37.532677]}, "properties": {"shelter_id": "OBJ021117000000011", "name": "용산구청(광장)", "sido": "서울특별시", "sigungu": "용산구", "emd": "이태원동", "road_name": "녹사평대로", "capacity": null}}, {"type": "Feature", "geometry": {"type": "Point", "coordinates": [126.64456, 37.479029]}, "properties": {"shelter_id": "OBJ022814000000005", "name": "서흥초등학교 운동장", "sido": "인천광역시", "sigungu": "동구", "emd": "송림동", "road_name": "솔빛로91번길", "capacity": null}}, {"type": "Feature", "geometry": {"type": "Point", "coordinates": [126.63245, 37.484203]}, "properties": {"shelter_id": "OBJ022814000000007", "name": "화도진중학교 운동장", "sido": "인천광역시", "sigungu": "동구", "emd": "화수동", "road_name": "화수로", "capacity": null}}, {"type": "Feature", "geometry": {"type": "Point", "coordinates": [126.633225, 37.481467]}, "properties": {"shelter_id": "OBJ022814000000008", "name": "송현초등학교", "sido": "인천광역시", "sigungu": "동구", "emd": "화수동", "road_name": "쌍우물로", "capacity": null}}, {"type": "Feature", "geometry": {"type": "Point", "coordinates": [126.640004, 37.471232]}, "properties": {"shelter_id": "OBJ022814000000012", "name": "영화관광경영고등학교 운동장", "sido": "인천광역시", "sigungu": "동구", "emd": "창영동", "road_name": "우각로", "capacity": null}}, {"type": "Feature", "geometry": {"type": "Point", "coordinates": [126.628006, 37.484151]}, "properties": {"shelter_id": "OBJ022814000000009", "name": "만석초등학교 운동장", "sido": "인천광역시", "sigungu": "동구", "emd": "화수동", "road_name": "제물량로", "capacity": null}}, {"type": "Feature", "geometry": {"type": "Point", "coordinates": [126.640871, 37.471947]}, "properties": {"shelter_id": "OBJ022814000000010", "name": "인천산업정보학교 운동장", "sido": "인천광역시", "sigungu": "동구", "emd": "금곡동", "road_name": "금창로", "capacity": null}}, {"type": "Feature", "geometry": {"type": "Point", "coordinates": [126.642515, 37.474598]}, "properties": {"shelter_id": "OBJ022814000000011", "name": "동명초등학교 운동장", "sido": "인천광역시", "sigungu": "동구", "emd": "송림동", "road_name": "송림로70번길", "capacity": null}}, {"type": "Feature", "geometry": {"type": "Point", "coordinates": [126.672067, 37.438425]}, "properties": {"shelter_id": "OBJ022817700000005", "name": "인천백학초등학교운동장", "sido": "인천광역시", "sigungu": "미추홀구", "emd": "학익동", "road_name": "매소홀로446번길", "capacity": null}}, {"type": "Feature", "geometry": {"type": "Point", "coordinates": [126.641363, 37.453002]}, "properties": {"shelter_id": "OBJ022817700000003", "name": "용현초등학교운동장", "sido": "인천광역시", "sigungu": "미추홀구", "emd": "용현동", "road_name": "토금북로", "capacity": null}}, {"type": "Feature", "geometry": {"type": "Point", "coordinates": [126.65881, 37.446284]}, "properties": {"shelter_id": "OBJ022817700000004", "name": "학익초등학교운동장", "sido": "인천광역시", "sigungu": "미추홀구", "emd": "학익동", "road_name": "한나루로403번길", "capacity": null}}, {"type": "Feature", "geometry": {"type": "Point", "coordinates": [126.668483, 37.468542]}, "properties": {"shelter_id": "OBJ022817700000009", "name": "인천대화초등학교운동장", "sido": "인천광역시", "sigungu": "미추홀구", "emd": "도화동", "road_name": "석정로301번길", "capacity": null}}, {"type": "Feature", "geometry": {"type": "Point", "coordinates": [126.664025, 37.439186]}, "properties": {"shelter_id": "OBJ022817700000006", "name": "학익고등학교운동장", "sido": "인천광역시", "sigungu": "미추홀구", "emd": "학익동", "road_name": "한나루로358번길", "capacity": null}}, {"type": "Feature", "geometry": {"type": "Point", "coordinates": [126.662136, 37.446283]}, "properties": {"shelter_id": "OBJ022817700000007", "name": "인하사대부속중고등학교운동장", "sido": "인천광역시", "sigungu": "미추홀구", "emd": "학익동", "road_name": "재넘이길61번길", "capacity": null}}, {"type": "Feature", "geometry": {"type": "Point", "coordinates": [126.668328, 37.463406]}, "properties": {"shelter_id": "OBJ022817700000008", "name": "인천도화초등학교운동장", "sido": "인천광역시", "sigungu": "미추홀구", "emd": "도화동", "road_name": "경인로", "capacity": null}}, {"type": "Feature", "geometry": {"type": "Point", "coordinates": [127.255475, 37.410055]}, "properties": {"shelter_id": "OBJ024161000000019", "name": "광주초등학교 운동장", "sido": "경기도", "sigungu": "광주시", "emd": "경안동", "road_name": "경안로42번길", "capacity": null}}, {"type": "Feature", "geometry": {"type": "Point", "coordinates": [127.238393, 37.384871]}, "properties": {"shelter_id": "OBJ024161000000028", "name": "광남고등학교 운동장", "sido": "경기도", "sigungu": "광주시", "emd": "장지동", "road_name": "담안길", "capacity": null}}, {"type": "Feature", "geometry": {"type": "Point", "coordinates": [127.265528, 37.418109]}, "properties": {"shelter_id": "OBJ024161000000023", "name": "광주고등학교 운동장", "sido": "경기도", "sigungu": "광주시", "emd": "송정동", "road_name": "수하길19번길", "capacity": null}}, {"type": "Feature", "geometry": {"type": "Point", "coordinates": [127.236287, 37.380062]}, "properties": {"shelter_id": "OBJ024161000000024", "name": "광남중학교 운동장", "sido": "경기도", "sigungu": "광주시", "emd": "태전동", "road_name": "벼루개길42번길", "capacity": null}}, {"type": "Feature", "geometry": {"type": "Point", "coordinates": [127.230989, 37.394228]}, "properties": {"shelter_id": "OBJ024161000000025", "name": "광남초등학교 운동장", "sido": "경기도", "sigungu": "광주시", "emd": "중대동", "road_name": "고불로46번길", "capacity": null}}, {"type": "Feature", "geometry": {"type": "Point", "coordinates": [127.226762, 37.388702]}, "properties": {"shelter_id": "OBJ024161000000026", "name": "태전초등학교 운동장", "sido": "경기도", "sigungu": "광주시", "emd": "태전동", "road_name": "태봉로", "capacity": null}}, {"type": "Feature", "geometry": {"type": "Point", "coordinates": [127.247713, 37.394903]}, "properties": {"shelter_id": "OBJ024161000000027", "name": "경안중학교 운동장", "sido": "경기도", "sigungu": "광주시", "emd": "장지동", "road_name": "장지1길", "capacity": null}}, {"type": "Feature", "geometry": {"type": "Point", "coordinates": [127.218176, 37.402563]}, "properties": {"shelter_id": "OBJ024161000000040", "name": "중대물빛공원", "sido": "경기도", "sigungu": "광주시", "emd": "중대동", "road_name": "순암로", "capacity": null}}, {"type": "Feature", "geometry": {"type": "Point", "coordinates": [128.993409, 35.170031]}, "properties": {"shelter_id": "OBJ022653000000028", "name": "신라중학교 운동장", "sido": "부산광역시", "sigungu": "사상구", "emd": "덕포동", "road_name": "백양대로700번길", "capacity": null}}, {"type": "Feature", "geometry": {"type": "Point", "coordinates": [127.321112, 37.360334]}, "properties": {"shelter_id": "OBJ024161000000042", "name": "곤지암 공설운동장", "sido": "경기도", "sigungu": "광주시", "emd": "곤지암읍", "road_name": "평촌길", "capacity": null}}, {"type": "Feature", "geometry": {"type": "Point", "coordinates": [127.266745, 37.447541]}, "properties": {"shelter_id": "OBJ024161000000046", "name": "남한산성 공설운동장", "sido": "경기도", "sigungu": "광주시", "emd": "남한산성면", "road_name": "해공로", "capacity": null}}, {"type": "Feature", "geometry": {"type": "Point", "coordinates": [127.257085, 37.379187]}, "properties": {"shelter_id": "OBJ024161000000004", "name": "양벌초등학교 운동장", "sido": "경기도", "sigungu": "광주시", "emd": "오포읍", "road_name": "양벌로", "capacity": null}}, {"type": "Feature", "geometry": {"type": "Point", "coordinates": [127.248568, 37.419723]}, "properties": {"shelter_id": "OBJ024161000000022", "name": "탄벌초등학교 운동장", "sido": "경기도", "sigungu": "광주시", "emd": "탄벌동", "road_name": "회안대로", "capacity": null}}, {"type": "Feature", "geometry": {"type": "Point", "coordinates": [127.262665, 37.410431]}, "properties": {"shelter_id": "OBJ024161000000034", "name": "청석공원", "sido": "경기도", "sigungu": "광주시", "emd": "경안동", "road_name": "파발로", "capacity": null}}, {"type": "Feature", "geometry": {"type": "Point", "coordinates": [128.518098, 35.805265]}, "properties": {"shelter_id": "OBJ022729000000182", "name": "대진고등학교 운동장", "sido": "대구광역시", "sigungu": "달서구", "emd": "대곡동", "road_name": "화암로73길", "capacity": null}}, {"type": "Feature", "geometry": {"type": "Point", "coordinates": [128.543586, 35.815923]}, "properties": {"shelter_id": "OBJ022729000000185", "name": "월촌초등학교 운동장", "sido": "대구광역시", "sigungu": "달서구", "emd": "상인동", "road_name": "상인서로", "capacity": null}}, {"type": "Feature", "geometry": {"type": "Point", "coordinates": [128.55027, 35.820219]}, "properties": {"shelter_id": "OBJ022729000000186", "name": "대서초등학교 운동장", "sido": "대구광역시", "sigungu": "달서구", "emd": "상인동", "road_name": "송현로", "capacity": null}}, {"type": "Feature", "geometry": {"type": "Point", "coordinates": [128.550762, 35.806785]}, "properties": {"shelter_id": "OBJ022729000000189", "name": "상원초등학교 운동장", "sido": "대구광역시", "sigungu": "달서구", "emd": "상인동", "road_name": "월곡로", "capacity": null}}, {"type": "Feature", "geometry": {"type": "Point", "coordinates": [128.53118, 35.807752]}, "properties": {"shelter_id": "OBJ022729000000195", "name": "노전초등학교", "sido": "대구광역시", "sigungu": "달서구", "emd": "도원동", "road_name": "한실로", "capacity": null}}, {"type": "Feature", "geometry": {"type": "Point", "coordinates": [127.721271, 37.859968]}, "properties": {"shelter_id": "OBJ024211000000034", "name": "남춘천중학교 운동장", "sido": "강원도", "sigungu": "춘천시", "emd": "온의동", "road_name": "충혼길", "capacity": null}}, {"type": "Feature", "geometry": {"type": "Point", "coordinates": [128.524195, 35.826754]}, "properties": {"shelter_id": "OBJ022729000000162", "name": "월암중학교 운동장", "sido": "대구광역시", "sigungu": "달서구", "emd": "월성동", "road_name": "월성로", "capacity": null}}, {"type": "Feature", "geometry": {"type": "Point", "coordinates": [128.528937, 35.823668]}, "properties": {"shelter_id": "OBJ022729000000163", "name": "조암초등학교 운동장", "sido": "대구광역시", "sigungu": "달서구", "emd": "월성동", "road_name": "조암로5길", "capacity": null}}, {"type": "Feature", "geometry": {"type": "Point", "coordinates": [126.97645, 37.548047]}, "properties": {"shelter_id": "OBJ021117000000012", "name": "새나라어린이공원", "sido": "서울특별시", "sigungu": "용산구", "emd": "후암동", "road_name": "두텁바위로1가길", "capacity": null}}, {"type": "Feature", "geometry": {"type": "Point", "coordinates": [126.972982, 37.552142]}, "properties": {"shelter_id": "OBJ021117000000016", "name": "두텁바위공원", "sido": "서울특별시", "sigungu": "용산구", "emd": "동자동", "road_name": "한강대로", "capacity": null}}, {"type": "Feature", "geometry": {"type": "Point", "coordinates": [126.968212, 37.553652]}, "properties": {"shelter_id": "OBJ021117000000017", "name": "청파어린이공원", "sido": "서울특별시", "sigungu": "용산구", "emd": "서계동", "road_name": "청파로89길", "capacity": null}}, {"type": "Feature", "geometry": {"type": "Point", "coordinates": [126.968548, 37.542946]}, "properties": {"shelter_id": "OBJ021117000000018", "name": "돌모루어린이공원", "sido": "서울특별시", "sigungu": "용산구", "emd": "청파동3가", "road_name": "원효로97길", "capacity": null}}, {"type": "Feature", "geometry": {"type": "Point", "coordinates": [126.96607, 37.543466]}, "properties": {"shelter_id": "OBJ021117000000019", "name": "청파선린공원", "sido": "서울특별시", "sigungu": "용산구", "emd": "청파동3가", "road_name": "청파로47가길", "capacity": null}}, {"type": "Feature", "geometry": {"type": "Point", "coordinates": [126.959811, 37.544109]}, "properties": {"shelter_id": "OBJ021117000000027", "name": "백범김구기념관", "sido": "서울특별시", "sigungu": "용산구", "emd": "효창동", "road_name": "효창원로", "capacity": null}}, {"type": "Feature", "geometry": {"type": "Point", "coordinates": [126.969802, 37.525736]}, "properties": {"shelter_id": "OBJ021117000000028", "name": "기와터공원", "sido": "서울특별시", "sigungu": "용산구", "emd": "한강로3가", "road_name": "한강대로30길", "capacity": null}}, {"type": "Feature", "geometry": {"type": "Point", "coordinates": [126.973598, 37.537207]}, "properties": {"shelter_id": "OBJ021117000000029", "name": "솔밭어린이공원", "sido": "서울특별시", "sigungu": "용산구", "emd": "한강로1가", "road_name": "한강대로67길", "capacity": null}}, {"type": "Feature", "geometry": {"type": "Point", "coordinates": [126.971899, 37.520896]}, "properties": {"shelter_id": "OBJ021117000000033", "name": "꿈나무공원", "sido": "서울특별시", "sigungu": "용산구", "emd": "이촌동", "road_name": "이촌로", "capacity": null}}, {"type": "Feature", "geometry": {"type": "Point", "coordinates": [127.013891, 37.53728]}, "properties": {"shelter_id": "OBJ021117000000041", "name": "한남어린이공원", "sido": "서울특별시", "sigungu": "용산구", "emd": "한남동", "road_name": "유엔빌리지길", "capacity": null}}, {"type": "Feature", "geometry": {"type": "Point", "coordinates": [127.004984, 37.539038]}, "properties": {"shelter_id": "OBJ021117000000042", "name": "한남초등학교 운동장", "sido": "서울특별시", "sigungu": "용산구", "emd": "한남동", "road_name": "한남대로", "capacity": null}}, {"type": "Feature", "geometry": {"type": "Point", "coordinates": [126.991661, 37.524229]}, "properties": {"shelter_id": "OBJ021117000000044", "name": "한강중학교 운동장", "sido": "서울특별시", "sigungu": "용산구", "emd": "서빙고동", "road_name": "서빙고로51길", "capacity": null}}, {"type": "Feature", "geometry": {"type": "Point", "coordinates": [128.533456, 35.808274]}, "properties": {"shelter_id": "OBJ022729000000116", "name": "한실들공원", "sido": "대구광역시", "sigungu": "달서구", "emd": "도원동", "road_name": "한실로", "capacity": null}}, {"type": "Feature", "geometry": {"type": "Point", "coordinates": [128.538156, 35.80824]}, "properties": {"shelter_id": "OBJ022729000000117", "name": "사계절공원", "sido": "대구광역시", "sigungu": "달서구", "emd": "도원동", "road_name": "한실로", "capacity": null}}, {"type": "Feature", "geometry": {"type": "Point", "coordinates": [127.068427, 37.835176]}, "properties": {"shelter_id": "OBJ024163000000032", "name": "고암초등학교 운동장", "sido": "경기도", "sigungu": "양주시", "emd": "덕정동", "road_name": "고암길", "capacity": null}}, {"type": "Feature", "geometry": {"type": "Point", "coordinates": [127.070632, 37.837817]}, "properties": {"shelter_id": "OBJ024163000000033", "name": "칠봉초등학교 운동장", "sido": "경기도", "sigungu": "양주시", "emd": "고암동", "road_name": "회정로", "capacity": null}}, {"type": "Feature", "geometry": {"type": "Point", "coordinates": [127.069566, 37.832237]}, "properties": {"shelter_id": "OBJ024163000000034", "name": "회천초등학교 운동장", "sido": "경기도", "sigungu": "양주시", "emd": "고암동", "road_name": "고암길", "capacity": null}}, {"type": "Feature", "geometry": {"type": "Point", "coordinates": [127.094725, 37.833848]}, "properties": {"shelter_id": "OBJ024163000000036", "name": "천보초등학교 운동장", "sido": "경기도", "sigungu": "양주시", "emd": "율정동", "road_name": "옥정동로9가길", "capacity": null}}, {"type": "Feature", "geometry": {"type": "Point", "coordinates": [127.063786, 37.804535]}, "properties": {"shelter_id": "OBJ024163000000042", "name": "고덕생활체육공원", "sido": "경기도", "sigungu": "양주시", "emd": "덕계동", "road_name": "고덕로", "capacity": null}}, {"type": "Feature", "geometry": {"type": "Point", "coordinates": [128.979508, 35.154707]}, "properties": {"shelter_id": "OBJ022653000000038", "name": "감전쌈지공원", "sido": "부산광역시", "sigungu": "사상구", "emd": "감전동", "road_name": "새벽시장로56번가길", "capacity": null}}, {"type": "Feature", "geometry": {"type": "Point", "coordinates": [129.004652, 35.155916]}, "properties": {"shelter_id": "OBJ022653000000040", "name": "창신공원", "sido": "부산광역시", "sigungu": "사상구", "emd": "주례동", "road_name": "양지로24번길", "capacity": null}}, {"type": "Feature", "geometry": {"type": "Point", "coordinates": [129.205676, 35.205414]}, "properties": {"shelter_id": "OBJ022671000000003", "name": "내리초등학교 운동장", "sido": "부산광역시", "sigungu": "기장군", "emd": "기장읍", "road_name": "기장대로", "capacity": null}}, {"type": "Feature", "geometry": {"type": "Point", "coordinates": [129.187738, 35.319017]}, "properties": {"shelter_id": "OBJ022671000000004", "name": "달산초등학교 운동장", "sido": "부산광역시", "sigungu": "기장군", "emd": "정관읍", "road_name": "정관로", "capacity": null}}, {"type": "Feature", "geometry": {"type": "Point", "coordinates": [129.210406, 35.23511]}, "properties": {"shelter_id": "OBJ022671000000005", "name": "대청초등학교 운동장", "sido": "부산광역시", "sigungu": "기장군", "emd": "기장읍", "road_name": "차성서로", "capacity": null}}, {"type": "Feature", "geometry": {"type": "Point", "coordinates": [129.162054, 35.338811]}, "properties": {"shelter_id": "OBJ022671000000006", "name": "모전초등학교 운동장", "sido": "부산광역시", "sigungu": "기장군", "emd": "정관읍", "road_name": "정관1로", "capacity": null}}, {"type": "Feature", "geometry": {"type": "Point", "coordinates": [129.186654, 35.322446]}, "properties": {"shelter_id": "OBJ022671000000007", "name": "방곡초등학교 운동장", "sido": "부산광역시", "sigungu": "기장군", "emd": "정관읍", "road_name": "방곡5로", "capacity": null}}, {"type": "Feature", "geometry": {"type": "Point", "coordinates": [129.222873, 35.267769]}, "properties": {"shelter_id": "OBJ022671000000012", "name": "일광초등학교 운동장", "sido": "부산광역시", "sigungu": "기장군", "emd": "일광면", "road_name": "해빛4로", "capacity": null}}, {"type": "Feature", "geometry": {"type": "Point", "coordinates": [129.227174, 35.224881]}, "properties": {"shelter_id": "OBJ022671000000018", "name": "용암초등학교 운동장", "sido": "부산광역시", "sigungu": "기장군", "emd": "기장읍", "road_name": "무양2길", "capacity": null}}, {"type": "Feature", "geometry": {"type": "Point", "coordinates": [127.228535, 37.343075]}, "properties": {"shelter_id": "OBJ024146100000004", "name": "모현초등학교 운동장", "sido": "경기도", "sigungu": "용인시 처인구", "emd": "모현읍", "road_name": "문현로161번길", "capacity": null}}, {"type": "Feature", "geometry": {"type": "Point", "coordinates": [127.250286, 37.335155]}, "properties": {"shelter_id": "OBJ024146100000005", "name": "왕산초등학교 운동장", "sido": "경기도", "sigungu": "용인시 처인구", "emd": "모현읍", "road_name": "백옥대로2366번길", "capacity": null}}, {"type": "Feature", "geometry": {"type": "Point", "coordinates": [127.198383, 37.14041]}, "properties": {"shelter_id": "OBJ024146100000008", "name": "송전초등학교  운동장", "sido": "경기도", "sigungu": "용인시 처인구", "emd": "이동읍", "road_name": "경기동로705번길", "capacity": null}}, {"type": "Feature", "geometry": {"type": "Point", "coordinates": [127.208172, 37.191538]}, "properties": {"shelter_id": "OBJ024146100000009", "name": "용천초등학교 운동장", "sido": "경기도", "sigungu": "용인시 처인구", "emd": "이동읍", "road_name": "원천로", "capacity": null}}, {"type": "Feature", "geometry": {"type": "Point", "coordinates": [127.284501, 37.236717]}, "properties": {"shelter_id": "OBJ024146100000014", "name": "양지초등학교 운동장", "sido": "경기도", "sigungu": "용인시 처인구", "emd": "양지면", "road_name": "교동로", "capacity": null}}, {"type": "Feature", "geometry": {"type": "Point", "coordinates": [127.320765, 37.201656]}, "properties": {"shelter_id": "OBJ024146100000011", "name": "좌항초등학교 운동장", "sido": "경기도", "sigungu": "용인시 처인구", "emd": "원삼면", "road_name": "원양로", "capacity": null}}, {"type": "Feature", "geometry": {"type": "Point", "coordinates": [127.367915, 37.163783]}, "properties": {"shelter_id": "OBJ024146100000012", "name": "백암초등학교 운동장", "sido": "경기도", "sigungu": "용인시 처인구", "emd": "백암면", "road_name": "백원로", "capacity": null}}, {"type": "Feature", "geometry": {"type": "Point", "coordinates": [127.36859, 37.165754]}, "properties": {"shelter_id": "OBJ024146100000013", "name": "백암중고등학교 운동장", "sido": "경기도", "sigungu": "용인시 처인구", "emd": "백암면", "road_name": "백원로", "capacity": null}}, {"type": "Feature", "geometry": {"type": "Point", "coordinates": [127.268497, 37.261545]}, "properties": {"shelter_id": "OBJ024146100000015", "name": "한터초등학교 운동장", "sido": "경기도", "sigungu": "용인시 처인구", "emd": "양지면", "road_name": "한터로", "capacity": null}}, {"type": "Feature", "geometry": {"type": "Point", "coordinates": [127.214773, 37.236742]}, "properties": {"shelter_id": "OBJ024146100000024", "name": "용마초등학교 운동장", "sido": "경기도", "sigungu": "용인시 처인구", "emd": "마평동", "road_name": "금학로", "capacity": null}}, {"type": "Feature", "geometry": {"type": "Point", "coordinates": [127.201425, 37.237984]}, "properties": {"shelter_id": "OBJ024146100000016", "name": "용인중학교 운동장", "sido": "경기도", "sigungu": "용인시 처인구", "emd": "김량장동", "road_name": "금학로349번길", "capacity": null}}, {"type": "Feature", "geometry": {"type": "Point", "coordinates": [127.20542, 37.238116]}, "properties": {"shelter_id": "OBJ024146100000017", "name": "용인초등학교 운동장", "sido": "경기도", "sigungu": "용인시 처인구", "emd": "김량장동", "road_name": "금학로383번길", "capacity": null}}, {"type": "Feature", "geometry": {"type": "Point", "coordinates": [127.18698, 37.237443]}, "properties": {"shelter_id": "OBJ024146100000018", "name": "서룡초등학교 운동장", "sido": "경기도", "sigungu": "용인시 처인구", "emd": "역북동", "road_name": "중부대로1281번길", "capacity": null}}, {"type": "Feature", "geometry": {"type": "Point", "coordinates": [128.544359, 35.856452]}, "properties": {"shelter_id": "OBJ022717000000027", "name": "일신공원", "sido": "대구광역시", "sigungu": "서구", "emd": "중리동", "road_name": "당산로45길", "capacity": null}}, {"type": "Feature", "geometry": {"type": "Point", "coordinates": [128.532955, 35.863479]}, "properties": {"shelter_id": "OBJ022717000000028", "name": "상리공원", "sido": "대구광역시", "sigungu": "서구", "emd": "중리동", "road_name": "평리로17길", "capacity": null}}, {"type": "Feature", "geometry": {"type": "Point", "coordinates": [128.563817, 35.87394]}, "properties": {"shelter_id": "OBJ022717000000029", "name": "들마을공원", "sido": "대구광역시", "sigungu": "서구", "emd": "평리동", "road_name": "통학로30길", "capacity": null}}, {"type": "Feature", "geometry": {"type": "Point", "coordinates": [128.562498, 35.866314]}, "properties": {"shelter_id": "OBJ022717000000030", "name": "신평공원", "sido": "대구광역시", "sigungu": "서구", "emd": "평리동", "road_name": "통학로13길", "capacity": null}}, {"type": "Feature", "geometry": {"type": "Point", "coordinates": [128.558458, 35.872231]}, "properties": {"shelter_id": "OBJ022717000000031", "name": "평리공원", "sido": "대구광역시", "sigungu": "서구", "emd": "평리동", "road_name": "국채보상로49길", "capacity": null}}, {"type": "Feature", "geometry": {"type": "Point", "coordinates": [128.565716, 35.880248]}, "properties": {"shelter_id": "OBJ022717000000032", "name": "날뫼공원", "sido": "대구광역시", "sigungu": "서구", "emd": "평리동", "road_name": "통학로46길", "capacity": null}}, {"type": "Feature", "geometry": {"type": "Point", "coordinates": [128.556987, 35.877264]}, "properties": {"shelter_id": "OBJ022717000000033", "name": "개미산공원", "sido": "대구광역시", "sigungu": "서구", "emd": "평리동", "road_name": "서대구로42길", "capacity": null}}, {"type": "Feature", "geometry": {"type": "Point", "coordinates": [128.548155, 35.865336]}, "properties": {"shelter_id": "OBJ022717000000057", "name": "꼼지락공원", "sido": "대구광역시", "sigungu": "서구", "emd": "중리동", "road_name": "당산로", "capacity": null}}, {"type": "Feature", "geometry": {"type": "Point", "coordinates": [128.561228, 35.868351]}, "properties": {"shelter_id": "OBJ022717000000036", "name": "평리4동 공영주차장", "sido": "대구광역시", "sigungu": "서구", "emd": "평리동", "road_name": "평리로73길", "capacity": null}}, {"type": "Feature", "geometry": {"type": "Point", "coordinates": [128.552235, 35.882893]}, "properties": {"shelter_id": "OBJ022717000000037", "name": "달서천변 둔치", "sido": "대구광역시", "sigungu": "서구", "emd": "비산동", "road_name": "염색공단로13길", "capacity": null}}, {"type": "Feature", "geometry": {"type": "Point", "coordinates": [128.528096, 35.876867]}, "properties": {"shelter_id": "OBJ022717000000039", "name": "기쁜소식대구교회", "sido": "대구광역시", "sigungu": "서구", "emd": "상리동", "road_name": "가르뱅이로7길", "capacity": null}}, {"type": "Feature", "geometry": {"type": "Point", "coordinates": [128.576638, 35.878387]}, "properties": {"shelter_id": "OBJ022717000000040", "name": "비산동교회당", "sido": "대구광역시", "sigungu": "서구", "emd": "비산동", "road_name": "북비산로80길", "capacity": null}}, {"type": "Feature", "geometry": {"type": "Point", "coordinates": [128.546035, 35.866455]}, "properties": {"shelter_id": "OBJ022717000000042", "name": "서대구공단완충녹지", "sido": "대구광역시", "sigungu": "서구", "emd": "중리동", "road_name": "당산로", "capacity": null}}, {"type": "Feature", "geometry": {"type": "Point", "coordinates": [128.529843, 35.870299]}, "properties": {"shelter_id": "OBJ022717000000047", "name": "계성고등학교", "sido": "대구광역시", "sigungu": "서구", "emd": "상리동", "road_name": "새방로", "capacity": null}}, {"type": "Feature", "geometry": {"type": "Point", "coordinates": [128.560055, 35.861361]}, "properties": {"shelter_id": "OBJ022717000000048", "name": "두류초등학교", "sido": "대구광역시", "sigungu": "서구", "emd": "내당동", "road_name": "달구벌대로357길", "capacity": null}}, {"type": "Feature", "geometry": {"type": "Point", "coordinates": [128.562564, 35.877378]}, "properties": {"shelter_id": "OBJ022717000000058", "name": "당산목공원", "sido": "대구광역시", "sigungu": "서구", "emd": "평리동", "road_name": "서대구로42길", "capacity": null}}, {"type": "Feature", "geometry": {"type": "Point", "coordinates": [128.557829, 35.867632]}, "properties": {"shelter_id": "OBJ022717000000059", "name": "평사공원", "sido": "대구광역시", "sigungu": "서구", "emd": "평리동", "road_name": "국채보상로48길", "capacity": null}}, {"type": "Feature", "geometry": {"type": "Point", "coordinates": [128.542342, 35.857674]}, "properties": {"shelter_id": "OBJ022717000000053", "name": "서남중학교", "sido": "대구광역시", "sigungu": "서구", "emd": "중리동", "road_name": "달구벌대로323길", "capacity": null}}, {"type": "Feature", "geometry": {"type": "Point", "coordinates": [128.549382, 35.87641]}, "properties": {"shelter_id": "OBJ022717000000062", "name": "진등공원", "sido": "대구광역시", "sigungu": "서구", "emd": "평리동", "road_name": "북비산로30길", "capacity": null}}, {"type": "Feature", "geometry": {"type": "Point", "coordinates": [128.548755, 35.871292]}, "properties": {"shelter_id": "OBJ022717000000063", "name": "평오공원", "sido": "대구광역시", "sigungu": "서구", "emd": "평리동", "road_name": "국채보상로37안길", "capacity": null}}, {"type": "Feature", "geometry": {"type": "Point", "coordinates": [128.567848, 35.837797]}, "properties": {"shelter_id": "OBJ022720000000001", "name": "중앙공원", "sido": "대구광역시", "sigungu": "남구", "emd": "대명동", "road_name": "안지랑로19길", "capacity": null}}, {"type": "Feature", "geometry": {"type": "Point", "coordinates": [128.581641, 35.853575]}, "properties": {"shelter_id": "OBJ022720000000038", "name": "계명대학교 대명캠퍼스 운동장", "sido": "대구광역시", "sigungu": "남구", "emd": "대명동", "road_name": "명덕로", "capacity": null}}, {"type": "Feature", "geometry": {"type": "Point", "coordinates": [128.569592, 35.88564]}, "properties": {"shelter_id": "OBJ022717000000023", "name": "동아리공원", "sido": "대구광역시", "sigungu": "서구", "emd": "비산동", "road_name": "달서천로65길", "capacity": null}}, {"type": "Feature", "geometry": {"type": "Point", "coordinates": [128.560256, 35.862739]}, "properties": {"shelter_id": "OBJ022717000000060", "name": "내당공원", "sido": "대구광역시", "sigungu": "서구", "emd": "내당동", "road_name": "서대구로10길", "capacity": null}}, {"type": "Feature", "geometry": {"type": "Point", "coordinates": [128.565777, 35.868131]}, "properties": {"shelter_id": "OBJ022717000000061", "name": "평리2동 소공원", "sido": "대구광역시", "sigungu": "서구", "emd": "평리동", "road_name": "통학로18길", "capacity": null}}, {"type": "Feature", "geometry": {"type": "Point", "coordinates": [128.586552, 35.855102]}, "properties": {"shelter_id": "OBJ022720000000007", "name": "대명공원", "sido": "대구광역시", "sigungu": "남구", "emd": "대명동", "road_name": "명덕로30길", "capacity": null}}, {"type": "Feature", "geometry": {"type": "Point", "coordinates": [127.324425, 37.000219]}, "properties": {"shelter_id": "OBJ024155000000011", "name": "금광초등학교 운동장", "sido": "경기도", "sigungu": "안성시", "emd": "금광면", "road_name": "금광초교길", "capacity": null}}, {"type": "Feature", "geometry": {"type": "Point", "coordinates": [127.244795, 37.026945]}, "properties": {"shelter_id": "OBJ024155000000013", "name": "대덕초등학교 운동장", "sido": "경기도", "sigungu": "안성시", "emd": "대덕면", "road_name": "모산로", "capacity": null}}, {"type": "Feature", "geometry": {"type": "Point", "coordinates": [127.262639, 37.05036]}, "properties": {"shelter_id": "OBJ024155000000014", "name": "명덕초등학교 운동장", "sido": "경기도", "sigungu": "안성시", "emd": "대덕면", "road_name": "미륵로", "capacity": null}}, {"type": "Feature", "geometry": {"type": "Point", "coordinates": [127.188329, 36.96051]}, "properties": {"shelter_id": "OBJ024155000000015", "name": "개정초등학교 운동장", "sido": "경기도", "sigungu": "안성시", "emd": "미양면", "road_name": "미양로", "capacity": null}}, {"type": "Feature", "geometry": {"type": "Point", "coordinates": [127.242799, 36.99625]}, "properties": {"shelter_id": "OBJ024155000000016", "name": "두원공업고등학교 운동장", "sido": "경기도", "sigungu": "안성시", "emd": "미양면", "road_name": "미양로", "capacity": null}}, {"type": "Feature", "geometry": {"type": "Point", "coordinates": [127.213208, 36.974954]}, "properties": {"shelter_id": "OBJ024155000000017", "name": "미양초등학교 운동장", "sido": "경기도", "sigungu": "안성시", "emd": "미양면", "road_name": "양지길", "capacity": null}}, {"type": "Feature", "geometry": {"type": "Point", "coordinates": [127.307902, 37.041809]}, "properties": {"shelter_id": "OBJ024155000000019", "name": "보개초등학교 운동장", "sido": "경기도", "sigungu": "안성시", "emd": "보개면", "road_name": "복평길", "capacity": null}}, {"type": "Feature", "geometry": {"type": "Point", "coordinates": [127.309135, 37.08675]}, "properties": {"shelter_id": "OBJ024155000000020", "name": "서삼초등학교 운동장", "sido": "경기도", "sigungu": "안성시", "emd": "보개면", "road_name": "보개원삼로", "capacity": null}}, {"type": "Feature", "geometry": {"type": "Point", "coordinates": [127.341611, 37.030223]}, "properties": {"shelter_id": "OBJ024155000000021", "name": "마전초등학교 운동장", "sido": "경기도", "sigungu": "안성시", "emd": "삼죽면", "road_name": "서동대로", "capacity": null}}, {"type": "Feature", "geometry": {"type": "Point", "coordinates": [127.373648, 37.075854]}, "properties": {"shelter_id": "OBJ024155000000022", "name": "삼죽초등학교 운동장", "sido": "경기도", "sigungu": "안성시", "emd": "삼죽면", "road_name": "두둘기길", "capacity": null}}, {"type": "Feature", "geometry": {"type": "Point", "coordinates": [127.359442, 37.058362]}, "properties": {"shelter_id": "OBJ024155000000023", "name": "동아방송예술대학교 운동장", "sido": "경기도", "sigungu": "안성시", "emd": "삼죽면", "road_name": "서동대로", "capacity": null}}, {"type": "Feature", "geometry": {"type": "Point", "coordinates": [127.261052, 36.920021]}, "properties": {"shelter_id": "OBJ024155000000024", "name": "산평초등학교 운동장", "sido": "경기도", "sigungu": "안성시", "emd": "서운면", "road_name": "서운로", "capacity": null}}, {"type": "Feature", "geometry": {"type": "Point", "coordinates": [127.263531, 36.944172]}, "properties": {"shelter_id": "OBJ024155000000025", "name": "서운중학교 운동장", "sido": "경기도", "sigungu": "안성시", "emd": "서운면", "road_name": "바우덕이로", "capacity": null}}, {"type": "Feature", "geometry": {"type": "Point", "coordinates": [127.255291, 36.946239]}, "properties": {"shelter_id": "OBJ024155000000026", "name": "서운초등학교 운동장", "sido": "경기도", "sigungu": "안성시", "emd": "서운면", "road_name": "서운초교길", "capacity": null}}, {"type": "Feature", "geometry": {"type": "Point", "coordinates": [127.230116, 36.935689]}, "properties": {"shelter_id": "OBJ024155000000027", "name": "현매초등학교 운동장", "sido": "경기도", "sigungu": "안성시", "emd": "서운면", "road_name": "매향길", "capacity": null}}, {"type": "Feature", "geometry": {"type": "Point", "coordinates": [129.178935, 35.326201]}, "properties": {"shelter_id": "OBJ022671000000001", "name": "가동초등학교 운동장", "sido": "부산광역시", "sigungu": "기장군", "emd": "정관읍", "road_name": "정관5로", "capacity": null}}, {"type": "Feature", "geometry": {"type": "Point", "coordinates": [128.551824, 35.84178]}, "properties": {"shelter_id": "OBJ022729000000001", "name": "성당천체공원", "sido": "대구광역시", "sigungu": "달서구", "emd": "성당동", "road_name": "대명천로16길", "capacity": null}}, {"type": "Feature", "geometry": {"type": "Point", "coordinates": [128.545358, 35.841357]}, "properties": {"shelter_id": "OBJ022729000000002", "name": "성당소공원", "sido": "대구광역시", "sigungu": "달서구", "emd": "성당동", "road_name": "당산로", "capacity": null}}, {"type": "Feature", "geometry": {"type": "Point", "coordinates": [128.569559, 35.851335]}, "properties": {"shelter_id": "OBJ022729000000003", "name": "성당1동놀이터", "sido": "대구광역시", "sigungu": "달서구", "emd": "성당동", "road_name": "성당로33안길", "capacity": null}}, {"type": "Feature", "geometry": {"type": "Point", "coordinates": [128.534953, 35.852651]}, "properties": {"shelter_id": "OBJ022729000000015", "name": "거인나라공원", "sido": "대구광역시", "sigungu": "달서구", "emd": "죽전동", "road_name": "와룡로43길", "capacity": null}}, {"type": "Feature", "geometry": {"type": "Point", "coordinates": [128.527707, 35.810832]}, "properties": {"shelter_id": "OBJ022729000000175", "name": "진월초등학교 운동장", "sido": "대구광역시", "sigungu": "달서구", "emd": "진천동", "road_name": "상화북로5길", "capacity": null}}, {"type": "Feature", "geometry": {"type": "Point", "coordinates": [128.512399, 35.812031]}, "properties": {"shelter_id": "OBJ022729000000177", "name": "유천초등학교 운동장", "sido": "대구광역시", "sigungu": "달서구", "emd": "유천동", "road_name": "달서대로", "capacity": null}}, {"type": "Feature", "geometry": {"type": "Point", "coordinates": [128.541986, 35.813404]}, "properties": {"shelter_id": "OBJ022729000000188", "name": "상인초등학교 운동장", "sido": "대구광역시", "sigungu": "달서구", "emd": "상인동", "road_name": "월곡로43길", "capacity": null}}, {"type": "Feature", "geometry": {"type": "Point", "coordinates": [128.603749, 38.173822]}, "properties": {"shelter_id": "OBJ024221000000007", "name": "대포초등학교운동장", "sido": "강원도", "sigungu": "속초시", "emd": "대포동", "road_name": "방축길", "capacity": null}}, {"type": "Feature", "geometry": {"type": "Point", "coordinates": [128.568985, 38.199334]}, "properties": {"shelter_id": "OBJ024221000000004", "name": "속초여자고등학교운동장", "sido": "강원도", "sigungu": "속초시", "emd": "교동", "road_name": "배움터길", "capacity": null}}, {"type": "Feature", "geometry": {"type": "Point", "coordinates": [128.574154, 38.185921]}, "properties": {"shelter_id": "OBJ024221000000005", "name": "설악고등학교운동장", "sido": "강원도", "sigungu": "속초시", "emd": "조양동", "road_name": "청대마을길", "capacity": null}}, {"type": "Feature", "geometry": {"type": "Point", "coordinates": [128.598415, 38.188339]}, "properties": {"shelter_id": "OBJ024221000000006", "name": "조양초등학교운동장", "sido": "강원도", "sigungu": "속초시", "emd": "조양동", "road_name": "부월길", "capacity": null}}, {"type": "Feature", "geometry": {"type": "Point", "coordinates": [128.586862, 38.187712]}, "properties": {"shelter_id": "OBJ024221000000008", "name": "청봉초등학교 운동장", "sido": "강원도", "sigungu": "속초시", "emd": "조양동", "road_name": "조양로118번길", "capacity": null}}, {"type": "Feature", "geometry": {"type": "Point", "coordinates": [128.585746, 38.209124]}, "properties": {"shelter_id": "OBJ024221000000009", "name": "속초공설운동장 인조잔디구장", "sido": "강원도", "sigungu": "속초시", "emd": "중앙동", "road_name": "번영로105번길", "capacity": null}}, {"type": "Feature", "geometry": {"type": "Point", "coordinates": [128.536586, 38.192526]}, "properties": {"shelter_id": "OBJ024221000000010", "name": "속초종합경기장(노상주차장)", "sido": "강원도", "sigungu": "속초시", "emd": "노학동", "road_name": "관광로363번길", "capacity": null}}, {"type": "Feature", "geometry": {"type": "Point", "coordinates": [129.048643, 37.232596]}, "properties": {"shelter_id": "OBJ024223000000001", "name": "도계중학교 운동장", "sido": "강원도", "sigungu": "삼척시", "emd": "도계읍", "road_name": "도계느티로", "capacity": null}}, {"type": "Feature", "geometry": {"type": "Point", "coordinates": [129.334464, 37.177712]}, "properties": {"shelter_id": "OBJ024223000000002", "name": "호산초등학교 운동장", "sido": "강원도", "sigungu": "삼척시", "emd": "원덕읍", "road_name": "삼척로", "capacity": null}}, {"type": "Feature", "geometry": {"type": "Point", "coordinates": [129.224936, 37.380343]}, "properties": {"shelter_id": "OBJ024223000000003", "name": "근덕초등학교 운동장", "sido": "강원도", "sigungu": "삼척시", "emd": "근덕면", "road_name": "삼척로", "capacity": null}}, {"type": "Feature", "geometry": {"type": "Point", "coordinates": [128.547421, 35.807764]}, "properties": {"shelter_id": "OBJ022729000000213", "name": "도원공원(서한이다음)", "sido": "대구광역시", "sigungu": "달서구", "emd": "도원동", "road_name": "상화로", "capacity": null}}, {"type": "Feature", "geometry": {"type": "Point", "coordinates": [128.543693, 35.805653]}, "properties": {"shelter_id": "OBJ022729000000214", "name": "도원근린공원", "sido": "대구광역시", "sigungu": "달서구", "emd": "도원동", "road_name": "미리샘길", "capacity": null}}, {"type": "Feature", "geometry": {"type": "Point", "coordinates": [128.514974, 35.860833]}, "properties": {"shelter_id": "OBJ022729000000216", "name": "선원초등학교 운동장", "sido": "대구광역시", "sigungu": "달서구", "emd": "용산동", "road_name": "선원로33길", "capacity": null}}, {"type": "Feature", "geometry": {"type": "Point", "coordinates": [128.529669, 35.843322]}, "properties": {"shelter_id": "OBJ022729000000224", "name": "장기공영주차장", "sido": "대구광역시", "sigungu": "달서구", "emd": "장기동", "road_name": "장기로57동길", "capacity": null}}, {"type": "Feature", "geometry": {"type": "Point", "coordinates": [128.572476, 35.856585]}, "properties": {"shelter_id": "OBJ022729000000206", "name": "두류1.2동 제2공영주차장", "sido": "대구광역시", "sigungu": "달서구", "emd": "두류동", "road_name": "두류남5길", "capacity": null}}, {"type": "Feature", "geometry": {"type": "Point", "coordinates": [128.547196, 35.805617]}, "properties": {"shelter_id": "OBJ022729000000215", "name": "원덕공원", "sido": "대구광역시", "sigungu": "달서구", "emd": "도원동", "road_name": "상화로58길", "capacity": null}}, {"type": "Feature", "geometry": {"type": "Point", "coordinates": [128.513662, 35.857555]}, "properties": {"shelter_id": "OBJ022729000000217", "name": "성곡초등학교 학교운동장", "sido": "대구광역시", "sigungu": "달서구", "emd": "이곡동", "road_name": "선원남로", "capacity": null}}, {"type": "Feature", "geometry": {"type": "Point", "coordinates": [128.546175, 35.845965]}, "properties": {"shelter_id": "OBJ022729000000218", "name": "성당원화공원", "sido": "대구광역시", "sigungu": "달서구", "emd": "성당동", "road_name": "당산동3길", "capacity": null}}, {"type": "Feature", "geometry": {"type": "Point", "coordinates": [128.514431, 35.851484]}, "properties": {"shelter_id": "OBJ022729000000219", "name": "성서초등학교 운동장", "sido": "대구광역시", "sigungu": "달서구", "emd": "이곡동", "road_name": "달구벌대로", "capacity": null}}, {"type": "Feature", "geometry": {"type": "Point", "coordinates": [128.51464, 35.852835]}, "properties": {"shelter_id": "OBJ022729000000220", "name": "성지중학교 학교운동장", "sido": "대구광역시", "sigungu": "달서구", "emd": "이곡동", "road_name": "성서동로", "capacity": null}}, {"type": "Feature", "geometry": {"type": "Point", "coordinates": [128.52964, 35.855794]}, "properties": {"shelter_id": "OBJ022729000000221", "name": "용산근린공원", "sido": "대구광역시", "sigungu": "달서구", "emd": "용산동", "road_name": "용산로", "capacity": null}}, {"type": "Feature", "geometry": {"type": "Point", "coordinates": [128.512124, 35.861574]}, "properties": {"shelter_id": "OBJ022729000000222", "name": "이곡중학교 운동장", "sido": "대구광역시", "sigungu": "달서구", "emd": "이곡동", "road_name": "선원로33안길", "capacity": null}}, {"type": "Feature", "geometry": {"type": "Point", "coordinates": [128.513379, 35.856477]}, "properties": {"shelter_id": "OBJ022729000000223", "name": "이곡초등학교 학교운동장", "sido": "대구광역시", "sigungu": "달서구", "emd": "이곡동", "road_name": "선원남로", "capacity": null}}, {"type": "Feature", "geometry": {"type": "Point", "coordinates": [126.911836, 37.130358]}, "properties": {"shelter_id": "OBJ024159000000014", "name": "발안초등학교 운동장", "sido": "경기도", "sigungu": "화성시", "emd": "향남읍", "road_name": "발안로", "capacity": null}}, {"type": "Feature", "geometry": {"type": "Point", "coordinates": [127.034655, 37.209842]}, "properties": {"shelter_id": "OBJ024159000000016", "name": "병점초등학교 운동장", "sido": "경기도", "sigungu": "화성시", "emd": "진안동", "road_name": "병점중앙로155번길", "capacity": null}}, {"type": "Feature", "geometry": {"type": "Point", "coordinates": [128.537919, 35.820492]}, "properties": {"shelter_id": "OBJ022729000000184", "name": "영남고등학교 운동장", "sido": "대구광역시", "sigungu": "달서구", "emd": "상인동", "road_name": "월곡로", "capacity": null}}, {"type": "Feature", "geometry": {"type": "Point", "coordinates": [128.551514, 35.823775]}, "properties": {"shelter_id": "OBJ022729000000193", "name": "대구대남초등학교 운동장", "sido": "대구광역시", "sigungu": "달서구", "emd": "송현동", "road_name": "앞산순환로39안길", "capacity": null}}, {"type": "Feature", "geometry": {"type": "Point", "coordinates": [128.544752, 35.828186]}, "properties": {"shelter_id": "OBJ022729000000194", "name": "송현초등학교 운동장", "sido": "대구광역시", "sigungu": "달서구", "emd": "송현동", "road_name": "월배로69안길", "capacity": null}}, {"type": "Feature", "geometry": {"type": "Point", "coordinates": [128.542678, 35.805166]}, "properties": {"shelter_id": "OBJ022729000000200", "name": "도원초등학교 운동장", "sido": "대구광역시", "sigungu": "달서구", "emd": "도원동", "road_name": "도원남로", "capacity": null}}, {"type": "Feature", "geometry": {"type": "Point", "coordinates": [128.570472, 35.849926]}, "properties": {"shelter_id": "OBJ022729000000204", "name": "대구광역시 종합복지회관 주차장", "sido": "대구광역시", "sigungu": "달서구", "emd": "성당동", "road_name": "성당로", "capacity": null}}, {"type": "Feature", "geometry": {"type": "Point", "coordinates": [128.529223, 35.838839]}, "properties": {"shelter_id": "OBJ022729000000010", "name": "구마공원", "sido": "대구광역시", "sigungu": "달서구", "emd": "본리동", "road_name": "본리서길", "capacity": null}}, {"type": "Feature", "geometry": {"type": "Point", "coordinates": [128.514728, 35.855013]}, "properties": {"shelter_id": "OBJ022729000000039", "name": "이곡생수공원", "sido": "대구광역시", "sigungu": "달서구", "emd": "이곡동", "road_name": "이곡공원로", "capacity": null}}, {"type": "Feature", "geometry": {"type": "Point", "coordinates": [128.514742, 35.85622]}, "properties": {"shelter_id": "OBJ022729000000040", "name": "이곡정자공원", "sido": "대구광역시", "sigungu": "달서구", "emd": "이곡동", "road_name": "이곡공원로", "capacity": null}}, {"type": "Feature", "geometry": {"type": "Point", "coordinates": [128.510302, 35.857587]}, "properties": {"shelter_id": "OBJ022729000000041", "name": "미소공원", "sido": "대구광역시", "sigungu": "달서구", "emd": "이곡동", "road_name": "선원남로", "capacity": null}}, {"type": "Feature", "geometry": {"type": "Point", "coordinates": [128.571218, 35.859497]}, "properties": {"shelter_id": "OBJ022729000000004", "name": "능금어린이공원", "sido": "대구광역시", "sigungu": "달서구", "emd": "두류동", "road_name": "두류길", "capacity": null}}, {"type": "Feature", "geometry": {"type": "Point", "coordinates": [128.94465, 37.348175]}, "properties": {"shelter_id": "OBJ024223000000004", "name": "하장초등학교 운동장", "sido": "강원도", "sigungu": "삼척시", "emd": "하장면", "road_name": "하장길", "capacity": null}}, {"type": "Feature", "geometry": {"type": "Point", "coordinates": [129.104566, 37.410746]}, "properties": {"shelter_id": "OBJ024223000000005", "name": "미로중학교 운동장", "sido": "강원도", "sigungu": "삼척시", "emd": "미로면", "road_name": "강원남부로", "capacity": null}}, {"type": "Feature", "geometry": {"type": "Point", "coordinates": [129.165081, 37.433794]}, "properties": {"shelter_id": "OBJ024223000000006", "name": "진주초등학교 운동장", "sido": "강원도", "sigungu": "삼척시", "emd": "남양동", "road_name": "사직로1길", "capacity": null}}, {"type": "Feature", "geometry": {"type": "Point", "coordinates": [128.085948, 37.815633]}, "properties": {"shelter_id": "OBJ024272000000007", "name": "내촌초등학교 운동장", "sido": "강원도", "sigungu": "홍천군", "emd": "내촌면", "road_name": "내촌길", "capacity": null}}, {"type": "Feature", "geometry": {"type": "Point", "coordinates": [129.167074, 37.448851]}, "properties": {"shelter_id": "OBJ024223000000007", "name": "삼척초등학교 운동장", "sido": "강원도", "sigungu": "삼척시", "emd": "교동", "road_name": "중앙로", "capacity": null}}, {"type": "Feature", "geometry": {"type": "Point", "coordinates": [127.138696, 37.831563]}, "properties": {"shelter_id": "OBJ024165000000002", "name": "신봉초등학교 운동장", "sido": "경기도", "sigungu": "포천시", "emd": "소흘읍", "road_name": "송우로", "capacity": null}}, {"type": "Feature", "geometry": {"type": "Point", "coordinates": [126.961802, 37.573085]}, "properties": {"shelter_id": "OBJ021111000000001", "name": "대신고등학교 운동장", "sido": "서울특별시", "sigungu": "종로구", "emd": "행촌동", "road_name": "사직로", "capacity": null}}, {"type": "Feature", "geometry": {"type": "Point", "coordinates": [126.970992, 37.588716]}, "properties": {"shelter_id": "OBJ021111000000004", "name": "청운중학교 운동장", "sido": "서울특별시", "sigungu": "종로구", "emd": "청운동", "road_name": "창의문로", "capacity": null}}, {"type": "Feature", "geometry": {"type": "Point", "coordinates": [126.970756, 37.586887]}, "properties": {"shelter_id": "OBJ021111000000005", "name": "경복고등학교 운동장", "sido": "서울특별시", "sigungu": "종로구", "emd": "청운동", "road_name": "자하문로28가길", "capacity": null}}, {"type": "Feature", "geometry": {"type": "Point", "coordinates": [126.970126, 37.588105]}, "properties": {"shelter_id": "OBJ021111000000006", "name": "경기상업고등학교 운동장", "sido": "서울특별시", "sigungu": "종로구", "emd": "청운동", "road_name": "자하문로", "capacity": null}}, {"type": "Feature", "geometry": {"type": "Point", "coordinates": [126.966884, 37.5772]}, "properties": {"shelter_id": "OBJ021111000000007", "name": "매동초등학교 운동장", "sido": "서울특별시", "sigungu": "종로구", "emd": "필운동", "road_name": "사직로9길", "capacity": null}}, {"type": "Feature", "geometry": {"type": "Point", "coordinates": [126.967881, 37.578328]}, "properties": {"shelter_id": "OBJ021111000000008", "name": "배화여자고등학교 운동장", "sido": "서울특별시", "sigungu": "종로구", "emd": "필운동", "road_name": "필운대로1길", "capacity": null}}, {"type": "Feature", "geometry": {"type": "Point", "coordinates": [126.967726, 37.5757]}, "properties": {"shelter_id": "OBJ021111000000009", "name": "사직공원", "sido": "서울특별시", "sigungu": "종로구", "emd": "사직동", "road_name": "사직로", "capacity": null}}, {"type": "Feature", "geometry": {"type": "Point", "coordinates": [126.982177, 37.5778]}, "properties": {"shelter_id": "OBJ021111000000012", "name": "덕성여자중학교 운동장", "sido": "서울특별시", "sigungu": "종로구", "emd": "송현동", "road_name": "율곡로3길", "capacity": null}}, {"type": "Feature", "geometry": {"type": "Point", "coordinates": [126.982675, 37.577927]}, "properties": {"shelter_id": "OBJ021111000000013", "name": "덕성여자고등학교 운동장", "sido": "서울특별시", "sigungu": "종로구", "emd": "안국동", "road_name": "율곡로3길", "capacity": null}}, {"type": "Feature", "geometry": {"type": "Point", "coordinates": [126.956875, 37.604028]}, "properties": {"shelter_id": "OBJ021111000000023", "name": "상명대학교사범대학부속여자중고등", "sido": "서울특별시", "sigungu": "종로구", "emd": "구기동", "road_name": "홍지문길", "capacity": null}}, {"type": "Feature", "geometry": {"type": "Point", "coordinates": [126.969243, 37.58441]}, "properties": {"shelter_id": "OBJ021111000000003", "name": "서울농학교 운동장", "sido": "서울특별시", "sigungu": "종로구", "emd": "신교동", "road_name": "필운대로", "capacity": null}}, {"type": "Feature", "geometry": {"type": "Point", "coordinates": [126.96843, 37.605866]}, "properties": {"shelter_id": "OBJ021111000000015", "name": "서울예술고등학교 운동장", "sido": "서울특별시", "sigungu": "종로구", "emd": "평창동", "road_name": "평창문화로", "capacity": null}}, {"type": "Feature", "geometry": {"type": "Point", "coordinates": [126.97724, 37.609907]}, "properties": {"shelter_id": "OBJ021111000000019", "name": "평창공원", "sido": "서울특별시", "sigungu": "종로구", "emd": "평창동", "road_name": "평창문화로", "capacity": null}}, {"type": "Feature", "geometry": {"type": "Point", "coordinates": [126.959873, 37.576341]}, "properties": {"shelter_id": "OBJ021111000000020", "name": "무악공원", "sido": "서울특별시", "sigungu": "종로구", "emd": "무악동", "road_name": "통일로18길", "capacity": null}}, {"type": "Feature", "geometry": {"type": "Point", "coordinates": [126.961016, 37.60279]}, "properties": {"shelter_id": "OBJ021111000000022", "name": "세검정초등학교 운동장", "sido": "서울특별시", "sigungu": "종로구", "emd": "신영동", "road_name": "세검정로7길", "capacity": null}}, {"type": "Feature", "geometry": {"type": "Point", "coordinates": [126.956589, 37.600618]}, "properties": {"shelter_id": "OBJ021111000000024", "name": "상명대학교사범대학 부속초등학교 운", "sido": "서울특별시", "sigungu": "종로구", "emd": "홍지동", "road_name": "홍지문2길", "capacity": null}}, {"type": "Feature", "geometry": {"type": "Point", "coordinates": [126.987671, 37.574714]}, "properties": {"shelter_id": "OBJ021111000000029", "name": "교동초등학교 운동장", "sido": "서울특별시", "sigungu": "종로구", "emd": "경운동", "road_name": "삼일대로", "capacity": null}}, {"type": "Feature", "geometry": {"type": "Point", "coordinates": [126.985538, 37.579605]}, "properties": {"shelter_id": "OBJ021111000000025", "name": "재동초등학교 운동장", "sido": "서울특별시", "sigungu": "종로구", "emd": "가회동", "road_name": "북촌로4길", "capacity": null}}, {"type": "Feature", "geometry": {"type": "Point", "coordinates": [129.101471, 37.495554]}, "properties": {"shelter_id": "OBJ024217000000013", "name": "북삼초등학교운동장", "sido": "강원도", "sigungu": "동해시", "emd": "지흥동", "road_name": "지양길", "capacity": null}}, {"type": "Feature", "geometry": {"type": "Point", "coordinates": [129.096099, 37.538043]}, "properties": {"shelter_id": "OBJ024217000000014", "name": "묵호고등학교운동장", "sido": "강원도", "sigungu": "동해시", "emd": "부곡동", "road_name": "승지로", "capacity": null}}, {"type": "Feature", "geometry": {"type": "Point", "coordinates": [129.094682, 37.543941]}, "properties": {"shelter_id": "OBJ024217000000015", "name": "동해상업고등학교운동장", "sido": "강원도", "sigungu": "동해시", "emd": "발한동", "road_name": "느릅재길", "capacity": null}}, {"type": "Feature", "geometry": {"type": "Point", "coordinates": [129.108522, 37.558365]}, "properties": {"shelter_id": "OBJ024217000000019", "name": "창호초등학교운동장", "sido": "강원도", "sigungu": "동해시", "emd": "묵호진동", "road_name": "해맞이길", "capacity": null}}, {"type": "Feature", "geometry": {"type": "Point", "coordinates": [129.123582, 37.480265]}, "properties": {"shelter_id": "OBJ024217000000020", "name": "예람여자중학교운동장", "sido": "강원도", "sigungu": "동해시", "emd": "북평동", "road_name": "선돌길", "capacity": null}}, {"type": "Feature", "geometry": {"type": "Point", "coordinates": [129.124373, 37.48195]}, "properties": {"shelter_id": "OBJ024217000000021", "name": "북평초등학교운동장", "sido": "강원도", "sigungu": "동해시", "emd": "북평동", "road_name": "오일장1길", "capacity": null}}, {"type": "Feature", "geometry": {"type": "Point", "coordinates": [129.10247, 37.559481]}, "properties": {"shelter_id": "OBJ024217000000024", "name": "하랑여자중학교운동장", "sido": "강원도", "sigungu": "동해시", "emd": "발한동", "road_name": "발한로", "capacity": null}}, {"type": "Feature", "geometry": {"type": "Point", "coordinates": [129.103132, 37.552266]}, "properties": {"shelter_id": "OBJ024217000000025", "name": "묵호초등학교운동장", "sido": "강원도", "sigungu": "동해시", "emd": "발한동", "road_name": "발한천윗길", "capacity": null}}, {"type": "Feature", "geometry": {"type": "Point", "coordinates": [129.090823, 37.590413]}, "properties": {"shelter_id": "OBJ024217000000026", "name": "망상초등학교운동장", "sido": "강원도", "sigungu": "동해시", "emd": "망상동", "road_name": "망상길", "capacity": null}}, {"type": "Feature", "geometry": {"type": "Point", "coordinates": [127.092272, 37.536659]}, "properties": {"shelter_id": "OBJ021121500000014", "name": "구남초등학교 운동장", "sido": "서울특별시", "sigungu": "광진구", "emd": "구의동", "road_name": "구의강변로", "capacity": null}}, {"type": "Feature", "geometry": {"type": "Point", "coordinates": [127.090844, 37.547619]}, "properties": {"shelter_id": "OBJ021121500000020", "name": "광진초등학교 운동장", "sido": "서울특별시", "sigungu": "광진구", "emd": "구의동", "road_name": "자양로40길", "capacity": null}}, {"type": "Feature", "geometry": {"type": "Point", "coordinates": [127.097784, 37.544427]}, "properties": {"shelter_id": "OBJ021121500000021", "name": "양진초등학교 운동장", "sido": "서울특별시", "sigungu": "광진구", "emd": "광장동", "road_name": "워커힐로", "capacity": null}}, {"type": "Feature", "geometry": {"type": "Point", "coordinates": [127.107199, 37.546257]}, "properties": {"shelter_id": "OBJ021121500000026", "name": "광진구민체육센터", "sido": "서울특별시", "sigungu": "광진구", "emd": "광장동", "road_name": "구천면로", "capacity": null}}, {"type": "Feature", "geometry": {"type": "Point", "coordinates": [127.023837, 37.577918]}, "properties": {"shelter_id": "OBJ021123000000002", "name": "대광고등학교 운동장", "sido": "서울특별시", "sigungu": "동대문구", "emd": "신설동", "road_name": "안암로", "capacity": null}}, {"type": "Feature", "geometry": {"type": "Point", "coordinates": [127.088524, 37.566669]}, "properties": {"shelter_id": "OBJ021121500000033", "name": "용곡초등학교 운동장", "sido": "서울특별시", "sigungu": "광진구", "emd": "중곡동", "road_name": "용마산로22길", "capacity": null}}, {"type": "Feature", "geometry": {"type": "Point", "coordinates": [127.088769, 37.565765]}, "properties": {"shelter_id": "OBJ021121500000034", "name": "용곡중학교 운동장", "sido": "서울특별시", "sigungu": "광진구", "emd": "중곡동", "road_name": "용마산로22길", "capacity": null}}, {"type": "Feature", "geometry": {"type": "Point", "coordinates": [127.086452, 37.542795]}, "properties": {"shelter_id": "OBJ021121500000035", "name": "동국대학교사범대학부속여자중고등학교 주차장", "sido": "서울특별시", "sigungu": "광진구", "emd": "구의동", "road_name": "광나루로36길", "capacity": null}}, {"type": "Feature", "geometry": {"type": "Point", "coordinates": [127.029015, 37.575671]}, "properties": {"shelter_id": "OBJ021123000000001", "name": "용두초등학교 운동장", "sido": "서울특별시", "sigungu": "동대문구", "emd": "용두동", "road_name": "천호대로9가길", "capacity": null}}, {"type": "Feature", "geometry": {"type": "Point", "coordinates": [127.05956, 37.564822]}, "properties": {"shelter_id": "OBJ021123000000025", "name": "쉼터어린이공원", "sido": "서울특별시", "sigungu": "동대문구", "emd": "답십리동", "road_name": "황물로17길", "capacity": null}}, {"type": "Feature", "geometry": {"type": "Point", "coordinates": [127.024313, 37.57343]}, "properties": {"shelter_id": "OBJ021123000000003", "name": "우산각어린이공원", "sido": "서울특별시", "sigungu": "동대문구", "emd": "신설동", "road_name": "천호대로4길", "capacity": null}}, {"type": "Feature", "geometry": {"type": "Point", "coordinates": [127.046988, 37.590816]}, "properties": {"shelter_id": "OBJ021123000000006", "name": "홍릉초등학교 운동장", "sido": "서울특별시", "sigungu": "동대문구", "emd": "청량리동", "road_name": "회기로10길", "capacity": null}}, {"type": "Feature", "geometry": {"type": "Point", "coordinates": [127.033986, 37.581173]}, "properties": {"shelter_id": "OBJ021123000000007", "name": "성일중학교 운동장", "sido": "서울특별시", "sigungu": "동대문구", "emd": "제기동", "road_name": "왕산로23길", "capacity": null}}, {"type": "Feature", "geometry": {"type": "Point", "coordinates": [127.040894, 37.585514]}, "properties": {"shelter_id": "OBJ021123000000008", "name": "정화여자상업고등학교 운동장", "sido": "서울특별시", "sigungu": "동대문구", "emd": "제기동", "road_name": "홍릉로15길", "capacity": null}}, {"type": "Feature", "geometry": {"type": "Point", "coordinates": [127.058628, 37.581234]}, "properties": {"shelter_id": "OBJ021123000000016", "name": "전일중학교 운동장", "sido": "서울특별시", "sigungu": "동대문구", "emd": "전농동", "road_name": "사가정로13길", "capacity": null}}, {"type": "Feature", "geometry": {"type": "Point", "coordinates": [127.03148, 37.581779]}, "properties": {"shelter_id": "OBJ021123000000005", "name": "종암초등학교 운동장", "sido": "서울특별시", "sigungu": "동대문구", "emd": "제기동", "road_name": "무학로44길", "capacity": null}}, {"type": "Feature", "geometry": {"type": "Point", "coordinates": [127.066339, 37.57987]}, "properties": {"shelter_id": "OBJ021123000000012", "name": "배봉초등학교 운동장", "sido": "서울특별시", "sigungu": "동대문구", "emd": "전농동", "road_name": "사가정로", "capacity": null}}, {"type": "Feature", "geometry": {"type": "Point", "coordinates": [127.056854, 37.580333]}, "properties": {"shelter_id": "OBJ021123000000013", "name": "전곡초등학교 운동장", "sido": "서울특별시", "sigungu": "동대문구", "emd": "전농동", "road_name": "전농로20길", "capacity": null}}, {"type": "Feature", "geometry": {"type": "Point", "coordinates": [128.557371, 35.855819]}, "properties": {"shelter_id": "OBJ022729000000138", "name": "신흥초등학교 운동장", "sido": "대구광역시", "sigungu": "달서구", "emd": "두류동", "road_name": "야외음악당로41길", "capacity": null}}, {"type": "Feature", "geometry": {"type": "Point", "coordinates": [128.535452, 35.838879]}, "properties": {"shelter_id": "OBJ022729000000139", "name": "덕인초등학교 운동장", "sido": "대구광역시", "sigungu": "달서구", "emd": "본리동", "road_name": "대명천로43길", "capacity": null}}, {"type": "Feature", "geometry": {"type": "Point", "coordinates": [128.539914, 35.857162]}, "properties": {"shelter_id": "OBJ022729000000145", "name": "죽전초등학교 운동장", "sido": "대구광역시", "sigungu": "달서구", "emd": "죽전동", "road_name": "와룡로56길", "capacity": null}}, {"type": "Feature", "geometry": {"type": "Point", "coordinates": [126.980907, 37.127339]}, "properties": {"shelter_id": "OBJ024159000000001", "name": "갈천초등학교 운동장", "sido": "경기도", "sigungu": "화성시", "emd": "향남읍", "road_name": "발안로", "capacity": null}}, {"type": "Feature", "geometry": {"type": "Point", "coordinates": [126.738267, 37.238051]}, "properties": {"shelter_id": "OBJ024159000000002", "name": "고정초등학교 운동장", "sido": "경기도", "sigungu": "화성시", "emd": "송산면", "road_name": "공룡로", "capacity": null}}, {"type": "Feature", "geometry": {"type": "Point", "coordinates": [126.982037, 37.224733]}, "properties": {"shelter_id": "OBJ024159000000005", "name": "기안초등학교 운동장", "sido": "경기도", "sigungu": "화성시", "emd": "기안동", "road_name": "기안길", "capacity": null}}, {"type": "Feature", "geometry": {"type": "Point", "coordinates": [126.972919, 37.091414]}, "properties": {"shelter_id": "OBJ024159000000018", "name": "사창초등학교 운동장", "sido": "경기도", "sigungu": "화성시", "emd": "양감면", "road_name": "초록로", "capacity": null}}, {"type": "Feature", "geometry": {"type": "Point", "coordinates": [126.707401, 37.169206]}, "properties": {"shelter_id": "OBJ024159000000021", "name": "서신초등학교 운동장", "sido": "경기도", "sigungu": "화성시", "emd": "서신면", "road_name": "궁평항로", "capacity": null}}, {"type": "Feature", "geometry": {"type": "Point", "coordinates": [126.789041, 37.054825]}, "properties": {"shelter_id": "OBJ024159000000023", "name": "석천초등학교 운동장", "sido": "경기도", "sigungu": "화성시", "emd": "우정읍", "road_name": "석천길", "capacity": null}}, {"type": "Feature", "geometry": {"type": "Point", "coordinates": [126.980858, 37.201472]}, "properties": {"shelter_id": "OBJ024159000000045", "name": "수기초등학교 운동장", "sido": "경기도", "sigungu": "화성시", "emd": "봉담읍", "road_name": "수기웃말길", "capacity": null}}, {"type": "Feature", "geometry": {"type": "Point", "coordinates": [128.526955, 35.819426]}, "properties": {"shelter_id": "OBJ022729000000166", "name": "월서중학교 운동장", "sido": "대구광역시", "sigungu": "달서구", "emd": "월성동", "road_name": "월배로33길", "capacity": null}}, {"type": "Feature", "geometry": {"type": "Point", "coordinates": [126.986944, 37.585356]}, "properties": {"shelter_id": "OBJ021111000000026", "name": "중앙고등학교 운동장", "sido": "서울특별시", "sigungu": "종로구", "emd": "계동", "road_name": "창덕궁길", "capacity": null}}, {"type": "Feature", "geometry": {"type": "Point", "coordinates": [126.987857, 37.580965]}, "properties": {"shelter_id": "OBJ021111000000027", "name": "대동세무고등학교 운동장", "sido": "서울특별시", "sigungu": "종로구", "emd": "계동", "road_name": "창덕궁1가길", "capacity": null}}, {"type": "Feature", "geometry": {"type": "Point", "coordinates": [126.988419, 37.57657]}, "properties": {"shelter_id": "OBJ021111000000030", "name": "운현초등학교 운동장", "sido": "서울특별시", "sigungu": "종로구", "emd": "운니동", "road_name": "삼일대로", "capacity": null}}, {"type": "Feature", "geometry": {"type": "Point", "coordinates": [126.988299, 37.57113]}, "properties": {"shelter_id": "OBJ021111000000031", "name": "탑골공원", "sido": "서울특별시", "sigungu": "종로구", "emd": "종로2가", "road_name": "종로17길", "capacity": null}}, {"type": "Feature", "geometry": {"type": "Point", "coordinates": [127.003404, 37.577426]}, "properties": {"shelter_id": "OBJ021111000000035", "name": "서울사대부설여자중학교 운동장", "sido": "서울특별시", "sigungu": "종로구", "emd": "이화동", "road_name": "이화장길", "capacity": null}}, {"type": "Feature", "geometry": {"type": "Point", "coordinates": [127.002936, 37.572573]}, "properties": {"shelter_id": "OBJ021111000000036", "name": "효제초등학교 운동장", "sido": "서울특별시", "sigungu": "종로구", "emd": "효제동", "road_name": "대학로", "capacity": null}}, {"type": "Feature", "geometry": {"type": "Point", "coordinates": [127.014424, 37.581707]}, "properties": {"shelter_id": "OBJ021111000000041", "name": "명신초등학교 운동장", "sido": "서울특별시", "sigungu": "종로구", "emd": "창신동", "road_name": "낙산길", "capacity": null}}, {"type": "Feature", "geometry": {"type": "Point", "coordinates": [126.969663, 37.585543]}, "properties": {"shelter_id": "OBJ021111000000002", "name": "청운초등학교 운동장", "sido": "서울특별시", "sigungu": "종로구", "emd": "청운동", "road_name": "자하문로", "capacity": null}}, {"type": "Feature", "geometry": {"type": "Point", "coordinates": [126.970652, 37.573574]}, "properties": {"shelter_id": "OBJ021111000000010", "name": "내수1근린공원", "sido": "서울특별시", "sigungu": "종로구", "emd": "내수동", "road_name": "경희궁4길", "capacity": null}}, {"type": "Feature", "geometry": {"type": "Point", "coordinates": [126.984275, 37.589802]}, "properties": {"shelter_id": "OBJ021111000000014", "name": "삼청공원", "sido": "서울특별시", "sigungu": "종로구", "emd": "삼청동", "road_name": "삼청로", "capacity": null}}, {"type": "Feature", "geometry": {"type": "Point", "coordinates": [126.964359, 37.610078]}, "properties": {"shelter_id": "OBJ021111000000016", "name": "후창공원", "sido": "서울특별시", "sigungu": "종로구", "emd": "평창동", "road_name": "평창길", "capacity": null}}, {"type": "Feature", "geometry": {"type": "Point", "coordinates": [126.970364, 37.61277]}, "properties": {"shelter_id": "OBJ021111000000017", "name": "감나무골공원", "sido": "서울특별시", "sigungu": "종로구", "emd": "평창동", "road_name": "평창길", "capacity": null}}, {"type": "Feature", "geometry": {"type": "Point", "coordinates": [126.974625, 37.615089]}, "properties": {"shelter_id": "OBJ021111000000018", "name": "참샘골공원", "sido": "서울특별시", "sigungu": "종로구", "emd": "평창동", "road_name": "평창길", "capacity": null}}, {"type": "Feature", "geometry": {"type": "Point", "coordinates": [126.965628, 37.571221]}, "properties": {"shelter_id": "OBJ021111000000021", "name": "월암근린공원", "sido": "서울특별시", "sigungu": "종로구", "emd": "송월동", "road_name": "송월1길", "capacity": null}}, {"type": "Feature", "geometry": {"type": "Point", "coordinates": [126.998909, 37.590133]}, "properties": {"shelter_id": "OBJ021111000000032", "name": "올림픽기념국민생활관", "sido": "서울특별시", "sigungu": "종로구", "emd": "혜화동", "road_name": "성균관로", "capacity": null}}, {"type": "Feature", "geometry": {"type": "Point", "coordinates": [126.990731, 37.590709]}, "properties": {"shelter_id": "OBJ021111000000033", "name": "와룡공원", "sido": "서울특별시", "sigungu": "종로구", "emd": "명륜3가", "road_name": "와룡공원길", "capacity": null}}, {"type": "Feature", "geometry": {"type": "Point", "coordinates": [126.998095, 37.588088]}, "properties": {"shelter_id": "OBJ021111000000034", "name": "명륜공원", "sido": "서울특별시", "sigungu": "종로구", "emd": "명륜1가", "road_name": "혜화로9길", "capacity": null}}, {"type": "Feature", "geometry": {"type": "Point", "coordinates": [127.008719, 37.572317]}, "properties": {"shelter_id": "OBJ021111000000037", "name": "동대문성곽공원", "sido": "서울특별시", "sigungu": "종로구", "emd": "종로6가", "road_name": "율곡로", "capacity": null}}, {"type": "Feature", "geometry": {"type": "Point", "coordinates": [127.015082, 37.576345]}, "properties": {"shelter_id": "OBJ021111000000039", "name": "창신초등학교 운동장", "sido": "서울특별시", "sigungu": "종로구", "emd": "창신동", "road_name": "지봉로", "capacity": null}}, {"type": "Feature", "geometry": {"type": "Point", "coordinates": [126.997286, 37.565045]}, "properties": {"shelter_id": "OBJ021114000000007", "name": "덕수중학교 운동장", "sido": "서울특별시", "sigungu": "중구", "emd": "인현동2가", "road_name": "마른내로9길", "capacity": null}}, {"type": "Feature", "geometry": {"type": "Point", "coordinates": [127.01743, 37.571845]}, "properties": {"shelter_id": "OBJ021111000000045", "name": "종로산업정보학교 운동장", "sido": "서울특별시", "sigungu": "종로구", "emd": "숭인동", "road_name": "종로58길", "capacity": null}}, {"type": "Feature", "geometry": {"type": "Point", "coordinates": [127.012978, 37.578012]}, "properties": {"shelter_id": "OBJ021111000000042", "name": "창신어린이공원", "sido": "서울특별시", "sigungu": "종로구", "emd": "창신동", "road_name": "지봉로13길", "capacity": null}}, {"type": "Feature", "geometry": {"type": "Point", "coordinates": [127.012966, 37.581175]}, "properties": {"shelter_id": "OBJ021111000000043", "name": "지봉골공원", "sido": "서울특별시", "sigungu": "종로구", "emd": "창신동", "road_name": "낙산길", "capacity": null}}, {"type": "Feature", "geometry": {"type": "Point", "coordinates": [129.068515, 37.4851]}, "properties": {"shelter_id": "OBJ024217000000027", "name": "삼화초등학교운동장", "sido": "강원도", "sigungu": "동해시", "emd": "이로동", "road_name": "파수길", "capacity": null}}, {"type": "Feature", "geometry": {"type": "Point", "coordinates": [129.104082, 37.489704]}, "properties": {"shelter_id": "OBJ024217000000028", "name": "광희고등학교운동장", "sido": "강원도", "sigungu": "동해시", "emd": "동회동", "road_name": "청운로", "capacity": null}}, {"type": "Feature", "geometry": {"type": "Point", "coordinates": [129.108065, 37.517271]}, "properties": {"shelter_id": "OBJ024217000000003", "name": "천곡초등학교운동장", "sido": "강원도", "sigungu": "동해시", "emd": "천곡동", "road_name": "동굴로", "capacity": null}}, {"type": "Feature", "geometry": {"type": "Point", "coordinates": [129.103648, 37.484682]}, "properties": {"shelter_id": "OBJ024217000000012", "name": "청운초등학교운동장", "sido": "강원도", "sigungu": "동해시", "emd": "쇄운동", "road_name": "청운로", "capacity": null}}, {"type": "Feature", "geometry": {"type": "Point", "coordinates": [129.140441, 37.471901]}, "properties": {"shelter_id": "OBJ024217000000022", "name": "북평제2공원", "sido": "강원도", "sigungu": "동해시", "emd": "구호동", "road_name": "공단2로", "capacity": null}}, {"type": "Feature", "geometry": {"type": "Point", "coordinates": [129.148555, 37.484274]}, "properties": {"shelter_id": "OBJ024217000000023", "name": "북평산단제1공원", "sido": "강원도", "sigungu": "동해시", "emd": "구호동", "road_name": "공단1로", "capacity": null}}, {"type": "Feature", "geometry": {"type": "Point", "coordinates": [129.002261, 37.137047]}, "properties": {"shelter_id": "OBJ024219000000001", "name": "태택종합운동장", "sido": "강원도", "sigungu": "태백시", "emd": "문곡동", "road_name": "연화산길", "capacity": null}}, {"type": "Feature", "geometry": {"type": "Point", "coordinates": [128.583492, 38.224806]}, "properties": {"shelter_id": "OBJ024221000000001", "name": "속초고등학교운동장", "sido": "강원도", "sigungu": "속초시", "emd": "장사동", "road_name": "사진용촌길", "capacity": null}}, {"type": "Feature", "geometry": {"type": "Point", "coordinates": [129.005977, 37.102229]}, "properties": {"shelter_id": "OBJ024219000000002", "name": "장성초등학교", "sido": "강원도", "sigungu": "태백시", "emd": "장성동", "road_name": "보드미길", "capacity": null}}, {"type": "Feature", "geometry": {"type": "Point", "coordinates": [128.98941, 37.177826]}, "properties": {"shelter_id": "OBJ024219000000003", "name": "세연중학교", "sido": "강원도", "sigungu": "태백시", "emd": "황지동", "road_name": "연지로33번길", "capacity": null}}, {"type": "Feature", "geometry": {"type": "Point", "coordinates": [129.042578, 37.122316]}, "properties": {"shelter_id": "OBJ024219000000004", "name": "철암초등학교", "sido": "강원도", "sigungu": "태백시", "emd": "철암동", "road_name": "동태백로", "capacity": null}}, {"type": "Feature", "geometry": {"type": "Point", "coordinates": [128.58501, 38.206823]}, "properties": {"shelter_id": "OBJ024221000000002", "name": "속초해랑중학교운동장", "sido": "강원도", "sigungu": "속초시", "emd": "금호동", "road_name": "번영로", "capacity": null}}, {"type": "Feature", "geometry": {"type": "Point", "coordinates": [128.578495, 38.205873]}, "properties": {"shelter_id": "OBJ024221000000003", "name": "설악중학교운동장", "sido": "강원도", "sigungu": "속초시", "emd": "교동", "road_name": "교동로7길", "capacity": null}}, {"type": "Feature", "geometry": {"type": "Point", "coordinates": [127.061472, 37.578935]}, "properties": {"shelter_id": "OBJ021123000000014", "name": "전동초등학교 운동장", "sido": "서울특별시", "sigungu": "동대문구", "emd": "전농동", "road_name": "전농로16길", "capacity": null}}, {"type": "Feature", "geometry": {"type": "Point", "coordinates": [127.059733, 37.581039]}, "properties": {"shelter_id": "OBJ021123000000015", "name": "전농중학교 운동장", "sido": "서울특별시", "sigungu": "동대문구", "emd": "전농동", "road_name": "사가정로13길", "capacity": null}}, {"type": "Feature", "geometry": {"type": "Point", "coordinates": [127.052187, 37.82974]}, "properties": {"shelter_id": "OBJ024163000000030", "name": "회정초등학교 운동장", "sido": "경기도", "sigungu": "양주시", "emd": "회정동", "road_name": "평화로", "capacity": null}}, {"type": "Feature", "geometry": {"type": "Point", "coordinates": [127.050519, 37.816427]}, "properties": {"shelter_id": "OBJ024163000000031", "name": "덕계중학교 운동장", "sido": "경기도", "sigungu": "양주시", "emd": "덕계동", "road_name": "평화로1416번길", "capacity": null}}, {"type": "Feature", "geometry": {"type": "Point", "coordinates": [127.722892, 37.930095]}, "properties": {"shelter_id": "OBJ024211000000039", "name": "신동초등학교 운동장", "sido": "강원도", "sigungu": "춘천시", "emd": "신동", "road_name": "석두벌길", "capacity": null}}, {"type": "Feature", "geometry": {"type": "Point", "coordinates": [127.744308, 37.84835]}, "properties": {"shelter_id": "OBJ024211000000033", "name": "성원초등학교 운동장", "sido": "강원도", "sigungu": "춘천시", "emd": "퇴계동", "road_name": "승지골길16번길", "capacity": null}}, {"type": "Feature", "geometry": {"type": "Point", "coordinates": [127.976337, 37.308541]}, "properties": {"shelter_id": "OBJ024213000000001", "name": "관설초등학교 운동장", "sido": "강원도", "sigungu": "원주시", "emd": "관설동", "road_name": "치악로", "capacity": null}}, {"type": "Feature", "geometry": {"type": "Point", "coordinates": [127.953236, 37.324861]}, "properties": {"shelter_id": "OBJ024213000000005", "name": "구곡초등학교 운동장", "sido": "강원도", "sigungu": "원주시", "emd": "단구동", "road_name": "서원대로", "capacity": null}}, {"type": "Feature", "geometry": {"type": "Point", "coordinates": [127.959565, 37.357974]}, "properties": {"shelter_id": "OBJ024213000000010", "name": "태장중학교 운동장", "sido": "강원도", "sigungu": "원주시", "emd": "태장동", "road_name": "치악로", "capacity": null}}, {"type": "Feature", "geometry": {"type": "Point", "coordinates": [127.936524, 37.358716]}, "properties": {"shelter_id": "OBJ024213000000002", "name": "단계초등학교 운동장", "sido": "강원도", "sigungu": "원주시", "emd": "단계동", "road_name": "북원로", "capacity": null}}, {"type": "Feature", "geometry": {"type": "Point", "coordinates": [127.964054, 37.322204]}, "properties": {"shelter_id": "OBJ024213000000004", "name": "단구초등학교 운동장", "sido": "강원도", "sigungu": "원주시", "emd": "단구동", "road_name": "단구초교길", "capacity": null}}, {"type": "Feature", "geometry": {"type": "Point", "coordinates": [127.921523, 37.334843]}, "properties": {"shelter_id": "OBJ024213000000006", "name": "무실초등학교 운동장", "sido": "강원도", "sigungu": "원주시", "emd": "무실동", "road_name": "만대로", "capacity": null}}, {"type": "Feature", "geometry": {"type": "Point", "coordinates": [127.958759, 37.34734]}, "properties": {"shelter_id": "OBJ024213000000008", "name": "원주초등학교 운동장", "sido": "강원도", "sigungu": "원주시", "emd": "봉산동", "road_name": "봉산로", "capacity": null}}, {"type": "Feature", "geometry": {"type": "Point", "coordinates": [128.003695, 37.417632]}, "properties": {"shelter_id": "OBJ024213000000009", "name": "소초초등학교 운동장", "sido": "강원도", "sigungu": "원주시", "emd": "소초면", "road_name": "평장동길", "capacity": null}}, {"type": "Feature", "geometry": {"type": "Point", "coordinates": [127.951101, 37.376615]}, "properties": {"shelter_id": "OBJ024213000000011", "name": "태장초등학교 운동장", "sido": "강원도", "sigungu": "원주시", "emd": "태장동", "road_name": "현충로", "capacity": null}}, {"type": "Feature", "geometry": {"type": "Point", "coordinates": [127.947329, 37.338253]}, "properties": {"shelter_id": "OBJ024213000000015", "name": "교동초등학교 운동장", "sido": "강원도", "sigungu": "원주시", "emd": "명륜동", "road_name": "명륜로", "capacity": null}}, {"type": "Feature", "geometry": {"type": "Point", "coordinates": [127.938724, 37.297856]}, "properties": {"shelter_id": "OBJ024213000000016", "name": "서곡초등학교 운동장", "sido": "강원도", "sigungu": "원주시", "emd": "판부면", "road_name": "용수골길", "capacity": null}}, {"type": "Feature", "geometry": {"type": "Point", "coordinates": [127.038752, 37.547958]}, "properties": {"shelter_id": "OBJ021120000000035", "name": "성수중학교 운동장", "sido": "서울특별시", "sigungu": "성동구", "emd": "성수동1가", "road_name": "서울숲길", "capacity": null}}, {"type": "Feature", "geometry": {"type": "Point", "coordinates": [127.051688, 37.539229]}, "properties": {"shelter_id": "OBJ021120000000036", "name": "성원중학교 운동장", "sido": "서울특별시", "sigungu": "성동구", "emd": "성수동1가", "road_name": "성덕정9가길", "capacity": null}}, {"type": "Feature", "geometry": {"type": "Point", "coordinates": [127.058301, 37.539188]}, "properties": {"shelter_id": "OBJ021120000000037", "name": "경수중학교 운동장", "sido": "서울특별시", "sigungu": "성동구", "emd": "성수동2가", "road_name": "성수이로8길", "capacity": null}}, {"type": "Feature", "geometry": {"type": "Point", "coordinates": [127.051047, 37.540209]}, "properties": {"shelter_id": "OBJ021120000000039", "name": "성수공업고등학교 운동장", "sido": "서울특별시", "sigungu": "성동구", "emd": "성수동2가", "road_name": "뚝섬로5길", "capacity": null}}, {"type": "Feature", "geometry": {"type": "Point", "coordinates": [127.040226, 37.558114]}, "properties": {"shelter_id": "OBJ021120000000017", "name": "한양광장", "sido": "서울특별시", "sigungu": "성동구", "emd": "행당동", "road_name": "왕십리로", "capacity": null}}, {"type": "Feature", "geometry": {"type": "Point", "coordinates": [127.027054, 37.566374]}, "properties": {"shelter_id": "OBJ021120000000008", "name": "도선고등학교 운동장", "sido": "서울특별시", "sigungu": "성동구", "emd": "하왕십리동", "road_name": "마장로", "capacity": null}}, {"type": "Feature", "geometry": {"type": "Point", "coordinates": [127.03148, 37.565516]}, "properties": {"shelter_id": "OBJ021120000000009", "name": "도선어린이공원", "sido": "서울특별시", "sigungu": "성동구", "emd": "홍익동", "road_name": "무학로8길", "capacity": null}}, {"type": "Feature", "geometry": {"type": "Point", "coordinates": [127.032784, 37.567181]}, "properties": {"shelter_id": "OBJ021120000000010", "name": "성동구보건소 주차장", "sido": "서울특별시", "sigungu": "성동구", "emd": "홍익동", "road_name": "마장로", "capacity": null}}, {"type": "Feature", "geometry": {"type": "Point", "coordinates": [127.040778, 37.554078]}, "properties": {"shelter_id": "OBJ021120000000018", "name": "무지개 텃밭", "sido": "서울특별시", "sigungu": "성동구", "emd": "행당동", "road_name": "살곶이길", "capacity": null}}, {"type": "Feature", "geometry": {"type": "Point", "coordinates": [127.036331, 37.559098]}, "properties": {"shelter_id": "OBJ021120000000019", "name": "소월아트홀 광장", "sido": "서울특별시", "sigungu": "성동구", "emd": "행당동", "road_name": "고산자로10길", "capacity": null}}, {"type": "Feature", "geometry": {"type": "Point", "coordinates": [127.037237, 37.56169]}, "properties": {"shelter_id": "OBJ021120000000020", "name": "왕십리광장", "sido": "서울특별시", "sigungu": "성동구", "emd": "행당동", "road_name": "고산자로14길", "capacity": null}}, {"type": "Feature", "geometry": {"type": "Point", "coordinates": [127.034648, 37.551573]}, "properties": {"shelter_id": "OBJ021120000000022", "name": "광희중학교 운동장", "sido": "서울특별시", "sigungu": "성동구", "emd": "응봉동", "road_name": "독서당로62길", "capacity": null}}, {"type": "Feature", "geometry": {"type": "Point", "coordinates": [127.037338, 37.551829]}, "properties": {"shelter_id": "OBJ021120000000023", "name": "응봉동둔치 체육공원", "sido": "서울특별시", "sigungu": "성동구", "emd": "응봉동", "road_name": "살곶이길", "capacity": null}}, {"type": "Feature", "geometry": {"type": "Point", "coordinates": [127.018685, 37.549698]}, "properties": {"shelter_id": "OBJ021120000000025", "name": "금호근린공원", "sido": "서울특별시", "sigungu": "성동구", "emd": "금호동3가", "road_name": "금호산9길", "capacity": null}}, {"type": "Feature", "geometry": {"type": "Point", "coordinates": [127.020807, 37.543331]}, "properties": {"shelter_id": "OBJ021120000000028", "name": "달맞이공원", "sido": "서울특별시", "sigungu": "성동구", "emd": "금호동4가", "road_name": "뚝섬로", "capacity": null}}, {"type": "Feature", "geometry": {"type": "Point", "coordinates": [127.010332, 37.54628]}, "properties": {"shelter_id": "OBJ021120000000031", "name": "동호초등학교 운동장", "sido": "서울특별시", "sigungu": "성동구", "emd": "옥수동", "road_name": "동호로5길", "capacity": null}}, {"type": "Feature", "geometry": {"type": "Point", "coordinates": [127.063891, 37.544097]}, "properties": {"shelter_id": "OBJ021120000000040", "name": "성수초등학교 운동장", "sido": "서울특별시", "sigungu": "성동구", "emd": "성수동2가", "road_name": "아차산로17길", "capacity": null}}, {"type": "Feature", "geometry": {"type": "Point", "coordinates": [127.02836, 37.567486]}, "properties": {"shelter_id": "OBJ021120000000048", "name": "꽃재어린이공원", "sido": "서울특별시", "sigungu": "성동구", "emd": "하왕십리동", "road_name": "마장로", "capacity": null}}, {"type": "Feature", "geometry": {"type": "Point", "coordinates": [127.056906, 37.563267]}, "properties": {"shelter_id": "OBJ021120000000056", "name": "용답토속공원", "sido": "서울특별시", "sigungu": "성동구", "emd": "용답동", "road_name": "천호대로", "capacity": null}}, {"type": "Feature", "geometry": {"type": "Point", "coordinates": [127.026989, 37.561802]}, "properties": {"shelter_id": "OBJ021120000000011", "name": "무학봉근린공원", "sido": "서울특별시", "sigungu": "성동구", "emd": "하왕십리동", "road_name": "왕십리로31길", "capacity": null}}, {"type": "Feature", "geometry": {"type": "Point", "coordinates": [127.069298, 37.5539]}, "properties": {"shelter_id": "OBJ021120000000041", "name": "송원초등학교 운동장", "sido": "서울특별시", "sigungu": "성동구", "emd": "송정동", "road_name": "동일로43길", "capacity": null}}, {"type": "Feature", "geometry": {"type": "Point", "coordinates": [127.067089, 37.553556]}, "properties": {"shelter_id": "OBJ021120000000043", "name": "송정체육공원", "sido": "서울특별시", "sigungu": "성동구", "emd": "송정동", "road_name": "송정길", "capacity": null}}, {"type": "Feature", "geometry": {"type": "Point", "coordinates": [127.054079, 37.560261]}, "properties": {"shelter_id": "OBJ021120000000044", "name": "용답초등학교 운동장", "sido": "서울특별시", "sigungu": "성동구", "emd": "용답동", "road_name": "용답25길", "capacity": null}}, {"type": "Feature", "geometry": {"type": "Point", "coordinates": [127.06298, 37.559714]}, "properties": {"shelter_id": "OBJ021120000000045", "name": "중랑물재생센터", "sido": "서울특별시", "sigungu": "성동구", "emd": "용답동", "road_name": "자동차시장3길", "capacity": null}}, {"type": "Feature", "geometry": {"type": "Point", "coordinates": [127.011862, 37.545254]}, "properties": {"shelter_id": "OBJ021120000000047", "name": "매봉소공원", "sido": "서울특별시", "sigungu": "성동구", "emd": "옥수동", "road_name": "매봉길", "capacity": null}}, {"type": "Feature", "geometry": {"type": "Point", "coordinates": [127.035283, 37.561774]}, "properties": {"shelter_id": "OBJ021120000000049", "name": "왕십리문화공원", "sido": "서울특별시", "sigungu": "성동구", "emd": "도선동", "road_name": "고산자로", "capacity": null}}, {"type": "Feature", "geometry": {"type": "Point", "coordinates": [128.650257, 35.850413]}, "properties": {"shelter_id": "OBJ022726000000081", "name": "봉선화공원", "sido": "대구광역시", "sigungu": "수성구", "emd": "만촌동", "road_name": "교학로16길", "capacity": null}}, {"type": "Feature", "geometry": {"type": "Point", "coordinates": [128.619916, 35.857185]}, "properties": {"shelter_id": "OBJ022726000000083", "name": "새마을어린이공원", "sido": "대구광역시", "sigungu": "수성구", "emd": "수성동3가", "road_name": "들안로60길", "capacity": null}}, {"type": "Feature", "geometry": {"type": "Point", "coordinates": [128.618773, 35.85271]}, "properties": {"shelter_id": "OBJ022726000000084", "name": "수성어린이공원", "sido": "대구광역시", "sigungu": "수성구", "emd": "수성동3가", "road_name": "들안로54길", "capacity": null}}, {"type": "Feature", "geometry": {"type": "Point", "coordinates": [128.618208, 35.849202]}, "properties": {"shelter_id": "OBJ022726000000086", "name": "수목공원", "sido": "대구광역시", "sigungu": "수성구", "emd": "황금동", "road_name": "들안로40길", "capacity": null}}, {"type": "Feature", "geometry": {"type": "Point", "coordinates": [128.619106, 35.847434]}, "properties": {"shelter_id": "OBJ022726000000087", "name": "동신공원", "sido": "대구광역시", "sigungu": "수성구", "emd": "황금동", "road_name": "들안로40안길", "capacity": null}}, {"type": "Feature", "geometry": {"type": "Point", "coordinates": [128.619103, 35.845672]}, "properties": {"shelter_id": "OBJ022726000000088", "name": "황금공원", "sido": "대구광역시", "sigungu": "수성구", "emd": "황금동", "road_name": "들안로28길", "capacity": null}}, {"type": "Feature", "geometry": {"type": "Point", "coordinates": [128.618092, 35.841363]}, "properties": {"shelter_id": "OBJ022726000000089", "name": "대경공원", "sido": "대구광역시", "sigungu": "수성구", "emd": "황금동", "road_name": "청수로25길", "capacity": null}}, {"type": "Feature", "geometry": {"type": "Point", "coordinates": [128.615856, 35.850767]}, "properties": {"shelter_id": "OBJ022726000000091", "name": "무궁화공원", "sido": "대구광역시", "sigungu": "수성구", "emd": "중동", "road_name": "들안로", "capacity": null}}, {"type": "Feature", "geometry": {"type": "Point", "coordinates": [128.615467, 35.844095]}, "properties": {"shelter_id": "OBJ022726000000092", "name": "상록수공원", "sido": "대구광역시", "sigungu": "수성구", "emd": "중동", "road_name": "들안로33길", "capacity": null}}, {"type": "Feature", "geometry": {"type": "Point", "coordinates": [128.630408, 35.857023]}, "properties": {"shelter_id": "OBJ022726000000010", "name": "대구여자고등학교", "sido": "대구광역시", "sigungu": "수성구", "emd": "범어동", "road_name": "달구벌대로488길", "capacity": null}}, {"type": "Feature", "geometry": {"type": "Point", "coordinates": [128.644399, 35.872131]}, "properties": {"shelter_id": "OBJ022726000000018", "name": "동부중학교", "sido": "대구광역시", "sigungu": "수성구", "emd": "만촌동", "road_name": "화랑로32길", "capacity": null}}, {"type": "Feature", "geometry": {"type": "Point", "coordinates": [126.593879, 37.604974]}, "properties": {"shelter_id": "OBJ024157000000050", "name": "수원촌공원", "sido": "경기도", "sigungu": "김포시", "emd": "양촌읍", "road_name": "삼도공단로", "capacity": null}}, {"type": "Feature", "geometry": {"type": "Point", "coordinates": [126.732862, 37.214322]}, "properties": {"shelter_id": "OBJ024159000000025", "name": "송산초등학교 운동장", "sido": "경기도", "sigungu": "화성시", "emd": "송산면", "road_name": "사강시장길", "capacity": null}}, {"type": "Feature", "geometry": {"type": "Point", "coordinates": [128.584905, 35.895419]}, "properties": {"shelter_id": "OBJ022723000000056", "name": "침산공원 야외공연장", "sido": "대구광역시", "sigungu": "북구", "emd": "침산동", "road_name": "침산남로9길", "capacity": null}}, {"type": "Feature", "geometry": {"type": "Point", "coordinates": [128.510173, 35.900871]}, "properties": {"shelter_id": "OBJ022723000000059", "name": "사수어린이공원", "sido": "대구광역시", "sigungu": "북구", "emd": "사수동", "road_name": "내곡로", "capacity": null}}, {"type": "Feature", "geometry": {"type": "Point", "coordinates": [128.520321, 35.895806]}, "properties": {"shelter_id": "OBJ022723000000060", "name": "금호(근린)공원", "sido": "대구광역시", "sigungu": "북구", "emd": "금호동", "road_name": "한강로", "capacity": null}}, {"type": "Feature", "geometry": {"type": "Point", "coordinates": [128.639684, 35.871277]}, "properties": {"shelter_id": "OBJ022726000000002", "name": "화랑공원", "sido": "대구광역시", "sigungu": "수성구", "emd": "만촌동", "road_name": "만촌로", "capacity": null}}, {"type": "Feature", "geometry": {"type": "Point", "coordinates": [128.627492, 35.849123]}, "properties": {"shelter_id": "OBJ022726000000008", "name": "동산초등학교", "sido": "대구광역시", "sigungu": "수성구", "emd": "범어동", "road_name": "동대구로42길", "capacity": null}}, {"type": "Feature", "geometry": {"type": "Point", "coordinates": [128.62418, 35.856586]}, "properties": {"shelter_id": "OBJ022726000000009", "name": "동도초등학교", "sido": "대구광역시", "sigungu": "수성구", "emd": "범어동", "road_name": "동대구로59길", "capacity": null}}, {"type": "Feature", "geometry": {"type": "Point", "coordinates": [128.633001, 35.860154]}, "properties": {"shelter_id": "OBJ022726000000011", "name": "범어초등학교", "sido": "대구광역시", "sigungu": "수성구", "emd": "범어동", "road_name": "달구벌대로489길", "capacity": null}}, {"type": "Feature", "geometry": {"type": "Point", "coordinates": [128.625165, 35.865325]}, "properties": {"shelter_id": "OBJ022726000000012", "name": "동천초등학교", "sido": "대구광역시", "sigungu": "수성구", "emd": "범어동", "road_name": "상록로16길", "capacity": null}}, {"type": "Feature", "geometry": {"type": "Point", "coordinates": [128.639308, 35.852654]}, "properties": {"shelter_id": "OBJ022726000000013", "name": "경동초등학교", "sido": "대구광역시", "sigungu": "수성구", "emd": "범어동", "road_name": "청호로76길", "capacity": null}}, {"type": "Feature", "geometry": {"type": "Point", "coordinates": [128.620384, 35.868188]}, "properties": {"shelter_id": "OBJ022714000000049", "name": "청구고등학교(운동장)", "sido": "대구광역시", "sigungu": "동구", "emd": "신천동", "road_name": "국채보상로", "capacity": null}}, {"type": "Feature", "geometry": {"type": "Point", "coordinates": [128.611001, 35.99417]}, "properties": {"shelter_id": "OBJ022714000000051", "name": "달구벌고등학교(운동장)", "sido": "대구광역시", "sigungu": "동구", "emd": "덕곡동", "road_name": "팔공산로2길", "capacity": null}}, {"type": "Feature", "geometry": {"type": "Point", "coordinates": [128.631851, 35.890505]}, "properties": {"shelter_id": "OBJ022714000000052", "name": "대구관광고등학교(운동장)", "sido": "대구광역시", "sigungu": "동구", "emd": "신암동", "road_name": "동북로71길", "capacity": null}}, {"type": "Feature", "geometry": {"type": "Point", "coordinates": [128.612035, 35.995769]}, "properties": {"shelter_id": "OBJ022714000000053", "name": "대구선명학교(운동장)", "sido": "대구광역시", "sigungu": "동구", "emd": "덕곡동", "road_name": "팔공산로", "capacity": null}}, {"type": "Feature", "geometry": {"type": "Point", "coordinates": [128.753513, 35.87648]}, "properties": {"shelter_id": "OBJ022714000000014", "name": "숙천초등학교(운동장)", "sido": "대구광역시", "sigungu": "동구", "emd": "사복동", "road_name": "숙천로", "capacity": null}}, {"type": "Feature", "geometry": {"type": "Point", "coordinates": [128.719057, 35.865681]}, "properties": {"shelter_id": "OBJ022714000000066", "name": "동호근린공원", "sido": "대구광역시", "sigungu": "동구", "emd": "동호동", "road_name": "안심로", "capacity": null}}, {"type": "Feature", "geometry": {"type": "Point", "coordinates": [128.65848, 35.882059]}, "properties": {"shelter_id": "OBJ022714000000055", "name": "동촌초등학교(운동장)", "sido": "대구광역시", "sigungu": "동구", "emd": "방촌동", "road_name": "동촌로", "capacity": null}}, {"type": "Feature", "geometry": {"type": "Point", "coordinates": [128.637277, 35.925482]}, "properties": {"shelter_id": "OBJ022714000000056", "name": "봉무초등학교(운동장)", "sido": "대구광역시", "sigungu": "동구", "emd": "봉무동", "road_name": "팔공로53길", "capacity": null}}, {"type": "Feature", "geometry": {"type": "Point", "coordinates": [126.829718, 37.832191]}, "properties": {"shelter_id": "OBJ024148000000006", "name": "세경고등학교 운동장", "sido": "경기도", "sigungu": "파주시", "emd": "파주읍", "road_name": "술이홀로", "capacity": null}}, {"type": "Feature", "geometry": {"type": "Point", "coordinates": [126.837663, 37.941068]}, "properties": {"shelter_id": "OBJ024148000000007", "name": "장파초등학교 운동장", "sido": "경기도", "sigungu": "파주시", "emd": "파평면", "road_name": "장마루5길", "capacity": null}}, {"type": "Feature", "geometry": {"type": "Point", "coordinates": [126.837783, 37.903311]}, "properties": {"shelter_id": "OBJ024148000000008", "name": "파평초등학교 운동장", "sido": "경기도", "sigungu": "파주시", "emd": "파평면", "road_name": "파평산로478번길", "capacity": null}}, {"type": "Feature", "geometry": {"type": "Point", "coordinates": [126.783367, 37.860391]}, "properties": {"shelter_id": "OBJ024148000000010", "name": "문산초등학교 운동장", "sido": "경기도", "sigungu": "파주시", "emd": "문산읍", "road_name": "문향로75번길", "capacity": null}}, {"type": "Feature", "geometry": {"type": "Point", "coordinates": [126.798318, 37.865303]}, "properties": {"shelter_id": "OBJ024148000000011", "name": "문산동초등학교 운동장", "sido": "경기도", "sigungu": "파주시", "emd": "문산읍", "road_name": "선유울3길", "capacity": null}}, {"type": "Feature", "geometry": {"type": "Point", "coordinates": [126.785077, 37.854391]}, "properties": {"shelter_id": "OBJ024148000000012", "name": "임진초등학교 운동장", "sido": "경기도", "sigungu": "파주시", "emd": "문산읍", "road_name": "문향로17번길", "capacity": null}}, {"type": "Feature", "geometry": {"type": "Point", "coordinates": [126.878319, 37.84927]}, "properties": {"shelter_id": "OBJ024148000000019", "name": "천현초등학교 운동장", "sido": "경기도", "sigungu": "파주시", "emd": "법원읍", "road_name": "사임당로", "capacity": null}}, {"type": "Feature", "geometry": {"type": "Point", "coordinates": [126.786318, 37.86536]}, "properties": {"shelter_id": "OBJ024148000000013", "name": "자유초등학교 운동장", "sido": "경기도", "sigungu": "파주시", "emd": "문산읍", "road_name": "방촌로", "capacity": null}}, {"type": "Feature", "geometry": {"type": "Point", "coordinates": [126.782025, 37.86043]}, "properties": {"shelter_id": "OBJ024148000000015", "name": "문산동중학교 운동장", "sido": "경기도", "sigungu": "파주시", "emd": "문산읍", "road_name": "봉미로31번길", "capacity": null}}, {"type": "Feature", "geometry": {"type": "Point", "coordinates": [126.781439, 37.859611]}, "properties": {"shelter_id": "OBJ024148000000016", "name": "파주고등학교 운동장", "sido": "경기도", "sigungu": "파주시", "emd": "문산읍", "road_name": "독산로31번길", "capacity": null}}, {"type": "Feature", "geometry": {"type": "Point", "coordinates": [126.807113, 37.744672]}, "properties": {"shelter_id": "OBJ024148000000017", "name": "봉일천초등학교 운동장", "sido": "경기도", "sigungu": "파주시", "emd": "조리읍", "road_name": "봉천로", "capacity": null}}, {"type": "Feature", "geometry": {"type": "Point", "coordinates": [126.895653, 37.913888]}, "properties": {"shelter_id": "OBJ024148000000018", "name": "웅담초등학교 운동장", "sido": "경기도", "sigungu": "파주시", "emd": "법원읍", "road_name": "수작골길", "capacity": null}}, {"type": "Feature", "geometry": {"type": "Point", "coordinates": [126.874899, 37.881849]}, "properties": {"shelter_id": "OBJ024148000000021", "name": "새얼학교 운동장", "sido": "경기도", "sigungu": "파주시", "emd": "법원읍", "road_name": "술이홀로1333번길", "capacity": null}}, {"type": "Feature", "geometry": {"type": "Point", "coordinates": [126.732825, 37.825261]}, "properties": {"shelter_id": "OBJ024148000000024", "name": "삼성초등학교 운동장", "sido": "경기도", "sigungu": "파주시", "emd": "탄현면", "road_name": "방촌로", "capacity": null}}, {"type": "Feature", "geometry": {"type": "Point", "coordinates": [126.868674, 37.852221]}, "properties": {"shelter_id": "OBJ024148000000020", "name": "법원여자중학교 운동장", "sido": "경기도", "sigungu": "파주시", "emd": "법원읍", "road_name": "자운서원로", "capacity": null}}, {"type": "Feature", "geometry": {"type": "Point", "coordinates": [126.858336, 37.757023]}, "properties": {"shelter_id": "OBJ024148000000022", "name": "한민고등학교 운동장", "sido": "경기도", "sigungu": "파주시", "emd": "광탄면", "road_name": "혜음로", "capacity": null}}, {"type": "Feature", "geometry": {"type": "Point", "coordinates": [128.557975, 35.93432]}, "properties": {"shelter_id": "OBJ022723000000045", "name": "함지초등학교 운동장", "sido": "대구광역시", "sigungu": "북구", "emd": "동천동", "road_name": "팔거천동로24길", "capacity": null}}, {"type": "Feature", "geometry": {"type": "Point", "coordinates": [128.546744, 35.940712]}, "properties": {"shelter_id": "OBJ022723000000043", "name": "관음중학교 운동장", "sido": "대구광역시", "sigungu": "북구", "emd": "관음동", "road_name": "관음동로", "capacity": null}}, {"type": "Feature", "geometry": {"type": "Point", "coordinates": [128.545716, 35.908147]}, "properties": {"shelter_id": "OBJ022723000000049", "name": "관문초등학교 운동장", "sido": "대구광역시", "sigungu": "북구", "emd": "매천동", "road_name": "매전로", "capacity": null}}, {"type": "Feature", "geometry": {"type": "Point", "coordinates": [128.594746, 35.920462]}, "properties": {"shelter_id": "OBJ022723000000051", "name": "서변초등학교 운동장", "sido": "대구광역시", "sigungu": "북구", "emd": "서변동", "road_name": "서변로9길", "capacity": null}}, {"type": "Feature", "geometry": {"type": "Point", "coordinates": [128.577218, 35.909342]}, "properties": {"shelter_id": "OBJ022723000000054", "name": "대구서변초등학교 조야분교장", "sido": "대구광역시", "sigungu": "북구", "emd": "조야동", "road_name": "조야로", "capacity": null}}, {"type": "Feature", "geometry": {"type": "Point", "coordinates": [128.545134, 35.935874]}, "properties": {"shelter_id": "OBJ022723000000055", "name": "관음공원운동장", "sido": "대구광역시", "sigungu": "북구", "emd": "관음동", "road_name": "구암로", "capacity": null}}, {"type": "Feature", "geometry": {"type": "Point", "coordinates": [128.549412, 35.944482]}, "properties": {"shelter_id": "OBJ022723000000012", "name": "교동초등학교 운동장", "sido": "대구광역시", "sigungu": "북구", "emd": "읍내동", "road_name": "관음중앙로34길", "capacity": null}}, {"type": "Feature", "geometry": {"type": "Point", "coordinates": [128.54927, 35.94373]}, "properties": {"shelter_id": "OBJ022723000000013", "name": "교동중학교 운동장", "sido": "대구광역시", "sigungu": "북구", "emd": "읍내동", "road_name": "관음중앙로32길", "capacity": null}}, {"type": "Feature", "geometry": {"type": "Point", "coordinates": [128.639675, 35.848784]}, "properties": {"shelter_id": "OBJ022726000000014", "name": "동도중학교", "sido": "대구광역시", "sigungu": "수성구", "emd": "범어동", "road_name": "청호로", "capacity": null}}, {"type": "Feature", "geometry": {"type": "Point", "coordinates": [128.637517, 35.854958]}, "properties": {"shelter_id": "OBJ022726000000015", "name": "경신중.고등학교", "sido": "대구광역시", "sigungu": "수성구", "emd": "범어동", "road_name": "범어로16길", "capacity": null}}, {"type": "Feature", "geometry": {"type": "Point", "coordinates": [128.641013, 35.849382]}, "properties": {"shelter_id": "OBJ022726000000016", "name": "정화중.여자고등학교", "sido": "대구광역시", "sigungu": "수성구", "emd": "범어동", "road_name": "청호로84길", "capacity": null}}, {"type": "Feature", "geometry": {"type": "Point", "coordinates": [128.640877, 35.869827]}, "properties": {"shelter_id": "OBJ022726000000017", "name": "중앙초등학교", "sido": "대구광역시", "sigungu": "수성구", "emd": "만촌동", "road_name": "만촌로", "capacity": null}}, {"type": "Feature", "geometry": {"type": "Point", "coordinates": [128.650735, 35.875212]}, "properties": {"shelter_id": "OBJ022726000000019", "name": "동원중학교", "sido": "대구광역시", "sigungu": "수성구", "emd": "만촌동", "road_name": "효행로2길", "capacity": null}}, {"type": "Feature", "geometry": {"type": "Point", "coordinates": [128.647044, 35.854345]}, "properties": {"shelter_id": "OBJ022726000000029", "name": "수성대학교", "sido": "대구광역시", "sigungu": "수성구", "emd": "만촌동", "road_name": "달구벌대로528길", "capacity": null}}, {"type": "Feature", "geometry": {"type": "Point", "coordinates": [128.609249, 35.857677]}, "properties": {"shelter_id": "OBJ022726000000031", "name": "신명여자중학교.남산고등학교", "sido": "대구광역시", "sigungu": "수성구", "emd": "수성동1가", "road_name": "신천동로", "capacity": null}}, {"type": "Feature", "geometry": {"type": "Point", "coordinates": [128.618189, 35.843313]}, "properties": {"shelter_id": "OBJ022726000000037", "name": "황금초등학교", "sido": "대구광역시", "sigungu": "수성구", "emd": "황금동", "road_name": "들안로28길", "capacity": null}}, {"type": "Feature", "geometry": {"type": "Point", "coordinates": [128.651116, 35.876647]}, "properties": {"shelter_id": "OBJ022726000000020", "name": "동문고등학교", "sido": "대구광역시", "sigungu": "수성구", "emd": "만촌동", "road_name": "효행로", "capacity": null}}, {"type": "Feature", "geometry": {"type": "Point", "coordinates": [128.639583, 35.865314]}, "properties": {"shelter_id": "OBJ022726000000021", "name": "동원초등학교", "sido": "대구광역시", "sigungu": "수성구", "emd": "만촌동", "road_name": "동원로", "capacity": null}}, {"type": "Feature", "geometry": {"type": "Point", "coordinates": [128.629956, 35.890575]}, "properties": {"shelter_id": "OBJ022714000000059", "name": "신성초등학교(운동장)", "sido": "대구광역시", "sigungu": "동구", "emd": "신암동", "road_name": "동북로71길", "capacity": null}}, {"type": "Feature", "geometry": {"type": "Point", "coordinates": [128.646136, 35.919388]}, "properties": {"shelter_id": "OBJ022714000000060", "name": "영신고등학교(운동장)", "sido": "대구광역시", "sigungu": "동구", "emd": "봉무동", "road_name": "팔공로50길", "capacity": null}}, {"type": "Feature", "geometry": {"type": "Point", "coordinates": [128.644139, 35.891297]}, "properties": {"shelter_id": "OBJ022714000000062", "name": "입석중학교(운동장)", "sido": "대구광역시", "sigungu": "동구", "emd": "입석동", "road_name": "동촌로", "capacity": null}}, {"type": "Feature", "geometry": {"type": "Point", "coordinates": [128.643043, 35.917647]}, "properties": {"shelter_id": "OBJ022714000000063", "name": "해서초등학교(운동장)", "sido": "대구광역시", "sigungu": "동구", "emd": "봉무동", "road_name": "팔공로", "capacity": null}}, {"type": "Feature", "geometry": {"type": "Point", "coordinates": [128.648568, 35.883808]}, "properties": {"shelter_id": "OBJ022714000000065", "name": "동촌유원지", "sido": "대구광역시", "sigungu": "동구", "emd": "효목동", "road_name": "효동로6길", "capacity": null}}, {"type": "Feature", "geometry": {"type": "Point", "coordinates": [128.681173, 35.867122]}, "properties": {"shelter_id": "OBJ022714000000092", "name": "안심체육공원", "sido": "대구광역시", "sigungu": "동구", "emd": "율하동", "road_name": "금호강변로", "capacity": null}}, {"type": "Feature", "geometry": {"type": "Point", "coordinates": [128.728274, 35.866661]}, "properties": {"shelter_id": "OBJ022714000000067", "name": "신서근린공원", "sido": "대구광역시", "sigungu": "동구", "emd": "신서동", "road_name": "금강로", "capacity": null}}, {"type": "Feature", "geometry": {"type": "Point", "coordinates": [128.739492, 35.884131]}, "properties": {"shelter_id": "OBJ022714000000073", "name": "동호유적근린공원", "sido": "대구광역시", "sigungu": "동구", "emd": "동내동", "road_name": "첨복로", "capacity": null}}, {"type": "Feature", "geometry": {"type": "Point", "coordinates": [128.690315, 35.867459]}, "properties": {"shelter_id": "OBJ022714000000068", "name": "율하근린공원", "sido": "대구광역시", "sigungu": "동구", "emd": "율하동", "road_name": "금호강변로3길", "capacity": null}}, {"type": "Feature", "geometry": {"type": "Point", "coordinates": [128.634418, 35.883003]}, "properties": {"shelter_id": "OBJ022714000000070", "name": "대구선아양공원", "sido": "대구광역시", "sigungu": "동구", "emd": "신암동", "road_name": "신암남로24길", "capacity": null}}, {"type": "Feature", "geometry": {"type": "Point", "coordinates": [128.706165, 35.891141]}, "properties": {"shelter_id": "OBJ022714000000071", "name": "송호지근린공원", "sido": "대구광역시", "sigungu": "동구", "emd": "상매동", "road_name": "율암로", "capacity": null}}, {"type": "Feature", "geometry": {"type": "Point", "coordinates": [128.716278, 35.88403]}, "properties": {"shelter_id": "OBJ022714000000072", "name": "새론근린공원", "sido": "대구광역시", "sigungu": "동구", "emd": "각산동", "road_name": "과학로", "capacity": null}}, {"type": "Feature", "geometry": {"type": "Point", "coordinates": [128.695869, 35.862415]}, "properties": {"shelter_id": "OBJ022714000000069", "name": "반계근린공원", "sido": "대구광역시", "sigungu": "동구", "emd": "율하동", "road_name": "금호강변로", "capacity": null}}, {"type": "Feature", "geometry": {"type": "Point", "coordinates": [128.672369, 35.876822]}, "properties": {"shelter_id": "OBJ022714000000021", "name": "용호초등학교(운동장)", "sido": "대구광역시", "sigungu": "동구", "emd": "방촌동", "road_name": "동촌로56길", "capacity": null}}, {"type": "Feature", "geometry": {"type": "Point", "coordinates": [128.720883, 35.865033]}, "properties": {"shelter_id": "OBJ022714000000022", "name": "동호초등학교(운동장)", "sido": "대구광역시", "sigungu": "동구", "emd": "동호동", "road_name": "동호로", "capacity": null}}, {"type": "Feature", "geometry": {"type": "Point", "coordinates": [126.716815, 37.771512]}, "properties": {"shelter_id": "OBJ024148000000023", "name": "갈현초등학교 운동장", "sido": "경기도", "sigungu": "파주시", "emd": "탄현면", "road_name": "장릉로", "capacity": null}}, {"type": "Feature", "geometry": {"type": "Point", "coordinates": [126.747085, 37.753522]}, "properties": {"shelter_id": "OBJ024148000000028", "name": "교하초등학교 운동장", "sido": "경기도", "sigungu": "파주시", "emd": "교하동", "road_name": "동편길", "capacity": null}}, {"type": "Feature", "geometry": {"type": "Point", "coordinates": [126.704314, 37.774523]}, "properties": {"shelter_id": "OBJ024148000000025", "name": "통일초등학교 운동장", "sido": "경기도", "sigungu": "파주시", "emd": "탄현면", "road_name": "사슴벌레로", "capacity": null}}, {"type": "Feature", "geometry": {"type": "Point", "coordinates": [126.786882, 37.774967]}, "properties": {"shelter_id": "OBJ024148000000026", "name": "파주광일중학교 운동장", "sido": "경기도", "sigungu": "파주시", "emd": "월롱면", "road_name": "함영골길", "capacity": null}}, {"type": "Feature", "geometry": {"type": "Point", "coordinates": [126.885799, 37.944856]}, "properties": {"shelter_id": "OBJ024148000000027", "name": "삼광중학교 운동장", "sido": "경기도", "sigungu": "파주시", "emd": "적성면", "road_name": "청송로", "capacity": null}}, {"type": "Feature", "geometry": {"type": "Point", "coordinates": [126.740302, 37.717037]}, "properties": {"shelter_id": "OBJ024148000000034", "name": "동패초등학교 운동장", "sido": "경기도", "sigungu": "파주시", "emd": "동패동", "road_name": "교하로", "capacity": null}}, {"type": "Feature", "geometry": {"type": "Point", "coordinates": [126.741025, 37.70915]}, "properties": {"shelter_id": "OBJ024148000000035", "name": "운광초등학교 운동장", "sido": "경기도", "sigungu": "파주시", "emd": "동패동", "road_name": "한울로", "capacity": null}}, {"type": "Feature", "geometry": {"type": "Point", "coordinates": [126.712227, 37.71971]}, "properties": {"shelter_id": "OBJ024148000000031", "name": "두일중학교 운동장", "sido": "경기도", "sigungu": "파주시", "emd": "동패동", "road_name": "책향기숲길", "capacity": null}}, {"type": "Feature", "geometry": {"type": "Point", "coordinates": [126.707028, 37.725778]}, "properties": {"shelter_id": "OBJ024148000000032", "name": "문발초등학교 운동장", "sido": "경기도", "sigungu": "파주시", "emd": "문발동", "road_name": "노을빛로", "capacity": null}}, {"type": "Feature", "geometry": {"type": "Point", "coordinates": [126.747217, 37.720263]}, "properties": {"shelter_id": "OBJ024148000000033", "name": "가온초등학교 운동장", "sido": "경기도", "sigungu": "파주시", "emd": "목동동", "road_name": "가온로", "capacity": null}}, {"type": "Feature", "geometry": {"type": "Point", "coordinates": [126.738239, 37.730566]}, "properties": {"shelter_id": "OBJ024148000000036", "name": "청암초등학교 운동장", "sido": "경기도", "sigungu": "파주시", "emd": "목동동", "road_name": "가재울로", "capacity": null}}, {"type": "Feature", "geometry": {"type": "Point", "coordinates": [128.547688, 35.910662]}, "properties": {"shelter_id": "OBJ022723000000037", "name": "매천중학교 운동장", "sido": "대구광역시", "sigungu": "북구", "emd": "태전동", "road_name": "매전로", "capacity": null}}, {"type": "Feature", "geometry": {"type": "Point", "coordinates": [128.687389, 35.827636]}, "properties": {"shelter_id": "OBJ022726000000141", "name": "대구스타디움", "sido": "대구광역시", "sigungu": "수성구", "emd": "대흥동", "road_name": "유니버시아드로42길", "capacity": null}}, {"type": "Feature", "geometry": {"type": "Point", "coordinates": [128.531053, 35.829729]}, "properties": {"shelter_id": "OBJ022729000000078", "name": "사랑어린이공원", "sido": "대구광역시", "sigungu": "달서구", "emd": "월성동", "road_name": "학산로7길", "capacity": null}}, {"type": "Feature", "geometry": {"type": "Point", "coordinates": [128.692993, 35.840544]}, "properties": {"shelter_id": "OBJ022726000000129", "name": "달무리공원", "sido": "대구광역시", "sigungu": "수성구", "emd": "시지동", "road_name": "시지로", "capacity": null}}, {"type": "Feature", "geometry": {"type": "Point", "coordinates": [128.483994, 35.849108]}, "properties": {"shelter_id": "OBJ022729000000068", "name": "호산근린공원", "sido": "대구광역시", "sigungu": "달서구", "emd": "호산동", "road_name": "달서대로109안길", "capacity": null}}, {"type": "Feature", "geometry": {"type": "Point", "coordinates": [128.529908, 35.82857]}, "properties": {"shelter_id": "OBJ022729000000076", "name": "감천리어린이공원", "sido": "대구광역시", "sigungu": "달서구", "emd": "월성동", "road_name": "월성로", "capacity": null}}, {"type": "Feature", "geometry": {"type": "Point", "coordinates": [128.532341, 35.835055]}, "properties": {"shelter_id": "OBJ022729000000077", "name": "연왕어린이공원", "sido": "대구광역시", "sigungu": "달서구", "emd": "월성동", "road_name": "구마로14남길", "capacity": null}}, {"type": "Feature", "geometry": {"type": "Point", "coordinates": [128.526738, 35.831598]}, "properties": {"shelter_id": "OBJ022729000000080", "name": "학산어린이공원", "sido": "대구광역시", "sigungu": "달서구", "emd": "월성동", "road_name": "월성로", "capacity": null}}, {"type": "Feature", "geometry": {"type": "Point", "coordinates": [128.55556, 35.82624]}, "properties": {"shelter_id": "OBJ022729000000111", "name": "송지공원", "sido": "대구광역시", "sigungu": "달서구", "emd": "송현동", "road_name": "중흥로16길", "capacity": null}}, {"type": "Feature", "geometry": {"type": "Point", "coordinates": [128.553601, 35.829215]}, "properties": {"shelter_id": "OBJ022729000000112", "name": "솔밭공원", "sido": "대구광역시", "sigungu": "달서구", "emd": "송현동", "road_name": "중흥로8길", "capacity": null}}, {"type": "Feature", "geometry": {"type": "Point", "coordinates": [128.556905, 35.828897]}, "properties": {"shelter_id": "OBJ022729000000113", "name": "장관공원", "sido": "대구광역시", "sigungu": "달서구", "emd": "송현동", "road_name": "중흥로12길", "capacity": null}}, {"type": "Feature", "geometry": {"type": "Point", "coordinates": [128.552053, 35.833004]}, "properties": {"shelter_id": "OBJ022729000000114", "name": "토끼와거북이공원", "sido": "대구광역시", "sigungu": "달서구", "emd": "송현동", "road_name": "학산로50길", "capacity": null}}, {"type": "Feature", "geometry": {"type": "Point", "coordinates": [128.546558, 35.826641]}, "properties": {"shelter_id": "OBJ022729000000115", "name": "구암공원", "sido": "대구광역시", "sigungu": "달서구", "emd": "송현동", "road_name": "월배로67안길", "capacity": null}}, {"type": "Feature", "geometry": {"type": "Point", "coordinates": [128.529753, 35.806025]}, "properties": {"shelter_id": "OBJ022729000000119", "name": "아람공원", "sido": "대구광역시", "sigungu": "달서구", "emd": "도원동", "road_name": "한실로", "capacity": null}}, {"type": "Feature", "geometry": {"type": "Point", "coordinates": [128.532481, 35.804888]}, "properties": {"shelter_id": "OBJ022729000000120", "name": "별모람공원", "sido": "대구광역시", "sigungu": "달서구", "emd": "도원동", "road_name": "도원남로", "capacity": null}}, {"type": "Feature", "geometry": {"type": "Point", "coordinates": [128.54152, 35.805162]}, "properties": {"shelter_id": "OBJ022729000000123", "name": "미리샘공원", "sido": "대구광역시", "sigungu": "달서구", "emd": "도원동", "road_name": "도원남로", "capacity": null}}, {"type": "Feature", "geometry": {"type": "Point", "coordinates": [128.545544, 35.806872]}, "properties": {"shelter_id": "OBJ022729000000124", "name": "도원공원", "sido": "대구광역시", "sigungu": "달서구", "emd": "도원동", "road_name": "미리샘길", "capacity": null}}, {"type": "Feature", "geometry": {"type": "Point", "coordinates": [128.532006, 35.804125]}, "properties": {"shelter_id": "OBJ022729000000125", "name": "산새공원", "sido": "대구광역시", "sigungu": "달서구", "emd": "도원동", "road_name": "도원남로", "capacity": null}}, {"type": "Feature", "geometry": {"type": "Point", "coordinates": [128.536346, 35.802697]}, "properties": {"shelter_id": "OBJ022729000000126", "name": "둥지공원", "sido": "대구광역시", "sigungu": "달서구", "emd": "도원동", "road_name": "갈밭남로", "capacity": null}}, {"type": "Feature", "geometry": {"type": "Point", "coordinates": [128.534536, 35.833912]}, "properties": {"shelter_id": "OBJ022729000000129", "name": "한마음공원", "sido": "대구광역시", "sigungu": "달서구", "emd": "본동", "road_name": "구마로12길", "capacity": null}}, {"type": "Feature", "geometry": {"type": "Point", "coordinates": [128.539645, 35.835892]}, "properties": {"shelter_id": "OBJ022729000000130", "name": "피터팬공원", "sido": "대구광역시", "sigungu": "달서구", "emd": "본동", "road_name": "와룡로2길", "capacity": null}}, {"type": "Feature", "geometry": {"type": "Point", "coordinates": [128.553652, 35.840921]}, "properties": {"shelter_id": "OBJ022729000000134", "name": "대구해올중고등학교", "sido": "대구광역시", "sigungu": "달서구", "emd": "성당동", "road_name": "야외음악당로", "capacity": null}}, {"type": "Feature", "geometry": {"type": "Point", "coordinates": [128.572464, 35.852855]}, "properties": {"shelter_id": "OBJ022729000000135", "name": "성남초등학교 운동장", "sido": "대구광역시", "sigungu": "달서구", "emd": "두류동", "road_name": "성당로45길", "capacity": null}}, {"type": "Feature", "geometry": {"type": "Point", "coordinates": [128.540861, 35.838777]}, "properties": {"shelter_id": "OBJ022729000000140", "name": "새본리중학교 운동장", "sido": "대구광역시", "sigungu": "달서구", "emd": "본리동", "road_name": "대명천로", "capacity": null}}, {"type": "Feature", "geometry": {"type": "Point", "coordinates": [128.54615, 35.840227]}, "properties": {"shelter_id": "OBJ022729000000141", "name": "대구제일여자상업고등학교 운동장", "sido": "대구광역시", "sigungu": "달서구", "emd": "본리동", "road_name": "대명천로", "capacity": null}}, {"type": "Feature", "geometry": {"type": "Point", "coordinates": [128.552806, 37.635393]}, "properties": {"shelter_id": "OBJ024276000000007", "name": "진부고등학교 운동장", "sido": "강원도", "sigungu": "평창군", "emd": "진부면", "road_name": "솔천길", "capacity": null}}, {"type": "Feature", "geometry": {"type": "Point", "coordinates": [128.391712, 37.427742]}, "properties": {"shelter_id": "OBJ024276000000002", "name": "방림초등학교 운동장", "sido": "강원도", "sigungu": "평창군", "emd": "방림면", "road_name": "방림1길", "capacity": null}}, {"type": "Feature", "geometry": {"type": "Point", "coordinates": [128.4114, 37.59181]}, "properties": {"shelter_id": "OBJ024276000000004", "name": "장평초등학교 운동장", "sido": "강원도", "sigungu": "평창군", "emd": "용평면", "road_name": "갈정지길", "capacity": null}}, {"type": "Feature", "geometry": {"type": "Point", "coordinates": [128.711276, 37.675815]}, "properties": {"shelter_id": "OBJ024276000000006", "name": "횡계초등학교 운동장", "sido": "강원도", "sigungu": "평창군", "emd": "대관령면", "road_name": "꽃밭양지길", "capacity": null}}, {"type": "Feature", "geometry": {"type": "Point", "coordinates": [128.391364, 37.360254]}, "properties": {"shelter_id": "OBJ024276000000008", "name": "평창종합운동장", "sido": "강원도", "sigungu": "평창군", "emd": "평창읍", "road_name": "종부로", "capacity": null}}, {"type": "Feature", "geometry": {"type": "Point", "coordinates": [128.676724, 37.375879]}, "properties": {"shelter_id": "OBJ024277000000002", "name": "정선종합경기장", "sido": "강원도", "sigungu": "정선군", "emd": "정선읍", "road_name": "애산로", "capacity": null}}, {"type": "Feature", "geometry": {"type": "Point", "coordinates": [128.666072, 37.377232]}, "properties": {"shelter_id": "OBJ024277000000001", "name": "정선공설운동장", "sido": "강원도", "sigungu": "정선군", "emd": "정선읍", "road_name": "봉양1길", "capacity": null}}, {"type": "Feature", "geometry": {"type": "Point", "coordinates": [127.209489, 38.202207]}, "properties": {"shelter_id": "OBJ024278000000002", "name": "국궁장", "sido": "강원도", "sigungu": "철원군", "emd": "동송읍", "road_name": "이평1로", "capacity": null}}, {"type": "Feature", "geometry": {"type": "Point", "coordinates": [127.412148, 38.249855]}, "properties": {"shelter_id": "OBJ024278000000003", "name": "김화생활체육공원 풋살장", "sido": "강원도", "sigungu": "철원군", "emd": "김화읍", "road_name": "청양로", "capacity": null}}, {"type": "Feature", "geometry": {"type": "Point", "coordinates": [127.300633, 38.159614]}, "properties": {"shelter_id": "OBJ024278000000005", "name": "철원종합운동장", "sido": "강원도", "sigungu": "철원군", "emd": "갈말읍", "road_name": "갈말로", "capacity": null}}, {"type": "Feature", "geometry": {"type": "Point", "coordinates": [127.303672, 38.160508]}, "properties": {"shelter_id": "OBJ024278000000001", "name": "갈말풋살경기장", "sido": "강원도", "sigungu": "철원군", "emd": "갈말읍", "road_name": "갈말로", "capacity": null}}, {"type": "Feature", "geometry": {"type": "Point", "coordinates": [127.230894, 38.185623]}, "properties": {"shelter_id": "OBJ024278000000004", "name": "오지리생활체육공원", "sido": "강원도", "sigungu": "철원군", "emd": "동송읍", "road_name": "북원로", "capacity": null}}, {"type": "Feature", "geometry": {"type": "Point", "coordinates": [127.531749, 38.120507]}, "properties": {"shelter_id": "OBJ024279000000008", "name": "실내초등학교 운동장", "sido": "강원도", "sigungu": "화천군", "emd": "사내면", "road_name": "실내길", "capacity": null}}, {"type": "Feature", "geometry": {"type": "Point", "coordinates": [127.708891, 38.105245]}, "properties": {"shelter_id": "OBJ024279000000001", "name": "화천초등학교 운동장", "sido": "강원도", "sigungu": "화천군", "emd": "화천읍", "road_name": "중앙로9길", "capacity": null}}, {"type": "Feature", "geometry": {"type": "Point", "coordinates": [127.076728, 37.7926]}, "properties": {"shelter_id": "OBJ024163000000040", "name": "나누리공원", "sido": "경기도", "sigungu": "양주시", "emd": "광사동", "road_name": "부흥로", "capacity": null}}, {"type": "Feature", "geometry": {"type": "Point", "coordinates": [127.081934, 37.785937]}, "properties": {"shelter_id": "OBJ024163000000041", "name": "나리공원", "sido": "경기도", "sigungu": "양주시", "emd": "광사동", "road_name": "광사로", "capacity": null}}, {"type": "Feature", "geometry": {"type": "Point", "coordinates": [129.109482, 37.517932]}, "properties": {"shelter_id": "OBJ024217000000005", "name": "북평여자고등학교운동장", "sido": "강원도", "sigungu": "동해시", "emd": "천곡동", "road_name": "동굴로", "capacity": null}}, {"type": "Feature", "geometry": {"type": "Point", "coordinates": [129.1091, 37.525101]}, "properties": {"shelter_id": "OBJ024217000000001", "name": "중앙초등학교운동장", "sido": "강원도", "sigungu": "동해시", "emd": "천곡동", "road_name": "천곡로", "capacity": null}}, {"type": "Feature", "geometry": {"type": "Point", "coordinates": [129.105943, 37.54388]}, "properties": {"shelter_id": "OBJ024217000000018", "name": "묵호중학교운동장", "sido": "강원도", "sigungu": "동해시", "emd": "발한동", "road_name": "향로3길", "capacity": null}}, {"type": "Feature", "geometry": {"type": "Point", "coordinates": [129.10098, 37.543459]}, "properties": {"shelter_id": "OBJ024217000000017", "name": "동호초등학교운동장", "sido": "강원도", "sigungu": "동해시", "emd": "발한동", "road_name": "발한로", "capacity": null}}, {"type": "Feature", "geometry": {"type": "Point", "coordinates": [129.097817, 37.543688]}, "properties": {"shelter_id": "OBJ024217000000016", "name": "동해중학교운동장", "sido": "강원도", "sigungu": "동해시", "emd": "발한동", "road_name": "느릅재길", "capacity": null}}, {"type": "Feature", "geometry": {"type": "Point", "coordinates": [129.12029, 37.511411]}, "properties": {"shelter_id": "OBJ024217000000007", "name": "동해초등학교운동장", "sido": "강원도", "sigungu": "동해시", "emd": "용정동", "road_name": "봉오주택길", "capacity": null}}, {"type": "Feature", "geometry": {"type": "Point", "coordinates": [129.122989, 37.494235]}, "properties": {"shelter_id": "OBJ024217000000008", "name": "송정초등학교운동장", "sido": "강원도", "sigungu": "동해시", "emd": "송정동", "road_name": "동해역길", "capacity": null}}, {"type": "Feature", "geometry": {"type": "Point", "coordinates": [129.107299, 37.490679]}, "properties": {"shelter_id": "OBJ024217000000009", "name": "북평고등학교운동장", "sido": "강원도", "sigungu": "동해시", "emd": "동회동", "road_name": "효자남길", "capacity": null}}, {"type": "Feature", "geometry": {"type": "Point", "coordinates": [127.741564, 38.146964]}, "properties": {"shelter_id": "OBJ024279000000002", "name": "풍산초등학교 운동장", "sido": "강원도", "sigungu": "화천군", "emd": "화천읍", "road_name": "평화로", "capacity": null}}, {"type": "Feature", "geometry": {"type": "Point", "coordinates": [127.791357, 38.055374]}, "properties": {"shelter_id": "OBJ024279000000003", "name": "유촌초등학교 운동장", "sido": "강원도", "sigungu": "화천군", "emd": "간동면", "road_name": "파로호로", "capacity": null}}, {"type": "Feature", "geometry": {"type": "Point", "coordinates": [128.465263, 35.862809]}, "properties": {"shelter_id": "OBJ022771000000028", "name": "왕선초등학교운동장", "sido": "대구광역시", "sigungu": "달성군", "emd": "다사읍", "road_name": "대실역북로", "capacity": null}}, {"type": "Feature", "geometry": {"type": "Point", "coordinates": [128.46787, 35.691966]}, "properties": {"shelter_id": "OBJ022771000000030", "name": "유가초등학교운동장", "sido": "대구광역시", "sigungu": "달성군", "emd": "유가읍", "road_name": "테크노대로5길", "capacity": null}}, {"type": "Feature", "geometry": {"type": "Point", "coordinates": [128.501658, 35.809886]}, "properties": {"shelter_id": "OBJ022771000000032", "name": "천내초등학교운동장", "sido": "대구광역시", "sigungu": "달성군", "emd": "화원읍", "road_name": "성천로", "capacity": null}}, {"type": "Feature", "geometry": {"type": "Point", "coordinates": [128.499101, 35.873276]}, "properties": {"shelter_id": "OBJ022771000000044", "name": "서재중학교운동장", "sido": "대구광역시", "sigungu": "달성군", "emd": "다사읍", "road_name": "서재로26길", "capacity": null}}, {"type": "Feature", "geometry": {"type": "Point", "coordinates": [128.502988, 35.809901]}, "properties": {"shelter_id": "OBJ022771000000046", "name": "천내중학교운동장", "sido": "대구광역시", "sigungu": "달성군", "emd": "화원읍", "road_name": "성천로", "capacity": null}}, {"type": "Feature", "geometry": {"type": "Point", "coordinates": [128.460116, 35.695758]}, "properties": {"shelter_id": "OBJ022771000000047", "name": "포산중학교운동장", "sido": "대구광역시", "sigungu": "달성군", "emd": "유가읍", "road_name": "테크노북로6길", "capacity": null}}, {"type": "Feature", "geometry": {"type": "Point", "coordinates": [128.509782, 35.798608]}, "properties": {"shelter_id": "OBJ022771000000048", "name": "화원중학교운동장", "sido": "대구광역시", "sigungu": "달성군", "emd": "화원읍", "road_name": "성암로", "capacity": null}}, {"type": "Feature", "geometry": {"type": "Point", "coordinates": [126.624947, 37.473932]}, "properties": {"shelter_id": "OBJ022811000000002", "name": "인성여자중학교 운동장", "sido": "인천광역시", "sigungu": "중구", "emd": "송학동2가", "road_name": "홍예문로", "capacity": null}}, {"type": "Feature", "geometry": {"type": "Point", "coordinates": [126.933141, 37.174823]}, "properties": {"shelter_id": "OBJ024159000000081", "name": "갈담초등학교 운동장", "sido": "경기도", "sigungu": "화성시", "emd": "봉담읍", "road_name": "갈담초교길", "capacity": null}}, {"type": "Feature", "geometry": {"type": "Point", "coordinates": [127.116826, 37.202613]}, "properties": {"shelter_id": "OBJ024159000000061", "name": "무봉초등학교 운동장", "sido": "경기도", "sigungu": "화성시", "emd": "청계동", "road_name": "동탄청계로", "capacity": null}}, {"type": "Feature", "geometry": {"type": "Point", "coordinates": [127.102274, 37.198784]}, "properties": {"shelter_id": "OBJ024159000000062", "name": "청계초등학교 운동장", "sido": "경기도", "sigungu": "화성시", "emd": "청계동", "road_name": "동탄대로시범길", "capacity": null}}, {"type": "Feature", "geometry": {"type": "Point", "coordinates": [127.070436, 37.190484]}, "properties": {"shelter_id": "OBJ024159000000064", "name": "반송초등학교 운동장", "sido": "경기도", "sigungu": "화성시", "emd": "반송동", "road_name": "동탄솔빛로", "capacity": null}}, {"type": "Feature", "geometry": {"type": "Point", "coordinates": [126.919321, 37.111354]}, "properties": {"shelter_id": "OBJ024159000000067", "name": "화원초등학교 운동장", "sido": "경기도", "sigungu": "화성시", "emd": "향남읍", "road_name": "하길로", "capacity": null}}, {"type": "Feature", "geometry": {"type": "Point", "coordinates": [127.119491, 37.19601]}, "properties": {"shelter_id": "OBJ024159000000068", "name": "예솔초등학교 운동장", "sido": "경기도", "sigungu": "화성시", "emd": "청계동", "road_name": "동탄순환대로22길", "capacity": null}}, {"type": "Feature", "geometry": {"type": "Point", "coordinates": [126.968211, 37.215576]}, "properties": {"shelter_id": "OBJ024159000000069", "name": "효행초등학교 운동장", "sido": "경기도", "sigungu": "화성시", "emd": "봉담읍", "road_name": "동화역말길", "capacity": null}}, {"type": "Feature", "geometry": {"type": "Point", "coordinates": [126.904323, 37.115276]}, "properties": {"shelter_id": "OBJ024159000000070", "name": "하길초등학교 운동장", "sido": "경기도", "sigungu": "화성시", "emd": "향남읍", "road_name": "상신하길로273번길", "capacity": null}}, {"type": "Feature", "geometry": {"type": "Point", "coordinates": [126.822248, 37.200197]}, "properties": {"shelter_id": "OBJ024159000000071", "name": "대양초등학교 운동장", "sido": "경기도", "sigungu": "화성시", "emd": "남양읍", "road_name": "시청로102번길", "capacity": null}}, {"type": "Feature", "geometry": {"type": "Point", "coordinates": [127.113848, 37.179834]}, "properties": {"shelter_id": "OBJ024159000000074", "name": "왕배초등학교 운동장", "sido": "경기도", "sigungu": "화성시", "emd": "목동", "road_name": "동탄산척로2길", "capacity": null}}, {"type": "Feature", "geometry": {"type": "Point", "coordinates": [128.538779, 35.844163]}, "properties": {"shelter_id": "OBJ022729000000143", "name": "본리초등학교 운동장", "sido": "대구광역시", "sigungu": "달서구", "emd": "감삼동", "road_name": "장기로38길", "capacity": null}}, {"type": "Feature", "geometry": {"type": "Point", "coordinates": [128.545297, 35.848776]}, "properties": {"shelter_id": "OBJ022729000000144", "name": "감삼초등학교 운동장", "sido": "대구광역시", "sigungu": "달서구", "emd": "감삼동", "road_name": "당산로", "capacity": null}}, {"type": "Feature", "geometry": {"type": "Point", "coordinates": [128.529136, 35.843982]}, "properties": {"shelter_id": "OBJ022729000000147", "name": "장기초등학교 운동장", "sido": "대구광역시", "sigungu": "달서구", "emd": "장기동", "road_name": "한들로", "capacity": null}}, {"type": "Feature", "geometry": {"type": "Point", "coordinates": [128.531953, 35.844294]}, "properties": {"shelter_id": "OBJ022729000000148", "name": "장동초등학교 운동장", "sido": "대구광역시", "sigungu": "달서구", "emd": "장기동", "road_name": "달구벌대로304길", "capacity": null}}, {"type": "Feature", "geometry": {"type": "Point", "coordinates": [128.529744, 35.847226]}, "properties": {"shelter_id": "OBJ022729000000149", "name": "대구전자공업고등학교 운동장", "sido": "대구광역시", "sigungu": "달서구", "emd": "장기동", "road_name": "용산로", "capacity": null}}, {"type": "Feature", "geometry": {"type": "Point", "coordinates": [128.531175, 35.860602]}, "properties": {"shelter_id": "OBJ022729000000150", "name": "용전초등학교 운동장", "sido": "대구광역시", "sigungu": "달서구", "emd": "용산동", "road_name": "용산로", "capacity": null}}, {"type": "Feature", "geometry": {"type": "Point", "coordinates": [128.532333, 35.855035]}, "properties": {"shelter_id": "OBJ022729000000151", "name": "용산초등학교 운동장", "sido": "대구광역시", "sigungu": "달서구", "emd": "용산동", "road_name": "달구벌대로301길", "capacity": null}}, {"type": "Feature", "geometry": {"type": "Point", "coordinates": [128.516065, 35.859317]}, "properties": {"shelter_id": "OBJ022729000000156", "name": "성서고등학교 운동장", "sido": "대구광역시", "sigungu": "달서구", "emd": "용산동", "road_name": "선원로", "capacity": null}}, {"type": "Feature", "geometry": {"type": "Point", "coordinates": [128.526673, 35.854426]}, "properties": {"shelter_id": "OBJ022729000000153", "name": "장산초등학교 운동장", "sido": "대구광역시", "sigungu": "달서구", "emd": "용산동", "road_name": "장산로", "capacity": null}}, {"type": "Feature", "geometry": {"type": "Point", "coordinates": [128.526639, 35.855309]}, "properties": {"shelter_id": "OBJ022729000000154", "name": "성서중학교 운동장", "sido": "대구광역시", "sigungu": "달서구", "emd": "용산동", "road_name": "용산서로", "capacity": null}}, {"type": "Feature", "geometry": {"type": "Point", "coordinates": [127.649851, 38.15744]}, "properties": {"shelter_id": "OBJ024279000000004", "name": "상승초등학교 운동장", "sido": "강원도", "sigungu": "화천군", "emd": "상서면", "road_name": "평촌길", "capacity": null}}, {"type": "Feature", "geometry": {"type": "Point", "coordinates": [129.116436, 37.497602]}, "properties": {"shelter_id": "OBJ024217000000011", "name": "북평중학교운동장", "sido": "강원도", "sigungu": "동해시", "emd": "용정동", "road_name": "용정로", "capacity": null}}, {"type": "Feature", "geometry": {"type": "Point", "coordinates": [127.535145, 38.17565]}, "properties": {"shelter_id": "OBJ024279000000005", "name": "다목초등학교 운동장", "sido": "강원도", "sigungu": "화천군", "emd": "상서면", "road_name": "다파로", "capacity": null}}, {"type": "Feature", "geometry": {"type": "Point", "coordinates": [127.520119, 38.064363]}, "properties": {"shelter_id": "OBJ024279000000006", "name": "사내 중,고등학교 운동장", "sido": "강원도", "sigungu": "화천군", "emd": "사내면", "road_name": "포화로", "capacity": null}}, {"type": "Feature", "geometry": {"type": "Point", "coordinates": [127.494651, 38.067004]}, "properties": {"shelter_id": "OBJ024279000000007", "name": "광덕초등학교 운동장", "sido": "강원도", "sigungu": "화천군", "emd": "사내면", "road_name": "포화로", "capacity": null}}, {"type": "Feature", "geometry": {"type": "Point", "coordinates": [127.666541, 38.059123]}, "properties": {"shelter_id": "OBJ024279000000010", "name": "원천초등학교 운동장", "sido": "강원도", "sigungu": "화천군", "emd": "하남면", "road_name": "원천새싹길", "capacity": null}}, {"type": "Feature", "geometry": {"type": "Point", "coordinates": [127.821948, 38.054099]}, "properties": {"shelter_id": "OBJ024279000000011", "name": "오음초등학교 운동장", "sido": "강원도", "sigungu": "화천군", "emd": "간동면", "road_name": "동림길", "capacity": null}}, {"type": "Feature", "geometry": {"type": "Point", "coordinates": [127.662335, 38.212666]}, "properties": {"shelter_id": "OBJ024279000000012", "name": "산양초등학교 운동장", "sido": "강원도", "sigungu": "화천군", "emd": "상서면", "road_name": "영서로", "capacity": null}}, {"type": "Feature", "geometry": {"type": "Point", "coordinates": [127.701777, 38.096414]}, "properties": {"shelter_id": "OBJ024279000000009", "name": "화천 생활체육공원", "sido": "강원도", "sigungu": "화천군", "emd": "하남면", "road_name": "춘화로", "capacity": null}}, {"type": "Feature", "geometry": {"type": "Point", "coordinates": [127.985188, 38.109596]}, "properties": {"shelter_id": "OBJ024280000000001", "name": "종합운동장", "sido": "강원도", "sigungu": "양구군", "emd": "양구읍", "road_name": "함춘로", "capacity": null}}, {"type": "Feature", "geometry": {"type": "Point", "coordinates": [127.98969, 38.119483]}, "properties": {"shelter_id": "OBJ024280000000002", "name": "강원외국어고등학교운동장", "sido": "강원도", "sigungu": "양구군", "emd": "양구읍", "road_name": "금강산로", "capacity": null}}, {"type": "Feature", "geometry": {"type": "Point", "coordinates": [127.987985, 38.10999]}, "properties": {"shelter_id": "OBJ024280000000005", "name": "비봉초등학교운동장", "sido": "강원도", "sigungu": "양구군", "emd": "양구읍", "road_name": "관공서로", "capacity": null}}, {"type": "Feature", "geometry": {"type": "Point", "coordinates": [127.987973, 38.116015]}, "properties": {"shelter_id": "OBJ024280000000003", "name": "초롱이테니스장", "sido": "강원도", "sigungu": "양구군", "emd": "양구읍", "road_name": "함춘로", "capacity": null}}, {"type": "Feature", "geometry": {"type": "Point", "coordinates": [127.98253, 38.105948]}, "properties": {"shelter_id": "OBJ024280000000004", "name": "양구레포츠공원풋살장", "sido": "강원도", "sigungu": "양구군", "emd": "양구읍", "road_name": "박수근로", "capacity": null}}, {"type": "Feature", "geometry": {"type": "Point", "coordinates": [128.036484, 38.109646]}, "properties": {"shelter_id": "OBJ024280000000006", "name": "남면풋살경기장", "sido": "강원도", "sigungu": "양구군", "emd": "남면", "road_name": "정중앙로", "capacity": null}}, {"type": "Feature", "geometry": {"type": "Point", "coordinates": [128.061866, 37.932724]}, "properties": {"shelter_id": "OBJ024281000000003", "name": "어론초등학교", "sido": "강원도", "sigungu": "인제군", "emd": "남면", "road_name": "설악로", "capacity": null}}, {"type": "Feature", "geometry": {"type": "Point", "coordinates": [128.083618, 37.970523]}, "properties": {"shelter_id": "OBJ024281000000004", "name": "부평초등학교", "sido": "강원도", "sigungu": "인제군", "emd": "남면", "road_name": "신남로94번길", "capacity": null}}, {"type": "Feature", "geometry": {"type": "Point", "coordinates": [127.011119, 37.559588]}, "properties": {"shelter_id": "OBJ021114000000012", "name": "장충초등학교 운동장", "sido": "서울특별시", "sigungu": "중구", "emd": "신당동", "road_name": "청구로17길", "capacity": null}}, {"type": "Feature", "geometry": {"type": "Point", "coordinates": [126.624127, 37.473575]}, "properties": {"shelter_id": "OBJ022811000000003", "name": "인성초등학교 운동장", "sido": "인천광역시", "sigungu": "중구", "emd": "송학동2가", "road_name": "신포로39번길", "capacity": null}}, {"type": "Feature", "geometry": {"type": "Point", "coordinates": [128.488767, 35.797572]}, "properties": {"shelter_id": "OBJ022771000000056", "name": "화원고등학교운동장", "sido": "대구광역시", "sigungu": "달성군", "emd": "화원읍", "road_name": "비슬로", "capacity": null}}, {"type": "Feature", "geometry": {"type": "Point", "coordinates": [128.438064, 35.863597]}, "properties": {"shelter_id": "OBJ022771000000055", "name": "다사문양마을공영주차장", "sido": "대구광역시", "sigungu": "달성군", "emd": "다사읍", "road_name": "문양역길", "capacity": null}}, {"type": "Feature", "geometry": {"type": "Point", "coordinates": [126.629201, 37.4686]}, "properties": {"shelter_id": "OBJ022811000000001", "name": "송도중학교 운동장", "sido": "인천광역시", "sigungu": "중구", "emd": "답동", "road_name": "제물량로", "capacity": null}}, {"type": "Feature", "geometry": {"type": "Point", "coordinates": [126.608111, 37.453416]}, "properties": {"shelter_id": "OBJ022811000000004", "name": "인천연안초등학교 운동장", "sido": "인천광역시", "sigungu": "중구", "emd": "항동7가", "road_name": "연안부두로33번길", "capacity": null}}, {"type": "Feature", "geometry": {"type": "Point", "coordinates": [126.634998, 37.464051]}, "properties": {"shelter_id": "OBJ022811000000006", "name": "인천신광초등학교 운동장", "sido": "인천광역시", "sigungu": "중구", "emd": "신흥동3가", "road_name": "인중로", "capacity": null}}, {"type": "Feature", "geometry": {"type": "Point", "coordinates": [126.630926, 37.453782]}, "properties": {"shelter_id": "OBJ022811000000007", "name": "신흥여자중학교 운동장", "sido": "인천광역시", "sigungu": "중구", "emd": "신흥동3가", "road_name": "인항로24번길", "capacity": null}}, {"type": "Feature", "geometry": {"type": "Point", "coordinates": [126.629993, 37.453748]}, "properties": {"shelter_id": "OBJ022811000000008", "name": "신흥중학교 운동장", "sido": "인천광역시", "sigungu": "중구", "emd": "신흥동3가", "road_name": "인항로24번길", "capacity": null}}, {"type": "Feature", "geometry": {"type": "Point", "coordinates": [126.628786, 37.470051]}, "properties": {"shelter_id": "OBJ022811000000009", "name": "인천신흥초등학교 운동장", "sido": "인천광역시", "sigungu": "중구", "emd": "답동", "road_name": "제물량로", "capacity": null}}, {"type": "Feature", "geometry": {"type": "Point", "coordinates": [126.640164, 37.467219]}, "properties": {"shelter_id": "OBJ022811000000010", "name": "광성중학교 운동장", "sido": "인천광역시", "sigungu": "중구", "emd": "도원동", "road_name": "참외전로244번길", "capacity": null}}, {"type": "Feature", "geometry": {"type": "Point", "coordinates": [126.63614, 37.471074]}, "properties": {"shelter_id": "OBJ022811000000011", "name": "인천정보산업고등학교", "sido": "인천광역시", "sigungu": "중구", "emd": "율목동", "road_name": "참외전로", "capacity": null}}, {"type": "Feature", "geometry": {"type": "Point", "coordinates": [126.62405, 37.476039]}, "properties": {"shelter_id": "OBJ022811000000013", "name": "제물포고등학교 운동장", "sido": "인천광역시", "sigungu": "중구", "emd": "전동", "road_name": "자유공원로", "capacity": null}}, {"type": "Feature", "geometry": {"type": "Point", "coordinates": [127.101422, 37.172951]}, "properties": {"shelter_id": "OBJ024159000000075", "name": "방교초등학교 운동장", "sido": "경기도", "sigungu": "화성시", "emd": "송동", "road_name": "동탄산척로1길", "capacity": null}}, {"type": "Feature", "geometry": {"type": "Point", "coordinates": [127.105841, 37.200631]}, "properties": {"shelter_id": "OBJ024159000000076", "name": "아인초등학교 운동장", "sido": "경기도", "sigungu": "화성시", "emd": "청계동", "road_name": "동탄대로시범길", "capacity": null}}, {"type": "Feature", "geometry": {"type": "Point", "coordinates": [127.114784, 37.207829]}, "properties": {"shelter_id": "OBJ024159000000077", "name": "한백초등학교 운동장", "sido": "경기도", "sigungu": "화성시", "emd": "영천동", "road_name": "동탄순환대로26길", "capacity": null}}, {"type": "Feature", "geometry": {"type": "Point", "coordinates": [127.248548, 37.3721]}, "properties": {"shelter_id": "OBJ024161000000001", "name": "매곡초등학교 운동장", "sido": "경기도", "sigungu": "광주시", "emd": "오포읍", "road_name": "양벌로", "capacity": null}}, {"type": "Feature", "geometry": {"type": "Point", "coordinates": [127.215653, 37.36068]}, "properties": {"shelter_id": "OBJ024161000000002", "name": "오포초등학교 운동장", "sido": "경기도", "sigungu": "광주시", "emd": "오포읍", "road_name": "오포안로", "capacity": null}}, {"type": "Feature", "geometry": {"type": "Point", "coordinates": [129.176624, 37.444852]}, "properties": {"shelter_id": "OBJ024223000000008", "name": "정라초등학교 운동장", "sido": "강원도", "sigungu": "삼척시", "emd": "정상동", "road_name": "정상안길", "capacity": null}}, {"type": "Feature", "geometry": {"type": "Point", "coordinates": [129.16488, 37.445831]}, "properties": {"shelter_id": "OBJ024223000000009", "name": "삼척고등학교 운동장", "sido": "강원도", "sigungu": "삼척시", "emd": "당저동", "road_name": "사대안길", "capacity": null}}, {"type": "Feature", "geometry": {"type": "Point", "coordinates": [129.082087, 37.35093]}, "properties": {"shelter_id": "OBJ024223000000010", "name": "신동초등학교 운동장", "sido": "강원도", "sigungu": "삼척시", "emd": "신기면", "road_name": "강원남부로", "capacity": null}}, {"type": "Feature", "geometry": {"type": "Point", "coordinates": [127.877966, 37.683127]}, "properties": {"shelter_id": "OBJ024272000000002", "name": "남산초등학교 운동장", "sido": "강원도", "sigungu": "홍천군", "emd": "홍천읍", "road_name": "연봉로3길", "capacity": null}}, {"type": "Feature", "geometry": {"type": "Point", "coordinates": [127.884414, 37.692459]}, "properties": {"shelter_id": "OBJ024272000000004", "name": "홍천초등학교 운동장", "sido": "강원도", "sigungu": "홍천군", "emd": "홍천읍", "road_name": "희망로4길", "capacity": null}}, {"type": "Feature", "geometry": {"type": "Point", "coordinates": [127.962518, 37.755028]}, "properties": {"shelter_id": "OBJ024272000000005", "name": "화촌중학교 운동장", "sido": "강원도", "sigungu": "홍천군", "emd": "화촌면", "road_name": "삼포5길", "capacity": null}}, {"type": "Feature", "geometry": {"type": "Point", "coordinates": [128.025738, 37.871252]}, "properties": {"shelter_id": "OBJ024272000000006", "name": "두촌중학교 운동장", "sido": "강원도", "sigungu": "홍천군", "emd": "두촌면", "road_name": "증골길", "capacity": null}}, {"type": "Feature", "geometry": {"type": "Point", "coordinates": [127.913951, 37.708696]}, "properties": {"shelter_id": "OBJ024272000000003", "name": "주봉초등학교 운동장", "sido": "강원도", "sigungu": "홍천군", "emd": "홍천읍", "road_name": "두루봉1길", "capacity": null}}, {"type": "Feature", "geometry": {"type": "Point", "coordinates": [127.939258, 37.678789]}, "properties": {"shelter_id": "OBJ024272000000009", "name": "속초초등학교 운동장", "sido": "강원도", "sigungu": "홍천군", "emd": "동면", "road_name": "속초길", "capacity": null}}, {"type": "Feature", "geometry": {"type": "Point", "coordinates": [128.481799, 35.81308]}, "properties": {"shelter_id": "OBJ022771000000001", "name": "화원유원지", "sido": "대구광역시", "sigungu": "달성군", "emd": "화원읍", "road_name": "사문진로1길", "capacity": null}}, {"type": "Feature", "geometry": {"type": "Point", "coordinates": [128.477683, 35.891018]}, "properties": {"shelter_id": "OBJ022771000000004", "name": "다사축구장", "sido": "대구광역시", "sigungu": "달성군", "emd": "다사읍", "road_name": "다사로", "capacity": null}}, {"type": "Feature", "geometry": {"type": "Point", "coordinates": [128.5039, 35.797715]}, "properties": {"shelter_id": "OBJ022771000000008", "name": "인라인스케이트장", "sido": "대구광역시", "sigungu": "달성군", "emd": "화원읍", "road_name": "인흥1길", "capacity": null}}, {"type": "Feature", "geometry": {"type": "Point", "coordinates": [128.648339, 35.770653]}, "properties": {"shelter_id": "OBJ022771000000009", "name": "가창초등학교운동장", "sido": "대구광역시", "sigungu": "달성군", "emd": "가창면", "road_name": "가창로", "capacity": null}}, {"type": "Feature", "geometry": {"type": "Point", "coordinates": [128.437275, 35.780963]}, "properties": {"shelter_id": "OBJ022771000000010", "name": "강림초등학교운동장", "sido": "대구광역시", "sigungu": "달성군", "emd": "옥포읍", "road_name": "돌미로", "capacity": null}}, {"type": "Feature", "geometry": {"type": "Point", "coordinates": [128.412534, 35.659864]}, "properties": {"shelter_id": "OBJ022771000000011", "name": "구지초등학교운동장", "sido": "대구광역시", "sigungu": "달성군", "emd": "구지면", "road_name": "창리로11길", "capacity": null}}, {"type": "Feature", "geometry": {"type": "Point", "coordinates": [128.44387, 35.788366]}, "properties": {"shelter_id": "OBJ022771000000012", "name": "금계초등학교운동장", "sido": "대구광역시", "sigungu": "달성군", "emd": "옥포읍", "road_name": "교항제림길", "capacity": null}}, {"type": "Feature", "geometry": {"type": "Point", "coordinates": [128.41741, 35.878833]}, "properties": {"shelter_id": "OBJ022771000000019", "name": "동곡초등학교운동장", "sido": "대구광역시", "sigungu": "달성군", "emd": "하빈면", "road_name": "달구벌대로55길", "capacity": null}}, {"type": "Feature", "geometry": {"type": "Point", "coordinates": [128.426084, 35.773971]}, "properties": {"shelter_id": "OBJ022771000000013", "name": "금포초등학교운동장", "sido": "대구광역시", "sigungu": "달성군", "emd": "논공읍", "road_name": "금포초등길", "capacity": null}}, {"type": "Feature", "geometry": {"type": "Point", "coordinates": [126.942935, 37.119159]}, "properties": {"shelter_id": "OBJ024159000000040", "name": "향남초등학교 운동장", "sido": "경기도", "sigungu": "화성시", "emd": "향남읍", "road_name": "왜골길", "capacity": null}}, {"type": "Feature", "geometry": {"type": "Point", "coordinates": [127.013861, 37.210278]}, "properties": {"shelter_id": "OBJ024159000000041", "name": "화산초등학교 운동장", "sido": "경기도", "sigungu": "화성시", "emd": "송산동", "road_name": "화산중앙로64번길", "capacity": null}}, {"type": "Feature", "geometry": {"type": "Point", "coordinates": [126.797193, 37.108531]}, "properties": {"shelter_id": "OBJ024159000000042", "name": "화성화수초등학교 운동장", "sido": "경기도", "sigungu": "화성시", "emd": "우정읍", "road_name": "화수동길", "capacity": null}}, {"type": "Feature", "geometry": {"type": "Point", "coordinates": [126.825672, 37.178621]}, "properties": {"shelter_id": "OBJ024159000000043", "name": "활초초등학교 운동장", "sido": "경기도", "sigungu": "화성시", "emd": "남양읍", "road_name": "고향의봄길216번길", "capacity": null}}, {"type": "Feature", "geometry": {"type": "Point", "coordinates": [126.94707, 37.222626]}, "properties": {"shelter_id": "OBJ024159000000044", "name": "봉담초등학교 운동장", "sido": "경기도", "sigungu": "화성시", "emd": "봉담읍", "road_name": "진등3길", "capacity": null}}, {"type": "Feature", "geometry": {"type": "Point", "coordinates": [126.902561, 37.159462]}, "properties": {"shelter_id": "OBJ024159000000049", "name": "팔탄초등학교 운동장", "sido": "경기도", "sigungu": "화성시", "emd": "팔탄면", "road_name": "서촌길", "capacity": null}}, {"type": "Feature", "geometry": {"type": "Point", "coordinates": [126.954256, 37.235593]}, "properties": {"shelter_id": "OBJ024159000000046", "name": "수영초등학교 운동장", "sido": "경기도", "sigungu": "화성시", "emd": "봉담읍", "road_name": "수영로", "capacity": null}}, {"type": "Feature", "geometry": {"type": "Point", "coordinates": [126.962001, 37.215196]}, "properties": {"shelter_id": "OBJ024159000000047", "name": "동화초등학교 운동장", "sido": "경기도", "sigungu": "화성시", "emd": "봉담읍", "road_name": "동화역말길", "capacity": null}}, {"type": "Feature", "geometry": {"type": "Point", "coordinates": [127.064735, 37.236452]}, "properties": {"shelter_id": "OBJ024159000000048", "name": "율목초등학교 운동장", "sido": "경기도", "sigungu": "화성시", "emd": "반월동", "road_name": "영통로50번길", "capacity": null}}, {"type": "Feature", "geometry": {"type": "Point", "coordinates": [126.692565, 37.231087]}, "properties": {"shelter_id": "OBJ024159000000051", "name": "마산초등학교 운동장", "sido": "경기도", "sigungu": "화성시", "emd": "송산면", "road_name": "송산포도로", "capacity": null}}, {"type": "Feature", "geometry": {"type": "Point", "coordinates": [127.058998, 37.212854]}, "properties": {"shelter_id": "OBJ024159000000055", "name": "능동초등학교 운동장", "sido": "경기도", "sigungu": "화성시", "emd": "능동", "road_name": "동탄원천로", "capacity": null}}, {"type": "Feature", "geometry": {"type": "Point", "coordinates": [126.703358, 37.139218]}, "properties": {"shelter_id": "OBJ024159000000079", "name": "해운초등학교 운동장", "sido": "경기도", "sigungu": "화성시", "emd": "서신면", "road_name": "궁평항로", "capacity": null}}, {"type": "Feature", "geometry": {"type": "Point", "coordinates": [128.571227, 35.857512]}, "properties": {"shelter_id": "OBJ022729000000005", "name": "두류1동 놀이터", "sido": "대구광역시", "sigungu": "달서구", "emd": "두류동", "road_name": "두류남7길", "capacity": null}}, {"type": "Feature", "geometry": {"type": "Point", "coordinates": [127.071859, 37.550034]}, "properties": {"shelter_id": "OBJ021121500000016", "name": "장안초등학교 운동장", "sido": "서울특별시", "sigungu": "광진구", "emd": "군자동", "road_name": "군자로12길", "capacity": null}}, {"type": "Feature", "geometry": {"type": "Point", "coordinates": [127.102345, 37.541201]}, "properties": {"shelter_id": "OBJ021121500000025", "name": "광남고등학교 운동장", "sido": "서울특별시", "sigungu": "광진구", "emd": "광장동", "road_name": "아차산로70길", "capacity": null}}, {"type": "Feature", "geometry": {"type": "Point", "coordinates": [127.080294, 37.542697]}, "properties": {"shelter_id": "OBJ021121500000018", "name": "구의초등학교 운동장", "sido": "서울특별시", "sigungu": "광진구", "emd": "화양동", "road_name": "광나루로30길", "capacity": null}}, {"type": "Feature", "geometry": {"type": "Point", "coordinates": [127.086869, 37.542702]}, "properties": {"shelter_id": "OBJ021121500000019", "name": "동국대학교사범대학부속여자중고등학교 운동장", "sido": "서울특별시", "sigungu": "광진구", "emd": "구의동", "road_name": "자양로30길", "capacity": null}}, {"type": "Feature", "geometry": {"type": "Point", "coordinates": [127.101386, 37.548171]}, "properties": {"shelter_id": "OBJ021121500000022", "name": "광장초등학교 운동장", "sido": "서울특별시", "sigungu": "광진구", "emd": "광장동", "road_name": "광장로1길", "capacity": null}}, {"type": "Feature", "geometry": {"type": "Point", "coordinates": [127.101445, 37.546851]}, "properties": {"shelter_id": "OBJ021121500000023", "name": "광장중학교 운동장", "sido": "서울특별시", "sigungu": "광진구", "emd": "광장동", "road_name": "광장로1길", "capacity": null}}, {"type": "Feature", "geometry": {"type": "Point", "coordinates": [127.101024, 37.54077]}, "properties": {"shelter_id": "OBJ021121500000024", "name": "광남초등학교 운동장", "sido": "서울특별시", "sigungu": "광진구", "emd": "광장동", "road_name": "아차산로70길", "capacity": null}}, {"type": "Feature", "geometry": {"type": "Point", "coordinates": [127.073032, 37.552755]}, "properties": {"shelter_id": "OBJ021121500000027", "name": "세종초등학교 운동장", "sido": "서울특별시", "sigungu": "광진구", "emd": "군자동", "road_name": "군자로", "capacity": null}}, {"type": "Feature", "geometry": {"type": "Point", "coordinates": [127.079946, 37.56583]}, "properties": {"shelter_id": "OBJ021121500000031", "name": "중마초등학교 운동장", "sido": "서울특별시", "sigungu": "광진구", "emd": "중곡동", "road_name": "동일로74길", "capacity": null}}, {"type": "Feature", "geometry": {"type": "Point", "coordinates": [127.084257, 37.55791]}, "properties": {"shelter_id": "OBJ021121500000028", "name": "용마초등학교 운동장", "sido": "서울특별시", "sigungu": "광진구", "emd": "중곡동", "road_name": "천호대로117길", "capacity": null}}, {"type": "Feature", "geometry": {"type": "Point", "coordinates": [127.08906, 37.56296]}, "properties": {"shelter_id": "OBJ021121500000029", "name": "대원외국어고등학교 운동장", "sido": "서울특별시", "sigungu": "광진구", "emd": "중곡동", "road_name": "용마산로8가길", "capacity": null}}, {"type": "Feature", "geometry": {"type": "Point", "coordinates": [127.098367, 37.553531]}, "properties": {"shelter_id": "OBJ021121500000030", "name": "동의초등학교 운동장", "sido": "서울특별시", "sigungu": "광진구", "emd": "구의동", "road_name": "영화사로", "capacity": null}}, {"type": "Feature", "geometry": {"type": "Point", "coordinates": [127.082539, 37.565028]}, "properties": {"shelter_id": "OBJ021121500000032", "name": "중광초등학교 운동장", "sido": "서울특별시", "sigungu": "광진구", "emd": "중곡동", "road_name": "긴고랑로9길", "capacity": null}}, {"type": "Feature", "geometry": {"type": "Point", "coordinates": [128.541066, 35.807603]}, "properties": {"shelter_id": "OBJ022729000000118", "name": "가람공원", "sido": "대구광역시", "sigungu": "달서구", "emd": "도원동", "road_name": "한실로", "capacity": null}}, {"type": "Feature", "geometry": {"type": "Point", "coordinates": [128.533888, 35.805646]}, "properties": {"shelter_id": "OBJ022729000000121", "name": "별메공원", "sido": "대구광역시", "sigungu": "달서구", "emd": "도원동", "road_name": "도원로", "capacity": null}}, {"type": "Feature", "geometry": {"type": "Point", "coordinates": [128.537829, 35.805149]}, "properties": {"shelter_id": "OBJ022729000000122", "name": "강산공원", "sido": "대구광역시", "sigungu": "달서구", "emd": "도원동", "road_name": "도원로", "capacity": null}}, {"type": "Feature", "geometry": {"type": "Point", "coordinates": [128.548471, 35.799344]}, "properties": {"shelter_id": "OBJ022729000000127", "name": "월광수변공원", "sido": "대구광역시", "sigungu": "달서구", "emd": "도원동", "road_name": "월곡로", "capacity": null}}, {"type": "Feature", "geometry": {"type": "Point", "coordinates": [128.535137, 35.832881]}, "properties": {"shelter_id": "OBJ022729000000128", "name": "애화공원", "sido": "대구광역시", "sigungu": "달서구", "emd": "본동", "road_name": "구마로12길", "capacity": null}}, {"type": "Feature", "geometry": {"type": "Point", "coordinates": [128.548232, 35.839976]}, "properties": {"shelter_id": "OBJ022729000000131", "name": "성당중학교 운동장", "sido": "대구광역시", "sigungu": "달서구", "emd": "본리동", "road_name": "대명천로", "capacity": null}}, {"type": "Feature", "geometry": {"type": "Point", "coordinates": [128.547291, 35.840028]}, "properties": {"shelter_id": "OBJ022729000000142", "name": "성당초등학교 운동장", "sido": "대구광역시", "sigungu": "달서구", "emd": "본리동", "road_name": "대명천로", "capacity": null}}, {"type": "Feature", "geometry": {"type": "Point", "coordinates": [128.547954, 35.848221]}, "properties": {"shelter_id": "OBJ022729000000132", "name": "경화여자고등학교 운동장", "sido": "대구광역시", "sigungu": "달서구", "emd": "성당동", "road_name": "당산동2길", "capacity": null}}, {"type": "Feature", "geometry": {"type": "Point", "coordinates": [128.550682, 35.844451]}, "properties": {"shelter_id": "OBJ022729000000133", "name": "남부초등학교 운동장", "sido": "대구광역시", "sigungu": "달서구", "emd": "성당동", "road_name": "야외음악당로15길", "capacity": null}}, {"type": "Feature", "geometry": {"type": "Point", "coordinates": [128.57258, 35.860283]}, "properties": {"shelter_id": "OBJ022729000000136", "name": "내당초등학교 운동장", "sido": "대구광역시", "sigungu": "달서구", "emd": "두류동", "road_name": "두류길", "capacity": null}}, {"type": "Feature", "geometry": {"type": "Point", "coordinates": [128.573133, 35.858276]}, "properties": {"shelter_id": "OBJ022729000000137", "name": "구남중학교 운동장", "sido": "대구광역시", "sigungu": "달서구", "emd": "두류동", "road_name": "두류남길", "capacity": null}}, {"type": "Feature", "geometry": {"type": "Point", "coordinates": [127.096157, 37.827606]}, "properties": {"shelter_id": "OBJ024163000000044", "name": "율정초등학교 운동장", "sido": "경기도", "sigungu": "양주시", "emd": "옥정동", "road_name": "옥정동로", "capacity": null}}, {"type": "Feature", "geometry": {"type": "Point", "coordinates": [127.143236, 37.829463]}, "properties": {"shelter_id": "OBJ024165000000001", "name": "송우초등학교 운동장", "sido": "경기도", "sigungu": "포천시", "emd": "소흘읍", "road_name": "태봉로146번길", "capacity": null}}, {"type": "Feature", "geometry": {"type": "Point", "coordinates": [127.05726, 37.581192]}, "properties": {"shelter_id": "OBJ021123000000017", "name": "혜성여자고등학교 운동장", "sido": "서울특별시", "sigungu": "동대문구", "emd": "전농동", "road_name": "전농로20길", "capacity": null}}, {"type": "Feature", "geometry": {"type": "Point", "coordinates": [127.043417, 37.572838]}, "properties": {"shelter_id": "OBJ021123000000020", "name": "신답초등학교 운동장", "sido": "서울특별시", "sigungu": "동대문구", "emd": "답십리동", "road_name": "천호대로", "capacity": null}}, {"type": "Feature", "geometry": {"type": "Point", "coordinates": [127.044346, 37.573527]}, "properties": {"shelter_id": "OBJ021123000000021", "name": "숭인중학교 운동장", "sido": "서울특별시", "sigungu": "동대문구", "emd": "답십리동", "road_name": "황물로", "capacity": null}}, {"type": "Feature", "geometry": {"type": "Point", "coordinates": [127.064852, 37.572036]}, "properties": {"shelter_id": "OBJ021123000000024", "name": "동답초등학교 운동장", "sido": "서울특별시", "sigungu": "동대문구", "emd": "답십리동", "road_name": "답십리로60길", "capacity": null}}, {"type": "Feature", "geometry": {"type": "Point", "coordinates": [127.061202, 37.564086]}, "properties": {"shelter_id": "OBJ021123000000026", "name": "군자초등학교 운동장", "sido": "서울특별시", "sigungu": "동대문구", "emd": "장안동", "road_name": "한천로8길", "capacity": null}}, {"type": "Feature", "geometry": {"type": "Point", "coordinates": [128.532392, 35.806744]}, "properties": {"shelter_id": "OBJ022729000000196", "name": "대곡중학교  운동장", "sido": "대구광역시", "sigungu": "달서구", "emd": "도원동", "road_name": "도원남로", "capacity": null}}, {"type": "Feature", "geometry": {"type": "Point", "coordinates": [128.532576, 35.805437]}, "properties": {"shelter_id": "OBJ022729000000197", "name": "대구교대부설초등학교 운동장", "sido": "대구광역시", "sigungu": "달서구", "emd": "도원동", "road_name": "도원남로", "capacity": null}}, {"type": "Feature", "geometry": {"type": "Point", "coordinates": [128.544622, 35.806393]}, "properties": {"shelter_id": "OBJ022729000000201", "name": "도원중학교 운동장", "sido": "대구광역시", "sigungu": "달서구", "emd": "도원동", "road_name": "미리샘길", "capacity": null}}, {"type": "Feature", "geometry": {"type": "Point", "coordinates": [128.545031, 35.805579]}, "properties": {"shelter_id": "OBJ022729000000202", "name": "도원고등학교 운동장", "sido": "대구광역시", "sigungu": "달서구", "emd": "도원동", "road_name": "미리샘길", "capacity": null}}, {"type": "Feature", "geometry": {"type": "Point", "coordinates": [128.545294, 35.834427]}, "properties": {"shelter_id": "OBJ022729000000203", "name": "남송초등학교 운동장", "sido": "대구광역시", "sigungu": "달서구", "emd": "본동", "road_name": "학산로", "capacity": null}}, {"type": "Feature", "geometry": {"type": "Point", "coordinates": [128.569639, 35.855688]}, "properties": {"shelter_id": "OBJ022729000000205", "name": "두류1.2동 제1공영주차장", "sido": "대구광역시", "sigungu": "달서구", "emd": "두류동", "road_name": "두류남9길", "capacity": null}}, {"type": "Feature", "geometry": {"type": "Point", "coordinates": [128.522569, 35.812112]}, "properties": {"shelter_id": "OBJ022729000000207", "name": "진천동행정복지센터 주차장", "sido": "대구광역시", "sigungu": "달서구", "emd": "진천동", "road_name": "진천로7길", "capacity": null}}, {"type": "Feature", "geometry": {"type": "Point", "coordinates": [128.523539, 35.811836]}, "properties": {"shelter_id": "OBJ022729000000208", "name": "진천역환승주차장", "sido": "대구광역시", "sigungu": "달서구", "emd": "진천동", "road_name": "진천로7길", "capacity": null}}, {"type": "Feature", "geometry": {"type": "Point", "coordinates": [128.547528, 35.832211]}, "properties": {"shelter_id": "OBJ022729000000209", "name": "송현2동공영주차장", "sido": "대구광역시", "sigungu": "달서구", "emd": "송현동", "road_name": "월배로75길", "capacity": null}}, {"type": "Feature", "geometry": {"type": "Point", "coordinates": [128.535698, 35.835887]}, "properties": {"shelter_id": "OBJ022729000000210", "name": "본동1공영주차장", "sido": "대구광역시", "sigungu": "달서구", "emd": "본동", "road_name": "학산로19길", "capacity": null}}, {"type": "Feature", "geometry": {"type": "Point", "coordinates": [128.530092, 35.808933]}, "properties": {"shelter_id": "OBJ022729000000211", "name": "나래공원", "sido": "대구광역시", "sigungu": "달서구", "emd": "도원동", "road_name": "한실로", "capacity": null}}, {"type": "Feature", "geometry": {"type": "Point", "coordinates": [128.552407, 35.852057]}, "properties": {"shelter_id": "OBJ022729000000212", "name": "달서공원", "sido": "대구광역시", "sigungu": "달서구", "emd": "두류동", "road_name": "야외음악당로39서길", "capacity": null}}, {"type": "Feature", "geometry": {"type": "Point", "coordinates": [128.522768, 35.820106]}, "properties": {"shelter_id": "OBJ022729000000165", "name": "신월초등학교 운동장", "sido": "대구광역시", "sigungu": "달서구", "emd": "월성동", "road_name": "조암남로", "capacity": null}}, {"type": "Feature", "geometry": {"type": "Point", "coordinates": [128.522963, 35.850903]}, "properties": {"shelter_id": "OBJ022729000000152", "name": "장성초등학교 운동장", "sido": "대구광역시", "sigungu": "달서구", "emd": "장기동", "road_name": "장산로", "capacity": null}}, {"type": "Feature", "geometry": {"type": "Point", "coordinates": [128.529085, 35.83299]}, "properties": {"shelter_id": "OBJ022729000000171", "name": "대건고등학교 운동장", "sido": "대구광역시", "sigungu": "달서구", "emd": "월성동", "road_name": "학산로7안길", "capacity": null}}, {"type": "Feature", "geometry": {"type": "Point", "coordinates": [126.815429, 37.209888]}, "properties": {"shelter_id": "OBJ024159000000006", "name": "남양초등학교 운동장", "sido": "경기도", "sigungu": "화성시", "emd": "남양읍", "road_name": "남양시장로45번길", "capacity": null}}, {"type": "Feature", "geometry": {"type": "Point", "coordinates": [126.808908, 37.05136]}, "properties": {"shelter_id": "OBJ024159000000007", "name": "노진초등학교 운동장", "sido": "경기도", "sigungu": "화성시", "emd": "장안면", "road_name": "노진길", "capacity": null}}, {"type": "Feature", "geometry": {"type": "Point", "coordinates": [127.059863, 37.232726]}, "properties": {"shelter_id": "OBJ024159000000010", "name": "동학초등학교 운동장", "sido": "경기도", "sigungu": "화성시", "emd": "반월동", "road_name": "영통로61번길", "capacity": null}}, {"type": "Feature", "geometry": {"type": "Point", "coordinates": [126.773274, 37.203749]}, "properties": {"shelter_id": "OBJ024159000000011", "name": "마도초등학교 운동장", "sido": "경기도", "sigungu": "화성시", "emd": "마도면", "road_name": "석교로", "capacity": null}}, {"type": "Feature", "geometry": {"type": "Point", "coordinates": [126.928339, 37.249272]}, "properties": {"shelter_id": "OBJ024159000000012", "name": "화성매송초등학교 운동장", "sido": "경기도", "sigungu": "화성시", "emd": "매송면", "road_name": "화성로2397번길", "capacity": null}}, {"type": "Feature", "geometry": {"type": "Point", "coordinates": [127.017818, 37.576847]}, "properties": {"shelter_id": "OBJ021111000000044", "name": "숭인(근린)공원", "sido": "서울특별시", "sigungu": "종로구", "emd": "숭인동", "road_name": "동망산길", "capacity": null}}, {"type": "Feature", "geometry": {"type": "Point", "coordinates": [126.971667, 37.572398]}, "properties": {"shelter_id": "OBJ021111000000011", "name": "내수2근린공원", "sido": "서울특별시", "sigungu": "종로구", "emd": "내수동", "road_name": "경희궁4길", "capacity": null}}, {"type": "Feature", "geometry": {"type": "Point", "coordinates": [126.988639, 37.578599]}, "properties": {"shelter_id": "OBJ021111000000028", "name": "원서공원", "sido": "서울특별시", "sigungu": "종로구", "emd": "원서동", "road_name": "창덕궁길", "capacity": null}}, {"type": "Feature", "geometry": {"type": "Point", "coordinates": [127.000723, 37.575751]}, "properties": {"shelter_id": "OBJ021111000000038", "name": "연지공원", "sido": "서울특별시", "sigungu": "종로구", "emd": "연지동", "road_name": "율곡로", "capacity": null}}, {"type": "Feature", "geometry": {"type": "Point", "coordinates": [127.007008, 37.580241]}, "properties": {"shelter_id": "OBJ021111000000040", "name": "낙산공원", "sido": "서울특별시", "sigungu": "종로구", "emd": "동숭동", "road_name": "낙산4길", "capacity": null}}, {"type": "Feature", "geometry": {"type": "Point", "coordinates": [127.022486, 37.563839]}, "properties": {"shelter_id": "OBJ021114000000002", "name": "성동고등학교 운동장", "sido": "서울특별시", "sigungu": "중구", "emd": "신당동", "road_name": "퇴계로90길", "capacity": null}}, {"type": "Feature", "geometry": {"type": "Point", "coordinates": [126.970226, 37.565804]}, "properties": {"shelter_id": "OBJ021114000000003", "name": "창덕여자중학교 운동장", "sido": "서울특별시", "sigungu": "중구", "emd": "정동", "road_name": "정동길", "capacity": null}}, {"type": "Feature", "geometry": {"type": "Point", "coordinates": [126.986387, 37.560081]}, "properties": {"shelter_id": "OBJ021114000000004", "name": "남산초등학교 운동장", "sido": "서울특별시", "sigungu": "중구", "emd": "남산동2가", "road_name": "퇴계로22길", "capacity": null}}, {"type": "Feature", "geometry": {"type": "Point", "coordinates": [127.001844, 37.562254]}, "properties": {"shelter_id": "OBJ021114000000005", "name": "충무초등학교 운동장", "sido": "서울특별시", "sigungu": "중구", "emd": "장충동2가", "road_name": "동호로", "capacity": null}}, {"type": "Feature", "geometry": {"type": "Point", "coordinates": [127.004177, 37.557343]}, "properties": {"shelter_id": "OBJ021114000000006", "name": "장충단공원", "sido": "서울특별시", "sigungu": "중구", "emd": "장충동2가", "road_name": "장충단로", "capacity": null}}, {"type": "Feature", "geometry": {"type": "Point", "coordinates": [127.011674, 37.565643]}, "properties": {"shelter_id": "OBJ021114000000008", "name": "한양공업고등학교 운동장", "sido": "서울특별시", "sigungu": "중구", "emd": "신당동", "road_name": "퇴계로71길", "capacity": null}}, {"type": "Feature", "geometry": {"type": "Point", "coordinates": [128.528973, 35.816183]}, "properties": {"shelter_id": "OBJ022729000000173", "name": "월배초등학교 운동장", "sido": "대구광역시", "sigungu": "달서구", "emd": "진천동", "road_name": "월배로", "capacity": null}}, {"type": "Feature", "geometry": {"type": "Point", "coordinates": [127.060374, 37.205587]}, "properties": {"shelter_id": "OBJ024159000000026", "name": "숲속초등학교 운동장", "sido": "경기도", "sigungu": "화성시", "emd": "반송동", "road_name": "동탄공원로2길", "capacity": null}}, {"type": "Feature", "geometry": {"type": "Point", "coordinates": [128.51479, 35.858066]}, "properties": {"shelter_id": "OBJ022729000000042", "name": "이곡장미공원", "sido": "대구광역시", "sigungu": "달서구", "emd": "이곡동", "road_name": "성서동로", "capacity": null}}, {"type": "Feature", "geometry": {"type": "Point", "coordinates": [128.509567, 35.861263]}, "properties": {"shelter_id": "OBJ022729000000043", "name": "불미골공원", "sido": "대구광역시", "sigungu": "달서구", "emd": "이곡동", "road_name": "선원로33길", "capacity": null}}, {"type": "Feature", "geometry": {"type": "Point", "coordinates": [128.514028, 35.861911]}, "properties": {"shelter_id": "OBJ022729000000044", "name": "용강공원", "sido": "대구광역시", "sigungu": "달서구", "emd": "이곡동", "road_name": "선원로33길", "capacity": null}}, {"type": "Feature", "geometry": {"type": "Point", "coordinates": [128.513341, 35.859895]}, "properties": {"shelter_id": "OBJ022729000000045", "name": "꿈터공원", "sido": "대구광역시", "sigungu": "달서구", "emd": "이곡동", "road_name": "선원로37남길", "capacity": null}}, {"type": "Feature", "geometry": {"type": "Point", "coordinates": [128.508072, 35.849265]}, "properties": {"shelter_id": "OBJ022729000000047", "name": "성서공업지역 주변 완충녹지", "sido": "대구광역시", "sigungu": "달서구", "emd": "갈산동", "road_name": "성서공단북로65길", "capacity": null}}, {"type": "Feature", "geometry": {"type": "Point", "coordinates": [128.505187, 35.862339]}, "properties": {"shelter_id": "OBJ022729000000048", "name": "배실웨딩공원", "sido": "대구광역시", "sigungu": "달서구", "emd": "이곡동", "road_name": "선원로23길", "capacity": null}}, {"type": "Feature", "geometry": {"type": "Point", "coordinates": [128.501968, 35.859814]}, "properties": {"shelter_id": "OBJ022729000000049", "name": "배꽃공원", "sido": "대구광역시", "sigungu": "달서구", "emd": "이곡동", "road_name": "선원로23길", "capacity": null}}, {"type": "Feature", "geometry": {"type": "Point", "coordinates": [128.500712, 35.858265]}, "properties": {"shelter_id": "OBJ022729000000050", "name": "와룡(위)공원", "sido": "대구광역시", "sigungu": "달서구", "emd": "이곡동", "road_name": "선원로", "capacity": null}}, {"type": "Feature", "geometry": {"type": "Point", "coordinates": [128.500639, 35.856527]}, "properties": {"shelter_id": "OBJ022729000000051", "name": "와룡(아랫)공원", "sido": "대구광역시", "sigungu": "달서구", "emd": "이곡동", "road_name": "계대동문로", "capacity": null}}, {"type": "Feature", "geometry": {"type": "Point", "coordinates": [128.504418, 35.857687]}, "properties": {"shelter_id": "OBJ022729000000052", "name": "샛별공원", "sido": "대구광역시", "sigungu": "달서구", "emd": "이곡동", "road_name": "선원남로", "capacity": null}}, {"type": "Feature", "geometry": {"type": "Point", "coordinates": [128.504762, 35.857005]}, "properties": {"shelter_id": "OBJ022729000000053", "name": "햇님공원", "sido": "대구광역시", "sigungu": "달서구", "emd": "이곡동", "road_name": "선원남로", "capacity": null}}, {"type": "Feature", "geometry": {"type": "Point", "coordinates": [128.503206, 35.852716]}, "properties": {"shelter_id": "OBJ022729000000054", "name": "사령봉어린이공원", "sido": "대구광역시", "sigungu": "달서구", "emd": "이곡동", "road_name": "달구벌대로245길", "capacity": null}}, {"type": "Feature", "geometry": {"type": "Point", "coordinates": [128.504689, 35.860089]}, "properties": {"shelter_id": "OBJ022729000000055", "name": "늘푸른공원", "sido": "대구광역시", "sigungu": "달서구", "emd": "이곡동", "road_name": "선원로23남길", "capacity": null}}, {"type": "Feature", "geometry": {"type": "Point", "coordinates": [128.49928, 35.860853]}, "properties": {"shelter_id": "OBJ022729000000056", "name": "계골산공원", "sido": "대구광역시", "sigungu": "달서구", "emd": "신당동", "road_name": "선원로15길", "capacity": null}}, {"type": "Feature", "geometry": {"type": "Point", "coordinates": [128.493595, 35.857211]}, "properties": {"shelter_id": "OBJ022729000000057", "name": "돌산공원", "sido": "대구광역시", "sigungu": "달서구", "emd": "신당동", "road_name": "서당로9길", "capacity": null}}, {"type": "Feature", "geometry": {"type": "Point", "coordinates": [128.499073, 35.85824]}, "properties": {"shelter_id": "OBJ022729000000058", "name": "신당공원", "sido": "대구광역시", "sigungu": "달서구", "emd": "신당동", "road_name": "성서서로75길", "capacity": null}}, {"type": "Feature", "geometry": {"type": "Point", "coordinates": [128.496486, 35.85644]}, "properties": {"shelter_id": "OBJ022729000000059", "name": "오정공원", "sido": "대구광역시", "sigungu": "달서구", "emd": "신당동", "road_name": "계대동문로9길", "capacity": null}}, {"type": "Feature", "geometry": {"type": "Point", "coordinates": [128.493892, 35.85465]}, "properties": {"shelter_id": "OBJ022729000000060", "name": "점터공원", "sido": "대구광역시", "sigungu": "달서구", "emd": "신당동", "road_name": "서당로7길", "capacity": null}}, {"type": "Feature", "geometry": {"type": "Point", "coordinates": [128.494228, 35.852354]}, "properties": {"shelter_id": "OBJ022729000000061", "name": "갈뫼공원", "sido": "대구광역시", "sigungu": "달서구", "emd": "신당동", "road_name": "서당로3길", "capacity": null}}, {"type": "Feature", "geometry": {"type": "Point", "coordinates": [128.497083, 35.85326]}, "properties": {"shelter_id": "OBJ022729000000062", "name": "앞돌공원", "sido": "대구광역시", "sigungu": "달서구", "emd": "신당동", "road_name": "신당로", "capacity": null}}, {"type": "Feature", "geometry": {"type": "Point", "coordinates": [128.497094, 35.853943]}, "properties": {"shelter_id": "OBJ022729000000063", "name": "청록공원", "sido": "대구광역시", "sigungu": "달서구", "emd": "신당동", "road_name": "신당로", "capacity": null}}, {"type": "Feature", "geometry": {"type": "Point", "coordinates": [128.487121, 35.851339]}, "properties": {"shelter_id": "OBJ022729000000064", "name": "은하수공원", "sido": "대구광역시", "sigungu": "달서구", "emd": "호산동", "road_name": "호산동로36길", "capacity": null}}, {"type": "Feature", "geometry": {"type": "Point", "coordinates": [128.483599, 35.851588]}, "properties": {"shelter_id": "OBJ022729000000065", "name": "미리내공원", "sido": "대구광역시", "sigungu": "달서구", "emd": "호산동", "road_name": "호산동로35길", "capacity": null}}, {"type": "Feature", "geometry": {"type": "Point", "coordinates": [128.479204, 35.852408]}, "properties": {"shelter_id": "OBJ022729000000066", "name": "강창공원", "sido": "대구광역시", "sigungu": "달서구", "emd": "호산동", "road_name": "달구벌대로", "capacity": null}}, {"type": "Feature", "geometry": {"type": "Point", "coordinates": [128.488911, 35.84271]}, "properties": {"shelter_id": "OBJ022729000000067", "name": "호림공원", "sido": "대구광역시", "sigungu": "달서구", "emd": "호산동", "road_name": "성서공단로11길", "capacity": null}}, {"type": "Feature", "geometry": {"type": "Point", "coordinates": [128.532331, 35.824164]}, "properties": {"shelter_id": "OBJ022729000000070", "name": "송일어린이공원", "sido": "대구광역시", "sigungu": "달서구", "emd": "월성동", "road_name": "학산로2길", "capacity": null}}, {"type": "Feature", "geometry": {"type": "Point", "coordinates": [128.524789, 35.827764]}, "properties": {"shelter_id": "OBJ022729000000071", "name": "조암구석기공원", "sido": "대구광역시", "sigungu": "달서구", "emd": "월성동", "road_name": "월성로", "capacity": null}}, {"type": "Feature", "geometry": {"type": "Point", "coordinates": [128.51695, 35.823718]}, "properties": {"shelter_id": "OBJ022729000000072", "name": "선돌마당공원", "sido": "대구광역시", "sigungu": "달서구", "emd": "월암동", "road_name": "선돌로", "capacity": null}}, {"type": "Feature", "geometry": {"type": "Point", "coordinates": [128.526873, 35.823927]}, "properties": {"shelter_id": "OBJ022729000000073", "name": "마을마당공원", "sido": "대구광역시", "sigungu": "달서구", "emd": "월성동", "road_name": "조암로5길", "capacity": null}}, {"type": "Feature", "geometry": {"type": "Point", "coordinates": [128.51831, 35.819741]}, "properties": {"shelter_id": "OBJ022729000000074", "name": "한샘청동공원", "sido": "대구광역시", "sigungu": "달서구", "emd": "대천동", "road_name": "조암남로26길", "capacity": null}}, {"type": "Feature", "geometry": {"type": "Point", "coordinates": [128.10451, 37.504865]}, "properties": {"shelter_id": "OBJ024273000000008", "name": "정금초등학교 운동장 지진옥외대피소", "sido": "강원도", "sigungu": "횡성군", "emd": "우천면", "road_name": "하궁로", "capacity": null}}, {"type": "Feature", "geometry": {"type": "Point", "coordinates": [128.048816, 37.468274]}, "properties": {"shelter_id": "OBJ024273000000009", "name": "우천중학교 운동장 지진옥외대피소", "sido": "강원도", "sigungu": "횡성군", "emd": "우천면", "road_name": "수남로59번길", "capacity": null}}, {"type": "Feature", "geometry": {"type": "Point", "coordinates": [128.146174, 37.581239]}, "properties": {"shelter_id": "OBJ024273000000016", "name": "청일초등학교 운동장 지진옥외대피소", "sido": "강원도", "sigungu": "횡성군", "emd": "청일면", "road_name": "청정로", "capacity": null}}, {"type": "Feature", "geometry": {"type": "Point", "coordinates": [128.216391, 37.51335]}, "properties": {"shelter_id": "OBJ024273000000011", "name": "둔내초등학교 운동장 지진옥외대피소", "sido": "강원도", "sigungu": "횡성군", "emd": "둔내면", "road_name": "둔내로47번길", "capacity": null}}, {"type": "Feature", "geometry": {"type": "Point", "coordinates": [128.212947, 37.511653]}, "properties": {"shelter_id": "OBJ024273000000012", "name": "둔내고등학교 운동장 지진옥외대피소", "sido": "강원도", "sigungu": "횡성군", "emd": "둔내면", "road_name": "둔내로", "capacity": null}}, {"type": "Feature", "geometry": {"type": "Point", "coordinates": [128.171159, 37.485491]}, "properties": {"shelter_id": "OBJ024273000000013", "name": "현천고등학교 운동장 지진옥외대피소", "sido": "강원도", "sigungu": "횡성군", "emd": "둔내면", "road_name": "경강로", "capacity": null}}, {"type": "Feature", "geometry": {"type": "Point", "coordinates": [128.107945, 37.557346]}, "properties": {"shelter_id": "OBJ024273000000014", "name": "갑천초등학교 운동장 지진옥외대피소", "sido": "강원도", "sigungu": "횡성군", "emd": "갑천면", "road_name": "청정로", "capacity": null}}, {"type": "Feature", "geometry": {"type": "Point", "coordinates": [128.114457, 37.5601]}, "properties": {"shelter_id": "OBJ024273000000015", "name": "갑천고등학교 운동장 지진옥외대피소", "sido": "강원도", "sigungu": "횡성군", "emd": "갑천면", "road_name": "갑천로", "capacity": null}}, {"type": "Feature", "geometry": {"type": "Point", "coordinates": [128.147124, 37.581985]}, "properties": {"shelter_id": "OBJ024273000000017", "name": "청일중학교 운동장 지진옥외대피소", "sido": "강원도", "sigungu": "횡성군", "emd": "청일면", "road_name": "청정로", "capacity": null}}, {"type": "Feature", "geometry": {"type": "Point", "coordinates": [127.961121, 37.533205]}, "properties": {"shelter_id": "OBJ024273000000018", "name": "공근초등학교 운동장 지진옥외대피소", "sido": "강원도", "sigungu": "횡성군", "emd": "공근면", "road_name": "영서로", "capacity": null}}, {"type": "Feature", "geometry": {"type": "Point", "coordinates": [128.007067, 37.533641]}, "properties": {"shelter_id": "OBJ024273000000019", "name": "수백초등학교 운동장 지진옥외대피소", "sido": "강원도", "sigungu": "횡성군", "emd": "공근면", "road_name": "공근남로", "capacity": null}}, {"type": "Feature", "geometry": {"type": "Point", "coordinates": [127.962323, 37.539951]}, "properties": {"shelter_id": "OBJ024273000000020", "name": "공근중학교 운동장 지진옥외대피소", "sido": "강원도", "sigungu": "횡성군", "emd": "공근면", "road_name": "학담4길", "capacity": null}}, {"type": "Feature", "geometry": {"type": "Point", "coordinates": [128.120407, 37.358278]}, "properties": {"shelter_id": "OBJ024273000000024", "name": "강림초등학교 운동장 지진옥외대피소", "sido": "강원도", "sigungu": "횡성군", "emd": "강림면", "road_name": "태종로강림4길", "capacity": null}}, {"type": "Feature", "geometry": {"type": "Point", "coordinates": [128.464486, 35.787961]}, "properties": {"shelter_id": "OBJ022771000000027", "name": "옥포초등학교운동장", "sido": "대구광역시", "sigungu": "달성군", "emd": "옥포읍", "road_name": "비슬로446길", "capacity": null}}, {"type": "Feature", "geometry": {"type": "Point", "coordinates": [128.621826, 35.804054]}, "properties": {"shelter_id": "OBJ022771000000029", "name": "용계초등학교운동장", "sido": "대구광역시", "sigungu": "달성군", "emd": "가창면", "road_name": "가창로221길", "capacity": null}}, {"type": "Feature", "geometry": {"type": "Point", "coordinates": [128.463311, 35.856368]}, "properties": {"shelter_id": "OBJ022771000000031", "name": "죽곡초등학교운동장", "sido": "대구광역시", "sigungu": "달성군", "emd": "다사읍", "road_name": "죽곡1길", "capacity": null}}, {"type": "Feature", "geometry": {"type": "Point", "coordinates": [128.448564, 35.697546]}, "properties": {"shelter_id": "OBJ022771000000034", "name": "현풍초등학교운동장", "sido": "대구광역시", "sigungu": "달성군", "emd": "현풍읍", "road_name": "비슬로134길", "capacity": null}}, {"type": "Feature", "geometry": {"type": "Point", "coordinates": [128.498419, 35.799796]}, "properties": {"shelter_id": "OBJ022771000000035", "name": "화남초등학교운동장", "sido": "대구광역시", "sigungu": "달성군", "emd": "화원읍", "road_name": "명천로", "capacity": null}}, {"type": "Feature", "geometry": {"type": "Point", "coordinates": [128.509347, 35.799745]}, "properties": {"shelter_id": "OBJ022771000000036", "name": "화동초등학교운동장", "sido": "대구광역시", "sigungu": "달성군", "emd": "화원읍", "road_name": "명천로17길", "capacity": null}}, {"type": "Feature", "geometry": {"type": "Point", "coordinates": [128.499644, 35.802781]}, "properties": {"shelter_id": "OBJ022771000000037", "name": "화원초등학교운동장", "sido": "대구광역시", "sigungu": "달성군", "emd": "화원읍", "road_name": "비슬로516길", "capacity": null}}, {"type": "Feature", "geometry": {"type": "Point", "coordinates": [128.414083, 35.66235]}, "properties": {"shelter_id": "OBJ022771000000039", "name": "대구소프트웨어고등학교운동장", "sido": "대구광역시", "sigungu": "달성군", "emd": "구지면", "road_name": "창리로11길", "capacity": null}}, {"type": "Feature", "geometry": {"type": "Point", "coordinates": [128.456806, 35.723857]}, "properties": {"shelter_id": "OBJ022771000000040", "name": "논공중학교운동장", "sido": "대구광역시", "sigungu": "달성군", "emd": "논공읍", "road_name": "논공로", "capacity": null}}, {"type": "Feature", "geometry": {"type": "Point", "coordinates": [128.493861, 35.800067]}, "properties": {"shelter_id": "OBJ022771000000042", "name": "달성중학교운동장", "sido": "대구광역시", "sigungu": "달성군", "emd": "화원읍", "road_name": "비슬로506길", "capacity": null}}, {"type": "Feature", "geometry": {"type": "Point", "coordinates": [128.437529, 35.731837]}, "properties": {"shelter_id": "OBJ022771000000043", "name": "북동중학교운동장", "sido": "대구광역시", "sigungu": "달성군", "emd": "논공읍", "road_name": "논공로7길", "capacity": null}}, {"type": "Feature", "geometry": {"type": "Point", "coordinates": [128.466753, 35.862694]}, "properties": {"shelter_id": "OBJ022771000000045", "name": "왕선중학교운동장", "sido": "대구광역시", "sigungu": "달성군", "emd": "다사읍", "road_name": "대실역북로", "capacity": null}}, {"type": "Feature", "geometry": {"type": "Point", "coordinates": [127.008962, 37.205581]}, "properties": {"shelter_id": "OBJ024159000000027", "name": "안녕초등학교 운동장", "sido": "경기도", "sigungu": "화성시", "emd": "송산동", "road_name": "안녕남로", "capacity": null}}, {"type": "Feature", "geometry": {"type": "Point", "coordinates": [127.041124, 37.216711]}, "properties": {"shelter_id": "OBJ024159000000033", "name": "진안초등학교 운동장", "sido": "경기도", "sigungu": "화성시", "emd": "진안동", "road_name": "병점4로", "capacity": null}}, {"type": "Feature", "geometry": {"type": "Point", "coordinates": [127.041491, 37.210392]}, "properties": {"shelter_id": "OBJ024159000000035", "name": "태안초등학교 운동장", "sido": "경기도", "sigungu": "화성시", "emd": "병점동", "road_name": "병점동로", "capacity": null}}, {"type": "Feature", "geometry": {"type": "Point", "coordinates": [127.055429, 37.201852]}, "properties": {"shelter_id": "OBJ024159000000036", "name": "푸른초등학교 운동장", "sido": "경기도", "sigungu": "화성시", "emd": "능동", "road_name": "동탄공원로", "capacity": null}}, {"type": "Feature", "geometry": {"type": "Point", "coordinates": [126.917647, 37.126471]}, "properties": {"shelter_id": "OBJ024159000000038", "name": "한울초등학교 운동장", "sido": "경기도", "sigungu": "화성시", "emd": "향남읍", "road_name": "행정중앙1로", "capacity": null}}, {"type": "Feature", "geometry": {"type": "Point", "coordinates": [126.923962, 37.126361]}, "properties": {"shelter_id": "OBJ024159000000039", "name": "행정초등학교 운동장", "sido": "경기도", "sigungu": "화성시", "emd": "향남읍", "road_name": "행정중앙1로", "capacity": null}}, {"type": "Feature", "geometry": {"type": "Point", "coordinates": [127.067062, 37.198904]}, "properties": {"shelter_id": "OBJ024159000000060", "name": "금곡초등학교 운동장", "sido": "경기도", "sigungu": "화성시", "emd": "반송동", "road_name": "동탄문화센터로", "capacity": null}}, {"type": "Feature", "geometry": {"type": "Point", "coordinates": [127.075786, 37.210126]}, "properties": {"shelter_id": "OBJ024159000000050", "name": "예당초등학교 운동장", "sido": "경기도", "sigungu": "화성시", "emd": "석우동", "road_name": "동탄반석로", "capacity": null}}, {"type": "Feature", "geometry": {"type": "Point", "coordinates": [126.902699, 37.130937]}, "properties": {"shelter_id": "OBJ024159000000053", "name": "제암초등학교 운동장", "sido": "경기도", "sigungu": "화성시", "emd": "향남읍", "road_name": "발안서로", "capacity": null}}, {"type": "Feature", "geometry": {"type": "Point", "coordinates": [127.037854, 37.202237]}, "properties": {"shelter_id": "OBJ024159000000054", "name": "벌말초등학교 운동장", "sido": "경기도", "sigungu": "화성시", "emd": "병점동", "road_name": "경기대로", "capacity": null}}, {"type": "Feature", "geometry": {"type": "Point", "coordinates": [127.10399, 37.205438]}, "properties": {"shelter_id": "OBJ024159000000063", "name": "영천초등학교 운동장", "sido": "경기도", "sigungu": "화성시", "emd": "영천동", "road_name": "동탄영천로", "capacity": null}}, {"type": "Feature", "geometry": {"type": "Point", "coordinates": [128.528886, 35.828126]}, "properties": {"shelter_id": "OBJ022729000000075", "name": "월명공원", "sido": "대구광역시", "sigungu": "달서구", "emd": "월성동", "road_name": "월성로", "capacity": null}}, {"type": "Feature", "geometry": {"type": "Point", "coordinates": [128.529126, 35.814302]}, "properties": {"shelter_id": "OBJ022729000000081", "name": "오복공원", "sido": "대구광역시", "sigungu": "달서구", "emd": "진천동", "road_name": "월배로28안길", "capacity": null}}, {"type": "Feature", "geometry": {"type": "Point", "coordinates": [128.522803, 35.812866]}, "properties": {"shelter_id": "OBJ022729000000082", "name": "진천공원", "sido": "대구광역시", "sigungu": "달서구", "emd": "진천동", "road_name": "상화로21길", "capacity": null}}, {"type": "Feature", "geometry": {"type": "Point", "coordinates": [128.532723, 35.812824]}, "properties": {"shelter_id": "OBJ022729000000083", "name": "무궁화공원", "sido": "대구광역시", "sigungu": "달서구", "emd": "진천동", "road_name": "월배로28길", "capacity": null}}, {"type": "Feature", "geometry": {"type": "Point", "coordinates": [128.531792, 35.810605]}, "properties": {"shelter_id": "OBJ022729000000084", "name": "진달래공원", "sido": "대구광역시", "sigungu": "달서구", "emd": "진천동", "road_name": "상화로35안길", "capacity": null}}, {"type": "Feature", "geometry": {"type": "Point", "coordinates": [128.518141, 35.810976]}, "properties": {"shelter_id": "OBJ022729000000085", "name": "장미공원", "sido": "대구광역시", "sigungu": "달서구", "emd": "진천동", "road_name": "상화로5길", "capacity": null}}, {"type": "Feature", "geometry": {"type": "Point", "coordinates": [128.541545, 35.817806]}, "properties": {"shelter_id": "OBJ022729000000086", "name": "태양공원", "sido": "대구광역시", "sigungu": "달서구", "emd": "상인동", "road_name": "상인서로", "capacity": null}}, {"type": "Feature", "geometry": {"type": "Point", "coordinates": [128.547311, 35.816426]}, "properties": {"shelter_id": "OBJ022729000000092", "name": "새싹공원", "sido": "대구광역시", "sigungu": "달서구", "emd": "상인동", "road_name": "상인로26길", "capacity": null}}, {"type": "Feature", "geometry": {"type": "Point", "coordinates": [128.534373, 35.827286]}, "properties": {"shelter_id": "OBJ022729000000069", "name": "광수공원", "sido": "대구광역시", "sigungu": "달서구", "emd": "월성동", "road_name": "학산로", "capacity": null}}, {"type": "Feature", "geometry": {"type": "Point", "coordinates": [128.528834, 35.830151]}, "properties": {"shelter_id": "OBJ022729000000079", "name": "평화어린이공원", "sido": "대구광역시", "sigungu": "달서구", "emd": "월성동", "road_name": "학산로7길", "capacity": null}}, {"type": "Feature", "geometry": {"type": "Point", "coordinates": [128.54218, 35.816289]}, "properties": {"shelter_id": "OBJ022729000000087", "name": "보배공원", "sido": "대구광역시", "sigungu": "달서구", "emd": "상인동", "road_name": "상인서로", "capacity": null}}, {"type": "Feature", "geometry": {"type": "Point", "coordinates": [128.543242, 35.81837]}, "properties": {"shelter_id": "OBJ022729000000088", "name": "영광공원", "sido": "대구광역시", "sigungu": "달서구", "emd": "상인동", "road_name": "상인로", "capacity": null}}, {"type": "Feature", "geometry": {"type": "Point", "coordinates": [128.546602, 35.815194]}, "properties": {"shelter_id": "OBJ022729000000089", "name": "한빛공원", "sido": "대구광역시", "sigungu": "달서구", "emd": "상인동", "road_name": "상화북로", "capacity": null}}, {"type": "Feature", "geometry": {"type": "Point", "coordinates": [128.544188, 35.814266]}, "properties": {"shelter_id": "OBJ022729000000090", "name": "동심공원", "sido": "대구광역시", "sigungu": "달서구", "emd": "상인동", "road_name": "상인서로", "capacity": null}}, {"type": "Feature", "geometry": {"type": "Point", "coordinates": [128.545067, 35.818114]}, "properties": {"shelter_id": "OBJ022729000000091", "name": "월곡역사공원", "sido": "대구광역시", "sigungu": "달서구", "emd": "상인동", "road_name": "상인로", "capacity": null}}, {"type": "Feature", "geometry": {"type": "Point", "coordinates": [128.548977, 35.815997]}, "properties": {"shelter_id": "OBJ022729000000093", "name": "송림공원", "sido": "대구광역시", "sigungu": "달서구", "emd": "상인동", "road_name": "상인로18길", "capacity": null}}, {"type": "Feature", "geometry": {"type": "Point", "coordinates": [128.537116, 35.81686]}, "properties": {"shelter_id": "OBJ022729000000094", "name": "달배공원", "sido": "대구광역시", "sigungu": "달서구", "emd": "상인동", "road_name": "월배로46길", "capacity": null}}, {"type": "Feature", "geometry": {"type": "Point", "coordinates": [128.536528, 35.814961]}, "properties": {"shelter_id": "OBJ022729000000095", "name": "민들레공원", "sido": "대구광역시", "sigungu": "달서구", "emd": "상인동", "road_name": "월곡로51길", "capacity": null}}, {"type": "Feature", "geometry": {"type": "Point", "coordinates": [126.772925, 35.098203]}, "properties": {"shelter_id": "OBJ022920000000017", "name": "동곡초등학교 운동장", "sido": "광주광역시", "sigungu": "광산구", "emd": "하산동", "road_name": "동곡로", "capacity": null}}, {"type": "Feature", "geometry": {"type": "Point", "coordinates": [126.754045, 35.128484]}, "properties": {"shelter_id": "OBJ022920000000018", "name": "평동중학교 운동장", "sido": "광주광역시", "sigungu": "광산구", "emd": "용동", "road_name": "평동로735번길", "capacity": null}}, {"type": "Feature", "geometry": {"type": "Point", "coordinates": [126.787742, 35.12964]}, "properties": {"shelter_id": "OBJ022920000000020", "name": "송정서초등학교 운동장", "sido": "광주광역시", "sigungu": "광산구", "emd": "도산동", "road_name": "남동길", "capacity": null}}, {"type": "Feature", "geometry": {"type": "Point", "coordinates": [127.387813, 36.423951]}, "properties": {"shelter_id": "OBJ023020000000029", "name": "관평초등학교 운동장", "sido": "대전광역시", "sigungu": "유성구", "emd": "관평동", "road_name": "관평1로", "capacity": null}}, {"type": "Feature", "geometry": {"type": "Point", "coordinates": [127.302817, 36.37914]}, "properties": {"shelter_id": "OBJ023020000000026", "name": "새미래초등학교 운동장", "sido": "대전광역시", "sigungu": "유성구", "emd": "지족동", "road_name": "지족로", "capacity": null}}, {"type": "Feature", "geometry": {"type": "Point", "coordinates": [127.41258, 36.356788]}, "properties": {"shelter_id": "OBJ023023000000001", "name": "대전화정초등학교 운동장", "sido": "대전광역시", "sigungu": "대덕구", "emd": "오정동", "road_name": "오정로100번길", "capacity": null}}, {"type": "Feature", "geometry": {"type": "Point", "coordinates": [127.41118, 36.363168]}, "properties": {"shelter_id": "OBJ023023000000002", "name": "대전대화초등학교  운동장", "sido": "대전광역시", "sigungu": "대덕구", "emd": "대화동", "road_name": "대화로", "capacity": null}}, {"type": "Feature", "geometry": {"type": "Point", "coordinates": [127.42754, 36.365226]}, "properties": {"shelter_id": "OBJ023023000000005", "name": "대전중원초등학교  운동장", "sido": "대전광역시", "sigungu": "대덕구", "emd": "중리동", "road_name": "중리로64번길", "capacity": null}}, {"type": "Feature", "geometry": {"type": "Point", "coordinates": [126.898204, 35.206905]}, "properties": {"shelter_id": "OBJ022917000000035", "name": "일곡초등학교 운동장", "sido": "광주광역시", "sigungu": "북구", "emd": "일곡동", "road_name": "설죽로", "capacity": null}}, {"type": "Feature", "geometry": {"type": "Point", "coordinates": [126.912986, 35.160265]}, "properties": {"shelter_id": "OBJ022917000000036", "name": "광주중흥초등학교 운동장", "sido": "광주광역시", "sigungu": "북구", "emd": "중흥동", "road_name": "경양로197번길", "capacity": null}}, {"type": "Feature", "geometry": {"type": "Point", "coordinates": [128.533328, 35.81493]}, "properties": {"shelter_id": "OBJ022729000000096", "name": "해바라기공원", "sido": "대구광역시", "sigungu": "달서구", "emd": "상인동", "road_name": "상원로13길", "capacity": null}}, {"type": "Feature", "geometry": {"type": "Point", "coordinates": [128.535394, 35.810678]}, "properties": {"shelter_id": "OBJ022729000000097", "name": "감성테마공원", "sido": "대구광역시", "sigungu": "달서구", "emd": "상인동", "road_name": "상원로3길", "capacity": null}}, {"type": "Feature", "geometry": {"type": "Point", "coordinates": [128.54406, 35.81099]}, "properties": {"shelter_id": "OBJ022729000000099", "name": "매화공원", "sido": "대구광역시", "sigungu": "달서구", "emd": "상인동", "road_name": "상화로59길", "capacity": null}}, {"type": "Feature", "geometry": {"type": "Point", "coordinates": [128.548976, 35.8128]}, "properties": {"shelter_id": "OBJ022729000000102", "name": "월촌공원", "sido": "대구광역시", "sigungu": "달서구", "emd": "상인동", "road_name": "상인로", "capacity": null}}, {"type": "Feature", "geometry": {"type": "Point", "coordinates": [128.537334, 35.812528]}, "properties": {"shelter_id": "OBJ022729000000098", "name": "월배공원", "sido": "대구광역시", "sigungu": "달서구", "emd": "상인동", "road_name": "월곡로45길", "capacity": null}}, {"type": "Feature", "geometry": {"type": "Point", "coordinates": [128.549098, 35.814261]}, "properties": {"shelter_id": "OBJ022729000000100", "name": "유림공원", "sido": "대구광역시", "sigungu": "달서구", "emd": "상인동", "road_name": "상인로", "capacity": null}}, {"type": "Feature", "geometry": {"type": "Point", "coordinates": [128.546222, 35.81223]}, "properties": {"shelter_id": "OBJ022729000000101", "name": "서광공원", "sido": "대구광역시", "sigungu": "달서구", "emd": "상인동", "road_name": "상화북로", "capacity": null}}, {"type": "Feature", "geometry": {"type": "Point", "coordinates": [128.552416, 35.810171]}, "properties": {"shelter_id": "OBJ022729000000103", "name": "비둘기공원", "sido": "대구광역시", "sigungu": "달서구", "emd": "상인동", "road_name": "상인로", "capacity": null}}, {"type": "Feature", "geometry": {"type": "Point", "coordinates": [128.548044, 35.810459]}, "properties": {"shelter_id": "OBJ022729000000104", "name": "당산공원", "sido": "대구광역시", "sigungu": "달서구", "emd": "상인동", "road_name": "상인로5길", "capacity": null}}, {"type": "Feature", "geometry": {"type": "Point", "coordinates": [128.550154, 35.809467]}, "properties": {"shelter_id": "OBJ022729000000105", "name": "채정공원", "sido": "대구광역시", "sigungu": "달서구", "emd": "상인동", "road_name": "상인로9안길", "capacity": null}}, {"type": "Feature", "geometry": {"type": "Point", "coordinates": [128.551492, 35.806975]}, "properties": {"shelter_id": "OBJ022729000000106", "name": "은행공원", "sido": "대구광역시", "sigungu": "달서구", "emd": "상인동", "road_name": "월곡로20길", "capacity": null}}, {"type": "Feature", "geometry": {"type": "Point", "coordinates": [128.554729, 35.807833]}, "properties": {"shelter_id": "OBJ022729000000107", "name": "장미공원", "sido": "대구광역시", "sigungu": "달서구", "emd": "상인동", "road_name": "상화로", "capacity": null}}, {"type": "Feature", "geometry": {"type": "Point", "coordinates": [128.548912, 35.825452]}, "properties": {"shelter_id": "OBJ022729000000108", "name": "송경공공공지", "sido": "대구광역시", "sigungu": "달서구", "emd": "송현동", "road_name": "월배로68안길", "capacity": null}}, {"type": "Feature", "geometry": {"type": "Point", "coordinates": [128.550167, 35.822945]}, "properties": {"shelter_id": "OBJ022729000000109", "name": "전원공원", "sido": "대구광역시", "sigungu": "달서구", "emd": "송현동", "road_name": "앞산순환로49안길", "capacity": null}}, {"type": "Feature", "geometry": {"type": "Point", "coordinates": [128.126864, 37.363741]}, "properties": {"shelter_id": "OBJ024273000000025", "name": "강림중학교 운동장 지진옥외대피소", "sido": "강원도", "sigungu": "횡성군", "emd": "강림면", "road_name": "주천강로", "capacity": null}}, {"type": "Feature", "geometry": {"type": "Point", "coordinates": [127.85132, 37.486881]}, "properties": {"shelter_id": "OBJ024273000000021", "name": "서원초등학교 운동장 지진옥외대피소", "sido": "강원도", "sigungu": "횡성군", "emd": "서원면", "road_name": "서원로", "capacity": null}}, {"type": "Feature", "geometry": {"type": "Point", "coordinates": [127.875358, 37.526348]}, "properties": {"shelter_id": "OBJ024273000000022", "name": "유현초등학교 운동장 지진옥외대피소", "sido": "강원도", "sigungu": "횡성군", "emd": "서원면", "road_name": "경강로", "capacity": null}}, {"type": "Feature", "geometry": {"type": "Point", "coordinates": [127.84674, 37.48677]}, "properties": {"shelter_id": "OBJ024273000000023", "name": "서원중학교 운동장 지진옥외대피소", "sido": "강원도", "sigungu": "횡성군", "emd": "서원면", "road_name": "서원로", "capacity": null}}, {"type": "Feature", "geometry": {"type": "Point", "coordinates": [128.163749, 37.420634]}, "properties": {"shelter_id": "OBJ024273000000026", "name": "안흥초등학교 운동장 지진옥외대피소", "sido": "강원도", "sigungu": "횡성군", "emd": "안흥면", "road_name": "강변로안흥2길", "capacity": null}}, {"type": "Feature", "geometry": {"type": "Point", "coordinates": [128.328684, 37.235772]}, "properties": {"shelter_id": "OBJ024275000000007", "name": "신천초등학교 운동장", "sido": "강원도", "sigungu": "영월군", "emd": "한반도면", "road_name": "서강로", "capacity": null}}, {"type": "Feature", "geometry": {"type": "Point", "coordinates": [128.839013, 37.142582]}, "properties": {"shelter_id": "OBJ024275000000002", "name": "구래초등학교 운동장", "sido": "강원도", "sigungu": "영월군", "emd": "상동읍", "road_name": "교촌길", "capacity": null}}, {"type": "Feature", "geometry": {"type": "Point", "coordinates": [128.68154, 37.147568]}, "properties": {"shelter_id": "OBJ024275000000003", "name": "녹전초등학교 운동장", "sido": "강원도", "sigungu": "영월군", "emd": "중동면", "road_name": "유전길", "capacity": null}}, {"type": "Feature", "geometry": {"type": "Point", "coordinates": [128.570324, 37.128115]}, "properties": {"shelter_id": "OBJ024275000000004", "name": "옥동중학교 운동장", "sido": "강원도", "sigungu": "영월군", "emd": "김삿갓면", "road_name": "영월동로", "capacity": null}}, {"type": "Feature", "geometry": {"type": "Point", "coordinates": [128.45435, 37.256991]}, "properties": {"shelter_id": "OBJ024275000000005", "name": "마차초등학교 운동장", "sido": "강원도", "sigungu": "영월군", "emd": "북면", "road_name": "밤재로", "capacity": null}}, {"type": "Feature", "geometry": {"type": "Point", "coordinates": [128.407856, 37.188595]}, "properties": {"shelter_id": "OBJ024275000000006", "name": "연당중학교 운동장", "sido": "강원도", "sigungu": "영월군", "emd": "남면", "road_name": "연당로", "capacity": null}}, {"type": "Feature", "geometry": {"type": "Point", "coordinates": [128.267853, 37.272335]}, "properties": {"shelter_id": "OBJ024275000000008", "name": "주천초등학교 운동장", "sido": "강원도", "sigungu": "영월군", "emd": "주천면", "road_name": "주천로", "capacity": null}}, {"type": "Feature", "geometry": {"type": "Point", "coordinates": [128.268223, 37.289542]}, "properties": {"shelter_id": "OBJ024275000000009", "name": "무릉초등학교 운동장", "sido": "강원도", "sigungu": "영월군", "emd": "무릉도원면", "road_name": "중방안길", "capacity": null}}, {"type": "Feature", "geometry": {"type": "Point", "coordinates": [128.458839, 37.181415]}, "properties": {"shelter_id": "OBJ024275000000001", "name": "영월공설운동장", "sido": "강원도", "sigungu": "영월군", "emd": "영월읍", "road_name": "영월로", "capacity": null}}, {"type": "Feature", "geometry": {"type": "Point", "coordinates": [128.500311, 37.341793]}, "properties": {"shelter_id": "OBJ024276000000001", "name": "미탄초등학교 운동장", "sido": "강원도", "sigungu": "평창군", "emd": "미탄면", "road_name": "미탄중앙로", "capacity": null}}, {"type": "Feature", "geometry": {"type": "Point", "coordinates": [128.457352, 37.497095]}, "properties": {"shelter_id": "OBJ024276000000003", "name": "대화초등학교 운동장", "sido": "강원도", "sigungu": "평창군", "emd": "대화면", "road_name": "대화중앙로", "capacity": null}}, {"type": "Feature", "geometry": {"type": "Point", "coordinates": [128.381453, 37.617179]}, "properties": {"shelter_id": "OBJ024276000000005", "name": "봉평고등학교 운동장", "sido": "강원도", "sigungu": "평창군", "emd": "봉평면", "road_name": "기풍4길", "capacity": null}}, {"type": "Feature", "geometry": {"type": "Point", "coordinates": [128.421855, 35.885478]}, "properties": {"shelter_id": "OBJ022771000000052", "name": "달서고등학교운동장", "sido": "대구광역시", "sigungu": "달성군", "emd": "하빈면", "road_name": "하빈로", "capacity": null}}, {"type": "Feature", "geometry": {"type": "Point", "coordinates": [128.507704, 35.805663]}, "properties": {"shelter_id": "OBJ022771000000053", "name": "대원고등학교운동장", "sido": "대구광역시", "sigungu": "달성군", "emd": "화원읍", "road_name": "비슬로", "capacity": null}}, {"type": "Feature", "geometry": {"type": "Point", "coordinates": [128.644954, 35.7746]}, "properties": {"shelter_id": "OBJ022771000000049", "name": "가창중학교운동장", "sido": "대구광역시", "sigungu": "달성군", "emd": "가창면", "road_name": "원정길", "capacity": null}}, {"type": "Feature", "geometry": {"type": "Point", "coordinates": [128.46262, 35.861682]}, "properties": {"shelter_id": "OBJ022771000000050", "name": "다사고등학교운동장", "sido": "대구광역시", "sigungu": "달성군", "emd": "다사읍", "road_name": "달구벌대로", "capacity": null}}, {"type": "Feature", "geometry": {"type": "Point", "coordinates": [128.447815, 35.690231]}, "properties": {"shelter_id": "OBJ022771000000051", "name": "포산고등학교운동장", "sido": "대구광역시", "sigungu": "달성군", "emd": "현풍읍", "road_name": "비슬로", "capacity": null}}, {"type": "Feature", "geometry": {"type": "Point", "coordinates": [128.438059, 35.696687]}, "properties": {"shelter_id": "OBJ022771000000054", "name": "현풍고등학교운동장", "sido": "대구광역시", "sigungu": "달성군", "emd": "현풍읍", "road_name": "비슬로", "capacity": null}}, {"type": "Feature", "geometry": {"type": "Point", "coordinates": [128.505577, 35.794082]}, "properties": {"shelter_id": "OBJ022771000000007", "name": "화원테니스장", "sido": "대구광역시", "sigungu": "달성군", "emd": "화원읍", "road_name": "인흥1길", "capacity": null}}, {"type": "Feature", "geometry": {"type": "Point", "coordinates": [128.456231, 35.72299]}, "properties": {"shelter_id": "OBJ022771000000002", "name": "논공축구장", "sido": "대구광역시", "sigungu": "달성군", "emd": "논공읍", "road_name": "논공로", "capacity": null}}, {"type": "Feature", "geometry": {"type": "Point", "coordinates": [128.450693, 35.729841]}, "properties": {"shelter_id": "OBJ022771000000003", "name": "군민운동장", "sido": "대구광역시", "sigungu": "달성군", "emd": "논공읍", "road_name": "논공로", "capacity": null}}, {"type": "Feature", "geometry": {"type": "Point", "coordinates": [128.446183, 35.900858]}, "properties": {"shelter_id": "OBJ022771000000005", "name": "면민운동장", "sido": "대구광역시", "sigungu": "달성군", "emd": "하빈면", "road_name": "하빈로86길", "capacity": null}}, {"type": "Feature", "geometry": {"type": "Point", "coordinates": [128.436373, 35.696716]}, "properties": {"shelter_id": "OBJ022771000000006", "name": "현풍테니스장", "sido": "대구광역시", "sigungu": "달성군", "emd": "현풍읍", "road_name": "비슬로", "capacity": null}}, {"type": "Feature", "geometry": {"type": "Point", "coordinates": [128.468033, 35.852678]}, "properties": {"shelter_id": "OBJ022771000000017", "name": "대실초등학교운동장", "sido": "대구광역시", "sigungu": "달성군", "emd": "다사읍", "road_name": "대실역남로1길", "capacity": null}}, {"type": "Feature", "geometry": {"type": "Point", "coordinates": [128.496239, 35.796246]}, "properties": {"shelter_id": "OBJ022771000000021", "name": "명곡초등학교운동장", "sido": "대구광역시", "sigungu": "달성군", "emd": "화원읍", "road_name": "명곡로", "capacity": null}}, {"type": "Feature", "geometry": {"type": "Point", "coordinates": [128.458335, 35.69595]}, "properties": {"shelter_id": "OBJ022771000000024", "name": "비슬초등학교운동장", "sido": "대구광역시", "sigungu": "달성군", "emd": "유가읍", "road_name": "테크노북로", "capacity": null}}, {"type": "Feature", "geometry": {"type": "Point", "coordinates": [128.481553, 35.874096]}, "properties": {"shelter_id": "OBJ022771000000026", "name": "세천초등학교운동장", "sido": "대구광역시", "sigungu": "달성군", "emd": "다사읍", "road_name": "세천로", "capacity": null}}, {"type": "Feature", "geometry": {"type": "Point", "coordinates": [126.800712, 37.081315]}, "properties": {"shelter_id": "OBJ024159000000052", "name": "우정초등학교 운동장", "sido": "경기도", "sigungu": "화성시", "emd": "우정읍", "road_name": "버들로", "capacity": null}}, {"type": "Feature", "geometry": {"type": "Point", "coordinates": [126.984851, 37.167569]}, "properties": {"shelter_id": "OBJ024159000000057", "name": "정남초등학교 운동장", "sido": "경기도", "sigungu": "화성시", "emd": "정남면", "road_name": "만년로", "capacity": null}}, {"type": "Feature", "geometry": {"type": "Point", "coordinates": [127.118132, 37.195645]}, "properties": {"shelter_id": "OBJ024159000000058", "name": "청목초등학교 운동장", "sido": "경기도", "sigungu": "화성시", "emd": "청계동", "road_name": "동탄순환대로21길", "capacity": null}}, {"type": "Feature", "geometry": {"type": "Point", "coordinates": [127.059267, 37.2231]}, "properties": {"shelter_id": "OBJ024159000000056", "name": "반월초등학교 운동장", "sido": "경기도", "sigungu": "화성시", "emd": "반월동", "road_name": "효행로", "capacity": null}}, {"type": "Feature", "geometry": {"type": "Point", "coordinates": [126.888822, 37.272597]}, "properties": {"shelter_id": "OBJ024159000000065", "name": "송라초등학교 운동장", "sido": "경기도", "sigungu": "화성시", "emd": "매송면", "road_name": "송라길", "capacity": null}}, {"type": "Feature", "geometry": {"type": "Point", "coordinates": [126.971735, 37.220507]}, "properties": {"shelter_id": "OBJ024159000000066", "name": "와우초등학교 운동장", "sido": "경기도", "sigungu": "화성시", "emd": "봉담읍", "road_name": "식골길", "capacity": null}}, {"type": "Feature", "geometry": {"type": "Point", "coordinates": [126.761141, 37.187652]}, "properties": {"shelter_id": "OBJ024159000000072", "name": "청원초등학교 운동장", "sido": "경기도", "sigungu": "화성시", "emd": "마도면", "road_name": "청원서길", "capacity": null}}, {"type": "Feature", "geometry": {"type": "Point", "coordinates": [126.951613, 37.080896]}, "properties": {"shelter_id": "OBJ024159000000073", "name": "양감초등학교 운동장", "sido": "경기도", "sigungu": "화성시", "emd": "양감면", "road_name": "조리울길", "capacity": null}}, {"type": "Feature", "geometry": {"type": "Point", "coordinates": [127.090913, 37.188695]}, "properties": {"shelter_id": "OBJ024159000000078", "name": "동탄초등학교 운동장", "sido": "경기도", "sigungu": "화성시", "emd": "오산동", "road_name": "동탄감배산로", "capacity": null}}, {"type": "Feature", "geometry": {"type": "Point", "coordinates": [126.872747, 37.118214]}, "properties": {"shelter_id": "OBJ024159000000080", "name": "월문초등학교 운동장", "sido": "경기도", "sigungu": "화성시", "emd": "팔탄면", "road_name": "월문길", "capacity": null}}, {"type": "Feature", "geometry": {"type": "Point", "coordinates": [128.552784, 35.824448]}, "properties": {"shelter_id": "OBJ022729000000110", "name": "치영공원", "sido": "대구광역시", "sigungu": "달서구", "emd": "송현동", "road_name": "앞산순환로45길", "capacity": null}}, {"type": "Feature", "geometry": {"type": "Point", "coordinates": [127.380922, 36.385286]}, "properties": {"shelter_id": "OBJ023020000000027", "name": "대덕초등학교 운동장", "sido": "대전광역시", "sigungu": "유성구", "emd": "도룡동", "road_name": "대덕대로556번길", "capacity": null}}, {"type": "Feature", "geometry": {"type": "Point", "coordinates": [127.384175, 36.433827]}, "properties": {"shelter_id": "OBJ023020000000028", "name": "송강초등학교 운동장", "sido": "대전광역시", "sigungu": "유성구", "emd": "송강동", "road_name": "송강로42번길", "capacity": null}}, {"type": "Feature", "geometry": {"type": "Point", "coordinates": [126.94, 37.583391]}, "properties": {"shelter_id": "OBJ021141000000028", "name": "신연중학교 운동장", "sido": "서울특별시", "sigungu": "서대문구", "emd": "연희동", "road_name": "모래내로", "capacity": null}}, {"type": "Feature", "geometry": {"type": "Point", "coordinates": [126.945238, 37.590452]}, "properties": {"shelter_id": "OBJ021141000000030", "name": "인왕초등학교 운동장", "sido": "서울특별시", "sigungu": "서대문구", "emd": "홍제동", "road_name": "통일로40길", "capacity": null}}, {"type": "Feature", "geometry": {"type": "Point", "coordinates": [126.918305, 37.573356]}, "properties": {"shelter_id": "OBJ021141000000025", "name": "가재울초등학교 운동장", "sido": "서울특별시", "sigungu": "서대문구", "emd": "남가좌동", "road_name": "모래내로15길", "capacity": null}}, {"type": "Feature", "geometry": {"type": "Point", "coordinates": [126.919263, 37.573003]}, "properties": {"shelter_id": "OBJ021141000000026", "name": "가재울어린이공원", "sido": "서울특별시", "sigungu": "서대문구", "emd": "남가좌동", "road_name": "모래내로15길", "capacity": null}}, {"type": "Feature", "geometry": {"type": "Point", "coordinates": [126.947423, 37.597496]}, "properties": {"shelter_id": "OBJ021141000000032", "name": "서울여자간호대학교 운동장", "sido": "서울특별시", "sigungu": "서대문구", "emd": "홍제동", "road_name": "간호대로", "capacity": null}}, {"type": "Feature", "geometry": {"type": "Point", "coordinates": [126.952517, 37.592786]}, "properties": {"shelter_id": "OBJ021141000000031", "name": "인왕중학교 운동장", "sido": "서울특별시", "sigungu": "서대문구", "emd": "홍제동", "road_name": "세검정로4길", "capacity": null}}, {"type": "Feature", "geometry": {"type": "Point", "coordinates": [126.948809, 37.594548]}, "properties": {"shelter_id": "OBJ021141000000033", "name": "문화소공원", "sido": "서울특별시", "sigungu": "서대문구", "emd": "홍제동", "road_name": "세검정로4길", "capacity": null}}, {"type": "Feature", "geometry": {"type": "Point", "coordinates": [126.935448, 37.592244]}, "properties": {"shelter_id": "OBJ021141000000039", "name": "홍은중학교 운동장", "sido": "서울특별시", "sigungu": "서대문구", "emd": "홍은동", "road_name": "연희로41길", "capacity": null}}, {"type": "Feature", "geometry": {"type": "Point", "coordinates": [126.931036, 37.581637]}, "properties": {"shelter_id": "OBJ021141000000040", "name": "홍연초등학교 운동장", "sido": "서울특별시", "sigungu": "서대문구", "emd": "홍은동", "road_name": "백련사길", "capacity": null}}, {"type": "Feature", "geometry": {"type": "Point", "coordinates": [126.963608, 37.565138]}, "properties": {"shelter_id": "OBJ021141000000042", "name": "인창고등학교운동장", "sido": "서울특별시", "sigungu": "서대문구", "emd": "충정로2가", "road_name": "경기대로9길", "capacity": null}}, {"type": "Feature", "geometry": {"type": "Point", "coordinates": [126.943053, 37.559404]}, "properties": {"shelter_id": "OBJ021141000000024", "name": "신촌역 동측광장 공영주차장", "sido": "서울특별시", "sigungu": "서대문구", "emd": "대현동", "road_name": "이화여대길", "capacity": null}}, {"type": "Feature", "geometry": {"type": "Point", "coordinates": [126.937631, 37.577615]}, "properties": {"shelter_id": "OBJ021141000000029", "name": "연북중학교 운동장", "sido": "서울특별시", "sigungu": "서대문구", "emd": "연희동", "road_name": "연희로36길", "capacity": null}}, {"type": "Feature", "geometry": {"type": "Point", "coordinates": [126.909531, 37.574832]}, "properties": {"shelter_id": "OBJ021141000000035", "name": "나비울어린이공원", "sido": "서울특별시", "sigungu": "서대문구", "emd": "북가좌동", "road_name": "수색로", "capacity": null}}, {"type": "Feature", "geometry": {"type": "Point", "coordinates": [126.913103, 37.57491]}, "properties": {"shelter_id": "OBJ021141000000036", "name": "중앙근린공원", "sido": "서울특별시", "sigungu": "서대문구", "emd": "북가좌동", "road_name": "거북골로", "capacity": null}}, {"type": "Feature", "geometry": {"type": "Point", "coordinates": [126.919478, 37.582758]}, "properties": {"shelter_id": "OBJ021141000000037", "name": "은가어린이공원", "sido": "서울특별시", "sigungu": "서대문구", "emd": "북가좌동", "road_name": "증가로12나길", "capacity": null}}, {"type": "Feature", "geometry": {"type": "Point", "coordinates": [126.933343, 37.584554]}, "properties": {"shelter_id": "OBJ021141000000038", "name": "정원여자중학교 운동장", "sido": "서울특별시", "sigungu": "서대문구", "emd": "홍은동", "road_name": "연희로37안길", "capacity": null}}, {"type": "Feature", "geometry": {"type": "Point", "coordinates": [126.916525, 37.570319]}, "properties": {"shelter_id": "OBJ021141000000041", "name": "모래내쉼터", "sido": "서울특별시", "sigungu": "서대문구", "emd": "남가좌동", "road_name": "모래내로13길", "capacity": null}}, {"type": "Feature", "geometry": {"type": "Point", "coordinates": [126.954103, 37.545552]}, "properties": {"shelter_id": "OBJ021144000000001", "name": "공덕초등학교 운동장", "sido": "서울특별시", "sigungu": "마포구", "emd": "공덕동", "road_name": "마포대로6길", "capacity": null}}, {"type": "Feature", "geometry": {"type": "Point", "coordinates": [126.900856, 35.137696]}, "properties": {"shelter_id": "OBJ022915500000009", "name": "광주백운초등학교운동장", "sido": "광주광역시", "sigungu": "남구", "emd": "백운동", "road_name": "독립로53번길", "capacity": null}}, {"type": "Feature", "geometry": {"type": "Point", "coordinates": [126.905037, 35.135774]}, "properties": {"shelter_id": "OBJ022915500000010", "name": "광주서광중학교 운동장", "sido": "광주광역시", "sigungu": "남구", "emd": "백운동", "road_name": "진다리로24번길", "capacity": null}}, {"type": "Feature", "geometry": {"type": "Point", "coordinates": [126.903571, 35.127935]}, "properties": {"shelter_id": "OBJ022915500000012", "name": "주월중학교 운동장", "sido": "광주광역시", "sigungu": "남구", "emd": "주월동", "road_name": "옹정길", "capacity": null}}, {"type": "Feature", "geometry": {"type": "Point", "coordinates": [126.89049, 35.13621]}, "properties": {"shelter_id": "OBJ022915500000013", "name": "광주봉주초등학교 운동장", "sido": "광주광역시", "sigungu": "남구", "emd": "주월동", "road_name": "봉주7길", "capacity": null}}, {"type": "Feature", "geometry": {"type": "Point", "coordinates": [126.897442, 35.112713]}, "properties": {"shelter_id": "OBJ022915500000014", "name": "광주효덕초등학교 운동장", "sido": "광주광역시", "sigungu": "남구", "emd": "진월동", "road_name": "화산로", "capacity": null}}, {"type": "Feature", "geometry": {"type": "Point", "coordinates": [126.894168, 35.120926]}, "properties": {"shelter_id": "OBJ022915500000015", "name": "광주진월초등학교 운동장", "sido": "광주광역시", "sigungu": "남구", "emd": "진월동", "road_name": "광복마을4길", "capacity": null}}, {"type": "Feature", "geometry": {"type": "Point", "coordinates": [126.871347, 35.113559]}, "properties": {"shelter_id": "OBJ022915500000016", "name": "광주송원중학교 운동장", "sido": "광주광역시", "sigungu": "남구", "emd": "송하동", "road_name": "송암로", "capacity": null}}, {"type": "Feature", "geometry": {"type": "Point", "coordinates": [126.83326, 35.082052]}, "properties": {"shelter_id": "OBJ022915500000017", "name": "광주대촌중앙초등학교 운동장", "sido": "광주광역시", "sigungu": "남구", "emd": "지석동", "road_name": "고싸움로152번길", "capacity": null}}, {"type": "Feature", "geometry": {"type": "Point", "coordinates": [126.80496, 35.066354]}, "properties": {"shelter_id": "OBJ022915500000018", "name": "광주무학초등학교 운동장", "sido": "광주광역시", "sigungu": "남구", "emd": "월성동", "road_name": "월지길", "capacity": null}}, {"type": "Feature", "geometry": {"type": "Point", "coordinates": [126.932074, 35.173388]}, "properties": {"shelter_id": "OBJ022917000000005", "name": "광주문화초등학교 운동장", "sido": "광주광역시", "sigungu": "북구", "emd": "두암동", "road_name": "군왕로141번길", "capacity": null}}, {"type": "Feature", "geometry": {"type": "Point", "coordinates": [126.832237, 35.084844]}, "properties": {"shelter_id": "OBJ022915500000019", "name": "광주대촌중학교 운동장", "sido": "광주광역시", "sigungu": "남구", "emd": "지석동", "road_name": "고싸움로164번길", "capacity": null}}, {"type": "Feature", "geometry": {"type": "Point", "coordinates": [126.899795, 35.145302]}, "properties": {"shelter_id": "OBJ022915500000020", "name": "광주무진중학교 운동장", "sido": "광주광역시", "sigungu": "남구", "emd": "월산동", "road_name": "중앙로", "capacity": null}}, {"type": "Feature", "geometry": {"type": "Point", "coordinates": [126.935887, 35.181681]}, "properties": {"shelter_id": "OBJ022917000000001", "name": "각화초등학교  운동장", "sido": "광주광역시", "sigungu": "북구", "emd": "각화동", "road_name": "각화대로39번길", "capacity": null}}, {"type": "Feature", "geometry": {"type": "Point", "coordinates": [126.83428, 35.182944]}, "properties": {"shelter_id": "OBJ022920000000013", "name": "진만초등학교 운동장", "sido": "광주광역시", "sigungu": "광산구", "emd": "신가동", "road_name": "목련로382번길", "capacity": null}}, {"type": "Feature", "geometry": {"type": "Point", "coordinates": [126.72302, 35.180536]}, "properties": {"shelter_id": "OBJ022920000000019", "name": "본량초등학교 운동장", "sido": "광주광역시", "sigungu": "광산구", "emd": "남산동", "road_name": "용진로", "capacity": null}}, {"type": "Feature", "geometry": {"type": "Point", "coordinates": [126.815256, 35.172274]}, "properties": {"shelter_id": "OBJ022920000000014", "name": "목련초등학교 운동장", "sido": "광주광역시", "sigungu": "광산구", "emd": "운남동", "road_name": "목련로", "capacity": null}}, {"type": "Feature", "geometry": {"type": "Point", "coordinates": [126.799058, 35.179253]}, "properties": {"shelter_id": "OBJ022920000000015", "name": "하남초등학교 운동장", "sido": "광주광역시", "sigungu": "광산구", "emd": "하남동", "road_name": "하남대로54번길", "capacity": null}}, {"type": "Feature", "geometry": {"type": "Point", "coordinates": [126.746748, 35.22028]}, "properties": {"shelter_id": "OBJ022920000000016", "name": "임곡초등학교 운동장", "sido": "광주광역시", "sigungu": "광산구", "emd": "임곡동", "road_name": "하림길", "capacity": null}}, {"type": "Feature", "geometry": {"type": "Point", "coordinates": [128.615343, 35.841565]}, "properties": {"shelter_id": "OBJ022726000000093", "name": "중동공원", "sido": "대구광역시", "sigungu": "수성구", "emd": "중동", "road_name": "들안로25길", "capacity": null}}, {"type": "Feature", "geometry": {"type": "Point", "coordinates": [128.615379, 35.839439]}, "properties": {"shelter_id": "OBJ022726000000094", "name": "희망공원", "sido": "대구광역시", "sigungu": "수성구", "emd": "상동", "road_name": "청수로12길", "capacity": null}}, {"type": "Feature", "geometry": {"type": "Point", "coordinates": [128.613334, 35.833869]}, "properties": {"shelter_id": "OBJ022726000000095", "name": "들안길공원", "sido": "대구광역시", "sigungu": "수성구", "emd": "상동", "road_name": "수성로12길", "capacity": null}}, {"type": "Feature", "geometry": {"type": "Point", "coordinates": [128.615468, 35.831872]}, "properties": {"shelter_id": "OBJ022726000000096", "name": "덕화공원", "sido": "대구광역시", "sigungu": "수성구", "emd": "상동", "road_name": "수성로14길", "capacity": null}}, {"type": "Feature", "geometry": {"type": "Point", "coordinates": [128.613578, 35.836529]}, "properties": {"shelter_id": "OBJ022726000000097", "name": "청소년공원", "sido": "대구광역시", "sigungu": "수성구", "emd": "상동", "road_name": "들안로13길", "capacity": null}}, {"type": "Feature", "geometry": {"type": "Point", "coordinates": [128.613125, 35.836598]}, "properties": {"shelter_id": "OBJ022726000000098", "name": "백합공원", "sido": "대구광역시", "sigungu": "수성구", "emd": "상동", "road_name": "수성로32길", "capacity": null}}, {"type": "Feature", "geometry": {"type": "Point", "coordinates": [128.615312, 35.837938]}, "properties": {"shelter_id": "OBJ022726000000099", "name": "상동공원", "sido": "대구광역시", "sigungu": "수성구", "emd": "상동", "road_name": "들안로13길", "capacity": null}}, {"type": "Feature", "geometry": {"type": "Point", "coordinates": [128.619797, 35.834277]}, "properties": {"shelter_id": "OBJ022726000000100", "name": "아랫마을공원", "sido": "대구광역시", "sigungu": "수성구", "emd": "두산동", "road_name": "무학로21안길", "capacity": null}}, {"type": "Feature", "geometry": {"type": "Point", "coordinates": [128.620862, 35.837745]}, "properties": {"shelter_id": "OBJ022726000000102", "name": "샛터공원", "sido": "대구광역시", "sigungu": "수성구", "emd": "두산동", "road_name": "들안로20길", "capacity": null}}, {"type": "Feature", "geometry": {"type": "Point", "coordinates": [128.618403, 35.83825]}, "properties": {"shelter_id": "OBJ022726000000103", "name": "꿈나무공원", "sido": "대구광역시", "sigungu": "수성구", "emd": "두산동", "road_name": "들안로16길", "capacity": null}}, {"type": "Feature", "geometry": {"type": "Point", "coordinates": [128.620817, 35.83721]}, "properties": {"shelter_id": "OBJ022726000000104", "name": "보람공원", "sido": "대구광역시", "sigungu": "수성구", "emd": "두산동", "road_name": "청수로24길", "capacity": null}}, {"type": "Feature", "geometry": {"type": "Point", "coordinates": [128.626349, 35.825282]}, "properties": {"shelter_id": "OBJ022726000000105", "name": "말뫼공원", "sido": "대구광역시", "sigungu": "수성구", "emd": "두산동", "road_name": "지산로3길", "capacity": null}}, {"type": "Feature", "geometry": {"type": "Point", "coordinates": [128.62732, 35.835017]}, "properties": {"shelter_id": "OBJ022726000000106", "name": "지산공원", "sido": "대구광역시", "sigungu": "수성구", "emd": "지산동", "road_name": "무학로31길", "capacity": null}}, {"type": "Feature", "geometry": {"type": "Point", "coordinates": [128.637127, 35.825268]}, "properties": {"shelter_id": "OBJ022726000000108", "name": "수동공원", "sido": "대구광역시", "sigungu": "수성구", "emd": "지산동", "road_name": "지범로21길", "capacity": null}}, {"type": "Feature", "geometry": {"type": "Point", "coordinates": [128.639637, 35.823122]}, "properties": {"shelter_id": "OBJ022726000000109", "name": "지봉공원", "sido": "대구광역시", "sigungu": "수성구", "emd": "지산동", "road_name": "지범로27길", "capacity": null}}, {"type": "Feature", "geometry": {"type": "Point", "coordinates": [128.639682, 35.825035]}, "properties": {"shelter_id": "OBJ022726000000110", "name": "무학공원", "sido": "대구광역시", "sigungu": "수성구", "emd": "지산동", "road_name": "지범로31안길", "capacity": null}}, {"type": "Feature", "geometry": {"type": "Point", "coordinates": [128.635639, 35.819689]}, "properties": {"shelter_id": "OBJ022726000000111", "name": "거성어린이공원", "sido": "대구광역시", "sigungu": "수성구", "emd": "지산동", "road_name": "용학로50길", "capacity": null}}, {"type": "Feature", "geometry": {"type": "Point", "coordinates": [128.627379, 35.823519]}, "properties": {"shelter_id": "OBJ022726000000112", "name": "청산공원", "sido": "대구광역시", "sigungu": "수성구", "emd": "지산동", "road_name": "용학로33길", "capacity": null}}, {"type": "Feature", "geometry": {"type": "Point", "coordinates": [128.648572, 35.818883]}, "properties": {"shelter_id": "OBJ022726000000117", "name": "마산공원", "sido": "대구광역시", "sigungu": "수성구", "emd": "범물동", "road_name": "범안로", "capacity": null}}, {"type": "Feature", "geometry": {"type": "Point", "coordinates": [128.620035, 35.861032]}, "properties": {"shelter_id": "OBJ022726000000085", "name": "호돌이공원", "sido": "대구광역시", "sigungu": "수성구", "emd": "수성동4가", "road_name": "달구벌대로471길", "capacity": null}}, {"type": "Feature", "geometry": {"type": "Point", "coordinates": [128.62935, 35.825439]}, "properties": {"shelter_id": "OBJ022726000000113", "name": "화성공원", "sido": "대구광역시", "sigungu": "수성구", "emd": "지산동", "road_name": "용학로31길", "capacity": null}}, {"type": "Feature", "geometry": {"type": "Point", "coordinates": [128.632421, 35.821593]}, "properties": {"shelter_id": "OBJ022726000000114", "name": "에덴어린이공원", "sido": "대구광역시", "sigungu": "수성구", "emd": "지산동", "road_name": "용학로", "capacity": null}}, {"type": "Feature", "geometry": {"type": "Point", "coordinates": [127.107965, 37.796161]}, "properties": {"shelter_id": "OBJ024163000000003", "name": "삼숭초등학교 운동장", "sido": "경기도", "sigungu": "양주시", "emd": "삼숭동", "road_name": "삼숭로38번길", "capacity": null}}, {"type": "Feature", "geometry": {"type": "Point", "coordinates": [127.048334, 37.823894]}, "properties": {"shelter_id": "OBJ024163000000005", "name": "덕계고등학교 운동장", "sido": "경기도", "sigungu": "양주시", "emd": "덕계동", "road_name": "평화로1489번길", "capacity": null}}, {"type": "Feature", "geometry": {"type": "Point", "coordinates": [127.070806, 37.832219]}, "properties": {"shelter_id": "OBJ024163000000007", "name": "회천중학교 운동장", "sido": "경기도", "sigungu": "양주시", "emd": "고암동", "road_name": "고암길", "capacity": null}}, {"type": "Feature", "geometry": {"type": "Point", "coordinates": [127.106629, 37.80161]}, "properties": {"shelter_id": "OBJ024163000000013", "name": "광숭초등학교 운동장", "sido": "경기도", "sigungu": "양주시", "emd": "삼숭동", "road_name": "삼숭로58번길", "capacity": null}}, {"type": "Feature", "geometry": {"type": "Point", "coordinates": [126.987021, 37.791378]}, "properties": {"shelter_id": "OBJ024163000000019", "name": "백석고등학교 운동장", "sido": "경기도", "sigungu": "양주시", "emd": "백석읍", "road_name": "꿈나무로", "capacity": null}}, {"type": "Feature", "geometry": {"type": "Point", "coordinates": [127.108297, 37.797273]}, "properties": {"shelter_id": "OBJ024163000000027", "name": "삼숭중학교 운동장", "sido": "경기도", "sigungu": "양주시", "emd": "삼숭동", "road_name": "삼숭로38번길", "capacity": null}}, {"type": "Feature", "geometry": {"type": "Point", "coordinates": [127.082074, 37.79037]}, "properties": {"shelter_id": "OBJ024163000000039", "name": "토리근린공원", "sido": "경기도", "sigungu": "양주시", "emd": "광사동", "road_name": "고읍남로191번길", "capacity": null}}, {"type": "Feature", "geometry": {"type": "Point", "coordinates": [127.080008, 37.799779]}, "properties": {"shelter_id": "OBJ024163000000026", "name": "덕현중학교 운동장", "sido": "경기도", "sigungu": "양주시", "emd": "고읍동", "road_name": "고읍로35번길", "capacity": null}}, {"type": "Feature", "geometry": {"type": "Point", "coordinates": [127.07122, 37.837403]}, "properties": {"shelter_id": "OBJ024163000000035", "name": "덕정고등학교 운동장", "sido": "경기도", "sigungu": "양주시", "emd": "고암동", "road_name": "화합로", "capacity": null}}, {"type": "Feature", "geometry": {"type": "Point", "coordinates": [127.944972, 37.322357]}, "properties": {"shelter_id": "OBJ024213000000003", "name": "남원주중학교 운동장", "sido": "강원도", "sigungu": "원주시", "emd": "단구동", "road_name": "시청로", "capacity": null}}, {"type": "Feature", "geometry": {"type": "Point", "coordinates": [127.920768, 37.339023]}, "properties": {"shelter_id": "OBJ024213000000007", "name": "만대초등학교 운동장", "sido": "강원도", "sigungu": "원주시", "emd": "무실동", "road_name": "만대로", "capacity": null}}, {"type": "Feature", "geometry": {"type": "Point", "coordinates": [127.829201, 37.327684]}, "properties": {"shelter_id": "OBJ024213000000017", "name": "동화초등학교 운동장", "sido": "강원도", "sigungu": "원주시", "emd": "문막읍", "road_name": "왕건로", "capacity": null}}, {"type": "Feature", "geometry": {"type": "Point", "coordinates": [128.007151, 37.339326]}, "properties": {"shelter_id": "OBJ024213000000012", "name": "원주공업고등학교 운동장", "sido": "강원도", "sigungu": "원주시", "emd": "행구동", "road_name": "고문골길", "capacity": null}}, {"type": "Feature", "geometry": {"type": "Point", "coordinates": [127.909083, 37.306961]}, "properties": {"shelter_id": "OBJ024213000000013", "name": "흥업초등학교 운동장", "sido": "강원도", "sigungu": "원주시", "emd": "흥업면", "road_name": "사제로", "capacity": null}}, {"type": "Feature", "geometry": {"type": "Point", "coordinates": [127.838577, 37.365685]}, "properties": {"shelter_id": "OBJ024213000000014", "name": "지정중학교 운동장", "sido": "강원도", "sigungu": "원주시", "emd": "지정면", "road_name": "능골길", "capacity": null}}, {"type": "Feature", "geometry": {"type": "Point", "coordinates": [128.829647, 37.876446]}, "properties": {"shelter_id": "OBJ024215000000001", "name": "강원도립대학 운동장", "sido": "강원도", "sigungu": "강릉시", "emd": "주문진읍", "road_name": "연주로", "capacity": null}}, {"type": "Feature", "geometry": {"type": "Point", "coordinates": [129.035203, 37.610593]}, "properties": {"shelter_id": "OBJ024215000000002", "name": "옥계초등학교 운동장", "sido": "강원도", "sigungu": "강릉시", "emd": "옥계면", "road_name": "현내시장길", "capacity": null}}, {"type": "Feature", "geometry": {"type": "Point", "coordinates": [128.888744, 37.753879]}, "properties": {"shelter_id": "OBJ024215000000003", "name": "강릉초등학교 운동장", "sido": "강원도", "sigungu": "강릉시", "emd": "홍제동", "road_name": "토성로", "capacity": null}}, {"type": "Feature", "geometry": {"type": "Point", "coordinates": [128.909711, 37.753521]}, "properties": {"shelter_id": "OBJ024215000000004", "name": "강릉중학교 운동장", "sido": "강원도", "sigungu": "강릉시", "emd": "입암동", "road_name": "강중길44번길", "capacity": null}}, {"type": "Feature", "geometry": {"type": "Point", "coordinates": [128.900666, 37.804658]}, "properties": {"shelter_id": "OBJ024215000000005", "name": "경포대초등학교 운동장", "sido": "강원도", "sigungu": "강릉시", "emd": "안현동", "road_name": "경포로475번길", "capacity": null}}, {"type": "Feature", "geometry": {"type": "Point", "coordinates": [129.100646, 37.521943]}, "properties": {"shelter_id": "OBJ024217000000006", "name": "삼육고등학교운동장", "sido": "강원도", "sigungu": "동해시", "emd": "천곡동", "road_name": "동해대로", "capacity": null}}, {"type": "Feature", "geometry": {"type": "Point", "coordinates": [127.03973, 37.544924]}, "properties": {"shelter_id": "OBJ021120000000053", "name": "서울숲공원", "sido": "서울특별시", "sigungu": "성동구", "emd": "성수동1가", "road_name": "서울숲2길", "capacity": null}}, {"type": "Feature", "geometry": {"type": "Point", "coordinates": [127.047328, 37.564784]}, "properties": {"shelter_id": "OBJ021120000000054", "name": "거주자우선주차장(사근동)", "sido": "서울특별시", "sigungu": "성동구", "emd": "사근동", "road_name": "사근동11길", "capacity": null}}, {"type": "Feature", "geometry": {"type": "Point", "coordinates": [127.047675, 37.569827]}, "properties": {"shelter_id": "OBJ021120000000055", "name": "용답근린공원", "sido": "서울특별시", "sigungu": "성동구", "emd": "용답동", "road_name": "천호대로", "capacity": null}}, {"type": "Feature", "geometry": {"type": "Point", "coordinates": [127.052421, 37.54482]}, "properties": {"shelter_id": "OBJ021120000000057", "name": "성수공원", "sido": "서울특별시", "sigungu": "성동구", "emd": "성수동2가", "road_name": "성수일로6길", "capacity": null}}, {"type": "Feature", "geometry": {"type": "Point", "coordinates": [127.053444, 37.54676]}, "properties": {"shelter_id": "OBJ021120000000058", "name": "향림공원", "sido": "서울특별시", "sigungu": "성동구", "emd": "성수동2가", "road_name": "성수일로10길", "capacity": null}}, {"type": "Feature", "geometry": {"type": "Point", "coordinates": [127.06019, 37.542062]}, "properties": {"shelter_id": "OBJ021120000000059", "name": "성삼공원", "sido": "서울특별시", "sigungu": "성동구", "emd": "성수동2가", "road_name": "성수이로18길", "capacity": null}}, {"type": "Feature", "geometry": {"type": "Point", "coordinates": [127.072875, 37.535269]}, "properties": {"shelter_id": "OBJ021121500000004", "name": "자양고등학교 운동장", "sido": "서울특별시", "sigungu": "광진구", "emd": "자양동", "road_name": "뚝섬로37길", "capacity": null}}, {"type": "Feature", "geometry": {"type": "Point", "coordinates": [127.045778, 37.566127]}, "properties": {"shelter_id": "OBJ021120000000051", "name": "동마장공원", "sido": "서울특별시", "sigungu": "성동구", "emd": "마장동", "road_name": "마장로44길", "capacity": null}}, {"type": "Feature", "geometry": {"type": "Point", "coordinates": [127.0501, 37.550225]}, "properties": {"shelter_id": "OBJ021120000000060", "name": "성원어린이 공원", "sido": "서울특별시", "sigungu": "성동구", "emd": "성수동1가", "road_name": "상원10길", "capacity": null}}, {"type": "Feature", "geometry": {"type": "Point", "coordinates": [127.06354, 37.533192]}, "properties": {"shelter_id": "OBJ021121500000001", "name": "신양중학교 운동장", "sido": "서울특별시", "sigungu": "광진구", "emd": "자양동", "road_name": "자양강변길", "capacity": null}}, {"type": "Feature", "geometry": {"type": "Point", "coordinates": [127.069301, 37.534543]}, "properties": {"shelter_id": "OBJ021121500000002", "name": "신양초등학교 운동장", "sido": "서울특별시", "sigungu": "광진구", "emd": "자양동", "road_name": "능동로6길", "capacity": null}}, {"type": "Feature", "geometry": {"type": "Point", "coordinates": [127.072485, 37.534505]}, "properties": {"shelter_id": "OBJ021121500000003", "name": "동자초등학교 운동장", "sido": "서울특별시", "sigungu": "광진구", "emd": "자양동", "road_name": "뚝섬로37길", "capacity": null}}, {"type": "Feature", "geometry": {"type": "Point", "coordinates": [127.074482, 37.535057]}, "properties": {"shelter_id": "OBJ021121500000005", "name": "자양중학교 운동장", "sido": "서울특별시", "sigungu": "광진구", "emd": "자양동", "road_name": "뚝섬로41길", "capacity": null}}, {"type": "Feature", "geometry": {"type": "Point", "coordinates": [127.075454, 37.529997]}, "properties": {"shelter_id": "OBJ021121500000006", "name": "신자초등학교 운동장", "sido": "서울특별시", "sigungu": "광진구", "emd": "자양동", "road_name": "자양강변길", "capacity": null}}, {"type": "Feature", "geometry": {"type": "Point", "coordinates": [127.083016, 37.531064]}, "properties": {"shelter_id": "OBJ021121500000008", "name": "성자초등학교 운동장", "sido": "서울특별시", "sigungu": "광진구", "emd": "자양동", "road_name": "뚝섬로56길", "capacity": null}}, {"type": "Feature", "geometry": {"type": "Point", "coordinates": [127.079007, 37.54346]}, "properties": {"shelter_id": "OBJ021121500000017", "name": "구의중학교 운동장", "sido": "서울특별시", "sigungu": "광진구", "emd": "화양동", "road_name": "광나루로30길", "capacity": null}}, {"type": "Feature", "geometry": {"type": "Point", "coordinates": [127.079787, 37.536763]}, "properties": {"shelter_id": "OBJ021121500000007", "name": "자양초등학교 운동장", "sido": "서울특별시", "sigungu": "광진구", "emd": "자양동", "road_name": "아차산로44길", "capacity": null}}, {"type": "Feature", "geometry": {"type": "Point", "coordinates": [127.085537, 37.529113]}, "properties": {"shelter_id": "OBJ021121500000009", "name": "광양고등학교 운동장", "sido": "서울특별시", "sigungu": "광진구", "emd": "자양동", "road_name": "자양로3가길", "capacity": null}}, {"type": "Feature", "geometry": {"type": "Point", "coordinates": [127.08607, 37.53026]}, "properties": {"shelter_id": "OBJ021121500000010", "name": "광양중학교 운동장", "sido": "서울특별시", "sigungu": "광진구", "emd": "자양동", "road_name": "자양로3길", "capacity": null}}, {"type": "Feature", "geometry": {"type": "Point", "coordinates": [127.089679, 37.530627]}, "properties": {"shelter_id": "OBJ021121500000011", "name": "양남초등학교 운동장", "sido": "서울특별시", "sigungu": "광진구", "emd": "자양동", "road_name": "뚝섬로64길", "capacity": null}}, {"type": "Feature", "geometry": {"type": "Point", "coordinates": [127.089574, 37.53155]}, "properties": {"shelter_id": "OBJ021121500000012", "name": "광진중학교 운동장", "sido": "서울특별시", "sigungu": "광진구", "emd": "자양동", "road_name": "자양로4길", "capacity": null}}, {"type": "Feature", "geometry": {"type": "Point", "coordinates": [127.089671, 37.532793]}, "properties": {"shelter_id": "OBJ021121500000013", "name": "성동초등학교 운동장", "sido": "서울특별시", "sigungu": "광진구", "emd": "자양동", "road_name": "자양로4길", "capacity": null}}, {"type": "Feature", "geometry": {"type": "Point", "coordinates": [127.071271, 37.544165]}, "properties": {"shelter_id": "OBJ021121500000015", "name": "화양초등학교 운동장", "sido": "서울특별시", "sigungu": "광진구", "emd": "화양동", "road_name": "군자로", "capacity": null}}, {"type": "Feature", "geometry": {"type": "Point", "coordinates": [128.643336, 35.820967]}, "properties": {"shelter_id": "OBJ022726000000115", "name": "보성어린이공원", "sido": "대구광역시", "sigungu": "수성구", "emd": "범물동", "road_name": "지범로39길", "capacity": null}}, {"type": "Feature", "geometry": {"type": "Point", "coordinates": [128.646247, 35.820756]}, "properties": {"shelter_id": "OBJ022726000000116", "name": "용지어린이공원", "sido": "대구광역시", "sigungu": "수성구", "emd": "범물동", "road_name": "지범로41길", "capacity": null}}, {"type": "Feature", "geometry": {"type": "Point", "coordinates": [128.648245, 35.815996]}, "properties": {"shelter_id": "OBJ022726000000118", "name": "배수지어린이공원", "sido": "대구광역시", "sigungu": "수성구", "emd": "범물동", "road_name": "범안로20길", "capacity": null}}, {"type": "Feature", "geometry": {"type": "Point", "coordinates": [128.638725, 35.817903]}, "properties": {"shelter_id": "OBJ022726000000119", "name": "중앙공원", "sido": "대구광역시", "sigungu": "수성구", "emd": "범물동", "road_name": "범안로3안길", "capacity": null}}, {"type": "Feature", "geometry": {"type": "Point", "coordinates": [128.639824, 35.814516]}, "properties": {"shelter_id": "OBJ022726000000120", "name": "관계지공원", "sido": "대구광역시", "sigungu": "수성구", "emd": "범물동", "road_name": "범안로4길", "capacity": null}}, {"type": "Feature", "geometry": {"type": "Point", "coordinates": [128.644226, 35.817201]}, "properties": {"shelter_id": "OBJ022726000000121", "name": "범물어린이공원", "sido": "대구광역시", "sigungu": "수성구", "emd": "범물동", "road_name": "지범로46길", "capacity": null}}, {"type": "Feature", "geometry": {"type": "Point", "coordinates": [128.706326, 35.836847]}, "properties": {"shelter_id": "OBJ022726000000122", "name": "천마공원", "sido": "대구광역시", "sigungu": "수성구", "emd": "신매동", "road_name": "고산로18길", "capacity": null}}, {"type": "Feature", "geometry": {"type": "Point", "coordinates": [128.705107, 35.833185]}, "properties": {"shelter_id": "OBJ022726000000126", "name": "두성공원", "sido": "대구광역시", "sigungu": "수성구", "emd": "신매동", "road_name": "고산로4길", "capacity": null}}, {"type": "Feature", "geometry": {"type": "Point", "coordinates": [128.705968, 35.836176]}, "properties": {"shelter_id": "OBJ022726000000123", "name": "청솔공원", "sido": "대구광역시", "sigungu": "수성구", "emd": "신매동", "road_name": "고산로12길", "capacity": null}}, {"type": "Feature", "geometry": {"type": "Point", "coordinates": [128.708143, 35.834099]}, "properties": {"shelter_id": "OBJ022726000000124", "name": "신기공원", "sido": "대구광역시", "sigungu": "수성구", "emd": "신매동", "road_name": "신매로8길", "capacity": null}}, {"type": "Feature", "geometry": {"type": "Point", "coordinates": [128.705456, 35.833866]}, "properties": {"shelter_id": "OBJ022726000000125", "name": "동서공원", "sido": "대구광역시", "sigungu": "수성구", "emd": "신매동", "road_name": "고산로12길", "capacity": null}}, {"type": "Feature", "geometry": {"type": "Point", "coordinates": [128.703597, 35.831284]}, "properties": {"shelter_id": "OBJ022726000000127", "name": "두리공원", "sido": "대구광역시", "sigungu": "수성구", "emd": "신매동", "road_name": "고산로4안길", "capacity": null}}, {"type": "Feature", "geometry": {"type": "Point", "coordinates": [128.694829, 35.844403]}, "properties": {"shelter_id": "OBJ022726000000128", "name": "고산공원", "sido": "대구광역시", "sigungu": "수성구", "emd": "시지동", "road_name": "천을로8길", "capacity": null}}, {"type": "Feature", "geometry": {"type": "Point", "coordinates": [128.696508, 35.837311]}, "properties": {"shelter_id": "OBJ022726000000130", "name": "미진공원", "sido": "대구광역시", "sigungu": "수성구", "emd": "시지동", "road_name": "시지로", "capacity": null}}, {"type": "Feature", "geometry": {"type": "Point", "coordinates": [128.698968, 35.838745]}, "properties": {"shelter_id": "OBJ022726000000131", "name": "노변공원", "sido": "대구광역시", "sigungu": "수성구", "emd": "시지동", "road_name": "노변공원로7길", "capacity": null}}, {"type": "Feature", "geometry": {"type": "Point", "coordinates": [128.697499, 35.840832]}, "properties": {"shelter_id": "OBJ022726000000132", "name": "전원공원", "sido": "대구광역시", "sigungu": "수성구", "emd": "시지동", "road_name": "달구벌대로622길", "capacity": null}}, {"type": "Feature", "geometry": {"type": "Point", "coordinates": [128.707601, 35.843259]}, "properties": {"shelter_id": "OBJ022726000000133", "name": "삼각어린이공원", "sido": "대구광역시", "sigungu": "수성구", "emd": "매호동", "road_name": "달구벌대로637길", "capacity": null}}, {"type": "Feature", "geometry": {"type": "Point", "coordinates": [128.705803, 35.84127]}, "properties": {"shelter_id": "OBJ022726000000134", "name": "누리어린이공원", "sido": "대구광역시", "sigungu": "수성구", "emd": "매호동", "road_name": "고산로", "capacity": null}}, {"type": "Feature", "geometry": {"type": "Point", "coordinates": [128.700011, 35.84321]}, "properties": {"shelter_id": "OBJ022726000000135", "name": "나래어린이공원", "sido": "대구광역시", "sigungu": "수성구", "emd": "매호동", "road_name": "달구벌대로627길", "capacity": null}}, {"type": "Feature", "geometry": {"type": "Point", "coordinates": [128.721682, 35.837675]}, "properties": {"shelter_id": "OBJ022726000000136", "name": "사월공원", "sido": "대구광역시", "sigungu": "수성구", "emd": "사월동", "road_name": "달구벌대로669길", "capacity": null}}, {"type": "Feature", "geometry": {"type": "Point", "coordinates": [128.712648, 35.83669]}, "properties": {"shelter_id": "OBJ022726000000138", "name": "신매공영주차장", "sido": "대구광역시", "sigungu": "수성구", "emd": "신매동", "road_name": "달구벌대로", "capacity": null}}, {"type": "Feature", "geometry": {"type": "Point", "coordinates": [128.616717, 35.81159]}, "properties": {"shelter_id": "OBJ022726000000139", "name": "파동문화센터북편개활지", "sido": "대구광역시", "sigungu": "수성구", "emd": "파동", "road_name": "파동로3길", "capacity": null}}, {"type": "Feature", "geometry": {"type": "Point", "coordinates": [126.957209, 37.556339]}, "properties": {"shelter_id": "OBJ021144000000005", "name": "아현중학교 운동장", "sido": "서울특별시", "sigungu": "마포구", "emd": "아현동", "road_name": "마포대로", "capacity": null}}, {"type": "Feature", "geometry": {"type": "Point", "coordinates": [126.943754, 37.548333]}, "properties": {"shelter_id": "OBJ021144000000007", "name": "용강초등학교 운동장", "sido": "서울특별시", "sigungu": "마포구", "emd": "대흥동", "road_name": "백범로17길", "capacity": null}}, {"type": "Feature", "geometry": {"type": "Point", "coordinates": [126.949654, 37.537973]}, "properties": {"shelter_id": "OBJ021144000000006", "name": "마포초등학교 운동장", "sido": "서울특별시", "sigungu": "마포구", "emd": "도화동", "road_name": "도화2길", "capacity": null}}, {"type": "Feature", "geometry": {"type": "Point", "coordinates": [126.924799, 37.554708]}, "properties": {"shelter_id": "OBJ021144000000018", "name": "서교초등학교 운동장", "sido": "서울특별시", "sigungu": "마포구", "emd": "서교동", "road_name": "와우산로23길", "capacity": null}}, {"type": "Feature", "geometry": {"type": "Point", "coordinates": [126.915715, 37.547178]}, "properties": {"shelter_id": "OBJ021144000000019", "name": "성산중학교 운동장", "sido": "서울특별시", "sigungu": "마포구", "emd": "합정동", "road_name": "성지1길", "capacity": null}}, {"type": "Feature", "geometry": {"type": "Point", "coordinates": [126.902796, 37.557802]}, "properties": {"shelter_id": "OBJ021144000000021", "name": "동교초등학교 운동장", "sido": "서울특별시", "sigungu": "마포구", "emd": "망원동", "road_name": "월드컵로29길", "capacity": null}}, {"type": "Feature", "geometry": {"type": "Point", "coordinates": [126.951264, 37.54495]}, "properties": {"shelter_id": "OBJ021144000000036", "name": "공덕역어린이공원", "sido": "서울특별시", "sigungu": "마포구", "emd": "공덕동", "road_name": "마포대로", "capacity": null}}, {"type": "Feature", "geometry": {"type": "Point", "coordinates": [126.867675, 35.186987]}, "properties": {"shelter_id": "OBJ022917000000002", "name": "동림초등학교 운동장", "sido": "광주광역시", "sigungu": "북구", "emd": "동림동", "road_name": "동림용산로", "capacity": null}}, {"type": "Feature", "geometry": {"type": "Point", "coordinates": [126.884601, 35.174667]}, "properties": {"shelter_id": "OBJ022917000000027", "name": "광주동운초등학교 운동장", "sido": "광주광역시", "sigungu": "북구", "emd": "운암동", "road_name": "북문대로8번길", "capacity": null}}, {"type": "Feature", "geometry": {"type": "Point", "coordinates": [126.928193, 35.167427]}, "properties": {"shelter_id": "OBJ022917000000003", "name": "광주풍향초등학교 운동장", "sido": "광주광역시", "sigungu": "북구", "emd": "두암동", "road_name": "두방길", "capacity": null}}, {"type": "Feature", "geometry": {"type": "Point", "coordinates": [126.934112, 35.169138]}, "properties": {"shelter_id": "OBJ022917000000004", "name": "두암초등학교 운동장", "sido": "광주광역시", "sigungu": "북구", "emd": "두암동", "road_name": "참판로", "capacity": null}}, {"type": "Feature", "geometry": {"type": "Point", "coordinates": [126.906907, 35.156453]}, "properties": {"shelter_id": "OBJ022917000000013", "name": "광주수창초등학교 운동장", "sido": "광주광역시", "sigungu": "북구", "emd": "북동", "road_name": "금남로", "capacity": null}}, {"type": "Feature", "geometry": {"type": "Point", "coordinates": [126.922736, 35.178321]}, "properties": {"shelter_id": "OBJ022917000000024", "name": "무등초등학교 운동장", "sido": "광주광역시", "sigungu": "북구", "emd": "우산동", "road_name": "면앙로", "capacity": null}}, {"type": "Feature", "geometry": {"type": "Point", "coordinates": [126.872831, 35.173324]}, "properties": {"shelter_id": "OBJ022917000000025", "name": "대자초등학교 운동장", "sido": "광주광역시", "sigungu": "북구", "emd": "운암동", "road_name": "대자로", "capacity": null}}, {"type": "Feature", "geometry": {"type": "Point", "coordinates": [126.871104, 35.18008]}, "properties": {"shelter_id": "OBJ022917000000026", "name": "광주운암초등학교 운동장", "sido": "광주광역시", "sigungu": "북구", "emd": "운암동", "road_name": "서강로", "capacity": null}}, {"type": "Feature", "geometry": {"type": "Point", "coordinates": [126.898461, 35.211661]}, "properties": {"shelter_id": "OBJ022917000000030", "name": "서일초등학교 운동장", "sido": "광주광역시", "sigungu": "북구", "emd": "일곡동", "road_name": "설죽로", "capacity": null}}, {"type": "Feature", "geometry": {"type": "Point", "coordinates": [126.916255, 35.18546]}, "properties": {"shelter_id": "OBJ022917000000034", "name": "문우초등학교 운동장", "sido": "광주광역시", "sigungu": "북구", "emd": "오치동", "road_name": "송월로20번길", "capacity": null}}, {"type": "Feature", "geometry": {"type": "Point", "coordinates": [126.920786, 35.183697]}, "properties": {"shelter_id": "OBJ022917000000008", "name": "문흥중앙초등학교 운동장", "sido": "광주광역시", "sigungu": "북구", "emd": "문흥동", "road_name": "문산로", "capacity": null}}, {"type": "Feature", "geometry": {"type": "Point", "coordinates": [126.914567, 35.180513]}, "properties": {"shelter_id": "OBJ022917000000009", "name": "문흥초등학교운동장", "sido": "광주광역시", "sigungu": "북구", "emd": "문흥동", "road_name": "효산로20번길", "capacity": null}}, {"type": "Feature", "geometry": {"type": "Point", "coordinates": [126.921353, 35.188796]}, "properties": {"shelter_id": "OBJ022917000000011", "name": "문정초등학교 운동장", "sido": "광주광역시", "sigungu": "북구", "emd": "문흥동", "road_name": "대천로169번길", "capacity": null}}, {"type": "Feature", "geometry": {"type": "Point", "coordinates": [126.828281, 35.187564]}, "properties": {"shelter_id": "OBJ022920000000021", "name": "은빛초등학교 운동장", "sido": "광주광역시", "sigungu": "광산구", "emd": "수완동", "road_name": "수완로", "capacity": null}}, {"type": "Feature", "geometry": {"type": "Point", "coordinates": [126.824145, 35.197462]}, "properties": {"shelter_id": "OBJ022920000000022", "name": "수완초등학교  운동장", "sido": "광주광역시", "sigungu": "광산구", "emd": "수완동", "road_name": "장덕로137번길", "capacity": null}}, {"type": "Feature", "geometry": {"type": "Point", "coordinates": [126.796069, 35.140849]}, "properties": {"shelter_id": "OBJ022920000000001", "name": "송정중학교 운동장", "sido": "광주광역시", "sigungu": "광산구", "emd": "송정동", "road_name": "광산로45번길", "capacity": null}}, {"type": "Feature", "geometry": {"type": "Point", "coordinates": [126.79478, 35.147464]}, "properties": {"shelter_id": "OBJ022920000000005", "name": "송정중앙초등학교 운동장", "sido": "광주광역시", "sigungu": "광산구", "emd": "소촌동", "road_name": "어등대로653번길", "capacity": null}}, {"type": "Feature", "geometry": {"type": "Point", "coordinates": [126.833557, 35.217142]}, "properties": {"shelter_id": "OBJ022920000000026", "name": "응암공원", "sido": "광주광역시", "sigungu": "광산구", "emd": "월계동", "road_name": "임방울대로", "capacity": null}}, {"type": "Feature", "geometry": {"type": "Point", "coordinates": [126.793746, 35.191942]}, "properties": {"shelter_id": "OBJ022920000000023", "name": "하남공원", "sido": "광주광역시", "sigungu": "광산구", "emd": "하남동", "road_name": "손재로287번길", "capacity": null}}, {"type": "Feature", "geometry": {"type": "Point", "coordinates": [126.8057, 35.169245]}, "properties": {"shelter_id": "OBJ022920000000024", "name": "산정공원", "sido": "광주광역시", "sigungu": "광산구", "emd": "월곡동", "road_name": "산정로", "capacity": null}}, {"type": "Feature", "geometry": {"type": "Point", "coordinates": [126.839019, 35.198403]}, "properties": {"shelter_id": "OBJ022920000000031", "name": "신창가족공원", "sido": "광주광역시", "sigungu": "광산구", "emd": "신창동", "road_name": "신창로", "capacity": null}}, {"type": "Feature", "geometry": {"type": "Point", "coordinates": [126.800301, 35.142978]}, "properties": {"shelter_id": "OBJ022920000000033", "name": "광주소프트웨어마이스터고등학교운", "sido": "광주광역시", "sigungu": "광산구", "emd": "송정동", "road_name": "광산로89번길", "capacity": null}}, {"type": "Feature", "geometry": {"type": "Point", "coordinates": [126.81616, 35.199018]}, "properties": {"shelter_id": "OBJ022920000000028", "name": "솔무공원", "sido": "광주광역시", "sigungu": "광산구", "emd": "장덕동", "road_name": "풍영로330번길", "capacity": null}}, {"type": "Feature", "geometry": {"type": "Point", "coordinates": [126.826173, 35.187944]}, "properties": {"shelter_id": "OBJ022920000000029", "name": "은빛공원", "sido": "광주광역시", "sigungu": "광산구", "emd": "수완동", "road_name": "수완로11번안길", "capacity": null}}, {"type": "Feature", "geometry": {"type": "Point", "coordinates": [126.813106, 35.188138]}, "properties": {"shelter_id": "OBJ022920000000030", "name": "장덕공원", "sido": "광주광역시", "sigungu": "광산구", "emd": "장덕동", "road_name": "풍영로", "capacity": null}}, {"type": "Feature", "geometry": {"type": "Point", "coordinates": [126.700664, 35.1638]}, "properties": {"shelter_id": "OBJ022920000000035", "name": "삼도초등학교운동장", "sido": "광주광역시", "sigungu": "광산구", "emd": "도덕동", "road_name": "용진로", "capacity": null}}, {"type": "Feature", "geometry": {"type": "Point", "coordinates": [126.767954, 35.132353]}, "properties": {"shelter_id": "OBJ022920000000032", "name": "월전공원", "sido": "광주광역시", "sigungu": "광산구", "emd": "장록동", "road_name": "평동산단3번로", "capacity": null}}, {"type": "Feature", "geometry": {"type": "Point", "coordinates": [126.792111, 35.125957]}, "properties": {"shelter_id": "OBJ022920000000034", "name": "도산초등학교운동장", "sido": "광주광역시", "sigungu": "광산구", "emd": "도산동", "road_name": "송정외로", "capacity": null}}, {"type": "Feature", "geometry": {"type": "Point", "coordinates": [127.444495, 36.325241]}, "properties": {"shelter_id": "OBJ023011000000001", "name": "충남중학교 운동장", "sido": "대전광역시", "sigungu": "동구", "emd": "신흥동", "road_name": "계족로", "capacity": null}}, {"type": "Feature", "geometry": {"type": "Point", "coordinates": [127.440014, 36.325176]}, "properties": {"shelter_id": "OBJ023011000000002", "name": "신흥초등학교 운동장", "sido": "대전광역시", "sigungu": "동구", "emd": "신흥동", "road_name": "동대전로46번길", "capacity": null}}, {"type": "Feature", "geometry": {"type": "Point", "coordinates": [127.448664, 36.329392]}, "properties": {"shelter_id": "OBJ023011000000008", "name": "한밭여자중학교 운동장", "sido": "대전광역시", "sigungu": "동구", "emd": "대동", "road_name": "동대전로110번길", "capacity": null}}, {"type": "Feature", "geometry": {"type": "Point", "coordinates": [126.908277, 37.475794]}, "properties": {"shelter_id": "OBJ021154500000025", "name": "문성중학교운동장", "sido": "서울특별시", "sigungu": "금천구", "emd": "독산동", "road_name": "독산로102길", "capacity": null}}, {"type": "Feature", "geometry": {"type": "Point", "coordinates": [126.89921, 37.474354]}, "properties": {"shelter_id": "OBJ021154500000027", "name": "문성초등학교운동장", "sido": "서울특별시", "sigungu": "금천구", "emd": "독산동", "road_name": "시흥대로", "capacity": null}}, {"type": "Feature", "geometry": {"type": "Point", "coordinates": [126.906352, 37.465662]}, "properties": {"shelter_id": "OBJ021154500000009", "name": "정훈어린이 공원", "sido": "서울특별시", "sigungu": "금천구", "emd": "독산동", "road_name": "독산로58길", "capacity": null}}, {"type": "Feature", "geometry": {"type": "Point", "coordinates": [126.901042, 37.46296]}, "properties": {"shelter_id": "OBJ021154500000010", "name": "무지개어린이공원", "sido": "서울특별시", "sigungu": "금천구", "emd": "독산동", "road_name": "시흥대로90길", "capacity": null}}, {"type": "Feature", "geometry": {"type": "Point", "coordinates": [126.896296, 37.45776]}, "properties": {"shelter_id": "OBJ021154500000002", "name": "금나래초등학교 운동장", "sido": "서울특별시", "sigungu": "금천구", "emd": "독산동", "road_name": "시흥대로77길", "capacity": null}}, {"type": "Feature", "geometry": {"type": "Point", "coordinates": [126.889878, 37.453059]}, "properties": {"shelter_id": "OBJ021154500000005", "name": "철쭉어린이공원", "sido": "서울특별시", "sigungu": "금천구", "emd": "독산동", "road_name": "금하로1마길", "capacity": null}}, {"type": "Feature", "geometry": {"type": "Point", "coordinates": [126.904169, 37.459033]}, "properties": {"shelter_id": "OBJ021154500000016", "name": "새재미공원", "sido": "서울특별시", "sigungu": "금천구", "emd": "시흥동", "road_name": "시흥대로68길", "capacity": null}}, {"type": "Feature", "geometry": {"type": "Point", "coordinates": [126.903982, 37.470896]}, "properties": {"shelter_id": "OBJ021154500000018", "name": "쌈지어린이공원", "sido": "서울특별시", "sigungu": "금천구", "emd": "독산동", "road_name": "독산로76길", "capacity": null}}, {"type": "Feature", "geometry": {"type": "Point", "coordinates": [126.904552, 37.467725]}, "properties": {"shelter_id": "OBJ021154500000019", "name": "한사랑어린이공원", "sido": "서울특별시", "sigungu": "금천구", "emd": "독산동", "road_name": "독산로70라길", "capacity": null}}, {"type": "Feature", "geometry": {"type": "Point", "coordinates": [126.910478, 37.460673]}, "properties": {"shelter_id": "OBJ021154500000024", "name": "효봉어린이공원", "sido": "서울특별시", "sigungu": "금천구", "emd": "시흥동", "road_name": "독산로50다길", "capacity": null}}, {"type": "Feature", "geometry": {"type": "Point", "coordinates": [126.912529, 37.460913]}, "properties": {"shelter_id": "OBJ021154500000030", "name": "산장어린이공원", "sido": "서울특별시", "sigungu": "금천구", "emd": "시흥동", "road_name": "독산로50마길", "capacity": null}}, {"type": "Feature", "geometry": {"type": "Point", "coordinates": [126.904409, 37.452768]}, "properties": {"shelter_id": "OBJ021154500000031", "name": "금빛공원", "sido": "서울특별시", "sigungu": "금천구", "emd": "시흥동", "road_name": "금하로16길", "capacity": null}}, {"type": "Feature", "geometry": {"type": "Point", "coordinates": [126.912119, 37.509345]}, "properties": {"shelter_id": "OBJ021156000000019", "name": "우신초등학교 운동장", "sido": "서울특별시", "sigungu": "영등포구", "emd": "신길동", "road_name": "신길로42가길", "capacity": null}}, {"type": "Feature", "geometry": {"type": "Point", "coordinates": [127.435696, 36.453734]}, "properties": {"shelter_id": "OBJ023023000000009", "name": "신탄진용정초등학교 운동장", "sido": "대전광역시", "sigungu": "대덕구", "emd": "신탄진동", "road_name": "대청로", "capacity": null}}, {"type": "Feature", "geometry": {"type": "Point", "coordinates": [127.422532, 36.448638]}, "properties": {"shelter_id": "OBJ023023000000007", "name": "신탄진초등학교  운동장", "sido": "대전광역시", "sigungu": "대덕구", "emd": "석봉동", "road_name": "석봉북로9번길", "capacity": null}}, {"type": "Feature", "geometry": {"type": "Point", "coordinates": [126.90098, 37.56058]}, "properties": {"shelter_id": "OBJ021144000000022", "name": "망원초등학교 운동장", "sido": "서울특별시", "sigungu": "마포구", "emd": "망원동", "road_name": "방울내로9안길", "capacity": null}}, {"type": "Feature", "geometry": {"type": "Point", "coordinates": [126.919463, 37.563114]}, "properties": {"shelter_id": "OBJ021144000000024", "name": "경성고등학교 운동장", "sido": "서울특별시", "sigungu": "마포구", "emd": "연남동", "road_name": "성미산로", "capacity": null}}, {"type": "Feature", "geometry": {"type": "Point", "coordinates": [126.908672, 37.563003]}, "properties": {"shelter_id": "OBJ021144000000025", "name": "성서중학교 운동장", "sido": "서울특별시", "sigungu": "마포구", "emd": "성산동", "road_name": "성산로4길", "capacity": null}}, {"type": "Feature", "geometry": {"type": "Point", "coordinates": [126.911365, 37.566577]}, "properties": {"shelter_id": "OBJ021144000000030", "name": "중동초등학교 운동장", "sido": "서울특별시", "sigungu": "마포구", "emd": "성산동", "road_name": "월드컵북로", "capacity": null}}, {"type": "Feature", "geometry": {"type": "Point", "coordinates": [126.904412, 37.56711]}, "properties": {"shelter_id": "OBJ021144000000031", "name": "성원초등학교 운동장", "sido": "서울특별시", "sigungu": "마포구", "emd": "성산동", "road_name": "월드컵로36길", "capacity": null}}, {"type": "Feature", "geometry": {"type": "Point", "coordinates": [126.949253, 37.553312]}, "properties": {"shelter_id": "OBJ021144000000010", "name": "한서초등학교 운동장", "sido": "서울특별시", "sigungu": "마포구", "emd": "염리동", "road_name": "대흥로24바길", "capacity": null}}, {"type": "Feature", "geometry": {"type": "Point", "coordinates": [126.954643, 37.548506]}, "properties": {"shelter_id": "OBJ021144000000003", "name": "공덕소공원(법원및쉼터)", "sido": "서울특별시", "sigungu": "마포구", "emd": "공덕동", "road_name": "마포대로", "capacity": null}}, {"type": "Feature", "geometry": {"type": "Point", "coordinates": [126.956893, 37.555252]}, "properties": {"shelter_id": "OBJ021144000000004", "name": "아현초등학교 운동장", "sido": "서울특별시", "sigungu": "마포구", "emd": "아현동", "road_name": "굴레방로", "capacity": null}}, {"type": "Feature", "geometry": {"type": "Point", "coordinates": [126.939474, 37.554551]}, "properties": {"shelter_id": "OBJ021144000000008", "name": "창천초등학교 운동장", "sido": "서울특별시", "sigungu": "마포구", "emd": "노고산동", "road_name": "고산길", "capacity": null}}, {"type": "Feature", "geometry": {"type": "Point", "coordinates": [126.931048, 37.545313]}, "properties": {"shelter_id": "OBJ021144000000015", "name": "서강나루공원", "sido": "서울특별시", "sigungu": "마포구", "emd": "구수동", "road_name": "창전로", "capacity": null}}, {"type": "Feature", "geometry": {"type": "Point", "coordinates": [126.925313, 37.548984]}, "properties": {"shelter_id": "OBJ021144000000016", "name": "와우어린이공원", "sido": "서울특별시", "sigungu": "마포구", "emd": "상수동", "road_name": "독막로19길", "capacity": null}}, {"type": "Feature", "geometry": {"type": "Point", "coordinates": [126.930342, 37.55209]}, "properties": {"shelter_id": "OBJ021144000000017", "name": "와우근린공원", "sido": "서울특별시", "sigungu": "마포구", "emd": "창전동", "road_name": "와우산로30길", "capacity": null}}, {"type": "Feature", "geometry": {"type": "Point", "coordinates": [126.898532, 37.557649]}, "properties": {"shelter_id": "OBJ021144000000023", "name": "쌈지마당", "sido": "서울특별시", "sigungu": "마포구", "emd": "망원동", "road_name": "방울내로", "capacity": null}}, {"type": "Feature", "geometry": {"type": "Point", "coordinates": [126.912582, 37.561627]}, "properties": {"shelter_id": "OBJ021144000000026", "name": "성미산공원(성산근린공원)", "sido": "서울특별시", "sigungu": "마포구", "emd": "성산동", "road_name": "월드컵북로15길", "capacity": null}}, {"type": "Feature", "geometry": {"type": "Point", "coordinates": [126.907718, 37.562783]}, "properties": {"shelter_id": "OBJ021144000000027", "name": "외주목어린이공원", "sido": "서울특별시", "sigungu": "마포구", "emd": "성산동", "road_name": "월드컵로32길", "capacity": null}}, {"type": "Feature", "geometry": {"type": "Point", "coordinates": [126.915393, 37.562493]}, "properties": {"shelter_id": "OBJ021144000000028", "name": "다솜어린이공원", "sido": "서울특별시", "sigungu": "마포구", "emd": "성산동", "road_name": "월드컵북로12길", "capacity": null}}, {"type": "Feature", "geometry": {"type": "Point", "coordinates": [126.908222, 37.567731]}, "properties": {"shelter_id": "OBJ021144000000029", "name": "큰길어린이공원", "sido": "서울특별시", "sigungu": "마포구", "emd": "성산동", "road_name": "월드컵북로", "capacity": null}}, {"type": "Feature", "geometry": {"type": "Point", "coordinates": [126.88251, 37.579369]}, "properties": {"shelter_id": "OBJ021144000000032", "name": "상지초등학교 운동장", "sido": "서울특별시", "sigungu": "마포구", "emd": "상암동", "road_name": "월드컵로42길", "capacity": null}}, {"type": "Feature", "geometry": {"type": "Point", "coordinates": [126.900611, 35.200014]}, "properties": {"shelter_id": "OBJ022917000000014", "name": "삼각초등학교 운동장", "sido": "광주광역시", "sigungu": "북구", "emd": "삼각동", "road_name": "송해로", "capacity": null}}, {"type": "Feature", "geometry": {"type": "Point", "coordinates": [126.900626, 35.168951]}, "properties": {"shelter_id": "OBJ022917000000015", "name": "광주용봉초등학교 운동장", "sido": "광주광역시", "sigungu": "북구", "emd": "신안동", "road_name": "자미로23번길", "capacity": null}}, {"type": "Feature", "geometry": {"type": "Point", "coordinates": [126.871404, 35.206777]}, "properties": {"shelter_id": "OBJ022917000000017", "name": "광주양산초등학교 운동장", "sido": "광주광역시", "sigungu": "북구", "emd": "양산동", "road_name": "연양로", "capacity": null}}, {"type": "Feature", "geometry": {"type": "Point", "coordinates": [126.904472, 35.188486]}, "properties": {"shelter_id": "OBJ022917000000019", "name": "광주서산초등학교 운동장", "sido": "광주광역시", "sigungu": "북구", "emd": "오치동", "road_name": "우치로257번길", "capacity": null}}, {"type": "Feature", "geometry": {"type": "Point", "coordinates": [126.912006, 35.185566]}, "properties": {"shelter_id": "OBJ022917000000020", "name": "오정초등학교 운동장", "sido": "광주광역시", "sigungu": "북구", "emd": "오치동", "road_name": "대천로", "capacity": null}}, {"type": "Feature", "geometry": {"type": "Point", "coordinates": [126.899232, 35.181223]}, "properties": {"shelter_id": "OBJ022917000000021", "name": "용주초등학교 운동장", "sido": "광주광역시", "sigungu": "북구", "emd": "용봉동", "road_name": "용주로", "capacity": null}}, {"type": "Feature", "geometry": {"type": "Point", "coordinates": [126.892616, 35.175842]}, "properties": {"shelter_id": "OBJ022917000000022", "name": "태봉초등학교 운동장", "sido": "광주광역시", "sigungu": "북구", "emd": "용봉동", "road_name": "청계로", "capacity": null}}, {"type": "Feature", "geometry": {"type": "Point", "coordinates": [126.920279, 35.175463]}, "properties": {"shelter_id": "OBJ022917000000023", "name": "광주우산초등학교 운동장", "sido": "광주광역시", "sigungu": "북구", "emd": "우산동", "road_name": "중문로30번길", "capacity": null}}, {"type": "Feature", "geometry": {"type": "Point", "coordinates": [126.899208, 35.162435]}, "properties": {"shelter_id": "OBJ022917000000032", "name": "광주서림초등학교 운동장", "sido": "광주광역시", "sigungu": "북구", "emd": "임동", "road_name": "서림로", "capacity": null}}, {"type": "Feature", "geometry": {"type": "Point", "coordinates": [126.925377, 35.16412]}, "properties": {"shelter_id": "OBJ022917000000033", "name": "광주교육대학교 부설초등학교 운동장", "sido": "광주광역시", "sigungu": "북구", "emd": "풍향동", "road_name": "필문대로", "capacity": null}}, {"type": "Feature", "geometry": {"type": "Point", "coordinates": [126.964987, 35.171968]}, "properties": {"shelter_id": "OBJ022917000000038", "name": "청풍야영장 운동장", "sido": "광주광역시", "sigungu": "북구", "emd": "청풍동", "road_name": "석곡로", "capacity": null}}, {"type": "Feature", "geometry": {"type": "Point", "coordinates": [127.331712, 37.303236]}, "properties": {"shelter_id": "OBJ024161000000010", "name": "도척초등학교 운동장", "sido": "경기도", "sigungu": "광주시", "emd": "도척면", "road_name": "노곡로", "capacity": null}}, {"type": "Feature", "geometry": {"type": "Point", "coordinates": [127.242312, 37.370953]}, "properties": {"shelter_id": "OBJ024161000000041", "name": "오포 공설운동장", "sido": "경기도", "sigungu": "광주시", "emd": "오포읍", "road_name": "양촌길", "capacity": null}}, {"type": "Feature", "geometry": {"type": "Point", "coordinates": [127.252017, 37.415292]}, "properties": {"shelter_id": "OBJ024161000000047", "name": "광주 공설운동장", "sido": "경기도", "sigungu": "광주시", "emd": "경안동", "road_name": "파발로", "capacity": null}}, {"type": "Feature", "geometry": {"type": "Point", "coordinates": [127.254583, 37.4091]}, "properties": {"shelter_id": "OBJ024161000000020", "name": "광주중학교 운동장", "sido": "경기도", "sigungu": "광주시", "emd": "경안동", "road_name": "문화로", "capacity": null}}, {"type": "Feature", "geometry": {"type": "Point", "coordinates": [127.257285, 37.402144]}, "properties": {"shelter_id": "OBJ024161000000021", "name": "광주중앙고 운동장", "sido": "경기도", "sigungu": "광주시", "emd": "역동", "road_name": "역동로63번길", "capacity": null}}, {"type": "Feature", "geometry": {"type": "Point", "coordinates": [127.160763, 37.359268]}, "properties": {"shelter_id": "OBJ024161000000003", "name": "광주광명초등학교 운동장", "sido": "경기도", "sigungu": "광주시", "emd": "오포읍", "road_name": "문형산길", "capacity": null}}, {"type": "Feature", "geometry": {"type": "Point", "coordinates": [127.30018, 37.370523]}, "properties": {"shelter_id": "OBJ024161000000005", "name": "도곡초등학교 운동장", "sido": "경기도", "sigungu": "광주시", "emd": "초월읍", "road_name": "도곡길22번길", "capacity": null}}, {"type": "Feature", "geometry": {"type": "Point", "coordinates": [127.289356, 37.395936]}, "properties": {"shelter_id": "OBJ024161000000006", "name": "도평초등학교 운동장", "sido": "경기도", "sigungu": "광주시", "emd": "초월읍", "road_name": "현산로", "capacity": null}}, {"type": "Feature", "geometry": {"type": "Point", "coordinates": [128.532666, 35.853661]}, "properties": {"shelter_id": "OBJ022729000000155", "name": "용산중학교 운동장", "sido": "대구광역시", "sigungu": "달서구", "emd": "용산동", "road_name": "와룡로45길", "capacity": null}}, {"type": "Feature", "geometry": {"type": "Point", "coordinates": [128.518925, 35.857454]}, "properties": {"shelter_id": "OBJ022729000000157", "name": "성산초등학교 운동장", "sido": "대구광역시", "sigungu": "달서구", "emd": "용산동", "road_name": "선원남로", "capacity": null}}, {"type": "Feature", "geometry": {"type": "Point", "coordinates": [128.518708, 35.856189]}, "properties": {"shelter_id": "OBJ022729000000158", "name": "성산중학교 운동장", "sido": "대구광역시", "sigungu": "달서구", "emd": "용산동", "road_name": "선원남로", "capacity": null}}, {"type": "Feature", "geometry": {"type": "Point", "coordinates": [128.518645, 35.852743]}, "properties": {"shelter_id": "OBJ022729000000159", "name": "성지초등학교 운동장", "sido": "대구광역시", "sigungu": "달서구", "emd": "용산동", "road_name": "성지로", "capacity": null}}, {"type": "Feature", "geometry": {"type": "Point", "coordinates": [128.533153, 35.823745]}, "properties": {"shelter_id": "OBJ022729000000160", "name": "송일초등학교 운동장", "sido": "대구광역시", "sigungu": "달서구", "emd": "월성동", "road_name": "학산남로", "capacity": null}}, {"type": "Feature", "geometry": {"type": "Point", "coordinates": [128.522132, 35.828195]}, "properties": {"shelter_id": "OBJ022729000000161", "name": "월암초등학교 운동장", "sido": "대구광역시", "sigungu": "달서구", "emd": "월성동", "road_name": "조암로6길", "capacity": null}}, {"type": "Feature", "geometry": {"type": "Point", "coordinates": [128.519089, 35.816605]}, "properties": {"shelter_id": "OBJ022729000000167", "name": "한샘초등학교 운동장", "sido": "대구광역시", "sigungu": "달서구", "emd": "대천동", "road_name": "월배로11길", "capacity": null}}, {"type": "Feature", "geometry": {"type": "Point", "coordinates": [128.526477, 35.830719]}, "properties": {"shelter_id": "OBJ022729000000168", "name": "학산초등학교 운동장", "sido": "대구광역시", "sigungu": "달서구", "emd": "월성동", "road_name": "월성로", "capacity": null}}, {"type": "Feature", "geometry": {"type": "Point", "coordinates": [128.5319, 35.830559]}, "properties": {"shelter_id": "OBJ022729000000169", "name": "월성초등학교 운동장", "sido": "대구광역시", "sigungu": "달서구", "emd": "월성동", "road_name": "월성로", "capacity": null}}, {"type": "Feature", "geometry": {"type": "Point", "coordinates": [128.533159, 35.834755]}, "properties": {"shelter_id": "OBJ022729000000170", "name": "감천초등학교 운동장", "sido": "대구광역시", "sigungu": "달서구", "emd": "월성동", "road_name": "구마로12길", "capacity": null}}, {"type": "Feature", "geometry": {"type": "Point", "coordinates": [128.525466, 35.831904]}, "properties": {"shelter_id": "OBJ022729000000172", "name": "학산중학교 운동장", "sido": "대구광역시", "sigungu": "달서구", "emd": "월성동", "road_name": "월곡로94길", "capacity": null}}, {"type": "Feature", "geometry": {"type": "Point", "coordinates": [128.519633, 35.810696]}, "properties": {"shelter_id": "OBJ022729000000174", "name": "진천초등학교 운동장", "sido": "대구광역시", "sigungu": "달서구", "emd": "진천동", "road_name": "진천로3길", "capacity": null}}, {"type": "Feature", "geometry": {"type": "Point", "coordinates": [128.17905, 38.075197]}, "properties": {"shelter_id": "OBJ024281000000001", "name": "인제초등학교", "sido": "강원도", "sigungu": "인제군", "emd": "인제읍", "road_name": "인제로277번길", "capacity": null}}, {"type": "Feature", "geometry": {"type": "Point", "coordinates": [128.169955, 38.06377]}, "properties": {"shelter_id": "OBJ024281000000002", "name": "인제남초등학교", "sido": "강원도", "sigungu": "인제군", "emd": "인제읍", "road_name": "비봉로44번길", "capacity": null}}, {"type": "Feature", "geometry": {"type": "Point", "coordinates": [127.013118, 37.565563]}, "properties": {"shelter_id": "OBJ021114000000009", "name": "성동글로벌경영고등학교 운동장", "sido": "서울특별시", "sigungu": "중구", "emd": "신당동", "road_name": "퇴계로71길", "capacity": null}}, {"type": "Feature", "geometry": {"type": "Point", "coordinates": [127.015156, 37.567232]}, "properties": {"shelter_id": "OBJ021114000000010", "name": "광희초등학교 운동장", "sido": "서울특별시", "sigungu": "중구", "emd": "신당동", "road_name": "마장로", "capacity": null}}, {"type": "Feature", "geometry": {"type": "Point", "coordinates": [127.016433, 37.568568]}, "properties": {"shelter_id": "OBJ021114000000011", "name": "성동공업고등학교 운동장", "sido": "서울특별시", "sigungu": "중구", "emd": "흥인동", "road_name": "마장로", "capacity": null}}, {"type": "Feature", "geometry": {"type": "Point", "coordinates": [126.963577, 37.556942]}, "properties": {"shelter_id": "OBJ021114000000001", "name": "아현녹지쉼터", "sido": "서울특별시", "sigungu": "마포구", "emd": "아현동", "road_name": "서소문로2길", "capacity": null}}, {"type": "Feature", "geometry": {"type": "Point", "coordinates": [127.014309, 37.560418]}, "properties": {"shelter_id": "OBJ021114000000015", "name": "흥인초등학교 운동장", "sido": "서울특별시", "sigungu": "중구", "emd": "신당동", "road_name": "청구로", "capacity": null}}, {"type": "Feature", "geometry": {"type": "Point", "coordinates": [126.964171, 37.54745]}, "properties": {"shelter_id": "OBJ021117000000005", "name": "청파초등학교 운동장", "sido": "서울특별시", "sigungu": "용산구", "emd": "청파동2가", "road_name": "효창원로86가길", "capacity": null}}, {"type": "Feature", "geometry": {"type": "Point", "coordinates": [127.014, 37.558303]}, "properties": {"shelter_id": "OBJ021114000000013", "name": "청구초등학교 운동장", "sido": "서울특별시", "sigungu": "중구", "emd": "신당동", "road_name": "청구로3길", "capacity": null}}, {"type": "Feature", "geometry": {"type": "Point", "coordinates": [127.020504, 37.558482]}, "properties": {"shelter_id": "OBJ021114000000014", "name": "금호여자중학교 운동장", "sido": "서울특별시", "sigungu": "중구", "emd": "신당동", "road_name": "청구로", "capacity": null}}, {"type": "Feature", "geometry": {"type": "Point", "coordinates": [126.96673, 37.556975]}, "properties": {"shelter_id": "OBJ021114000000016", "name": "경기여자상업고등학교 운동장", "sido": "서울특별시", "sigungu": "중구", "emd": "만리동1가", "road_name": "만리재로37길", "capacity": null}}, {"type": "Feature", "geometry": {"type": "Point", "coordinates": [126.964002, 37.556258]}, "properties": {"shelter_id": "OBJ021114000000017", "name": "봉래초등학교 운동장", "sido": "서울특별시", "sigungu": "중구", "emd": "만리동1가", "road_name": "만리재로37길", "capacity": null}}, {"type": "Feature", "geometry": {"type": "Point", "coordinates": [126.974735, 37.568898]}, "properties": {"shelter_id": "OBJ021114000000018", "name": "덕수초등학교 운동장", "sido": "서울특별시", "sigungu": "중구", "emd": "정동", "road_name": "덕수궁길", "capacity": null}}, {"type": "Feature", "geometry": {"type": "Point", "coordinates": [126.976699, 37.546965]}, "properties": {"shelter_id": "OBJ021117000000001", "name": "삼광초등학교 운동장", "sido": "서울특별시", "sigungu": "용산구", "emd": "후암동", "road_name": "후암로13길", "capacity": null}}, {"type": "Feature", "geometry": {"type": "Point", "coordinates": [126.961238, 37.540424]}, "properties": {"shelter_id": "OBJ021117000000002", "name": "금양초등학교 운동장", "sido": "서울특별시", "sigungu": "용산구", "emd": "효창동", "road_name": "효창원로", "capacity": null}}, {"type": "Feature", "geometry": {"type": "Point", "coordinates": [126.991693, 37.521354]}, "properties": {"shelter_id": "OBJ021117000000003", "name": "서빙고초등학교 운동장", "sido": "서울특별시", "sigungu": "용산구", "emd": "서빙고동", "road_name": "서빙고로51길", "capacity": null}}, {"type": "Feature", "geometry": {"type": "Point", "coordinates": [126.984397, 37.542795]}, "properties": {"shelter_id": "OBJ021117000000004", "name": "보성여중고등학교 운동장", "sido": "서울특별시", "sigungu": "용산구", "emd": "용산동2가", "road_name": "신흥로5길", "capacity": null}}, {"type": "Feature", "geometry": {"type": "Point", "coordinates": [126.412391, 37.447907]}, "properties": {"shelter_id": "OBJ022811000000025", "name": "용유중학교 운동장", "sido": "인천광역시", "sigungu": "중구", "emd": "남북동", "road_name": "남북로87번길", "capacity": null}}, {"type": "Feature", "geometry": {"type": "Point", "coordinates": [126.530225, 37.489756]}, "properties": {"shelter_id": "OBJ022811000000022", "name": "운남초등학교 운동장", "sido": "인천광역시", "sigungu": "중구", "emd": "운남동", "road_name": "운남서로", "capacity": null}}, {"type": "Feature", "geometry": {"type": "Point", "coordinates": [126.553373, 37.488351]}, "properties": {"shelter_id": "OBJ022811000000020", "name": "영종초등학교 운동장", "sido": "인천광역시", "sigungu": "중구", "emd": "중산동", "road_name": "하늘달빛로", "capacity": null}}, {"type": "Feature", "geometry": {"type": "Point", "coordinates": [126.511887, 37.483389]}, "properties": {"shelter_id": "OBJ022811000000021", "name": "운서초등학교 운동장", "sido": "인천광역시", "sigungu": "중구", "emd": "운서동", "road_name": "운서2로", "capacity": null}}, {"type": "Feature", "geometry": {"type": "Point", "coordinates": [126.485749, 37.498776]}, "properties": {"shelter_id": "OBJ022811000000017", "name": "삼목초등학교 운동장", "sido": "인천광역시", "sigungu": "중구", "emd": "운서동", "road_name": "신도시북로", "capacity": null}}, {"type": "Feature", "geometry": {"type": "Point", "coordinates": [126.484567, 37.497402]}, "properties": {"shelter_id": "OBJ022811000000018", "name": "인천공항중학교 운동장", "sido": "인천광역시", "sigungu": "중구", "emd": "운서동", "road_name": "영종대로27번길", "capacity": null}}, {"type": "Feature", "geometry": {"type": "Point", "coordinates": [126.425481, 37.390359]}, "properties": {"shelter_id": "OBJ022811000000026", "name": "용유초등학교 무의분교장 운동장", "sido": "인천광역시", "sigungu": "중구", "emd": "무의동", "road_name": "대무의로", "capacity": null}}, {"type": "Feature", "geometry": {"type": "Point", "coordinates": [126.455161, 37.449682]}, "properties": {"shelter_id": "OBJ022811000000028", "name": "인천국제공항 제1여객터미널 동측귀빈주차장", "sido": "인천광역시", "sigungu": "중구", "emd": "운서동", "road_name": "공항로", "capacity": null}}, {"type": "Feature", "geometry": {"type": "Point", "coordinates": [126.463405, 37.441237]}, "properties": {"shelter_id": "OBJ022811000000031", "name": "공항합동청사 축구장", "sido": "인천광역시", "sigungu": "중구", "emd": "운서동", "road_name": "공항로424번길", "capacity": null}}, {"type": "Feature", "geometry": {"type": "Point", "coordinates": [126.480447, 37.49767]}, "properties": {"shelter_id": "OBJ022811000000023", "name": "유수지공원", "sido": "인천광역시", "sigungu": "중구", "emd": "운서동", "road_name": "신도시북로", "capacity": null}}, {"type": "Feature", "geometry": {"type": "Point", "coordinates": [126.487769, 37.4969]}, "properties": {"shelter_id": "OBJ022811000000024", "name": "영마루공원", "sido": "인천광역시", "sigungu": "중구", "emd": "운서동", "road_name": "신도시북로88번길", "capacity": null}}, {"type": "Feature", "geometry": {"type": "Point", "coordinates": [126.627878, 37.451028]}, "properties": {"shelter_id": "OBJ022811000000005", "name": "인천신선초등학교 운동장", "sido": "인천광역시", "sigungu": "중구", "emd": "신흥동3가", "road_name": "축항대로291번길", "capacity": null}}, {"type": "Feature", "geometry": {"type": "Point", "coordinates": [128.552003, 35.854731]}, "properties": {"shelter_id": "OBJ022729000000007", "name": "희망공원", "sido": "대구광역시", "sigungu": "달서구", "emd": "두류동", "road_name": "야외음악당로39길", "capacity": null}}, {"type": "Feature", "geometry": {"type": "Point", "coordinates": [128.541553, 35.840312]}, "properties": {"shelter_id": "OBJ022729000000008", "name": "본리어린이공원", "sido": "대구광역시", "sigungu": "달서구", "emd": "본리동", "road_name": "당산로", "capacity": null}}, {"type": "Feature", "geometry": {"type": "Point", "coordinates": [128.528952, 35.840829]}, "properties": {"shelter_id": "OBJ022729000000009", "name": "무지개공원", "sido": "대구광역시", "sigungu": "달서구", "emd": "본리동", "road_name": "본리서길", "capacity": null}}, {"type": "Feature", "geometry": {"type": "Point", "coordinates": [128.545701, 35.849797]}, "properties": {"shelter_id": "OBJ022729000000011", "name": "감삼삼각지공원", "sido": "대구광역시", "sigungu": "달서구", "emd": "감삼동", "road_name": "감삼길", "capacity": null}}, {"type": "Feature", "geometry": {"type": "Point", "coordinates": [128.539857, 35.848748]}, "properties": {"shelter_id": "OBJ022729000000012", "name": "감삼공원(목련)", "sido": "대구광역시", "sigungu": "달서구", "emd": "감삼동", "road_name": "감삼남길", "capacity": null}}, {"type": "Feature", "geometry": {"type": "Point", "coordinates": [128.542785, 35.845295]}, "properties": {"shelter_id": "OBJ022729000000013", "name": "곤충공원", "sido": "대구광역시", "sigungu": "달서구", "emd": "감삼동", "road_name": "감삼남2길", "capacity": null}}, {"type": "Feature", "geometry": {"type": "Point", "coordinates": [128.539086, 35.852247]}, "properties": {"shelter_id": "OBJ022729000000014", "name": "대림어린이공원", "sido": "대구광역시", "sigungu": "달서구", "emd": "죽전동", "road_name": "와룡로46길", "capacity": null}}, {"type": "Feature", "geometry": {"type": "Point", "coordinates": [128.559999, 35.856964]}, "properties": {"shelter_id": "OBJ022729000000006", "name": "상록어린이공원", "sido": "대구광역시", "sigungu": "달서구", "emd": "두류동", "road_name": "야외음악당로49길", "capacity": null}}, {"type": "Feature", "geometry": {"type": "Point", "coordinates": [128.536008, 35.854861]}, "properties": {"shelter_id": "OBJ022729000000016", "name": "춘추공원", "sido": "대구광역시", "sigungu": "달서구", "emd": "죽전동", "road_name": "와룡로49길", "capacity": null}}, {"type": "Feature", "geometry": {"type": "Point", "coordinates": [128.528569, 35.844826]}, "properties": {"shelter_id": "OBJ022729000000017", "name": "초록공원", "sido": "대구광역시", "sigungu": "달서구", "emd": "장기동", "road_name": "한들로", "capacity": null}}, {"type": "Feature", "geometry": {"type": "Point", "coordinates": [128.533791, 35.853773]}, "properties": {"shelter_id": "OBJ022729000000021", "name": "공룡공원", "sido": "대구광역시", "sigungu": "달서구", "emd": "용산동", "road_name": "와룡로45길", "capacity": null}}, {"type": "Feature", "geometry": {"type": "Point", "coordinates": [128.527414, 35.846438]}, "properties": {"shelter_id": "OBJ022729000000018", "name": "파랑새공원", "sido": "대구광역시", "sigungu": "달서구", "emd": "장기동", "road_name": "한들로", "capacity": null}}, {"type": "Feature", "geometry": {"type": "Point", "coordinates": [128.528292, 35.842357]}, "properties": {"shelter_id": "OBJ022729000000019", "name": "길우공원", "sido": "대구광역시", "sigungu": "달서구", "emd": "장기동", "road_name": "장기로57서길", "capacity": null}}, {"type": "Feature", "geometry": {"type": "Point", "coordinates": [128.533036, 35.856419]}, "properties": {"shelter_id": "OBJ022729000000020", "name": "용산미로공원", "sido": "대구광역시", "sigungu": "달서구", "emd": "용산동", "road_name": "와룡로51길", "capacity": null}}, {"type": "Feature", "geometry": {"type": "Point", "coordinates": [128.528943, 35.860536]}, "properties": {"shelter_id": "OBJ022729000000022", "name": "용산공원", "sido": "대구광역시", "sigungu": "달서구", "emd": "용산동", "road_name": "용산로", "capacity": null}}, {"type": "Feature", "geometry": {"type": "Point", "coordinates": [128.528974, 35.86011]}, "properties": {"shelter_id": "OBJ022729000000023", "name": "용전공원", "sido": "대구광역시", "sigungu": "달서구", "emd": "용산동", "road_name": "용산로", "capacity": null}}, {"type": "Feature", "geometry": {"type": "Point", "coordinates": [128.526315, 35.859861]}, "properties": {"shelter_id": "OBJ022729000000024", "name": "큰못공원", "sido": "대구광역시", "sigungu": "달서구", "emd": "용산동", "road_name": "용산큰못3길", "capacity": null}}, {"type": "Feature", "geometry": {"type": "Point", "coordinates": [128.525044, 35.856384]}, "properties": {"shelter_id": "OBJ022729000000025", "name": "장산공원", "sido": "대구광역시", "sigungu": "달서구", "emd": "용산동", "road_name": "장산2길", "capacity": null}}, {"type": "Feature", "geometry": {"type": "Point", "coordinates": [128.53151, 35.855166]}, "properties": {"shelter_id": "OBJ022729000000026", "name": "샘골공원", "sido": "대구광역시", "sigungu": "달서구", "emd": "용산동", "road_name": "와룡로49길", "capacity": null}}, {"type": "Feature", "geometry": {"type": "Point", "coordinates": [128.518181, 35.852074]}, "properties": {"shelter_id": "OBJ022729000000027", "name": "보람공원", "sido": "대구광역시", "sigungu": "달서구", "emd": "용산동", "road_name": "새동네로", "capacity": null}}, {"type": "Feature", "geometry": {"type": "Point", "coordinates": [128.517806, 35.853392]}, "properties": {"shelter_id": "OBJ022729000000028", "name": "성지공원", "sido": "대구광역시", "sigungu": "달서구", "emd": "용산동", "road_name": "성지로", "capacity": null}}, {"type": "Feature", "geometry": {"type": "Point", "coordinates": [128.51823, 35.854082]}, "properties": {"shelter_id": "OBJ022729000000029", "name": "용주공원", "sido": "대구광역시", "sigungu": "달서구", "emd": "용산동", "road_name": "성지로", "capacity": null}}, {"type": "Feature", "geometry": {"type": "Point", "coordinates": [128.517904, 35.856787]}, "properties": {"shelter_id": "OBJ022729000000030", "name": "성산공원", "sido": "대구광역시", "sigungu": "달서구", "emd": "용산동", "road_name": "선원남로", "capacity": null}}, {"type": "Feature", "geometry": {"type": "Point", "coordinates": [128.51792, 35.857455]}, "properties": {"shelter_id": "OBJ022729000000031", "name": "한마음공원", "sido": "대구광역시", "sigungu": "달서구", "emd": "용산동", "road_name": "선원남로", "capacity": null}}, {"type": "Feature", "geometry": {"type": "Point", "coordinates": [128.521704, 35.854081]}, "properties": {"shelter_id": "OBJ022729000000032", "name": "용하공원", "sido": "대구광역시", "sigungu": "달서구", "emd": "용산동", "road_name": "새동네로", "capacity": null}}, {"type": "Feature", "geometry": {"type": "Point", "coordinates": [128.52229, 35.857153]}, "properties": {"shelter_id": "OBJ022729000000033", "name": "새동네공원", "sido": "대구광역시", "sigungu": "달서구", "emd": "용산동", "road_name": "성지로16길", "capacity": null}}, {"type": "Feature", "geometry": {"type": "Point", "coordinates": [128.521123, 35.861629]}, "properties": {"shelter_id": "OBJ022729000000034", "name": "병풍바위공원", "sido": "대구광역시", "sigungu": "달서구", "emd": "용산동", "road_name": "새방로", "capacity": null}}, {"type": "Feature", "geometry": {"type": "Point", "coordinates": [128.523743, 35.860511]}, "properties": {"shelter_id": "OBJ022729000000035", "name": "용산본공원", "sido": "대구광역시", "sigungu": "달서구", "emd": "용산동", "road_name": "새방로6길", "capacity": null}}, {"type": "Feature", "geometry": {"type": "Point", "coordinates": [128.522546, 35.859266]}, "properties": {"shelter_id": "OBJ022729000000036", "name": "서촌공원", "sido": "대구광역시", "sigungu": "달서구", "emd": "용산동", "road_name": "선원로53길", "capacity": null}}, {"type": "Feature", "geometry": {"type": "Point", "coordinates": [128.508039, 35.855805]}, "properties": {"shelter_id": "OBJ022729000000038", "name": "목련공원", "sido": "대구광역시", "sigungu": "달서구", "emd": "이곡동", "road_name": "이곡공원로1길", "capacity": null}}, {"type": "Feature", "geometry": {"type": "Point", "coordinates": [128.512681, 35.856868]}, "properties": {"shelter_id": "OBJ022729000000046", "name": "이곡공원", "sido": "대구광역시", "sigungu": "달서구", "emd": "이곡동", "road_name": "선원남로", "capacity": null}}, {"type": "Feature", "geometry": {"type": "Point", "coordinates": [128.515562, 35.861698]}, "properties": {"shelter_id": "OBJ022729000000037", "name": "선원공원", "sido": "대구광역시", "sigungu": "달서구", "emd": "용산동", "road_name": "선원로33길", "capacity": null}}, {"type": "Feature", "geometry": {"type": "Point", "coordinates": [127.845934, 37.590806]}, "properties": {"shelter_id": "OBJ024272000000010", "name": "매산초등학교 운동장", "sido": "강원도", "sigungu": "홍천군", "emd": "남면", "road_name": "시동안로", "capacity": null}}, {"type": "Feature", "geometry": {"type": "Point", "coordinates": [127.602219, 37.692903]}, "properties": {"shelter_id": "OBJ024272000000011", "name": "한서초등학교 운동장", "sido": "강원도", "sigungu": "홍천군", "emd": "서면", "road_name": "밤벌길2번길", "capacity": null}}, {"type": "Feature", "geometry": {"type": "Point", "coordinates": [128.388116, 37.767769]}, "properties": {"shelter_id": "OBJ024272000000013", "name": "창촌초등학교 운동장", "sido": "강원도", "sigungu": "홍천군", "emd": "내면", "road_name": "구룡령로", "capacity": null}}, {"type": "Feature", "geometry": {"type": "Point", "coordinates": [127.907075, 37.708111]}, "properties": {"shelter_id": "OBJ024272000000001", "name": "홍천종합체육관 주차장", "sido": "강원도", "sigungu": "홍천군", "emd": "홍천읍", "road_name": "태학여내길", "capacity": null}}, {"type": "Feature", "geometry": {"type": "Point", "coordinates": [128.225931, 37.700297]}, "properties": {"shelter_id": "OBJ024272000000008", "name": "삼생초등학교 운동장", "sido": "강원도", "sigungu": "홍천군", "emd": "서석면", "road_name": "구룡령로", "capacity": null}}, {"type": "Feature", "geometry": {"type": "Point", "coordinates": [127.848641, 37.710746]}, "properties": {"shelter_id": "OBJ024272000000012", "name": "화계초등학교 운동장", "sido": "강원도", "sigungu": "홍천군", "emd": "북방면", "road_name": "능평길", "capacity": null}}, {"type": "Feature", "geometry": {"type": "Point", "coordinates": [127.973058, 37.464674]}, "properties": {"shelter_id": "OBJ024273000000001", "name": "성남초등학교 운동장 지진옥외대피소", "sido": "강원도", "sigungu": "횡성군", "emd": "횡성읍", "road_name": "횡성로", "capacity": null}}, {"type": "Feature", "geometry": {"type": "Point", "coordinates": [128.036522, 37.495205]}, "properties": {"shelter_id": "OBJ024273000000003", "name": "창림초등학교 운동장 지진옥외대피소", "sido": "강원도", "sigungu": "횡성군", "emd": "횡성읍", "road_name": "한우로", "capacity": null}}, {"type": "Feature", "geometry": {"type": "Point", "coordinates": [128.153253, 37.412352]}, "properties": {"shelter_id": "OBJ024273000000010", "name": "안흥고등학교 운동장 지진옥외대피소", "sido": "강원도", "sigungu": "횡성군", "emd": "안흥면", "road_name": "서동로", "capacity": null}}, {"type": "Feature", "geometry": {"type": "Point", "coordinates": [127.992247, 37.489864]}, "properties": {"shelter_id": "OBJ024273000000002", "name": "성북초등학교 운동장 지진옥외대피소", "sido": "강원도", "sigungu": "횡성군", "emd": "횡성읍", "road_name": "문정로19번길", "capacity": null}}, {"type": "Feature", "geometry": {"type": "Point", "coordinates": [127.980017, 37.487074]}, "properties": {"shelter_id": "OBJ024273000000004", "name": "횡성초등학교 운동장 지진옥외대피소", "sido": "강원도", "sigungu": "횡성군", "emd": "횡성읍", "road_name": "교항로", "capacity": null}}, {"type": "Feature", "geometry": {"type": "Point", "coordinates": [127.979116, 37.484839]}, "properties": {"shelter_id": "OBJ024273000000005", "name": "횡성고등학교 운동장 지진옥외대피소", "sido": "강원도", "sigungu": "횡성군", "emd": "횡성읍", "road_name": "교항로", "capacity": null}}, {"type": "Feature", "geometry": {"type": "Point", "coordinates": [127.981516, 37.475492]}, "properties": {"shelter_id": "OBJ024273000000006", "name": "횡성여자고등학교 운동장 지진옥외대피소", "sido": "강원도", "sigungu": "횡성군", "emd": "횡성읍", "road_name": "횡성로", "capacity": null}}, {"type": "Feature", "geometry": {"type": "Point", "coordinates": [128.062441, 37.461018]}, "properties": {"shelter_id": "OBJ024273000000007", "name": "우천초등학교 운동장 지진옥외대피소", "sido": "강원도", "sigungu": "횡성군", "emd": "우천면", "road_name": "수남로", "capacity": null}}, {"type": "Feature", "geometry": {"type": "Point", "coordinates": [128.45609, 35.72448]}, "properties": {"shelter_id": "OBJ022771000000014", "name": "남동초등학교운동장", "sido": "대구광역시", "sigungu": "달성군", "emd": "논공읍", "road_name": "논공로", "capacity": null}}, {"type": "Feature", "geometry": {"type": "Point", "coordinates": [128.43717, 35.730892]}, "properties": {"shelter_id": "OBJ022771000000015", "name": "논공초등학교운동장", "sido": "대구광역시", "sigungu": "달성군", "emd": "논공읍", "road_name": "논공로7길", "capacity": null}}, {"type": "Feature", "geometry": {"type": "Point", "coordinates": [128.458572, 35.868805]}, "properties": {"shelter_id": "OBJ022771000000016", "name": "다사초등학교운동장", "sido": "대구광역시", "sigungu": "달성군", "emd": "다사읍", "road_name": "다사로", "capacity": null}}, {"type": "Feature", "geometry": {"type": "Point", "coordinates": [128.498981, 35.87802]}, "properties": {"shelter_id": "OBJ022771000000018", "name": "도림초등학교운동장", "sido": "대구광역시", "sigungu": "달성군", "emd": "다사읍", "road_name": "서재로34길", "capacity": null}}, {"type": "Feature", "geometry": {"type": "Point", "coordinates": [128.468231, 35.8617]}, "properties": {"shelter_id": "OBJ022771000000020", "name": "매곡초등학교운동장", "sido": "대구광역시", "sigungu": "달성군", "emd": "다사읍", "road_name": "대실역북로", "capacity": null}}, {"type": "Feature", "geometry": {"type": "Point", "coordinates": [128.497971, 35.872081]}, "properties": {"shelter_id": "OBJ022771000000025", "name": "서재초등학교운동장", "sido": "대구광역시", "sigungu": "달성군", "emd": "다사읍", "road_name": "서재로", "capacity": null}}, {"type": "Feature", "geometry": {"type": "Point", "coordinates": [128.441971, 35.901086]}, "properties": {"shelter_id": "OBJ022771000000033", "name": "하빈초등학교운동장", "sido": "대구광역시", "sigungu": "달성군", "emd": "하빈면", "road_name": "하빈로77길", "capacity": null}}, {"type": "Feature", "geometry": {"type": "Point", "coordinates": [128.456264, 35.862468]}, "properties": {"shelter_id": "OBJ022771000000041", "name": "다사중학교운동장", "sido": "대구광역시", "sigungu": "달성군", "emd": "다사읍", "road_name": "매곡로2길", "capacity": null}}, {"type": "Feature", "geometry": {"type": "Point", "coordinates": [128.494659, 35.756324]}, "properties": {"shelter_id": "OBJ022771000000022", "name": "반송초등학교운동장", "sido": "대구광역시", "sigungu": "달성군", "emd": "옥포읍", "road_name": "용연사길", "capacity": null}}, {"type": "Feature", "geometry": {"type": "Point", "coordinates": [128.440778, 35.729533]}, "properties": {"shelter_id": "OBJ022771000000023", "name": "북동초등학교운동장", "sido": "대구광역시", "sigungu": "달성군", "emd": "논공읍", "road_name": "논공로11길", "capacity": null}}, {"type": "Feature", "geometry": {"type": "Point", "coordinates": [127.04517, 37.205229]}, "properties": {"shelter_id": "OBJ024159000000003", "name": "구봉초등학교 운동장", "sido": "경기도", "sigungu": "화성시", "emd": "병점동", "road_name": "병점동로", "capacity": null}}, {"type": "Feature", "geometry": {"type": "Point", "coordinates": [127.050621, 37.224261]}, "properties": {"shelter_id": "OBJ024159000000004", "name": "기산초등학교 운동장", "sido": "경기도", "sigungu": "화성시", "emd": "반월동", "road_name": "동탄지성로", "capacity": null}}, {"type": "Feature", "geometry": {"type": "Point", "coordinates": [126.926067, 37.132246]}, "properties": {"shelter_id": "OBJ024159000000008", "name": "도이초등학교 운동장", "sido": "경기도", "sigungu": "화성시", "emd": "향남읍", "road_name": "행정동로", "capacity": null}}, {"type": "Feature", "geometry": {"type": "Point", "coordinates": [126.822538, 37.20651]}, "properties": {"shelter_id": "OBJ024159000000009", "name": "동양초등학교 운동장", "sido": "경기도", "sigungu": "화성시", "emd": "남양읍", "road_name": "시청로45번길", "capacity": null}}, {"type": "Feature", "geometry": {"type": "Point", "coordinates": [127.077885, 37.193448]}, "properties": {"shelter_id": "OBJ024159000000013", "name": "반석초등학교 운동장", "sido": "경기도", "sigungu": "화성시", "emd": "반송동", "road_name": "동탄반석로", "capacity": null}}, {"type": "Feature", "geometry": {"type": "Point", "coordinates": [127.065719, 37.205079]}, "properties": {"shelter_id": "OBJ024159000000059", "name": "학동초등학교 운동장", "sido": "경기도", "sigungu": "화성시", "emd": "반송동", "road_name": "동탄지성로", "capacity": null}}, {"type": "Feature", "geometry": {"type": "Point", "coordinates": [126.9892, 37.218899]}, "properties": {"shelter_id": "OBJ024159000000015", "name": "배양초등학교 운동장", "sido": "경기도", "sigungu": "화성시", "emd": "배양동", "road_name": "융건로", "capacity": null}}, {"type": "Feature", "geometry": {"type": "Point", "coordinates": [126.898453, 37.098589]}, "properties": {"shelter_id": "OBJ024159000000020", "name": "상신초등학교 운동장", "sido": "경기도", "sigungu": "화성시", "emd": "향남읍", "road_name": "손개길", "capacity": null}}, {"type": "Feature", "geometry": {"type": "Point", "coordinates": [127.067955, 37.208775]}, "properties": {"shelter_id": "OBJ024159000000022", "name": "석우초등학교 운동장", "sido": "경기도", "sigungu": "화성시", "emd": "반송동", "road_name": "동탄시범한빛길", "capacity": null}}, {"type": "Feature", "geometry": {"type": "Point", "coordinates": [127.073611, 37.196397]}, "properties": {"shelter_id": "OBJ024159000000024", "name": "솔빛초등학교 운동장", "sido": "경기도", "sigungu": "화성시", "emd": "반송동", "road_name": "동탄반석로", "capacity": null}}, {"type": "Feature", "geometry": {"type": "Point", "coordinates": [127.301837, 36.360939]}, "properties": {"shelter_id": "OBJ023020000000004", "name": "덕송초등학교 운동장", "sido": "대전광역시", "sigungu": "유성구", "emd": "덕명동", "road_name": "현충원로295번길", "capacity": null}}, {"type": "Feature", "geometry": {"type": "Point", "coordinates": [127.334361, 36.361417]}, "properties": {"shelter_id": "OBJ023020000000005", "name": "유성초등학교 운동장", "sido": "대전광역시", "sigungu": "유성구", "emd": "장대동", "road_name": "장대로71번길", "capacity": null}}, {"type": "Feature", "geometry": {"type": "Point", "coordinates": [127.343879, 36.349288]}, "properties": {"shelter_id": "OBJ023020000000003", "name": "봉명초등학교 운동장", "sido": "대전광역시", "sigungu": "유성구", "emd": "봉명동", "road_name": "계룡로132번길", "capacity": null}}, {"type": "Feature", "geometry": {"type": "Point", "coordinates": [127.332517, 36.388371]}, "properties": {"shelter_id": "OBJ023020000000023", "name": "송림초등학교 운동장", "sido": "대전광역시", "sigungu": "유성구", "emd": "하기동", "road_name": "하기로", "capacity": null}}, {"type": "Feature", "geometry": {"type": "Point", "coordinates": [127.339331, 36.361294]}, "properties": {"shelter_id": "OBJ023020000000006", "name": "장대초등학교 운동장", "sido": "대전광역시", "sigungu": "유성구", "emd": "장대동", "road_name": "온천서로", "capacity": null}}, {"type": "Feature", "geometry": {"type": "Point", "coordinates": [127.321744, 36.369018]}, "properties": {"shelter_id": "OBJ023020000000007", "name": "노은초등학교 운동장", "sido": "대전광역시", "sigungu": "유성구", "emd": "노은동", "road_name": "노은동로87번길", "capacity": null}}, {"type": "Feature", "geometry": {"type": "Point", "coordinates": [127.264715, 36.287181]}, "properties": {"shelter_id": "OBJ023020000000017", "name": "남선초등학교 운동장", "sido": "대전광역시", "sigungu": "유성구", "emd": "송정동", "road_name": "송정길6번길", "capacity": null}}, {"type": "Feature", "geometry": {"type": "Point", "coordinates": [127.323556, 36.314853]}, "properties": {"shelter_id": "OBJ023020000000018", "name": "대정초등학교 운동장", "sido": "대전광역시", "sigungu": "유성구", "emd": "대정동", "road_name": "대정로28번길", "capacity": null}}, {"type": "Feature", "geometry": {"type": "Point", "coordinates": [127.299581, 36.343768]}, "properties": {"shelter_id": "OBJ023020000000019", "name": "계산초등학교 운동장", "sido": "대전광역시", "sigungu": "유성구", "emd": "계산동", "road_name": "학하중앙로76번길", "capacity": null}}, {"type": "Feature", "geometry": {"type": "Point", "coordinates": [127.338832, 36.333784]}, "properties": {"shelter_id": "OBJ023020000000020", "name": "흥도초등학교 운동장", "sido": "대전광역시", "sigungu": "유성구", "emd": "원신흥동", "road_name": "원신흥남로", "capacity": null}}, {"type": "Feature", "geometry": {"type": "Point", "coordinates": [127.342584, 36.340491]}, "properties": {"shelter_id": "OBJ023020000000021", "name": "원신흥초등학교 운동장", "sido": "대전광역시", "sigungu": "유성구", "emd": "원신흥동", "road_name": "원신흥로55번길", "capacity": null}}, {"type": "Feature", "geometry": {"type": "Point", "coordinates": [127.353759, 36.364661]}, "properties": {"shelter_id": "OBJ023020000000022", "name": "어은초등학교 운동장", "sido": "대전광역시", "sigungu": "유성구", "emd": "어은동", "road_name": "농대로", "capacity": null}}, {"type": "Feature", "geometry": {"type": "Point", "coordinates": [129.285333, 35.555523]}, "properties": {"shelter_id": "OBJ023111000000021", "name": "중앙고등학교운동장", "sido": "울산광역시", "sigungu": "중구", "emd": "태화동", "road_name": "난곡로", "capacity": null}}, {"type": "Feature", "geometry": {"type": "Point", "coordinates": [129.334746, 35.569513]}, "properties": {"shelter_id": "OBJ023111000000033", "name": "무룡초등학교운동장", "sido": "울산광역시", "sigungu": "중구", "emd": "약사동", "road_name": "약사로", "capacity": null}}, {"type": "Feature", "geometry": {"type": "Point", "coordinates": [126.921032, 37.458965]}, "properties": {"shelter_id": "OBJ021162000000069", "name": "중앙분수대 및 중앙도로 지진옥외대피소", "sido": "서울특별시", "sigungu": "관악구", "emd": "신림동", "road_name": "난곡로", "capacity": null}}, {"type": "Feature", "geometry": {"type": "Point", "coordinates": [126.945029, 37.470257]}, "properties": {"shelter_id": "OBJ021162000000073", "name": "신림중학교 운동장 지진옥외대피소", "sido": "서울특별시", "sigungu": "관악구", "emd": "신림동", "road_name": "신림로", "capacity": null}}, {"type": "Feature", "geometry": {"type": "Point", "coordinates": [126.912242, 37.477811]}, "properties": {"shelter_id": "OBJ021162000000075", "name": "미성초등학교 운동장 지진옥외대피소", "sido": "서울특별시", "sigungu": "관악구", "emd": "신림동", "road_name": "문성로", "capacity": null}}, {"type": "Feature", "geometry": {"type": "Point", "coordinates": [126.912661, 37.475319]}, "properties": {"shelter_id": "OBJ021162000000076", "name": "미성중학교 운동장 지진옥외대피소", "sido": "서울특별시", "sigungu": "관악구", "emd": "신림동", "road_name": "문성로16길", "capacity": null}}, {"type": "Feature", "geometry": {"type": "Point", "coordinates": [129.335716, 35.565433]}, "properties": {"shelter_id": "OBJ023111000000030", "name": "무룡중학교운동장", "sido": "울산광역시", "sigungu": "중구", "emd": "약사동", "road_name": "화합로", "capacity": null}}, {"type": "Feature", "geometry": {"type": "Point", "coordinates": [129.339471, 35.570451]}, "properties": {"shelter_id": "OBJ023111000000031", "name": "약사중학교운동장", "sido": "울산광역시", "sigungu": "중구", "emd": "약사동", "road_name": "곽남길", "capacity": null}}, {"type": "Feature", "geometry": {"type": "Point", "coordinates": [129.267452, 35.561595]}, "properties": {"shelter_id": "OBJ023111000000022", "name": "다운초등학교운동장", "sido": "울산광역시", "sigungu": "중구", "emd": "다운동", "road_name": "다운7길", "capacity": null}}, {"type": "Feature", "geometry": {"type": "Point", "coordinates": [129.270298, 35.567369]}, "properties": {"shelter_id": "OBJ023111000000023", "name": "다운중학교운동장", "sido": "울산광역시", "sigungu": "중구", "emd": "다운동", "road_name": "다전로", "capacity": null}}, {"type": "Feature", "geometry": {"type": "Point", "coordinates": [126.894125, 35.12946]}, "properties": {"shelter_id": "OBJ022915500000011", "name": "광주삼육초등학교 운동장", "sido": "광주광역시", "sigungu": "남구", "emd": "주월동", "road_name": "회서로", "capacity": null}}, {"type": "Feature", "geometry": {"type": "Point", "coordinates": [126.914268, 35.120391]}, "properties": {"shelter_id": "OBJ022915500000006", "name": "광주불로초등학교 운동장", "sido": "광주광역시", "sigungu": "남구", "emd": "봉선동", "road_name": "봉선로186번길", "capacity": null}}, {"type": "Feature", "geometry": {"type": "Point", "coordinates": [126.921159, 35.133328]}, "properties": {"shelter_id": "OBJ022915500000002", "name": "방림초등학교운동장", "sido": "광주광역시", "sigungu": "남구", "emd": "방림동", "road_name": "방림로20번길", "capacity": null}}, {"type": "Feature", "geometry": {"type": "Point", "coordinates": [126.911433, 35.131207]}, "properties": {"shelter_id": "OBJ022915500000003", "name": "봉선초등학교 운동장", "sido": "광주광역시", "sigungu": "남구", "emd": "봉선동", "road_name": "봉선중앙로118번길", "capacity": null}}, {"type": "Feature", "geometry": {"type": "Point", "coordinates": [126.912302, 35.129643]}, "properties": {"shelter_id": "OBJ022915500000004", "name": "봉선중학교 운동장", "sido": "광주광역시", "sigungu": "남구", "emd": "봉선동", "road_name": "유안초등북2길", "capacity": null}}, {"type": "Feature", "geometry": {"type": "Point", "coordinates": [126.921239, 35.125753]}, "properties": {"shelter_id": "OBJ022915500000005", "name": "동아여자중학교 운동장", "sido": "광주광역시", "sigungu": "남구", "emd": "봉선동", "road_name": "오방로", "capacity": null}}, {"type": "Feature", "geometry": {"type": "Point", "coordinates": [126.890634, 35.148735]}, "properties": {"shelter_id": "OBJ022915500000008", "name": "광주농성초등학교 운동장", "sido": "광주광역시", "sigungu": "남구", "emd": "월산동", "road_name": "금화로481번길", "capacity": null}}, {"type": "Feature", "geometry": {"type": "Point", "coordinates": [127.310979, 36.39253]}, "properties": {"shelter_id": "OBJ023020000000010", "name": "외삼초등학교 운동장", "sido": "대전광역시", "sigungu": "유성구", "emd": "반석동", "road_name": "반석동로", "capacity": null}}, {"type": "Feature", "geometry": {"type": "Point", "coordinates": [127.313525, 36.365567]}, "properties": {"shelter_id": "OBJ023020000000008", "name": "수정초등학교 운동장", "sido": "대전광역시", "sigungu": "유성구", "emd": "노은동", "road_name": "노은서로", "capacity": null}}, {"type": "Feature", "geometry": {"type": "Point", "coordinates": [127.317214, 36.380304]}, "properties": {"shelter_id": "OBJ023020000000009", "name": "지족초등학교 운동장", "sido": "대전광역시", "sigungu": "유성구", "emd": "지족동", "road_name": "노은로", "capacity": null}}, {"type": "Feature", "geometry": {"type": "Point", "coordinates": [127.399683, 36.395793]}, "properties": {"shelter_id": "OBJ023020000000012", "name": "문지초등학교 운동장", "sido": "대전광역시", "sigungu": "유성구", "emd": "문지동", "road_name": "전민로", "capacity": null}}, {"type": "Feature", "geometry": {"type": "Point", "coordinates": [127.407273, 36.398274]}, "properties": {"shelter_id": "OBJ023020000000013", "name": "전민초등학교 운동장", "sido": "대전광역시", "sigungu": "유성구", "emd": "전민동", "road_name": "엑스포로466번길", "capacity": null}}, {"type": "Feature", "geometry": {"type": "Point", "coordinates": [127.382863, 36.440423]}, "properties": {"shelter_id": "OBJ023020000000014", "name": "구즉초등학교 운동장", "sido": "대전광역시", "sigungu": "유성구", "emd": "봉산동", "road_name": "구룡달전로", "capacity": null}}, {"type": "Feature", "geometry": {"type": "Point", "coordinates": [127.381807, 36.42932]}, "properties": {"shelter_id": "OBJ023020000000015", "name": "두리초등학교 운동장", "sido": "대전광역시", "sigungu": "유성구", "emd": "송강동", "road_name": "와룡로37번길", "capacity": null}}, {"type": "Feature", "geometry": {"type": "Point", "coordinates": [127.394749, 36.419653]}, "properties": {"shelter_id": "OBJ023020000000016", "name": "용산초등학교 운동장", "sido": "대전광역시", "sigungu": "유성구", "emd": "용산동", "road_name": "배울2로", "capacity": null}}, {"type": "Feature", "geometry": {"type": "Point", "coordinates": [127.32166, 36.388347]}, "properties": {"shelter_id": "OBJ023020000000024", "name": "하기초등학교 운동장", "sido": "대전광역시", "sigungu": "유성구", "emd": "하기동", "road_name": "노은로", "capacity": null}}, {"type": "Feature", "geometry": {"type": "Point", "coordinates": [127.312796, 36.389796]}, "properties": {"shelter_id": "OBJ023020000000025", "name": "반석초등학교 운동장", "sido": "대전광역시", "sigungu": "유성구", "emd": "반석동", "road_name": "반석동로", "capacity": null}}, {"type": "Feature", "geometry": {"type": "Point", "coordinates": [126.915485, 37.506522]}, "properties": {"shelter_id": "OBJ021156000000048", "name": "매낙골근린공원", "sido": "서울특별시", "sigungu": "영등포구", "emd": "신길동", "road_name": "신길로42길", "capacity": null}}, {"type": "Feature", "geometry": {"type": "Point", "coordinates": [126.907101, 37.511639]}, "properties": {"shelter_id": "OBJ021156000000054", "name": "고추말어린이공원", "sido": "서울특별시", "sigungu": "영등포구", "emd": "도림동", "road_name": "영신로9다길", "capacity": null}}, {"type": "Feature", "geometry": {"type": "Point", "coordinates": [126.89399, 37.517185]}, "properties": {"shelter_id": "OBJ021156000000055", "name": "문래공원", "sido": "서울특별시", "sigungu": "영등포구", "emd": "문래동3가", "road_name": "문래로20길", "capacity": null}}, {"type": "Feature", "geometry": {"type": "Point", "coordinates": [126.898119, 37.538115]}, "properties": {"shelter_id": "OBJ021156000000056", "name": "양평어린이공원", "sido": "서울특별시", "sigungu": "영등포구", "emd": "양평동4가", "road_name": "선유로55길", "capacity": null}}, {"type": "Feature", "geometry": {"type": "Point", "coordinates": [126.899433, 37.492796]}, "properties": {"shelter_id": "OBJ021156000000058", "name": "다사랑어린이공원", "sido": "서울특별시", "sigungu": "영등포구", "emd": "대림동", "road_name": "디지털로53길", "capacity": null}}, {"type": "Feature", "geometry": {"type": "Point", "coordinates": [126.899601, 37.498088]}, "properties": {"shelter_id": "OBJ021156000000059", "name": "원지어린이공원", "sido": "서울특별시", "sigungu": "영등포구", "emd": "대림동", "road_name": "도림로53길", "capacity": null}}, {"type": "Feature", "geometry": {"type": "Point", "coordinates": [126.899193, 37.503311]}, "properties": {"shelter_id": "OBJ021156000000062", "name": "신우어린이공원", "sido": "서울특별시", "sigungu": "영등포구", "emd": "대림동", "road_name": "가마산로47길", "capacity": null}}, {"type": "Feature", "geometry": {"type": "Point", "coordinates": [126.89738, 37.506843]}, "properties": {"shelter_id": "OBJ021156000000064", "name": "도림동 유수지", "sido": "서울특별시", "sigungu": "영등포구", "emd": "도림동", "road_name": "도신로15길", "capacity": null}}, {"type": "Feature", "geometry": {"type": "Point", "coordinates": [126.888211, 37.523343]}, "properties": {"shelter_id": "OBJ021156000000065", "name": "양남어린이공원", "sido": "서울특별시", "sigungu": "영등포구", "emd": "양평동1가", "road_name": "선유서로24길", "capacity": null}}, {"type": "Feature", "geometry": {"type": "Point", "coordinates": [126.917853, 37.516349]}, "properties": {"shelter_id": "OBJ021156000000066", "name": "신길유수지", "sido": "서울특별시", "sigungu": "영등포구", "emd": "신길동", "road_name": "영등포로", "capacity": null}}, {"type": "Feature", "geometry": {"type": "Point", "coordinates": [126.895175, 37.504177]}, "properties": {"shelter_id": "OBJ021156000000067", "name": "대림3동 유수지", "sido": "서울특별시", "sigungu": "영등포구", "emd": "대림동", "road_name": "도신로", "capacity": null}}, {"type": "Feature", "geometry": {"type": "Point", "coordinates": [126.362466, 37.668026]}, "properties": {"shelter_id": "OBJ022871000000040", "name": "해명초등학교 운동장", "sido": "인천광역시", "sigungu": "강화군", "emd": "삼산면", "road_name": "삼산남로", "capacity": null}}, {"type": "Feature", "geometry": {"type": "Point", "coordinates": [126.251576, 37.647447]}, "properties": {"shelter_id": "OBJ022871000000041", "name": "서도초중고등학교 운동장", "sido": "인천광역시", "sigungu": "강화군", "emd": "서도면", "road_name": "주문도길", "capacity": null}}, {"type": "Feature", "geometry": {"type": "Point", "coordinates": [126.421063, 37.631573]}, "properties": {"shelter_id": "OBJ022871000000042", "name": "심도중학교운동장", "sido": "인천광역시", "sigungu": "강화군", "emd": "화도면", "road_name": "마니산로", "capacity": null}}, {"type": "Feature", "geometry": {"type": "Point", "coordinates": [126.449543, 37.707444]}, "properties": {"shelter_id": "OBJ022871000000011", "name": "삼성초등학교운동장", "sido": "인천광역시", "sigungu": "강화군", "emd": "불은면", "road_name": "중앙로", "capacity": null}}, {"type": "Feature", "geometry": {"type": "Point", "coordinates": [126.479483, 37.753516]}, "properties": {"shelter_id": "OBJ022871000000004", "name": "강화여고운동장", "sido": "인천광역시", "sigungu": "강화군", "emd": "강화읍", "road_name": "향교길", "capacity": null}}, {"type": "Feature", "geometry": {"type": "Point", "coordinates": [126.506254, 37.587793]}, "properties": {"shelter_id": "OBJ022871000000014", "name": "동검리 마을회관 공터", "sido": "인천광역시", "sigungu": "강화군", "emd": "길상면", "road_name": "동검길154번길", "capacity": null}}, {"type": "Feature", "geometry": {"type": "Point", "coordinates": [126.516687, 37.634062]}, "properties": {"shelter_id": "OBJ022871000000016", "name": "초지1리 마을회관 공터", "sido": "인천광역시", "sigungu": "강화군", "emd": "길상면", "road_name": "길상로95번길", "capacity": null}}, {"type": "Feature", "geometry": {"type": "Point", "coordinates": [126.491082, 37.640097]}, "properties": {"shelter_id": "OBJ022871000000017", "name": "온수2리 마을회관 공터", "sido": "인천광역시", "sigungu": "강화군", "emd": "길상면", "road_name": "온수길36번길", "capacity": null}}, {"type": "Feature", "geometry": {"type": "Point", "coordinates": [126.471509, 37.621443]}, "properties": {"shelter_id": "OBJ022871000000018", "name": "선두2리 마을회관 공터", "sido": "인천광역시", "sigungu": "강화군", "emd": "길상면", "road_name": "보리고개로", "capacity": null}}, {"type": "Feature", "geometry": {"type": "Point", "coordinates": [126.435833, 37.62896]}, "properties": {"shelter_id": "OBJ022871000000020", "name": "화이트하우스 수련원 운동장", "sido": "인천광역시", "sigungu": "강화군", "emd": "화도면", "road_name": "마니산로543번길", "capacity": null}}, {"type": "Feature", "geometry": {"type": "Point", "coordinates": [126.404292, 37.616663]}, "properties": {"shelter_id": "OBJ022871000000021", "name": "마니산청소년 수련원 운동장", "sido": "인천광역시", "sigungu": "강화군", "emd": "화도면", "road_name": "동녘말길220번길", "capacity": null}}, {"type": "Feature", "geometry": {"type": "Point", "coordinates": [126.336924, 37.533823]}, "properties": {"shelter_id": "OBJ022872000000003", "name": "삼목초장봉분교", "sido": "인천광역시", "sigungu": "옹진군", "emd": "북도면", "road_name": "장봉로541번길", "capacity": null}}, {"type": "Feature", "geometry": {"type": "Point", "coordinates": [124.694284, 37.83228]}, "properties": {"shelter_id": "OBJ022872000000005", "name": "대청중고등학교 운동장", "sido": "인천광역시", "sigungu": "옹진군", "emd": "대청면", "road_name": "대청로244번길", "capacity": null}}, {"type": "Feature", "geometry": {"type": "Point", "coordinates": [124.751231, 37.773661]}, "properties": {"shelter_id": "OBJ022872000000006", "name": "소청분교운동장", "sido": "인천광역시", "sigungu": "옹진군", "emd": "대청면", "road_name": "소청동로", "capacity": null}}, {"type": "Feature", "geometry": {"type": "Point", "coordinates": [126.146482, 37.225206]}, "properties": {"shelter_id": "OBJ022872000000007", "name": "덕적초중고등학교 운동장", "sido": "인천광역시", "sigungu": "옹진군", "emd": "덕적면", "road_name": "덕적남로", "capacity": null}}, {"type": "Feature", "geometry": {"type": "Point", "coordinates": [126.117648, 37.22238]}, "properties": {"shelter_id": "OBJ022872000000008", "name": "체육시설", "sido": "인천광역시", "sigungu": "옹진군", "emd": "덕적면", "road_name": "덕적남로606번길", "capacity": null}}, {"type": "Feature", "geometry": {"type": "Point", "coordinates": [126.306177, 37.253438]}, "properties": {"shelter_id": "OBJ022872000000009", "name": "자월분교운동장", "sido": "인천광역시", "sigungu": "옹진군", "emd": "자월면", "road_name": "자월서로", "capacity": null}}, {"type": "Feature", "geometry": {"type": "Point", "coordinates": [126.253137, 37.176796]}, "properties": {"shelter_id": "OBJ022872000000010", "name": "이작분교운동장", "sido": "인천광역시", "sigungu": "옹진군", "emd": "자월면", "road_name": "대이작로", "capacity": null}}, {"type": "Feature", "geometry": {"type": "Point", "coordinates": [124.685459, 37.814656]}, "properties": {"shelter_id": "OBJ022872000000023", "name": "운동장", "sido": "인천광역시", "sigungu": "옹진군", "emd": "대청면", "road_name": "대청남로", "capacity": null}}, {"type": "Feature", "geometry": {"type": "Point", "coordinates": [126.492847, 37.651909]}, "properties": {"shelter_id": "OBJ022871000000015", "name": "길직2리 마을회관 공터", "sido": "인천광역시", "sigungu": "강화군", "emd": "길상면", "road_name": "강화동로", "capacity": null}}, {"type": "Feature", "geometry": {"type": "Point", "coordinates": [126.430476, 37.534004]}, "properties": {"shelter_id": "OBJ022872000000002", "name": "시도리운동장", "sido": "인천광역시", "sigungu": "옹진군", "emd": "북도면", "road_name": "시도로86번길", "capacity": null}}, {"type": "Feature", "geometry": {"type": "Point", "coordinates": [126.467375, 37.254242]}, "properties": {"shelter_id": "OBJ022872000000012", "name": "영흥초운동장", "sido": "인천광역시", "sigungu": "옹진군", "emd": "영흥면", "road_name": "영흥로", "capacity": null}}, {"type": "Feature", "geometry": {"type": "Point", "coordinates": [126.480251, 37.26558]}, "properties": {"shelter_id": "OBJ022872000000013", "name": "영흥중운동장", "sido": "인천광역시", "sigungu": "옹진군", "emd": "영흥면", "road_name": "내동로", "capacity": null}}, {"type": "Feature", "geometry": {"type": "Point", "coordinates": [126.534377, 37.237575]}, "properties": {"shelter_id": "OBJ022872000000014", "name": "선재초운동장", "sido": "인천광역시", "sigungu": "옹진군", "emd": "영흥면", "road_name": "선재로34번길", "capacity": null}}, {"type": "Feature", "geometry": {"type": "Point", "coordinates": [126.815896, 37.554337]}, "properties": {"shelter_id": "OBJ021150000000070", "name": "활주로상상어린이공원", "sido": "서울특별시", "sigungu": "강서구", "emd": "공항동", "road_name": "방화대로5가길", "capacity": null}}, {"type": "Feature", "geometry": {"type": "Point", "coordinates": [126.818348, 37.554597]}, "properties": {"shelter_id": "OBJ021150000000071", "name": "다솔어린이공원", "sido": "서울특별시", "sigungu": "강서구", "emd": "공항동", "road_name": "방화대로6길", "capacity": null}}, {"type": "Feature", "geometry": {"type": "Point", "coordinates": [126.813838, 37.556671]}, "properties": {"shelter_id": "OBJ021150000000072", "name": "장미공원", "sido": "서울특별시", "sigungu": "강서구", "emd": "공항동", "road_name": "방화대로7나길", "capacity": null}}, {"type": "Feature", "geometry": {"type": "Point", "coordinates": [126.815084, 37.571244]}, "properties": {"shelter_id": "OBJ021150000000073", "name": "쌈지어린이공원", "sido": "서울특별시", "sigungu": "강서구", "emd": "방화동", "road_name": "방화대로41길", "capacity": null}}, {"type": "Feature", "geometry": {"type": "Point", "coordinates": [126.819301, 37.571681]}, "properties": {"shelter_id": "OBJ021150000000074", "name": "도레미공원", "sido": "서울특별시", "sigungu": "강서구", "emd": "방화동", "road_name": "방화대로42길", "capacity": null}}, {"type": "Feature", "geometry": {"type": "Point", "coordinates": [126.863524, 37.552622]}, "properties": {"shelter_id": "OBJ021150000000080", "name": "백석어린이공원", "sido": "서울특별시", "sigungu": "강서구", "emd": "등촌동", "road_name": "공항대로59길", "capacity": null}}, {"type": "Feature", "geometry": {"type": "Point", "coordinates": [126.801419, 37.577584]}, "properties": {"shelter_id": "OBJ021150000000077", "name": "내촌어린이공원", "sido": "서울특별시", "sigungu": "강서구", "emd": "개화동", "road_name": "개화동로13길", "capacity": null}}, {"type": "Feature", "geometry": {"type": "Point", "coordinates": [126.798892, 37.582918]}, "properties": {"shelter_id": "OBJ021150000000078", "name": "신대부석공원", "sido": "서울특별시", "sigungu": "강서구", "emd": "개화동", "road_name": "개화2길", "capacity": null}}, {"type": "Feature", "geometry": {"type": "Point", "coordinates": [126.813522, 37.581755]}, "properties": {"shelter_id": "OBJ021150000000079", "name": "방화근린공원", "sido": "서울특별시", "sigungu": "강서구", "emd": "방화동", "road_name": "금낭화로", "capacity": null}}, {"type": "Feature", "geometry": {"type": "Point", "coordinates": [126.841577, 37.543106]}, "properties": {"shelter_id": "OBJ021150000000081", "name": "범바위 공원", "sido": "서울특별시", "sigungu": "강서구", "emd": "화곡동", "road_name": "화곡로27가길", "capacity": null}}, {"type": "Feature", "geometry": {"type": "Point", "coordinates": [126.841935, 37.502422]}, "properties": {"shelter_id": "OBJ021153000000001", "name": "개봉중학교운동장", "sido": "서울특별시", "sigungu": "구로구", "emd": "개봉동", "road_name": "고척로21나길", "capacity": null}}, {"type": "Feature", "geometry": {"type": "Point", "coordinates": [126.844794, 37.504123]}, "properties": {"shelter_id": "OBJ021153000000002", "name": "매봉초등학교운동장", "sido": "서울특별시", "sigungu": "구로구", "emd": "개봉동", "road_name": "고척로21길", "capacity": null}}, {"type": "Feature", "geometry": {"type": "Point", "coordinates": [126.874017, 37.494745]}, "properties": {"shelter_id": "OBJ021153000000003", "name": "구일중학교운동장", "sido": "서울특별시", "sigungu": "구로구", "emd": "구로동", "road_name": "구일로", "capacity": null}}, {"type": "Feature", "geometry": {"type": "Point", "coordinates": [126.851086, 37.482804]}, "properties": {"shelter_id": "OBJ021153000000014", "name": "개명초등학교운동장", "sido": "서울특별시", "sigungu": "구로구", "emd": "개봉동", "road_name": "개봉로1다길", "capacity": null}}, {"type": "Feature", "geometry": {"type": "Point", "coordinates": [126.842212, 37.497982]}, "properties": {"shelter_id": "OBJ021153000000004", "name": "오류초등학교운동장", "sido": "서울특별시", "sigungu": "구로구", "emd": "오류동", "road_name": "경인로25길", "capacity": null}}, {"type": "Feature", "geometry": {"type": "Point", "coordinates": [126.825283, 37.487316]}, "properties": {"shelter_id": "OBJ021153000000005", "name": "성베드로학교운동장", "sido": "서울특별시", "sigungu": "구로구", "emd": "항동", "road_name": "연동로", "capacity": null}}, {"type": "Feature", "geometry": {"type": "Point", "coordinates": [126.89069, 37.494243]}, "properties": {"shelter_id": "OBJ021153000000007", "name": "구로중학교운동장", "sido": "서울특별시", "sigungu": "구로구", "emd": "구로동", "road_name": "구로중앙로", "capacity": null}}, {"type": "Feature", "geometry": {"type": "Point", "coordinates": [126.886079, 37.496881]}, "properties": {"shelter_id": "OBJ021153000000008", "name": "구로초등학교운동장", "sido": "서울특별시", "sigungu": "구로구", "emd": "구로동", "road_name": "구로중앙로27나길", "capacity": null}}, {"type": "Feature", "geometry": {"type": "Point", "coordinates": [126.894407, 37.488782]}, "properties": {"shelter_id": "OBJ021153000000009", "name": "영서중학교운동장", "sido": "서울특별시", "sigungu": "구로구", "emd": "구로동", "road_name": "도림로20길", "capacity": null}}, {"type": "Feature", "geometry": {"type": "Point", "coordinates": [127.425773, 36.321224]}, "properties": {"shelter_id": "OBJ023014000000013", "name": "대전 대전중학교 운동장", "sido": "대전광역시", "sigungu": "중구", "emd": "대흥동", "road_name": "수도산로", "capacity": null}}, {"type": "Feature", "geometry": {"type": "Point", "coordinates": [127.426194, 36.31931]}, "properties": {"shelter_id": "OBJ023014000000011", "name": "대전 대흥초등학교 운동장", "sido": "대전광역시", "sigungu": "중구", "emd": "대흥동", "road_name": "수도산로", "capacity": null}}, {"type": "Feature", "geometry": {"type": "Point", "coordinates": [127.410913, 36.326332]}, "properties": {"shelter_id": "OBJ023014000000014", "name": "대전 서대전초등학교 운동장", "sido": "대전광역시", "sigungu": "중구", "emd": "용두동", "road_name": "용두로24번길", "capacity": null}}, {"type": "Feature", "geometry": {"type": "Point", "coordinates": [126.895294, 37.54109]}, "properties": {"shelter_id": "OBJ021156000000069", "name": "양평동 체련장", "sido": "서울특별시", "sigungu": "영등포구", "emd": "양평동5가", "road_name": "양평로22사길", "capacity": null}}, {"type": "Feature", "geometry": {"type": "Point", "coordinates": [126.880703, 37.520178]}, "properties": {"shelter_id": "OBJ021156000000070", "name": "안양천 영롱이 억새 1~3구장", "sido": "서울특별시", "sigungu": "영등포구", "emd": "문래동6가", "road_name": "안양천동자전거길", "capacity": null}}, {"type": "Feature", "geometry": {"type": "Point", "coordinates": [126.90396, 37.510185]}, "properties": {"shelter_id": "OBJ021156000000071", "name": "영일어린이공원", "sido": "서울특별시", "sigungu": "영등포구", "emd": "영등포동", "road_name": "도영로22길", "capacity": null}}, {"type": "Feature", "geometry": {"type": "Point", "coordinates": [126.940711, 37.511381]}, "properties": {"shelter_id": "OBJ021159000000001", "name": "노량진초등학교 운동장", "sido": "서울특별시", "sigungu": "동작구", "emd": "노량진동", "road_name": "장승배기로", "capacity": null}}, {"type": "Feature", "geometry": {"type": "Point", "coordinates": [126.953684, 37.510361]}, "properties": {"shelter_id": "OBJ021159000000002", "name": "본동초등학교 운동장", "sido": "서울특별시", "sigungu": "동작구", "emd": "본동", "road_name": "노량진로26길", "capacity": null}}, {"type": "Feature", "geometry": {"type": "Point", "coordinates": [126.952778, 37.505926]}, "properties": {"shelter_id": "OBJ021159000000003", "name": "강남초등학교 운동장", "sido": "서울특별시", "sigungu": "동작구", "emd": "상도1동", "road_name": "강남초등길", "capacity": null}}, {"type": "Feature", "geometry": {"type": "Point", "coordinates": [126.943803, 37.500051]}, "properties": {"shelter_id": "OBJ021159000000004", "name": "신상도초등학교 운동장", "sido": "서울특별시", "sigungu": "동작구", "emd": "상도동", "road_name": "장승배기로", "capacity": null}}, {"type": "Feature", "geometry": {"type": "Point", "coordinates": [126.976211, 37.48426]}, "properties": {"shelter_id": "OBJ021159000000012", "name": "남성초등학교 운동장", "sido": "서울특별시", "sigungu": "동작구", "emd": "사당동", "road_name": "사당로23길", "capacity": null}}, {"type": "Feature", "geometry": {"type": "Point", "coordinates": [126.89729, 37.498426]}, "properties": {"shelter_id": "OBJ021156000000060", "name": "동심어린이공원", "sido": "서울특별시", "sigungu": "영등포구", "emd": "대림동", "road_name": "대림로35가길", "capacity": null}}, {"type": "Feature", "geometry": {"type": "Point", "coordinates": [126.897373, 37.495496]}, "properties": {"shelter_id": "OBJ021156000000061", "name": "두암어린이공원", "sido": "서울특별시", "sigungu": "영등포구", "emd": "대림동", "road_name": "대림로29가길", "capacity": null}}, {"type": "Feature", "geometry": {"type": "Point", "coordinates": [126.931463, 37.503096]}, "properties": {"shelter_id": "OBJ021159000000005", "name": "강현중학교운동장", "sido": "서울특별시", "sigungu": "동작구", "emd": "상도동", "road_name": "상도로13라길", "capacity": null}}, {"type": "Feature", "geometry": {"type": "Point", "coordinates": [126.944653, 37.493897]}, "properties": {"shelter_id": "OBJ021159000000006", "name": "국사봉중학교운동장", "sido": "서울특별시", "sigungu": "동작구", "emd": "상도동", "road_name": "양녕로20길", "capacity": null}}, {"type": "Feature", "geometry": {"type": "Point", "coordinates": [126.937408, 37.49952]}, "properties": {"shelter_id": "OBJ021159000000007", "name": "상도초등학교 운동장", "sido": "서울특별시", "sigungu": "동작구", "emd": "상도동", "road_name": "성대로21길", "capacity": null}}, {"type": "Feature", "geometry": {"type": "Point", "coordinates": [126.959923, 37.502656]}, "properties": {"shelter_id": "OBJ021159000000008", "name": "은로초등학교 운동장", "sido": "서울특별시", "sigungu": "동작구", "emd": "흑석동", "road_name": "서달로", "capacity": null}}, {"type": "Feature", "geometry": {"type": "Point", "coordinates": [126.965093, 37.508661]}, "properties": {"shelter_id": "OBJ021159000000009", "name": "흑석초등학교 운동장", "sido": "서울특별시", "sigungu": "동작구", "emd": "흑석동", "road_name": "현충로", "capacity": null}}, {"type": "Feature", "geometry": {"type": "Point", "coordinates": [126.978962, 37.482234]}, "properties": {"shelter_id": "OBJ021159000000010", "name": "남사초등학교 운동장", "sido": "서울특별시", "sigungu": "동작구", "emd": "사당동", "road_name": "동작대로13길", "capacity": null}}, {"type": "Feature", "geometry": {"type": "Point", "coordinates": [126.981604, 37.491829]}, "properties": {"shelter_id": "OBJ021159000000011", "name": "경문고등학교운동장", "sido": "서울특별시", "sigungu": "동작구", "emd": "동작동", "road_name": "동작대로", "capacity": null}}, {"type": "Feature", "geometry": {"type": "Point", "coordinates": [126.926164, 37.500606]}, "properties": {"shelter_id": "OBJ021159000000016", "name": "대림초등학교운동장", "sido": "서울특별시", "sigungu": "동작구", "emd": "대방동", "road_name": "대방동1길", "capacity": null}}, {"type": "Feature", "geometry": {"type": "Point", "coordinates": [124.69636, 37.832532]}, "properties": {"shelter_id": "OBJ022872000000022", "name": "대청초등학교운동장", "sido": "인천광역시", "sigungu": "옹진군", "emd": "대청면", "road_name": "대청로244번길", "capacity": null}}, {"type": "Feature", "geometry": {"type": "Point", "coordinates": [126.297181, 37.170545]}, "properties": {"shelter_id": "OBJ022872000000025", "name": "승봉분교운동장", "sido": "인천광역시", "sigungu": "옹진군", "emd": "자월면", "road_name": "승봉로67번길", "capacity": null}}, {"type": "Feature", "geometry": {"type": "Point", "coordinates": [125.701368, 37.6639]}, "properties": {"shelter_id": "OBJ022872000000027", "name": "연평초중고등학교 운동장", "sido": "인천광역시", "sigungu": "옹진군", "emd": "연평면", "road_name": "연평로137번길", "capacity": null}}, {"type": "Feature", "geometry": {"type": "Point", "coordinates": [124.676207, 37.964229]}, "properties": {"shelter_id": "OBJ022872000000029", "name": "백령 중고등학교 운동장", "sido": "인천광역시", "sigungu": "옹진군", "emd": "백령면", "road_name": "백령로", "capacity": null}}, {"type": "Feature", "geometry": {"type": "Point", "coordinates": [126.102696, 37.263901]}, "properties": {"shelter_id": "OBJ022872000000024", "name": "주차장", "sido": "인천광역시", "sigungu": "옹진군", "emd": "덕적면", "road_name": "덕적북로", "capacity": null}}, {"type": "Feature", "geometry": {"type": "Point", "coordinates": [126.41126, 37.534483]}, "properties": {"shelter_id": "OBJ022872000000001", "name": "공원", "sido": "인천광역시", "sigungu": "옹진군", "emd": "북도면", "road_name": "모도로78번길", "capacity": null}}, {"type": "Feature", "geometry": {"type": "Point", "coordinates": [124.714613, 37.832364]}, "properties": {"shelter_id": "OBJ022872000000004", "name": "답동종합운동장", "sido": "인천광역시", "sigungu": "옹진군", "emd": "대청면", "road_name": "대청로", "capacity": null}}, {"type": "Feature", "geometry": {"type": "Point", "coordinates": [126.222038, 37.181149]}, "properties": {"shelter_id": "OBJ022872000000011", "name": "이작2리목섬족구장", "sido": "인천광역시", "sigungu": "옹진군", "emd": "자월면", "road_name": "소이작로", "capacity": null}}, {"type": "Feature", "geometry": {"type": "Point", "coordinates": [126.486363, 37.281488]}, "properties": {"shelter_id": "OBJ022872000000015", "name": "십리포주차장", "sido": "인천광역시", "sigungu": "옹진군", "emd": "영흥면", "road_name": "영흥북로", "capacity": null}}, {"type": "Feature", "geometry": {"type": "Point", "coordinates": [126.483305, 37.280339]}, "properties": {"shelter_id": "OBJ022872000000016", "name": "십리포주차장", "sido": "인천광역시", "sigungu": "옹진군", "emd": "영흥면", "road_name": "영흥북로", "capacity": null}}, {"type": "Feature", "geometry": {"type": "Point", "coordinates": [126.118932, 37.252366]}, "properties": {"shelter_id": "OBJ022872000000017", "name": "물량장", "sido": "인천광역시", "sigungu": "옹진군", "emd": "덕적면", "road_name": "덕적북로518번길", "capacity": null}}, {"type": "Feature", "geometry": {"type": "Point", "coordinates": [126.439057, 37.515033]}, "properties": {"shelter_id": "OBJ022872000000018", "name": "물량장", "sido": "인천광역시", "sigungu": "옹진군", "emd": "북도면", "road_name": "신도로", "capacity": null}}, {"type": "Feature", "geometry": {"type": "Point", "coordinates": [126.384628, 37.531516]}, "properties": {"shelter_id": "OBJ022872000000019", "name": "물량장", "sido": "인천광역시", "sigungu": "옹진군", "emd": "북도면", "road_name": "장봉로", "capacity": null}}, {"type": "Feature", "geometry": {"type": "Point", "coordinates": [126.3288, 37.542291]}, "properties": {"shelter_id": "OBJ022872000000020", "name": "건어장", "sido": "인천광역시", "sigungu": "옹진군", "emd": "북도면", "road_name": "장봉로605번길", "capacity": null}}, {"type": "Feature", "geometry": {"type": "Point", "coordinates": [124.708819, 37.845878]}, "properties": {"shelter_id": "OBJ022872000000021", "name": "옥죽포어구적치장", "sido": "인천광역시", "sigungu": "옹진군", "emd": "대청면", "road_name": "대청북로", "capacity": null}}, {"type": "Feature", "geometry": {"type": "Point", "coordinates": [125.704869, 37.662345]}, "properties": {"shelter_id": "OBJ022872000000026", "name": "연평 종합운동장", "sido": "인천광역시", "sigungu": "옹진군", "emd": "연평면", "road_name": "연평로", "capacity": null}}, {"type": "Feature", "geometry": {"type": "Point", "coordinates": [124.699008, 37.939709]}, "properties": {"shelter_id": "OBJ022872000000028", "name": "백령 종합운동장", "sido": "인천광역시", "sigungu": "옹진군", "emd": "백령면", "road_name": "백령남로", "capacity": null}}, {"type": "Feature", "geometry": {"type": "Point", "coordinates": [126.920729, 35.151175]}, "properties": {"shelter_id": "OBJ022911000000001", "name": "전남여자고등학교 운동장", "sido": "광주광역시", "sigungu": "동구", "emd": "장동", "road_name": "제봉로140번길", "capacity": null}}, {"type": "Feature", "geometry": {"type": "Point", "coordinates": [126.934763, 35.14848]}, "properties": {"shelter_id": "OBJ022911000000007", "name": "동산초등학교  운동장", "sido": "광주광역시", "sigungu": "동구", "emd": "지산동", "road_name": "지산로52번길", "capacity": null}}, {"type": "Feature", "geometry": {"type": "Point", "coordinates": [126.839185, 37.514388]}, "properties": {"shelter_id": "OBJ021147000000036", "name": "강신중학교 운동장", "sido": "서울특별시", "sigungu": "양천구", "emd": "신월동", "road_name": "남부순환로", "capacity": null}}, {"type": "Feature", "geometry": {"type": "Point", "coordinates": [126.828997, 37.540571]}, "properties": {"shelter_id": "OBJ021147000000034", "name": "신월중학교 운동장", "sido": "서울특별시", "sigungu": "양천구", "emd": "신월동", "road_name": "남부순환로29길", "capacity": null}}, {"type": "Feature", "geometry": {"type": "Point", "coordinates": [126.832782, 37.534811]}, "properties": {"shelter_id": "OBJ021147000000017", "name": "신대어린이공원", "sido": "서울특별시", "sigungu": "양천구", "emd": "신월동", "road_name": "곰달래로7길", "capacity": null}}, {"type": "Feature", "geometry": {"type": "Point", "coordinates": [126.838203, 37.527031]}, "properties": {"shelter_id": "OBJ021147000000019", "name": "신월어린이공원", "sido": "서울특별시", "sigungu": "양천구", "emd": "신월동", "road_name": "곰달래로10길", "capacity": null}}, {"type": "Feature", "geometry": {"type": "Point", "coordinates": [126.836211, 37.515659]}, "properties": {"shelter_id": "OBJ021147000000037", "name": "강월어린이공원", "sido": "서울특별시", "sigungu": "양천구", "emd": "신월동", "road_name": "남부순환로82길", "capacity": null}}, {"type": "Feature", "geometry": {"type": "Point", "coordinates": [126.868664, 37.535264]}, "properties": {"shelter_id": "OBJ021147000000072", "name": "모세미어린이공원", "sido": "서울특별시", "sigungu": "양천구", "emd": "목동", "road_name": "목동중앙남로", "capacity": null}}, {"type": "Feature", "geometry": {"type": "Point", "coordinates": [126.84278, 37.52425]}, "properties": {"shelter_id": "OBJ021147000000022", "name": "신장어린이공원", "sido": "서울특별시", "sigungu": "양천구", "emd": "신월동", "road_name": "오목로9길", "capacity": null}}, {"type": "Feature", "geometry": {"type": "Point", "coordinates": [126.828851, 37.532118]}, "properties": {"shelter_id": "OBJ021147000000025", "name": "경인어린이공원", "sido": "서울특별시", "sigungu": "양천구", "emd": "신월동", "road_name": "남부순환로56길", "capacity": null}}, {"type": "Feature", "geometry": {"type": "Point", "coordinates": [126.830734, 37.528476]}, "properties": {"shelter_id": "OBJ021147000000026", "name": "서서울호수공원 내 열린풀밭", "sido": "서울특별시", "sigungu": "양천구", "emd": "신월동", "road_name": "남부순환로58길", "capacity": null}}, {"type": "Feature", "geometry": {"type": "Point", "coordinates": [126.842041, 37.520005]}, "properties": {"shelter_id": "OBJ021147000000029", "name": "꿀벌어린이공원", "sido": "서울특별시", "sigungu": "양천구", "emd": "신월동", "road_name": "신월로17길", "capacity": null}}, {"type": "Feature", "geometry": {"type": "Point", "coordinates": [126.838607, 37.524408]}, "properties": {"shelter_id": "OBJ021147000000030", "name": "태양어린이공원", "sido": "서울특별시", "sigungu": "양천구", "emd": "신월동", "road_name": "월정로9길", "capacity": null}}, {"type": "Feature", "geometry": {"type": "Point", "coordinates": [126.828361, 37.538687]}, "properties": {"shelter_id": "OBJ021147000000032", "name": "방아다리공원", "sido": "서울특별시", "sigungu": "양천구", "emd": "신월동", "road_name": "남부순환로31길", "capacity": null}}, {"type": "Feature", "geometry": {"type": "Point", "coordinates": [126.831571, 37.538194]}, "properties": {"shelter_id": "OBJ021147000000033", "name": "신오어린이공원", "sido": "서울특별시", "sigungu": "양천구", "emd": "신월동", "road_name": "화곡로12길", "capacity": null}}, {"type": "Feature", "geometry": {"type": "Point", "coordinates": [126.833903, 37.517591]}, "properties": {"shelter_id": "OBJ021147000000040", "name": "신월근린공원", "sido": "서울특별시", "sigungu": "양천구", "emd": "신월동", "road_name": "신월로", "capacity": null}}, {"type": "Feature", "geometry": {"type": "Point", "coordinates": [126.836515, 37.521108]}, "properties": {"shelter_id": "OBJ021147000000042", "name": "오솔길공원", "sido": "서울특별시", "sigungu": "양천구", "emd": "신월동", "road_name": "남부순환로70길", "capacity": null}}, {"type": "Feature", "geometry": {"type": "Point", "coordinates": [126.832553, 37.519898]}, "properties": {"shelter_id": "OBJ021147000000043", "name": "한울근린공원", "sido": "서울특별시", "sigungu": "양천구", "emd": "신월동", "road_name": "지양로7길", "capacity": null}}, {"type": "Feature", "geometry": {"type": "Point", "coordinates": [126.856492, 37.514614]}, "properties": {"shelter_id": "OBJ021147000000046", "name": "신트리공원", "sido": "서울특별시", "sigungu": "양천구", "emd": "신정동", "road_name": "목동동로1길", "capacity": null}}, {"type": "Feature", "geometry": {"type": "Point", "coordinates": [126.875881, 37.521738]}, "properties": {"shelter_id": "OBJ021147000000051", "name": "신세계어린이공원", "sido": "서울특별시", "sigungu": "양천구", "emd": "신정동", "road_name": "신목로6길", "capacity": null}}, {"type": "Feature", "geometry": {"type": "Point", "coordinates": [126.864548, 37.538585]}, "properties": {"shelter_id": "OBJ021147000000071", "name": "나말어린이공원", "sido": "서울특별시", "sigungu": "양천구", "emd": "목동", "road_name": "목동중앙남로", "capacity": null}}, {"type": "Feature", "geometry": {"type": "Point", "coordinates": [126.839213, 37.511199]}, "properties": {"shelter_id": "OBJ021147000000054", "name": "넓은들어린이공원", "sido": "서울특별시", "sigungu": "양천구", "emd": "신정동", "road_name": "신정로11길", "capacity": null}}, {"type": "Feature", "geometry": {"type": "Point", "coordinates": [126.840505, 37.513005]}, "properties": {"shelter_id": "OBJ021147000000055", "name": "넘은들공원", "sido": "서울특별시", "sigungu": "양천구", "emd": "신정동", "road_name": "남부순환로86길", "capacity": null}}, {"type": "Feature", "geometry": {"type": "Point", "coordinates": [126.832551, 37.513464]}, "properties": {"shelter_id": "OBJ021147000000057", "name": "신은초등학교 운동장", "sido": "서울특별시", "sigungu": "양천구", "emd": "신정동", "road_name": "신정이펜2로", "capacity": null}}, {"type": "Feature", "geometry": {"type": "Point", "coordinates": [126.859655, 37.523775]}, "properties": {"shelter_id": "OBJ021147000000058", "name": "신서고등학교  운동장", "sido": "서울특별시", "sigungu": "양천구", "emd": "신정동", "road_name": "은행정로", "capacity": null}}, {"type": "Feature", "geometry": {"type": "Point", "coordinates": [126.858327, 37.526438]}, "properties": {"shelter_id": "OBJ021147000000059", "name": "앞산어린이공원", "sido": "서울특별시", "sigungu": "양천구", "emd": "신정동", "road_name": "은행정로17길", "capacity": null}}, {"type": "Feature", "geometry": {"type": "Point", "coordinates": [126.851219, 37.527399]}, "properties": {"shelter_id": "OBJ021147000000061", "name": "음골어린이공원", "sido": "서울특별시", "sigungu": "양천구", "emd": "신정동", "road_name": "은행정로17길", "capacity": null}}, {"type": "Feature", "geometry": {"type": "Point", "coordinates": [126.868169, 37.518028]}, "properties": {"shelter_id": "OBJ021147000000065", "name": "양천공원", "sido": "서울특별시", "sigungu": "양천구", "emd": "신정동", "road_name": "목동동로", "capacity": null}}, {"type": "Feature", "geometry": {"type": "Point", "coordinates": [126.885604, 37.538178]}, "properties": {"shelter_id": "OBJ021147000000073", "name": "목마공원", "sido": "서울특별시", "sigungu": "양천구", "emd": "목동", "road_name": "목동서로", "capacity": null}}, {"type": "Feature", "geometry": {"type": "Point", "coordinates": [126.84214, 37.536688]}, "properties": {"shelter_id": "OBJ021150000000013", "name": "화원중학교운동장", "sido": "서울특별시", "sigungu": "강서구", "emd": "화곡동", "road_name": "강서로17나길", "capacity": null}}, {"type": "Feature", "geometry": {"type": "Point", "coordinates": [127.469465, 36.279021]}, "properties": {"shelter_id": "OBJ023011000000024", "name": "산내초등학교 운동장", "sido": "대전광역시", "sigungu": "동구", "emd": "낭월동", "road_name": "곤룡로", "capacity": null}}, {"type": "Feature", "geometry": {"type": "Point", "coordinates": [127.441506, 36.337193]}, "properties": {"shelter_id": "OBJ023011000000026", "name": "대전대성여자고등학교 운동장", "sido": "대전광역시", "sigungu": "동구", "emd": "가양동", "road_name": "대성2길", "capacity": null}}, {"type": "Feature", "geometry": {"type": "Point", "coordinates": [127.447484, 36.345121]}, "properties": {"shelter_id": "OBJ023011000000027", "name": "대전흥룡초등학교 운동장", "sido": "대전광역시", "sigungu": "동구", "emd": "가양동", "road_name": "동대전로256번길", "capacity": null}}, {"type": "Feature", "geometry": {"type": "Point", "coordinates": [127.449158, 36.351597]}, "properties": {"shelter_id": "OBJ023011000000028", "name": "동대전초등학교 운동장", "sido": "대전광역시", "sigungu": "동구", "emd": "가양동", "road_name": "동서대로1778번길", "capacity": null}}, {"type": "Feature", "geometry": {"type": "Point", "coordinates": [127.446541, 36.329203]}, "properties": {"shelter_id": "OBJ023011000000029", "name": "대전여자고등학교 운동장", "sido": "대전광역시", "sigungu": "동구", "emd": "대동", "road_name": "천광길", "capacity": null}}, {"type": "Feature", "geometry": {"type": "Point", "coordinates": [127.448514, 36.228401]}, "properties": {"shelter_id": "OBJ023011000000033", "name": "산흥초등학교 운동장", "sido": "대전광역시", "sigungu": "동구", "emd": "상소동", "road_name": "산내로513번길", "capacity": null}}, {"type": "Feature", "geometry": {"type": "Point", "coordinates": [126.908581, 37.448156]}, "properties": {"shelter_id": "OBJ021154500000029", "name": "별장길어린이공원", "sido": "서울특별시", "sigungu": "금천구", "emd": "시흥동", "road_name": "금하로24길", "capacity": null}}, {"type": "Feature", "geometry": {"type": "Point", "coordinates": [126.899311, 37.463803]}, "properties": {"shelter_id": "OBJ021154500000008", "name": "독산마을공원", "sido": "서울특별시", "sigungu": "금천구", "emd": "독산동", "road_name": "시흥대로98길", "capacity": null}}, {"type": "Feature", "geometry": {"type": "Point", "coordinates": [126.884561, 37.48289]}, "properties": {"shelter_id": "OBJ021154500000032", "name": "골말공원", "sido": "서울특별시", "sigungu": "금천구", "emd": "가산동", "road_name": "벚꽃로38길", "capacity": null}}, {"type": "Feature", "geometry": {"type": "Point", "coordinates": [126.901562, 37.469474]}, "properties": {"shelter_id": "OBJ021154500000034", "name": "소망어린이공원", "sido": "서울특별시", "sigungu": "금천구", "emd": "독산동", "road_name": "시흥대로126길", "capacity": null}}, {"type": "Feature", "geometry": {"type": "Point", "coordinates": [126.895741, 37.475576]}, "properties": {"shelter_id": "OBJ021154500000035", "name": "조마공원", "sido": "서울특별시", "sigungu": "금천구", "emd": "가산동", "road_name": "시흥대로149가길", "capacity": null}}, {"type": "Feature", "geometry": {"type": "Point", "coordinates": [126.914217, 37.515833]}, "properties": {"shelter_id": "OBJ021156000000001", "name": "영원중학교 운동장", "sido": "서울특별시", "sigungu": "영등포구", "emd": "영등포동", "road_name": "영등포로62길", "capacity": null}}, {"type": "Feature", "geometry": {"type": "Point", "coordinates": [126.915535, 37.51364]}, "properties": {"shelter_id": "OBJ021156000000002", "name": "장훈고등학교 운동장", "sido": "서울특별시", "sigungu": "영등포구", "emd": "신길동", "road_name": "영등포로64길", "capacity": null}}, {"type": "Feature", "geometry": {"type": "Point", "coordinates": [126.903841, 37.523482]}, "properties": {"shelter_id": "OBJ021156000000003", "name": "영중초등학교 운동장", "sido": "서울특별시", "sigungu": "영등포구", "emd": "영등포동7가", "road_name": "양산로29길", "capacity": null}}, {"type": "Feature", "geometry": {"type": "Point", "coordinates": [126.893263, 37.473365]}, "properties": {"shelter_id": "OBJ021154500000033", "name": "무아래공원", "sido": "서울특별시", "sigungu": "금천구", "emd": "가산동", "road_name": "가산로5길", "capacity": null}}, {"type": "Feature", "geometry": {"type": "Point", "coordinates": [126.936367, 37.522869]}, "properties": {"shelter_id": "OBJ021156000000005", "name": "여의도초등학교 운동장", "sido": "서울특별시", "sigungu": "영등포구", "emd": "여의도동", "road_name": "여의대방로", "capacity": null}}, {"type": "Feature", "geometry": {"type": "Point", "coordinates": [126.899363, 37.531566]}, "properties": {"shelter_id": "OBJ021156000000007", "name": "당서초등학교 운동장", "sido": "서울특별시", "sigungu": "영등포구", "emd": "당산동5가", "road_name": "당산로", "capacity": null}}, {"type": "Feature", "geometry": {"type": "Point", "coordinates": [126.907166, 37.526793]}, "properties": {"shelter_id": "OBJ021156000000008", "name": "영동초등학교 운동장", "sido": "서울특별시", "sigungu": "영등포구", "emd": "당산동", "road_name": "국회대로53길", "capacity": null}}, {"type": "Feature", "geometry": {"type": "Point", "coordinates": [126.898368, 37.512603]}, "properties": {"shelter_id": "OBJ021156000000009", "name": "영등포초등학교 운동장", "sido": "서울특별시", "sigungu": "영등포구", "emd": "문래동1가", "road_name": "경인로88길", "capacity": null}}, {"type": "Feature", "geometry": {"type": "Point", "coordinates": [126.896044, 37.539361]}, "properties": {"shelter_id": "OBJ021156000000014", "name": "당산초등학교 운동장", "sido": "서울특별시", "sigungu": "영등포구", "emd": "양평동4가", "road_name": "양평로22길", "capacity": null}}, {"type": "Feature", "geometry": {"type": "Point", "coordinates": [126.893406, 37.518838]}, "properties": {"shelter_id": "OBJ021156000000011", "name": "문래초등학교 운동장", "sido": "서울특별시", "sigungu": "영등포구", "emd": "문래동3가", "road_name": "문래로", "capacity": null}}, {"type": "Feature", "geometry": {"type": "Point", "coordinates": [126.884216, 37.520153]}, "properties": {"shelter_id": "OBJ021156000000012", "name": "문래중학교 운동장", "sido": "서울특별시", "sigungu": "영등포구", "emd": "문래동6가", "road_name": "선유서로13길", "capacity": null}}, {"type": "Feature", "geometry": {"type": "Point", "coordinates": [126.882993, 37.521361]}, "properties": {"shelter_id": "OBJ021156000000013", "name": "관악고등학교 운동장", "sido": "서울특별시", "sigungu": "영등포구", "emd": "양평동2가", "road_name": "영등포로2길", "capacity": null}}, {"type": "Feature", "geometry": {"type": "Point", "coordinates": [127.448197, 36.350158]}, "properties": {"shelter_id": "OBJ023011000000013", "name": "가양중학교 운동장", "sido": "대전광역시", "sigungu": "동구", "emd": "가양동", "road_name": "동서대로1748번길", "capacity": null}}, {"type": "Feature", "geometry": {"type": "Point", "coordinates": [127.445191, 36.316574]}, "properties": {"shelter_id": "OBJ023011000000003", "name": "천동초등학교 운동장", "sido": "대전광역시", "sigungu": "동구", "emd": "천동", "road_name": "대전로542번길", "capacity": null}}, {"type": "Feature", "geometry": {"type": "Point", "coordinates": [127.45733, 36.308276]}, "properties": {"shelter_id": "OBJ023011000000005", "name": "가오중학교 운동장", "sido": "대전광역시", "sigungu": "동구", "emd": "가오동", "road_name": "은어송로", "capacity": null}}, {"type": "Feature", "geometry": {"type": "Point", "coordinates": [127.460381, 36.315509]}, "properties": {"shelter_id": "OBJ023011000000006", "name": "판암초등학교 운동장", "sido": "대전광역시", "sigungu": "동구", "emd": "판암동", "road_name": "옥천로180번길", "capacity": null}}, {"type": "Feature", "geometry": {"type": "Point", "coordinates": [127.446981, 36.324988]}, "properties": {"shelter_id": "OBJ023011000000009", "name": "대동초등학교 운동장", "sido": "대전광역시", "sigungu": "동구", "emd": "대동", "road_name": "대동초등5길", "capacity": null}}, {"type": "Feature", "geometry": {"type": "Point", "coordinates": [127.452953, 36.343731]}, "properties": {"shelter_id": "OBJ023011000000011", "name": "동아마이스터고등학교 운동장", "sido": "대전광역시", "sigungu": "동구", "emd": "자양동", "road_name": "충정로", "capacity": null}}, {"type": "Feature", "geometry": {"type": "Point", "coordinates": [127.443225, 36.333006]}, "properties": {"shelter_id": "OBJ023011000000010", "name": "자양초등학교 운동장", "sido": "대전광역시", "sigungu": "동구", "emd": "자양동", "road_name": "고니4길", "capacity": null}}, {"type": "Feature", "geometry": {"type": "Point", "coordinates": [127.441022, 36.341501]}, "properties": {"shelter_id": "OBJ023011000000012", "name": "가양초등학교 운동장", "sido": "대전광역시", "sigungu": "동구", "emd": "가양동", "road_name": "가양로", "capacity": null}}, {"type": "Feature", "geometry": {"type": "Point", "coordinates": [127.454565, 36.352194]}, "properties": {"shelter_id": "OBJ023011000000015", "name": "명석고등학교 운동장", "sido": "대전광역시", "sigungu": "동구", "emd": "가양동", "road_name": "우암로", "capacity": null}}, {"type": "Feature", "geometry": {"type": "Point", "coordinates": [127.429846, 36.356314]}, "properties": {"shelter_id": "OBJ023011000000016", "name": "용전초등학교 운동장", "sido": "대전광역시", "sigungu": "동구", "emd": "용전동", "road_name": "계족로505번길", "capacity": null}}, {"type": "Feature", "geometry": {"type": "Point", "coordinates": [127.432658, 36.369091]}, "properties": {"shelter_id": "OBJ023023000000010", "name": "대전법동초등학교 운동장", "sido": "대전광역시", "sigungu": "대덕구", "emd": "법동", "road_name": "계족로664번길", "capacity": null}}, {"type": "Feature", "geometry": {"type": "Point", "coordinates": [127.419391, 36.432045]}, "properties": {"shelter_id": "OBJ023023000000011", "name": "새일초등학교 운동장", "sido": "대전광역시", "sigungu": "대덕구", "emd": "덕암동", "road_name": "덕암로125번길", "capacity": null}}, {"type": "Feature", "geometry": {"type": "Point", "coordinates": [127.412675, 36.445241]}, "properties": {"shelter_id": "OBJ023023000000012", "name": "대전목상초등학교 운동장", "sido": "대전광역시", "sigungu": "대덕구", "emd": "목상동", "road_name": "대덕대로1486번길", "capacity": null}}, {"type": "Feature", "geometry": {"type": "Point", "coordinates": [129.348812, 35.551614]}, "properties": {"shelter_id": "OBJ023111000000002", "name": "내황초등학교운동장", "sido": "울산광역시", "sigungu": "중구", "emd": "반구동", "road_name": "내황13길", "capacity": null}}, {"type": "Feature", "geometry": {"type": "Point", "coordinates": [129.343962, 35.553706]}, "properties": {"shelter_id": "OBJ023111000000003", "name": "중앙여자고등학교운동장", "sido": "울산광역시", "sigungu": "중구", "emd": "반구동", "road_name": "내황10길", "capacity": null}}, {"type": "Feature", "geometry": {"type": "Point", "coordinates": [129.330026, 35.55901]}, "properties": {"shelter_id": "OBJ023111000000007", "name": "함월초등학교운동장", "sido": "울산광역시", "sigungu": "중구", "emd": "복산동", "road_name": "학성1길", "capacity": null}}, {"type": "Feature", "geometry": {"type": "Point", "coordinates": [129.324513, 35.559243]}, "properties": {"shelter_id": "OBJ023111000000006", "name": "복산초등학교운동장", "sido": "울산광역시", "sigungu": "중구", "emd": "복산동", "road_name": "포교당길", "capacity": null}}, {"type": "Feature", "geometry": {"type": "Point", "coordinates": [129.344876, 35.574738]}, "properties": {"shelter_id": "OBJ023111000000028", "name": "병영초등학교운동장", "sido": "울산광역시", "sigungu": "중구", "emd": "서동", "road_name": "병영성길", "capacity": null}}, {"type": "Feature", "geometry": {"type": "Point", "coordinates": [126.891988, 37.575812]}, "properties": {"shelter_id": "OBJ021144000000033", "name": "상암초등학교 운동장", "sido": "서울특별시", "sigungu": "마포구", "emd": "상암동", "road_name": "월드컵북로", "capacity": null}}, {"type": "Feature", "geometry": {"type": "Point", "coordinates": [126.953256, 37.550395]}, "properties": {"shelter_id": "OBJ021144000000035", "name": "큰더기어린이공원", "sido": "서울특별시", "sigungu": "마포구", "emd": "공덕동", "road_name": "마포대로", "capacity": null}}, {"type": "Feature", "geometry": {"type": "Point", "coordinates": [126.943805, 37.535714]}, "properties": {"shelter_id": "OBJ021144000000037", "name": "마포어린이공원", "sido": "서울특별시", "sigungu": "마포구", "emd": "마포동", "road_name": "마포대로4다길", "capacity": null}}, {"type": "Feature", "geometry": {"type": "Point", "coordinates": [126.940986, 37.548672]}, "properties": {"shelter_id": "OBJ021144000000039", "name": "용강쉼터", "sido": "서울특별시", "sigungu": "마포구", "emd": "대흥동", "road_name": "백범로", "capacity": null}}, {"type": "Feature", "geometry": {"type": "Point", "coordinates": [126.946302, 37.556477]}, "properties": {"shelter_id": "OBJ021144000000040", "name": "이대녹지쉼터", "sido": "서울특별시", "sigungu": "마포구", "emd": "대흥동", "road_name": "신촌로", "capacity": null}}, {"type": "Feature", "geometry": {"type": "Point", "coordinates": [126.933276, 37.544359]}, "properties": {"shelter_id": "OBJ021144000000041", "name": "현석어린이공원", "sido": "서울특별시", "sigungu": "마포구", "emd": "현석동", "road_name": "신수로", "capacity": null}}, {"type": "Feature", "geometry": {"type": "Point", "coordinates": [126.933683, 37.548819]}, "properties": {"shelter_id": "OBJ021144000000042", "name": "경남아너스빌쉼터", "sido": "서울특별시", "sigungu": "마포구", "emd": "신수동", "road_name": "창전로2길", "capacity": null}}, {"type": "Feature", "geometry": {"type": "Point", "coordinates": [126.922332, 37.564589]}, "properties": {"shelter_id": "OBJ021144000000047", "name": "은행나무어린이공원", "sido": "서울특별시", "sigungu": "마포구", "emd": "연남동", "road_name": "성미산로29길", "capacity": null}}, {"type": "Feature", "geometry": {"type": "Point", "coordinates": [126.945881, 37.542361]}, "properties": {"shelter_id": "OBJ021144000000038", "name": "염리초등학교 운동장", "sido": "서울특별시", "sigungu": "마포구", "emd": "염리동", "road_name": "토정로37길", "capacity": null}}, {"type": "Feature", "geometry": {"type": "Point", "coordinates": [126.903111, 37.551179]}, "properties": {"shelter_id": "OBJ021144000000044", "name": "합정동보호수 정자마당", "sido": "서울특별시", "sigungu": "마포구", "emd": "합정동", "road_name": "동교로", "capacity": null}}, {"type": "Feature", "geometry": {"type": "Point", "coordinates": [126.898547, 37.559077]}, "properties": {"shelter_id": "OBJ021144000000046", "name": "망원새싹어린이공원", "sido": "서울특별시", "sigungu": "마포구", "emd": "망원동", "road_name": "월드컵로31길", "capacity": null}}, {"type": "Feature", "geometry": {"type": "Point", "coordinates": [126.893972, 37.579559]}, "properties": {"shelter_id": "OBJ021144000000051", "name": "물빛문화공원", "sido": "서울특별시", "sigungu": "마포구", "emd": "상암동", "road_name": "성암로", "capacity": null}}, {"type": "Feature", "geometry": {"type": "Point", "coordinates": [126.911181, 37.545671]}, "properties": {"shelter_id": "OBJ021144000000043", "name": "양화진역사공원", "sido": "서울특별시", "sigungu": "마포구", "emd": "합정동", "road_name": "토정로", "capacity": null}}, {"type": "Feature", "geometry": {"type": "Point", "coordinates": [126.908517, 37.550442]}, "properties": {"shelter_id": "OBJ021144000000045", "name": "양화어린이공원", "sido": "서울특별시", "sigungu": "마포구", "emd": "합정동", "road_name": "포은로2가길", "capacity": null}}, {"type": "Feature", "geometry": {"type": "Point", "coordinates": [126.908059, 37.554554]}, "properties": {"shelter_id": "OBJ021144000000058", "name": "한마음(어린이)공원", "sido": "서울특별시", "sigungu": "마포구", "emd": "망원동", "road_name": "월드컵로15길", "capacity": null}}, {"type": "Feature", "geometry": {"type": "Point", "coordinates": [126.880363, 37.583007]}, "properties": {"shelter_id": "OBJ021144000000052", "name": "휴암문화공원", "sido": "서울특별시", "sigungu": "마포구", "emd": "상암동", "road_name": "가양대로", "capacity": null}}, {"type": "Feature", "geometry": {"type": "Point", "coordinates": [126.950524, 37.552215]}, "properties": {"shelter_id": "OBJ021144000000034", "name": "쌍룡산어린이공원", "sido": "서울특별시", "sigungu": "마포구", "emd": "아현동", "road_name": "숭문12길", "capacity": null}}, {"type": "Feature", "geometry": {"type": "Point", "coordinates": [126.918792, 37.559653]}, "properties": {"shelter_id": "OBJ021144000000048", "name": "느티나무어린이공원", "sido": "서울특별시", "sigungu": "마포구", "emd": "연남동", "road_name": "연남로3길", "capacity": null}}, {"type": "Feature", "geometry": {"type": "Point", "coordinates": [126.887849, 37.578688]}, "properties": {"shelter_id": "OBJ021144000000049", "name": "상암중학교 운동장", "sido": "서울특별시", "sigungu": "마포구", "emd": "상암동", "road_name": "상암산로1길", "capacity": null}}, {"type": "Feature", "geometry": {"type": "Point", "coordinates": [126.883693, 37.583022]}, "properties": {"shelter_id": "OBJ021144000000050", "name": "구룡(근린)공원", "sido": "서울특별시", "sigungu": "마포구", "emd": "상암동", "road_name": "월드컵북로", "capacity": null}}, {"type": "Feature", "geometry": {"type": "Point", "coordinates": [126.887621, 37.58185]}, "properties": {"shelter_id": "OBJ021144000000053", "name": "가온문화공원", "sido": "서울특별시", "sigungu": "마포구", "emd": "상암동", "road_name": "월드컵북로56길", "capacity": null}}, {"type": "Feature", "geometry": {"type": "Point", "coordinates": [126.892342, 37.578045]}, "properties": {"shelter_id": "OBJ021144000000054", "name": "DMC문화공원", "sido": "서울특별시", "sigungu": "마포구", "emd": "상암동", "road_name": "월드컵북로", "capacity": null}}, {"type": "Feature", "geometry": {"type": "Point", "coordinates": [126.915443, 37.551908]}, "properties": {"shelter_id": "OBJ021144000000055", "name": "서교어린이공원", "sido": "서울특별시", "sigungu": "마포구", "emd": "서교동", "road_name": "양화로11길", "capacity": null}}, {"type": "Feature", "geometry": {"type": "Point", "coordinates": [126.9128, 37.554612]}, "properties": {"shelter_id": "OBJ021144000000056", "name": "잔다리어린이공원", "sido": "서울특별시", "sigungu": "마포구", "emd": "서교동", "road_name": "동교로", "capacity": null}}, {"type": "Feature", "geometry": {"type": "Point", "coordinates": [126.926318, 37.557236]}, "properties": {"shelter_id": "OBJ021144000000057", "name": "윗잔다리 어린이공원", "sido": "서울특별시", "sigungu": "마포구", "emd": "동교동", "road_name": "양화로", "capacity": null}}, {"type": "Feature", "geometry": {"type": "Point", "coordinates": [126.902078, 37.554892]}, "properties": {"shelter_id": "OBJ021144000000059", "name": "옹달샘(어린이)공원", "sido": "서울특별시", "sigungu": "마포구", "emd": "망원동", "road_name": "망원로2길", "capacity": null}}, {"type": "Feature", "geometry": {"type": "Point", "coordinates": [126.900545, 37.552929]}, "properties": {"shelter_id": "OBJ021144000000060", "name": "망원숲공원", "sido": "서울특별시", "sigungu": "마포구", "emd": "망원동", "road_name": "동교로1길", "capacity": null}}, {"type": "Feature", "geometry": {"type": "Point", "coordinates": [126.945222, 37.540727]}, "properties": {"shelter_id": "OBJ021144000000061", "name": "삼개어린이공원", "sido": "서울특별시", "sigungu": "마포구", "emd": "도화동", "road_name": "토정로37길", "capacity": null}}, {"type": "Feature", "geometry": {"type": "Point", "coordinates": [126.912909, 35.169288]}, "properties": {"shelter_id": "OBJ022917000000037", "name": "광주효동초등학교 운동장", "sido": "광주광역시", "sigungu": "북구", "emd": "중흥동", "road_name": "서양로", "capacity": null}}, {"type": "Feature", "geometry": {"type": "Point", "coordinates": [126.895242, 35.210755]}, "properties": {"shelter_id": "OBJ022917000000029", "name": "일신초등학교 운동장", "sido": "광주광역시", "sigungu": "북구", "emd": "일곡동", "road_name": "일곡마을로", "capacity": null}}, {"type": "Feature", "geometry": {"type": "Point", "coordinates": [126.936309, 35.165847]}, "properties": {"shelter_id": "OBJ022917000000006", "name": "삼정초등학교 운동장", "sido": "광주광역시", "sigungu": "북구", "emd": "두암동", "road_name": "탁영로", "capacity": null}}, {"type": "Feature", "geometry": {"type": "Point", "coordinates": [126.893994, 35.19397]}, "properties": {"shelter_id": "OBJ022917000000007", "name": "매곡초등학교 운동장", "sido": "광주광역시", "sigungu": "북구", "emd": "매곡동", "road_name": "초당로", "capacity": null}}, {"type": "Feature", "geometry": {"type": "Point", "coordinates": [126.925148, 35.186827]}, "properties": {"shelter_id": "OBJ022917000000010", "name": "문산초등학교 운동장", "sido": "광주광역시", "sigungu": "북구", "emd": "문흥동", "road_name": "부남길", "capacity": null}}, {"type": "Feature", "geometry": {"type": "Point", "coordinates": [126.881716, 35.214863]}, "properties": {"shelter_id": "OBJ022917000000012", "name": "본촌초등학교 운동장", "sido": "광주광역시", "sigungu": "북구", "emd": "본촌동", "road_name": "양산택지로121번길", "capacity": null}}, {"type": "Feature", "geometry": {"type": "Point", "coordinates": [126.870881, 35.214581]}, "properties": {"shelter_id": "OBJ022917000000016", "name": "용두초등학교 운동장", "sido": "광주광역시", "sigungu": "북구", "emd": "신용동", "road_name": "임방울대로1041번길", "capacity": null}}, {"type": "Feature", "geometry": {"type": "Point", "coordinates": [126.874099, 35.195905]}, "properties": {"shelter_id": "OBJ022917000000018", "name": "광주연제초등학교 운동장", "sido": "광주광역시", "sigungu": "북구", "emd": "양산동", "road_name": "하서로229번길", "capacity": null}}, {"type": "Feature", "geometry": {"type": "Point", "coordinates": [126.893603, 35.205614]}, "properties": {"shelter_id": "OBJ022917000000031", "name": "일동초등학교 운동장", "sido": "광주광역시", "sigungu": "북구", "emd": "일곡동", "road_name": "일곡택지로", "capacity": null}}, {"type": "Feature", "geometry": {"type": "Point", "coordinates": [126.796541, 35.131412]}, "properties": {"shelter_id": "OBJ022920000000002", "name": "송정초등학교 운동장", "sido": "광주광역시", "sigungu": "광산구", "emd": "도산동", "road_name": "송도로182번길", "capacity": null}}, {"type": "Feature", "geometry": {"type": "Point", "coordinates": [126.877024, 37.534779]}, "properties": {"shelter_id": "OBJ021147000000015", "name": "파리공원", "sido": "서울특별시", "sigungu": "양천구", "emd": "목동", "road_name": "목동동로", "capacity": null}}, {"type": "Feature", "geometry": {"type": "Point", "coordinates": [126.835777, 37.532055]}, "properties": {"shelter_id": "OBJ021147000000016", "name": "돌다리어린이공원", "sido": "서울특별시", "sigungu": "양천구", "emd": "신월동", "road_name": "월정로27길", "capacity": null}}, {"type": "Feature", "geometry": {"type": "Point", "coordinates": [127.429736, 36.343027]}, "properties": {"shelter_id": "OBJ023011000000017", "name": "대전성남초등학교 운동장", "sido": "대전광역시", "sigungu": "동구", "emd": "성남동", "road_name": "성남로", "capacity": null}}, {"type": "Feature", "geometry": {"type": "Point", "coordinates": [127.429352, 36.336864]}, "properties": {"shelter_id": "OBJ023011000000018", "name": "삼성초등학교 운동장", "sido": "대전광역시", "sigungu": "동구", "emd": "삼성동", "road_name": "대전로", "capacity": null}}, {"type": "Feature", "geometry": {"type": "Point", "coordinates": [127.459091, 36.320538]}, "properties": {"shelter_id": "OBJ023011000000025", "name": "동신중학교 운동장", "sido": "대전광역시", "sigungu": "동구", "emd": "판암동", "road_name": "동부로", "capacity": null}}, {"type": "Feature", "geometry": {"type": "Point", "coordinates": [127.47404, 36.37376]}, "properties": {"shelter_id": "OBJ023011000000031", "name": "동명초등학교 운동장", "sido": "대전광역시", "sigungu": "동구", "emd": "추동", "road_name": "천개동로", "capacity": null}}, {"type": "Feature", "geometry": {"type": "Point", "coordinates": [127.420951, 36.341727]}, "properties": {"shelter_id": "OBJ023011000000019", "name": "현암초등학교 운동장", "sido": "대전광역시", "sigungu": "동구", "emd": "삼성동", "road_name": "현암로", "capacity": null}}, {"type": "Feature", "geometry": {"type": "Point", "coordinates": [127.426268, 36.335437]}, "properties": {"shelter_id": "OBJ023011000000020", "name": "한밭중학교 운동장", "sido": "대전광역시", "sigungu": "동구", "emd": "삼성동", "road_name": "태전로", "capacity": null}}, {"type": "Feature", "geometry": {"type": "Point", "coordinates": [127.423916, 36.336578]}, "properties": {"shelter_id": "OBJ023011000000021", "name": "보문고등학교 운동장", "sido": "대전광역시", "sigungu": "동구", "emd": "삼성동", "road_name": "우암로", "capacity": null}}, {"type": "Feature", "geometry": {"type": "Point", "coordinates": [127.434266, 36.336953]}, "properties": {"shelter_id": "OBJ023011000000022", "name": "계룡공업고등학교 운동장", "sido": "대전광역시", "sigungu": "동구", "emd": "삼성동", "road_name": "소랑길", "capacity": null}}, {"type": "Feature", "geometry": {"type": "Point", "coordinates": [127.493625, 36.341209]}, "properties": {"shelter_id": "OBJ023011000000023", "name": "세천초등학교 운동장", "sido": "대전광역시", "sigungu": "동구", "emd": "세천동", "road_name": "옥천로", "capacity": null}}, {"type": "Feature", "geometry": {"type": "Point", "coordinates": [129.342199, 35.560101]}, "properties": {"shelter_id": "OBJ023111000000004", "name": "학성초등학교운동장", "sido": "울산광역시", "sigungu": "중구", "emd": "반구동", "road_name": "해오름15길", "capacity": null}}, {"type": "Feature", "geometry": {"type": "Point", "coordinates": [129.317916, 35.572288]}, "properties": {"shelter_id": "OBJ023111000000009", "name": "성안중학교운동장", "sido": "울산광역시", "sigungu": "중구", "emd": "성안동", "road_name": "성안1길", "capacity": null}}, {"type": "Feature", "geometry": {"type": "Point", "coordinates": [129.318841, 35.557178]}, "properties": {"shelter_id": "OBJ023111000000013", "name": "양사초등학교운동장", "sido": "울산광역시", "sigungu": "중구", "emd": "교동", "road_name": "초은길", "capacity": null}}, {"type": "Feature", "geometry": {"type": "Point", "coordinates": [129.29789, 35.561397]}, "properties": {"shelter_id": "OBJ023111000000015", "name": "함월고등학교운동장", "sido": "울산광역시", "sigungu": "중구", "emd": "유곡동", "road_name": "종가3길", "capacity": null}}, {"type": "Feature", "geometry": {"type": "Point", "coordinates": [129.289217, 35.552398]}, "properties": {"shelter_id": "OBJ023111000000018", "name": "명정초등학교운동장", "sido": "울산광역시", "sigungu": "중구", "emd": "태화동", "road_name": "오산6길", "capacity": null}}, {"type": "Feature", "geometry": {"type": "Point", "coordinates": [129.291518, 35.554736]}, "properties": {"shelter_id": "OBJ023111000000019", "name": "학성여자중학교운동장", "sido": "울산광역시", "sigungu": "중구", "emd": "태화동", "road_name": "명정3길", "capacity": null}}, {"type": "Feature", "geometry": {"type": "Point", "coordinates": [126.909387, 37.47582]}, "properties": {"shelter_id": "OBJ021154500000026", "name": "영남초등학교운동장", "sido": "서울특별시", "sigungu": "금천구", "emd": "독산동", "road_name": "문성로", "capacity": null}}, {"type": "Feature", "geometry": {"type": "Point", "coordinates": [126.906964, 37.452107]}, "properties": {"shelter_id": "OBJ021154500000028", "name": "은행어린이공원", "sido": "서울특별시", "sigungu": "금천구", "emd": "시흥동", "road_name": "독산로14길", "capacity": null}}, {"type": "Feature", "geometry": {"type": "Point", "coordinates": [126.945584, 37.541057]}, "properties": {"shelter_id": "OBJ021144000000062", "name": "도화소어린이공원", "sido": "서울특별시", "sigungu": "마포구", "emd": "도화동", "road_name": "큰우물로", "capacity": null}}, {"type": "Feature", "geometry": {"type": "Point", "coordinates": [126.943415, 37.540615]}, "properties": {"shelter_id": "OBJ021144000000063", "name": "토정어린이공원", "sido": "서울특별시", "sigungu": "마포구", "emd": "용강동", "road_name": "토정로35길", "capacity": null}}, {"type": "Feature", "geometry": {"type": "Point", "coordinates": [126.867328, 37.523848]}, "properties": {"shelter_id": "OBJ021147000000001", "name": "서정초등학교 운동장", "sido": "서울특별시", "sigungu": "양천구", "emd": "목동", "road_name": "목동로8길", "capacity": null}}, {"type": "Feature", "geometry": {"type": "Point", "coordinates": [126.907296, 37.569065]}, "properties": {"shelter_id": "OBJ021144000000064", "name": "성황당어린이공원(뒤뜰어린이공원)", "sido": "서울특별시", "sigungu": "마포구", "emd": "성산동", "road_name": "월드컵북로30길", "capacity": null}}, {"type": "Feature", "geometry": {"type": "Point", "coordinates": [126.896483, 37.556485]}, "properties": {"shelter_id": "OBJ021144000000065", "name": "망원자매공원", "sido": "서울특별시", "sigungu": "마포구", "emd": "망원동", "road_name": "월드컵로25길", "capacity": null}}, {"type": "Feature", "geometry": {"type": "Point", "coordinates": [126.923356, 37.552271]}, "properties": {"shelter_id": "OBJ021144000000066", "name": "홍익문화공원", "sido": "서울특별시", "sigungu": "마포구", "emd": "서교동", "road_name": "와우산로", "capacity": null}}, {"type": "Feature", "geometry": {"type": "Point", "coordinates": [126.866151, 37.523439]}, "properties": {"shelter_id": "OBJ021147000000003", "name": "진명여자고등학교 운동장", "sido": "서울특별시", "sigungu": "양천구", "emd": "목동", "road_name": "목동로8길", "capacity": null}}, {"type": "Feature", "geometry": {"type": "Point", "coordinates": [126.874479, 37.543754]}, "properties": {"shelter_id": "OBJ021147000000006", "name": "양화초등학교 운동장", "sido": "서울특별시", "sigungu": "양천구", "emd": "목동", "road_name": "목동중앙북로16길", "capacity": null}}, {"type": "Feature", "geometry": {"type": "Point", "coordinates": [126.872289, 37.536518]}, "properties": {"shelter_id": "OBJ021147000000012", "name": "신목중학교 운동장", "sido": "서울특별시", "sigungu": "양천구", "emd": "목동", "road_name": "목동중앙로", "capacity": null}}, {"type": "Feature", "geometry": {"type": "Point", "coordinates": [126.869235, 37.547665]}, "properties": {"shelter_id": "OBJ021147000000008", "name": "양동중학교 운동장", "sido": "서울특별시", "sigungu": "양천구", "emd": "목동", "road_name": "목동중앙북로", "capacity": null}}, {"type": "Feature", "geometry": {"type": "Point", "coordinates": [126.866332, 37.53638]}, "properties": {"shelter_id": "OBJ021147000000010", "name": "강서고등학교 운동장", "sido": "서울특별시", "sigungu": "양천구", "emd": "목동", "road_name": "목동중앙남로9가길", "capacity": null}}, {"type": "Feature", "geometry": {"type": "Point", "coordinates": [126.869846, 37.536811]}, "properties": {"shelter_id": "OBJ021147000000011", "name": "정목초등학교 운동장", "sido": "서울특별시", "sigungu": "양천구", "emd": "목동", "road_name": "목동중앙로3길", "capacity": null}}, {"type": "Feature", "geometry": {"type": "Point", "coordinates": [126.871575, 37.535719]}, "properties": {"shelter_id": "OBJ021147000000013", "name": "영도초등학교 운동장", "sido": "서울특별시", "sigungu": "양천구", "emd": "목동", "road_name": "목동중앙로", "capacity": null}}, {"type": "Feature", "geometry": {"type": "Point", "coordinates": [126.883203, 37.537194]}, "properties": {"shelter_id": "OBJ021147000000014", "name": "월촌중학교 운동장", "sido": "서울특별시", "sigungu": "양천구", "emd": "목동", "road_name": "목동서로", "capacity": null}}, {"type": "Feature", "geometry": {"type": "Point", "coordinates": [126.833206, 37.530608]}, "properties": {"shelter_id": "OBJ021147000000018", "name": "신월1동휴게공간", "sido": "서울특별시", "sigungu": "양천구", "emd": "신월동", "road_name": "곰달래로1길", "capacity": null}}, {"type": "Feature", "geometry": {"type": "Point", "coordinates": [126.841596, 37.525853]}, "properties": {"shelter_id": "OBJ021147000000020", "name": "신강초등학교 운동장", "sido": "서울특별시", "sigungu": "양천구", "emd": "신월동", "road_name": "중앙로57길", "capacity": null}}, {"type": "Feature", "geometry": {"type": "Point", "coordinates": [126.844752, 37.515987]}, "properties": {"shelter_id": "OBJ021147000000038", "name": "신남초등학교 운동장", "sido": "서울특별시", "sigungu": "양천구", "emd": "신월동", "road_name": "남부순환로83길", "capacity": null}}, {"type": "Feature", "geometry": {"type": "Point", "coordinates": [127.427227, 36.367312]}, "properties": {"shelter_id": "OBJ023023000000006", "name": "대전중리초등학교  운동장", "sido": "대전광역시", "sigungu": "대덕구", "emd": "법동", "road_name": "중리북로", "capacity": null}}, {"type": "Feature", "geometry": {"type": "Point", "coordinates": [127.451507, 36.361239]}, "properties": {"shelter_id": "OBJ023023000000008", "name": "대전비래초등학교 운동장", "sido": "대전광역시", "sigungu": "대덕구", "emd": "법동", "road_name": "계족로664번길", "capacity": null}}, {"type": "Feature", "geometry": {"type": "Point", "coordinates": [127.421483, 36.374487]}, "properties": {"shelter_id": "OBJ023023000000003", "name": "대전회덕초등학교  운동장", "sido": "대전광역시", "sigungu": "대덕구", "emd": "읍내동", "road_name": "대전로", "capacity": null}}, {"type": "Feature", "geometry": {"type": "Point", "coordinates": [127.442953, 36.364022]}, "properties": {"shelter_id": "OBJ023023000000004", "name": "대전송촌중학교  운동장", "sido": "대전광역시", "sigungu": "대덕구", "emd": "송촌동", "road_name": "계족산로", "capacity": null}}, {"type": "Feature", "geometry": {"type": "Point", "coordinates": [129.307322, 35.559719]}, "properties": {"shelter_id": "OBJ023111000000014", "name": "우정초등학교운동장", "sido": "울산광역시", "sigungu": "중구", "emd": "우정동", "road_name": "우정9길", "capacity": null}}, {"type": "Feature", "geometry": {"type": "Point", "coordinates": [126.961399, 37.552073]}, "properties": {"shelter_id": "OBJ021144000000002", "name": "소의초등학교 운동장", "sido": "서울특별시", "sigungu": "마포구", "emd": "아현동", "road_name": "마포대로24길", "capacity": null}}, {"type": "Feature", "geometry": {"type": "Point", "coordinates": [126.926772, 37.548148]}, "properties": {"shelter_id": "OBJ021144000000014", "name": "서강초등학교 운동장", "sido": "서울특별시", "sigungu": "마포구", "emd": "상수동", "road_name": "독막로", "capacity": null}}, {"type": "Feature", "geometry": {"type": "Point", "coordinates": [126.911124, 37.552937]}, "properties": {"shelter_id": "OBJ021144000000020", "name": "성산초등학교 운동장", "sido": "서울특별시", "sigungu": "마포구", "emd": "합정동", "road_name": "월드컵로7길", "capacity": null}}, {"type": "Feature", "geometry": {"type": "Point", "coordinates": [126.937926, 37.543994]}, "properties": {"shelter_id": "OBJ021144000000011", "name": "신석초등학교 운동장", "sido": "서울특별시", "sigungu": "마포구", "emd": "신수동", "road_name": "대흥로", "capacity": null}}, {"type": "Feature", "geometry": {"type": "Point", "coordinates": [126.933808, 37.545972]}, "properties": {"shelter_id": "OBJ021144000000012", "name": "신수중학교 운동장", "sido": "서울특별시", "sigungu": "마포구", "emd": "신수동", "road_name": "신수로", "capacity": null}}, {"type": "Feature", "geometry": {"type": "Point", "coordinates": [126.936459, 37.548532]}, "properties": {"shelter_id": "OBJ021144000000013", "name": "광성고등학교 운동장", "sido": "서울특별시", "sigungu": "마포구", "emd": "신수동", "road_name": "신수로8길", "capacity": null}}, {"type": "Feature", "geometry": {"type": "Point", "coordinates": [126.945998, 37.551622]}, "properties": {"shelter_id": "OBJ021144000000009", "name": "숭문중고등학교 운동장", "sido": "서울특별시", "sigungu": "마포구", "emd": "대흥동", "road_name": "대흥로", "capacity": null}}, {"type": "Feature", "geometry": {"type": "Point", "coordinates": [126.391048, 37.720959]}, "properties": {"shelter_id": "OBJ022871000000027", "name": "내가초등학교 운동장", "sido": "인천광역시", "sigungu": "강화군", "emd": "내가면", "road_name": "강화서로", "capacity": null}}, {"type": "Feature", "geometry": {"type": "Point", "coordinates": [126.362046, 37.722806]}, "properties": {"shelter_id": "OBJ022871000000028", "name": "내가면 황청리 공터 1", "sido": "인천광역시", "sigungu": "강화군", "emd": "내가면", "road_name": "황청포구로", "capacity": null}}, {"type": "Feature", "geometry": {"type": "Point", "coordinates": [126.39005, 37.744471]}, "properties": {"shelter_id": "OBJ022871000000029", "name": "명신초등학교 운동장", "sido": "인천광역시", "sigungu": "강화군", "emd": "하점면", "road_name": "강화서로560번길", "capacity": null}}, {"type": "Feature", "geometry": {"type": "Point", "coordinates": [126.388949, 37.77287]}, "properties": {"shelter_id": "OBJ022871000000030", "name": "강서중학교 운동장", "sido": "인천광역시", "sigungu": "강화군", "emd": "하점면", "road_name": "강화서로", "capacity": null}}, {"type": "Feature", "geometry": {"type": "Point", "coordinates": [126.413899, 37.773394]}, "properties": {"shelter_id": "OBJ022871000000031", "name": "하점초등학교 운동장", "sido": "인천광역시", "sigungu": "강화군", "emd": "하점면", "road_name": "강화대로1204번길", "capacity": null}}, {"type": "Feature", "geometry": {"type": "Point", "coordinates": [126.422066, 37.803661]}, "properties": {"shelter_id": "OBJ022871000000032", "name": "양사초등학교 운동장", "sido": "인천광역시", "sigungu": "강화군", "emd": "양사면", "road_name": "덕하로", "capacity": null}}, {"type": "Feature", "geometry": {"type": "Point", "coordinates": [126.239335, 37.770077]}, "properties": {"shelter_id": "OBJ022871000000037", "name": "난정초등학교 운동장", "sido": "인천광역시", "sigungu": "강화군", "emd": "교동면", "road_name": "교동서로378번길", "capacity": null}}, {"type": "Feature", "geometry": {"type": "Point", "coordinates": [126.87328, 37.528002]}, "properties": {"shelter_id": "OBJ021147000000002", "name": "오목공원", "sido": "서울특별시", "sigungu": "양천구", "emd": "목동", "road_name": "목동서로", "capacity": null}}, {"type": "Feature", "geometry": {"type": "Point", "coordinates": [126.460377, 37.76943]}, "properties": {"shelter_id": "OBJ022871000000033", "name": "송해초등학교 운동장", "sido": "인천광역시", "sigungu": "강화군", "emd": "송해면", "road_name": "전망대로", "capacity": null}}, {"type": "Feature", "geometry": {"type": "Point", "coordinates": [126.281481, 37.783294]}, "properties": {"shelter_id": "OBJ022871000000034", "name": "교동초등학교 운동장", "sido": "인천광역시", "sigungu": "강화군", "emd": "교동면", "road_name": "대룡안길", "capacity": null}}, {"type": "Feature", "geometry": {"type": "Point", "coordinates": [126.283337, 37.777684]}, "properties": {"shelter_id": "OBJ022871000000035", "name": "교동중고등학교 운동장", "sido": "인천광역시", "sigungu": "강화군", "emd": "교동면", "road_name": "교동남로", "capacity": null}}, {"type": "Feature", "geometry": {"type": "Point", "coordinates": [126.256911, 37.800603]}, "properties": {"shelter_id": "OBJ022871000000036", "name": "지석초등학교 운동장", "sido": "인천광역시", "sigungu": "강화군", "emd": "교동면", "road_name": "교동북로", "capacity": null}}, {"type": "Feature", "geometry": {"type": "Point", "coordinates": [126.322077, 37.703647]}, "properties": {"shelter_id": "OBJ022871000000038", "name": "삼산초등학교 운동장", "sido": "인천광역시", "sigungu": "강화군", "emd": "삼산면", "road_name": "삼산북로463번길", "capacity": null}}, {"type": "Feature", "geometry": {"type": "Point", "coordinates": [126.318222, 37.701737]}, "properties": {"shelter_id": "OBJ022871000000039", "name": "승영중학교 운동장", "sido": "인천광역시", "sigungu": "강화군", "emd": "삼산면", "road_name": "삼산북로473번길", "capacity": null}}, {"type": "Feature", "geometry": {"type": "Point", "coordinates": [126.862023, 37.54199]}, "properties": {"shelter_id": "OBJ021150000000026", "name": "등마초등학교 운동장", "sido": "서울특별시", "sigungu": "강서구", "emd": "등촌동", "road_name": "등촌로35길", "capacity": null}}, {"type": "Feature", "geometry": {"type": "Point", "coordinates": [126.860062, 37.546481]}, "properties": {"shelter_id": "OBJ021150000000035", "name": "능안공원", "sido": "서울특별시", "sigungu": "강서구", "emd": "등촌동", "road_name": "등촌로39길", "capacity": null}}, {"type": "Feature", "geometry": {"type": "Point", "coordinates": [126.806709, 37.564753]}, "properties": {"shelter_id": "OBJ021150000000032", "name": "방화중학교 운동장", "sido": "서울특별시", "sigungu": "강서구", "emd": "방화동", "road_name": "개화동로27길", "capacity": null}}, {"type": "Feature", "geometry": {"type": "Point", "coordinates": [126.844379, 37.541487]}, "properties": {"shelter_id": "OBJ021150000000040", "name": "볏골어린이공원", "sido": "서울특별시", "sigungu": "강서구", "emd": "화곡동", "road_name": "까치산로4길", "capacity": null}}, {"type": "Feature", "geometry": {"type": "Point", "coordinates": [126.869451, 37.551149]}, "properties": {"shelter_id": "OBJ021150000000033", "name": "백합공원", "sido": "서울특별시", "sigungu": "강서구", "emd": "염창동", "road_name": "공항대로59다길", "capacity": null}}, {"type": "Feature", "geometry": {"type": "Point", "coordinates": [126.857405, 37.556045]}, "properties": {"shelter_id": "OBJ021150000000034", "name": "등마루공원", "sido": "서울특별시", "sigungu": "강서구", "emd": "등촌동", "road_name": "양천로60길", "capacity": null}}, {"type": "Feature", "geometry": {"type": "Point", "coordinates": [126.834441, 37.540839]}, "properties": {"shelter_id": "OBJ021150000000051", "name": "수명어린이공원", "sido": "서울특별시", "sigungu": "강서구", "emd": "화곡동", "road_name": "화곡로15길", "capacity": null}}, {"type": "Feature", "geometry": {"type": "Point", "coordinates": [126.842047, 37.559776]}, "properties": {"shelter_id": "OBJ021150000000036", "name": "원당근린공원", "sido": "서울특별시", "sigungu": "강서구", "emd": "등촌동", "road_name": "강서로56길", "capacity": null}}, {"type": "Feature", "geometry": {"type": "Point", "coordinates": [126.841761, 37.563417]}, "properties": {"shelter_id": "OBJ021150000000037", "name": "등촌근린공원", "sido": "서울특별시", "sigungu": "강서구", "emd": "등촌동", "road_name": "강서로56나길", "capacity": null}}, {"type": "Feature", "geometry": {"type": "Point", "coordinates": [126.850032, 37.558616]}, "properties": {"shelter_id": "OBJ021150000000038", "name": "서낭당근린공원", "sido": "서울특별시", "sigungu": "강서구", "emd": "등촌동", "road_name": "화곡로65길", "capacity": null}}, {"type": "Feature", "geometry": {"type": "Point", "coordinates": [126.851959, 37.561634]}, "properties": {"shelter_id": "OBJ021150000000039", "name": "새나라공원", "sido": "서울특별시", "sigungu": "강서구", "emd": "등촌동", "road_name": "화곡로69길", "capacity": null}}, {"type": "Feature", "geometry": {"type": "Point", "coordinates": [126.844059, 37.543361]}, "properties": {"shelter_id": "OBJ021150000000041", "name": "구름공원", "sido": "서울특별시", "sigungu": "강서구", "emd": "화곡동", "road_name": "초록마을로4길", "capacity": null}}, {"type": "Feature", "geometry": {"type": "Point", "coordinates": [126.848966, 37.544487]}, "properties": {"shelter_id": "OBJ021150000000042", "name": "큰별공원", "sido": "서울특별시", "sigungu": "강서구", "emd": "화곡동", "road_name": "까치산로14길", "capacity": null}}, {"type": "Feature", "geometry": {"type": "Point", "coordinates": [126.8419, 37.533435]}, "properties": {"shelter_id": "OBJ021150000000044", "name": "까치어린이공원", "sido": "서울특별시", "sigungu": "강서구", "emd": "화곡동", "road_name": "강서로17다길", "capacity": null}}, {"type": "Feature", "geometry": {"type": "Point", "coordinates": [126.85692, 37.530149]}, "properties": {"shelter_id": "OBJ021150000000047", "name": "뜸부기공원", "sido": "서울특별시", "sigungu": "강서구", "emd": "화곡동", "road_name": "강서로5라길", "capacity": null}}, {"type": "Feature", "geometry": {"type": "Point", "coordinates": [126.83305, 37.546925]}, "properties": {"shelter_id": "OBJ021150000000052", "name": "천사어린이공원", "sido": "서울특별시", "sigungu": "강서구", "emd": "화곡동", "road_name": "강서로45길", "capacity": null}}, {"type": "Feature", "geometry": {"type": "Point", "coordinates": [126.859317, 37.531238]}, "properties": {"shelter_id": "OBJ021150000000053", "name": "두레어린이공원", "sido": "서울특별시", "sigungu": "강서구", "emd": "화곡동", "road_name": "곰달래로52길", "capacity": null}}, {"type": "Feature", "geometry": {"type": "Point", "coordinates": [126.862947, 37.531212]}, "properties": {"shelter_id": "OBJ021150000000054", "name": "달빛공원", "sido": "서울특별시", "sigungu": "강서구", "emd": "화곡동", "road_name": "곰달래로60길", "capacity": null}}, {"type": "Feature", "geometry": {"type": "Point", "coordinates": [126.86128, 37.533986]}, "properties": {"shelter_id": "OBJ021150000000055", "name": "무지개어린이공원", "sido": "서울특별시", "sigungu": "강서구", "emd": "화곡동", "road_name": "곰달래로57가길", "capacity": null}}, {"type": "Feature", "geometry": {"type": "Point", "coordinates": [126.85531, 37.536746]}, "properties": {"shelter_id": "OBJ021150000000056", "name": "능골공원", "sido": "서울특별시", "sigungu": "강서구", "emd": "화곡동", "road_name": "곰달래로49길", "capacity": null}}, {"type": "Feature", "geometry": {"type": "Point", "coordinates": [126.846754, 37.534877]}, "properties": {"shelter_id": "OBJ021150000000062", "name": "더부리어린이공원", "sido": "서울특별시", "sigungu": "강서구", "emd": "화곡동", "road_name": "강서로18가길", "capacity": null}}, {"type": "Feature", "geometry": {"type": "Point", "coordinates": [126.834768, 37.547699]}, "properties": {"shelter_id": "OBJ021150000000050", "name": "미리내공원", "sido": "서울특별시", "sigungu": "강서구", "emd": "화곡동", "road_name": "강서로45길", "capacity": null}}, {"type": "Feature", "geometry": {"type": "Point", "coordinates": [126.851939, 37.550702]}, "properties": {"shelter_id": "OBJ021150000000058", "name": "백연공원", "sido": "서울특별시", "sigungu": "강서구", "emd": "화곡동", "road_name": "화곡로56길", "capacity": null}}, {"type": "Feature", "geometry": {"type": "Point", "coordinates": [126.848314, 37.532114]}, "properties": {"shelter_id": "OBJ021150000000059", "name": "배다리공원", "sido": "서울특별시", "sigungu": "강서구", "emd": "화곡동", "road_name": "강서로12길", "capacity": null}}, {"type": "Feature", "geometry": {"type": "Point", "coordinates": [126.850868, 37.535784]}, "properties": {"shelter_id": "OBJ021150000000060", "name": "안골어린이공원", "sido": "서울특별시", "sigungu": "강서구", "emd": "화곡동", "road_name": "강서로18아길", "capacity": null}}, {"type": "Feature", "geometry": {"type": "Point", "coordinates": [126.849503, 37.529511]}, "properties": {"shelter_id": "OBJ021150000000061", "name": "모태어린이공원", "sido": "서울특별시", "sigungu": "강서구", "emd": "화곡동", "road_name": "곰달래로26길", "capacity": null}}, {"type": "Feature", "geometry": {"type": "Point", "coordinates": [126.823002, 37.547297]}, "properties": {"shelter_id": "OBJ021150000000069", "name": "신광명공원", "sido": "서울특별시", "sigungu": "강서구", "emd": "내발산동", "road_name": "남부순환로19길", "capacity": null}}, {"type": "Feature", "geometry": {"type": "Point", "coordinates": [126.863124, 37.562539]}, "properties": {"shelter_id": "OBJ021150000000066", "name": "황금내근린공원", "sido": "서울특별시", "sigungu": "강서구", "emd": "가양동", "road_name": "허준로", "capacity": null}}, {"type": "Feature", "geometry": {"type": "Point", "coordinates": [126.825443, 37.555007]}, "properties": {"shelter_id": "OBJ021150000000067", "name": "발산근린공원", "sido": "서울특별시", "sigungu": "강서구", "emd": "내발산동", "road_name": "마곡중앙로", "capacity": null}}, {"type": "Feature", "geometry": {"type": "Point", "coordinates": [126.833173, 37.552229]}, "properties": {"shelter_id": "OBJ021150000000068", "name": "발음어린이공원", "sido": "서울특별시", "sigungu": "강서구", "emd": "내발산동", "road_name": "강서로47길", "capacity": null}}, {"type": "Feature", "geometry": {"type": "Point", "coordinates": [127.408666, 36.334199]}, "properties": {"shelter_id": "OBJ023014000000001", "name": "대전 목동초등학교 운동장", "sido": "대전광역시", "sigungu": "중구", "emd": "목동", "road_name": "목동로", "capacity": null}}, {"type": "Feature", "geometry": {"type": "Point", "coordinates": [127.448453, 36.301388]}, "properties": {"shelter_id": "OBJ023014000000002", "name": "대전 옥계초등학교 운동장", "sido": "대전광역시", "sigungu": "중구", "emd": "옥계동", "road_name": "대종로71번길", "capacity": null}}, {"type": "Feature", "geometry": {"type": "Point", "coordinates": [127.432427, 36.314203]}, "properties": {"shelter_id": "OBJ023014000000003", "name": "대전 보운초등학교 운동장", "sido": "대전광역시", "sigungu": "중구", "emd": "부사동", "road_name": "대종로315번길", "capacity": null}}, {"type": "Feature", "geometry": {"type": "Point", "coordinates": [127.399493, 36.321427]}, "properties": {"shelter_id": "OBJ023014000000004", "name": "대전 원평초등학교 운동장", "sido": "대전광역시", "sigungu": "중구", "emd": "유천동", "road_name": "유천로102번길", "capacity": null}}, {"type": "Feature", "geometry": {"type": "Point", "coordinates": [127.385551, 36.298945]}, "properties": {"shelter_id": "OBJ023014000000006", "name": "대전 산성초등학교 운동장", "sido": "대전광역시", "sigungu": "중구", "emd": "용두동", "road_name": "동서대로1332번길", "capacity": null}}, {"type": "Feature", "geometry": {"type": "Point", "coordinates": [127.433408, 36.31795]}, "properties": {"shelter_id": "OBJ023014000000012", "name": "대전 문창초등학교 운동장", "sido": "대전광역시", "sigungu": "중구", "emd": "부사동", "road_name": "대종로", "capacity": null}}, {"type": "Feature", "geometry": {"type": "Point", "coordinates": [127.344752, 36.3212]}, "properties": {"shelter_id": "OBJ023017000000018", "name": "대전도안초등학교운동장", "sido": "대전광역시", "sigungu": "서구", "emd": "도안동", "road_name": "원도안로", "capacity": null}}, {"type": "Feature", "geometry": {"type": "Point", "coordinates": [127.336343, 36.311229]}, "properties": {"shelter_id": "OBJ023017000000020", "name": "대전원앙초등학교운동장", "sido": "대전광역시", "sigungu": "서구", "emd": "관저동", "road_name": "관저북로", "capacity": null}}, {"type": "Feature", "geometry": {"type": "Point", "coordinates": [127.344119, 36.304278]}, "properties": {"shelter_id": "OBJ023017000000022", "name": "건양대학교 대전메디컬 캠퍼스 주차", "sido": "대전광역시", "sigungu": "서구", "emd": "관저동", "road_name": "관저동로", "capacity": null}}, {"type": "Feature", "geometry": {"type": "Point", "coordinates": [127.339492, 36.324591]}, "properties": {"shelter_id": "OBJ023017000000023", "name": "목원대학교운동장", "sido": "대전광역시", "sigungu": "서구", "emd": "도안동", "road_name": "도안북로", "capacity": null}}, {"type": "Feature", "geometry": {"type": "Point", "coordinates": [127.367226, 36.320836]}, "properties": {"shelter_id": "OBJ023017000000024", "name": "배재대학교운동장", "sido": "대전광역시", "sigungu": "서구", "emd": "도마동", "road_name": "배재로", "capacity": null}}, {"type": "Feature", "geometry": {"type": "Point", "coordinates": [127.397657, 36.330806]}, "properties": {"shelter_id": "OBJ023014000000016", "name": "대전 유평초등학교 운동장", "sido": "대전광역시", "sigungu": "중구", "emd": "태평동", "road_name": "수침로", "capacity": null}}, {"type": "Feature", "geometry": {"type": "Point", "coordinates": [126.903692, 37.521347]}, "properties": {"shelter_id": "OBJ021156000000049", "name": "중앙어린이공원", "sido": "서울특별시", "sigungu": "영등포구", "emd": "영등포동6가", "road_name": "영신로42길", "capacity": null}}, {"type": "Feature", "geometry": {"type": "Point", "coordinates": [126.938352, 37.521147]}, "properties": {"shelter_id": "OBJ021156000000052", "name": "평화어린이공원", "sido": "서울특별시", "sigungu": "영등포구", "emd": "여의도동", "road_name": "63로", "capacity": null}}, {"type": "Feature", "geometry": {"type": "Point", "coordinates": [126.936176, 37.520413]}, "properties": {"shelter_id": "OBJ021156000000053", "name": "자유어린이공원(시범아파트)", "sido": "서울특별시", "sigungu": "영등포구", "emd": "여의도동", "road_name": "여의대방로", "capacity": null}}, {"type": "Feature", "geometry": {"type": "Point", "coordinates": [126.930513, 37.517547]}, "properties": {"shelter_id": "OBJ021156000000051", "name": "자매공원", "sido": "서울특별시", "sigungu": "영등포구", "emd": "여의도동", "road_name": "여의대방로", "capacity": null}}, {"type": "Feature", "geometry": {"type": "Point", "coordinates": [126.903381, 37.491304]}, "properties": {"shelter_id": "OBJ021156000000057", "name": "대림어린이공원", "sido": "서울특별시", "sigungu": "영등포구", "emd": "대림동", "road_name": "대림로12길", "capacity": null}}, {"type": "Feature", "geometry": {"type": "Point", "coordinates": [126.894721, 37.499705]}, "properties": {"shelter_id": "OBJ021156000000068", "name": "대림 체육시설", "sido": "서울특별시", "sigungu": "영등포구", "emd": "대림동", "road_name": "대림로39길", "capacity": null}}, {"type": "Feature", "geometry": {"type": "Point", "coordinates": [126.905903, 37.525883]}, "properties": {"shelter_id": "OBJ021156000000050", "name": "서강어린이공원", "sido": "서울특별시", "sigungu": "영등포구", "emd": "영등포동8가", "road_name": "영중로", "capacity": null}}, {"type": "Feature", "geometry": {"type": "Point", "coordinates": [126.907244, 37.531862]}, "properties": {"shelter_id": "OBJ021156000000033", "name": "당산중학교 운동장", "sido": "서울특별시", "sigungu": "영등포구", "emd": "당산동", "road_name": "버드나루로", "capacity": null}}, {"type": "Feature", "geometry": {"type": "Point", "coordinates": [126.915147, 37.51507]}, "properties": {"shelter_id": "OBJ021156000000036", "name": "영등포여자고등학교 운동장", "sido": "서울특별시", "sigungu": "영등포구", "emd": "신길동", "road_name": "영등포로62길", "capacity": null}}, {"type": "Feature", "geometry": {"type": "Point", "coordinates": [126.935286, 37.523866]}, "properties": {"shelter_id": "OBJ021156000000041", "name": "여의도중학교 운동장", "sido": "서울특별시", "sigungu": "영등포구", "emd": "여의도동", "road_name": "국제금융로7길", "capacity": null}}, {"type": "Feature", "geometry": {"type": "Point", "coordinates": [126.910823, 37.515356]}, "properties": {"shelter_id": "OBJ021156000000044", "name": "영등포근린공원", "sido": "서울특별시", "sigungu": "영등포구", "emd": "영등포동", "road_name": "신길로", "capacity": null}}, {"type": "Feature", "geometry": {"type": "Point", "coordinates": [126.911361, 37.519804]}, "properties": {"shelter_id": "OBJ021156000000045", "name": "중마루근린공원", "sido": "서울특별시", "sigungu": "영등포구", "emd": "영등포동2가", "road_name": "영등포로53길", "capacity": null}}, {"type": "Feature", "geometry": {"type": "Point", "coordinates": [126.895774, 37.525513]}, "properties": {"shelter_id": "OBJ021156000000046", "name": "당산근린공원", "sido": "서울특별시", "sigungu": "영등포구", "emd": "당산동3가", "road_name": "당산로", "capacity": null}}, {"type": "Feature", "geometry": {"type": "Point", "coordinates": [126.906179, 37.501514]}, "properties": {"shelter_id": "OBJ021156000000047", "name": "신길근린공원", "sido": "서울특별시", "sigungu": "영등포구", "emd": "신길동", "road_name": "신길로23길", "capacity": null}}, {"type": "Feature", "geometry": {"type": "Point", "coordinates": [126.88073, 37.51773]}, "properties": {"shelter_id": "OBJ021153000000047", "name": "안양천 영롱이 인라인 마당", "sido": "서울특별시", "sigungu": "영등포구", "emd": "문래동5가", "road_name": "안양천동자전거길", "capacity": null}}, {"type": "Feature", "geometry": {"type": "Point", "coordinates": [126.887988, 37.459066]}, "properties": {"shelter_id": "OBJ021154500000001", "name": "안천중학교 운동장", "sido": "서울특별시", "sigungu": "금천구", "emd": "독산동", "road_name": "한내로", "capacity": null}}, {"type": "Feature", "geometry": {"type": "Point", "coordinates": [126.89104, 37.467058]}, "properties": {"shelter_id": "OBJ021154500000003", "name": "두산초등학교 운동장", "sido": "서울특별시", "sigungu": "금천구", "emd": "독산동", "road_name": "범안로11길", "capacity": null}}, {"type": "Feature", "geometry": {"type": "Point", "coordinates": [126.899423, 37.447273]}, "properties": {"shelter_id": "OBJ021154500000015", "name": "문백초등학교 운동장", "sido": "서울특별시", "sigungu": "금천구", "emd": "시흥동", "road_name": "시흥대로39길", "capacity": null}}, {"type": "Feature", "geometry": {"type": "Point", "coordinates": [126.895854, 37.474216]}, "properties": {"shelter_id": "OBJ021154500000004", "name": "세일중학교 운동장", "sido": "서울특별시", "sigungu": "금천구", "emd": "독산동", "road_name": "시흥대로145길", "capacity": null}}, {"type": "Feature", "geometry": {"type": "Point", "coordinates": [126.90864, 37.466279]}, "properties": {"shelter_id": "OBJ021154500000006", "name": "문교초등학교 운동장", "sido": "서울특별시", "sigungu": "금천구", "emd": "독산동", "road_name": "독산로54길", "capacity": null}}, {"type": "Feature", "geometry": {"type": "Point", "coordinates": [126.900136, 37.465166]}, "properties": {"shelter_id": "OBJ021154500000007", "name": "독산초등학교 운동장", "sido": "서울특별시", "sigungu": "금천구", "emd": "독산동", "road_name": "시흥대로106길", "capacity": null}}, {"type": "Feature", "geometry": {"type": "Point", "coordinates": [126.912638, 37.454463]}, "properties": {"shelter_id": "OBJ021154500000011", "name": "금천초등학교운동장", "sido": "서울특별시", "sigungu": "금천구", "emd": "시흥동", "road_name": "탑골로5길", "capacity": null}}, {"type": "Feature", "geometry": {"type": "Point", "coordinates": [126.904978, 37.447103]}, "properties": {"shelter_id": "OBJ021154500000012", "name": "백산초등학교운동장", "sido": "서울특별시", "sigungu": "금천구", "emd": "시흥동", "road_name": "독산로6길", "capacity": null}}, {"type": "Feature", "geometry": {"type": "Point", "coordinates": [126.904732, 37.45474]}, "properties": {"shelter_id": "OBJ021154500000013", "name": "시흥초등학교 운동장", "sido": "서울특별시", "sigungu": "금천구", "emd": "시흥동", "road_name": "독산로23길", "capacity": null}}, {"type": "Feature", "geometry": {"type": "Point", "coordinates": [126.898382, 37.449385]}, "properties": {"shelter_id": "OBJ021154500000014", "name": "문일고등학교 운동장", "sido": "서울특별시", "sigungu": "금천구", "emd": "시흥동", "road_name": "시흥대로47길", "capacity": null}}, {"type": "Feature", "geometry": {"type": "Point", "coordinates": [126.916531, 37.447438]}, "properties": {"shelter_id": "OBJ021154500000022", "name": "금동초등학교 운동장", "sido": "서울특별시", "sigungu": "금천구", "emd": "시흥동", "road_name": "금하로30길", "capacity": null}}, {"type": "Feature", "geometry": {"type": "Point", "coordinates": [127.388521, 36.330525]}, "properties": {"shelter_id": "OBJ023017000000006", "name": "가장초등학교운동장", "sido": "대전광역시", "sigungu": "서구", "emd": "가장동", "road_name": "갈마로313번길", "capacity": null}}, {"type": "Feature", "geometry": {"type": "Point", "coordinates": [127.385051, 36.340318]}, "properties": {"shelter_id": "OBJ023017000000008", "name": "백운초등학교운동장", "sido": "대전광역시", "sigungu": "서구", "emd": "괴정동", "road_name": "도솔로357번길", "capacity": null}}, {"type": "Feature", "geometry": {"type": "Point", "coordinates": [127.353459, 36.302479]}, "properties": {"shelter_id": "OBJ023017000000009", "name": "가수원초등학교운동장", "sido": "대전광역시", "sigungu": "서구", "emd": "가수원동", "road_name": "벌곡로1353번길", "capacity": null}}, {"type": "Feature", "geometry": {"type": "Point", "coordinates": [127.329849, 36.29936]}, "properties": {"shelter_id": "OBJ023017000000010", "name": "구봉초등학교운동장", "sido": "대전광역시", "sigungu": "서구", "emd": "관저동", "road_name": "관저서로", "capacity": null}}, {"type": "Feature", "geometry": {"type": "Point", "coordinates": [127.35454, 36.297896]}, "properties": {"shelter_id": "OBJ023017000000011", "name": "가수원중학교운동장", "sido": "대전광역시", "sigungu": "서구", "emd": "가수원동", "road_name": "가수원로", "capacity": null}}, {"type": "Feature", "geometry": {"type": "Point", "coordinates": [126.944959, 37.476091]}, "properties": {"shelter_id": "OBJ021162000000021", "name": "영락고등학교 운동장 지진옥외대피소", "sido": "서울특별시", "sigungu": "관악구", "emd": "봉천동", "road_name": "청룡16길", "capacity": null}}, {"type": "Feature", "geometry": {"type": "Point", "coordinates": [126.943619, 37.480686]}, "properties": {"shelter_id": "OBJ021162000000023", "name": "관악초등학교 운동장 지진옥외대피소", "sido": "서울특별시", "sigungu": "관악구", "emd": "봉천동", "road_name": "청룡4길", "capacity": null}}, {"type": "Feature", "geometry": {"type": "Point", "coordinates": [126.959113, 37.471333]}, "properties": {"shelter_id": "OBJ021162000000025", "name": "낙성대공원 지진옥외대피소", "sido": "서울특별시", "sigungu": "관악구", "emd": "봉천동", "road_name": "낙성대로", "capacity": null}}, {"type": "Feature", "geometry": {"type": "Point", "coordinates": [126.969374, 37.472819]}, "properties": {"shelter_id": "OBJ021162000000028", "name": "인헌중학교 운동장 지진옥외대피소", "sido": "서울특별시", "sigungu": "관악구", "emd": "봉천동", "road_name": "인헌9길", "capacity": null}}, {"type": "Feature", "geometry": {"type": "Point", "coordinates": [126.933921, 37.479773]}, "properties": {"shelter_id": "OBJ021162000000043", "name": "신관중학교 운동장 지진옥외대피소", "sido": "서울특별시", "sigungu": "관악구", "emd": "신림동", "road_name": "신림로48길", "capacity": null}}, {"type": "Feature", "geometry": {"type": "Point", "coordinates": [126.951548, 37.47286]}, "properties": {"shelter_id": "OBJ021162000000022", "name": "문영여자중고등학교 운동장 지진옥외대피소", "sido": "서울특별시", "sigungu": "관악구", "emd": "봉천동", "road_name": "관악로", "capacity": null}}, {"type": "Feature", "geometry": {"type": "Point", "coordinates": [126.969925, 37.47191]}, "properties": {"shelter_id": "OBJ021162000000029", "name": "인헌고등학교 운동장 지진옥외대피소", "sido": "서울특별시", "sigungu": "관악구", "emd": "봉천동", "road_name": "인헌9길", "capacity": null}}, {"type": "Feature", "geometry": {"type": "Point", "coordinates": [126.974499, 37.474357]}, "properties": {"shelter_id": "OBJ021162000000032", "name": "사당초등학교 운동장 지진옥외대피소", "sido": "서울특별시", "sigungu": "관악구", "emd": "남현동", "road_name": "남현6길", "capacity": null}}, {"type": "Feature", "geometry": {"type": "Point", "coordinates": [126.921319, 37.481745]}, "properties": {"shelter_id": "OBJ021162000000036", "name": "남서울중학교 운동장 지진옥외대피소", "sido": "서울특별시", "sigungu": "관악구", "emd": "신림동", "road_name": "남부순환로172길", "capacity": null}}, {"type": "Feature", "geometry": {"type": "Point", "coordinates": [126.917307, 37.478351]}, "properties": {"shelter_id": "OBJ021162000000037", "name": "신림고등학교 운동장 지진옥외대피소", "sido": "서울특별시", "sigungu": "관악구", "emd": "신림동", "road_name": "문성로", "capacity": null}}, {"type": "Feature", "geometry": {"type": "Point", "coordinates": [126.933603, 37.569189]}, "properties": {"shelter_id": "OBJ021141000000010", "name": "연희초등학교 운동장", "sido": "서울특별시", "sigungu": "서대문구", "emd": "연희동", "road_name": "연희로20길", "capacity": null}}, {"type": "Feature", "geometry": {"type": "Point", "coordinates": [126.931432, 37.616396]}, "properties": {"shelter_id": "OBJ021138000000052", "name": "불광어린이공원", "sido": "서울특별시", "sigungu": "은평구", "emd": "불광동", "road_name": "불광로9길", "capacity": null}}, {"type": "Feature", "geometry": {"type": "Point", "coordinates": [126.919533, 37.594288]}, "properties": {"shelter_id": "OBJ021138000000059", "name": "응암2동마을마당", "sido": "서울특별시", "sigungu": "은평구", "emd": "응암동", "road_name": "응암로22길", "capacity": null}}, {"type": "Feature", "geometry": {"type": "Point", "coordinates": [126.9659, 37.562894]}, "properties": {"shelter_id": "OBJ021141000000001", "name": "미동초등학교 운동장", "sido": "서울특별시", "sigungu": "서대문구", "emd": "미근동", "road_name": "충정로6길", "capacity": null}}, {"type": "Feature", "geometry": {"type": "Point", "coordinates": [126.962973, 37.567182]}, "properties": {"shelter_id": "OBJ021141000000003", "name": "감리교신학대 운동장", "sido": "서울특별시", "sigungu": "서대문구", "emd": "냉천동", "road_name": "독립문로", "capacity": null}}, {"type": "Feature", "geometry": {"type": "Point", "coordinates": [126.96335, 37.568626]}, "properties": {"shelter_id": "OBJ021141000000004", "name": "금화초등학교 운동장", "sido": "서울특별시", "sigungu": "서대문구", "emd": "천연동", "road_name": "통일로", "capacity": null}}, {"type": "Feature", "geometry": {"type": "Point", "coordinates": [126.947519, 37.557782]}, "properties": {"shelter_id": "OBJ021141000000007", "name": "대신초등학교 운동장", "sido": "서울특별시", "sigungu": "서대문구", "emd": "대현동", "road_name": "이화여대2길", "capacity": null}}, {"type": "Feature", "geometry": {"type": "Point", "coordinates": [126.953219, 37.562256]}, "properties": {"shelter_id": "OBJ021141000000002", "name": "중앙여자고등학교 운동장", "sido": "서울특별시", "sigungu": "서대문구", "emd": "북아현동", "road_name": "북아현로19길", "capacity": null}}, {"type": "Feature", "geometry": {"type": "Point", "coordinates": [126.956238, 37.57428]}, "properties": {"shelter_id": "OBJ021141000000005", "name": "서대문독립공원", "sido": "서울특별시", "sigungu": "서대문구", "emd": "현저동", "road_name": "통일로", "capacity": null}}, {"type": "Feature", "geometry": {"type": "Point", "coordinates": [126.954627, 37.560289]}, "properties": {"shelter_id": "OBJ021141000000006", "name": "한성중고등학교 운동장", "sido": "서울특별시", "sigungu": "서대문구", "emd": "북아현동", "road_name": "북아현로1길", "capacity": null}}, {"type": "Feature", "geometry": {"type": "Point", "coordinates": [126.934129, 37.557523]}, "properties": {"shelter_id": "OBJ021141000000008", "name": "창서초등학교 운동장", "sido": "서울특별시", "sigungu": "서대문구", "emd": "창천동", "road_name": "연세로5나길", "capacity": null}}, {"type": "Feature", "geometry": {"type": "Point", "coordinates": [126.933446, 37.562266]}, "properties": {"shelter_id": "OBJ021141000000009", "name": "연세대학교 운동장", "sido": "서울특별시", "sigungu": "서대문구", "emd": "신촌동", "road_name": "연세로", "capacity": null}}, {"type": "Feature", "geometry": {"type": "Point", "coordinates": [126.943628, 37.584706]}, "properties": {"shelter_id": "OBJ021141000000011", "name": "고은초등학교 운동장", "sido": "서울특별시", "sigungu": "서대문구", "emd": "홍제동", "road_name": "모래내로", "capacity": null}}, {"type": "Feature", "geometry": {"type": "Point", "coordinates": [126.925322, 37.583881]}, "properties": {"shelter_id": "OBJ021141000000015", "name": "명지전문대 운동장", "sido": "서울특별시", "sigungu": "서대문구", "emd": "홍은동", "road_name": "가좌로", "capacity": null}}, {"type": "Feature", "geometry": {"type": "Point", "coordinates": [128.124408, 37.129398]}, "properties": {"shelter_id": "OBJ024315000000001", "name": "봉양중학교  운동장", "sido": "충청북도", "sigungu": "제천시", "emd": "봉양읍", "road_name": "앞산로", "capacity": null}}, {"type": "Feature", "geometry": {"type": "Point", "coordinates": [127.926127, 36.969184]}, "properties": {"shelter_id": "OBJ024313000000036", "name": "남한강초등학교 운동장", "sido": "충청북도", "sigungu": "충주시", "emd": "문화동", "road_name": "사직산12길", "capacity": null}}, {"type": "Feature", "geometry": {"type": "Point", "coordinates": [127.928871, 36.957089]}, "properties": {"shelter_id": "OBJ024313000000037", "name": "충주예성여자중학교 운동장", "sido": "충청북도", "sigungu": "충주시", "emd": "호암동", "road_name": "호암대로", "capacity": null}}, {"type": "Feature", "geometry": {"type": "Point", "coordinates": [127.93042, 36.994176]}, "properties": {"shelter_id": "OBJ024313000000038", "name": "충주금릉초등학교 운동장", "sido": "충청북도", "sigungu": "충주시", "emd": "금릉동", "road_name": "금봉대로", "capacity": null}}, {"type": "Feature", "geometry": {"type": "Point", "coordinates": [128.165487, 37.066807]}, "properties": {"shelter_id": "OBJ024315000000002", "name": "금성초등학교  운동장", "sido": "충청북도", "sigungu": "제천시", "emd": "금성면", "road_name": "국사봉로", "capacity": null}}, {"type": "Feature", "geometry": {"type": "Point", "coordinates": [127.067571, 37.648169]}, "properties": {"shelter_id": "OBJ021135000000053", "name": "상명초등학교 운동장", "sido": "서울특별시", "sigungu": "노원구", "emd": "중계동", "road_name": "덕릉로", "capacity": null}}, {"type": "Feature", "geometry": {"type": "Point", "coordinates": [127.051752, 37.630319]}, "properties": {"shelter_id": "OBJ021135000000054", "name": "월계중학교 운동장", "sido": "서울특별시", "sigungu": "노원구", "emd": "월계동", "road_name": "초안산로", "capacity": null}}, {"type": "Feature", "geometry": {"type": "Point", "coordinates": [127.05444, 37.683787]}, "properties": {"shelter_id": "OBJ021135000000055", "name": "수락초등학교 운동장", "sido": "서울특별시", "sigungu": "노원구", "emd": "상계동", "road_name": "동일로", "capacity": null}}, {"type": "Feature", "geometry": {"type": "Point", "coordinates": [126.660959, 37.474481]}, "properties": {"shelter_id": "OBJ022817700000010", "name": "인천서화초등학교운동장", "sido": "인천광역시", "sigungu": "미추홀구", "emd": "도화동", "road_name": "송림로", "capacity": null}}, {"type": "Feature", "geometry": {"type": "Point", "coordinates": [126.686725, 37.461767]}, "properties": {"shelter_id": "OBJ022817700000015", "name": "석암초등학교운동장", "sido": "인천광역시", "sigungu": "미추홀구", "emd": "주안동", "road_name": "주안동로", "capacity": null}}, {"type": "Feature", "geometry": {"type": "Point", "coordinates": [126.668673, 37.455364]}, "properties": {"shelter_id": "OBJ022817700000011", "name": "인천기계공업고등학교운동장", "sido": "인천광역시", "sigungu": "미추홀구", "emd": "주안동", "road_name": "인주대로251번길", "capacity": null}}, {"type": "Feature", "geometry": {"type": "Point", "coordinates": [126.673522, 37.454368]}, "properties": {"shelter_id": "OBJ022817700000012", "name": "주안초등학교운동장", "sido": "인천광역시", "sigungu": "미추홀구", "emd": "주안동", "road_name": "남주길69번길", "capacity": null}}, {"type": "Feature", "geometry": {"type": "Point", "coordinates": [126.690617, 37.453711]}, "properties": {"shelter_id": "OBJ022817700000013", "name": "인천고등학교운동장", "sido": "인천광역시", "sigungu": "미추홀구", "emd": "주안동", "road_name": "인주대로495번길", "capacity": null}}, {"type": "Feature", "geometry": {"type": "Point", "coordinates": [126.676441, 37.450361]}, "properties": {"shelter_id": "OBJ022817700000016", "name": "인천남부초등학교운동장", "sido": "인천광역시", "sigungu": "미추홀구", "emd": "주안동", "road_name": "인주대로366번길", "capacity": null}}, {"type": "Feature", "geometry": {"type": "Point", "coordinates": [126.685268, 37.450318]}, "properties": {"shelter_id": "OBJ022817700000017", "name": "인천주안남초등학교운동장", "sido": "인천광역시", "sigungu": "미추홀구", "emd": "주안동", "road_name": "인주대로434번길", "capacity": null}}, {"type": "Feature", "geometry": {"type": "Point", "coordinates": [126.693188, 37.445989]}, "properties": {"shelter_id": "OBJ022817700000018", "name": "관교초등학교운동장", "sido": "인천광역시", "sigungu": "미추홀구", "emd": "관교동", "road_name": "인하로", "capacity": null}}, {"type": "Feature", "geometry": {"type": "Point", "coordinates": [126.692193, 37.443877]}, "properties": {"shelter_id": "OBJ022817700000031", "name": "관교중학교 운동장", "sido": "인천광역시", "sigungu": "미추홀구", "emd": "관교동", "road_name": "경원대로670번길", "capacity": null}}, {"type": "Feature", "geometry": {"type": "Point", "coordinates": [126.683096, 37.439069]}, "properties": {"shelter_id": "OBJ022817700000019", "name": "인천문학초등학교운동장", "sido": "인천광역시", "sigungu": "미추홀구", "emd": "문학동", "road_name": "매소홀로", "capacity": null}}, {"type": "Feature", "geometry": {"type": "Point", "coordinates": [126.666087, 37.471612]}, "properties": {"shelter_id": "OBJ022817700000020", "name": "인천비즈니스고등학교운동장", "sido": "인천광역시", "sigungu": "미추홀구", "emd": "도화동", "road_name": "장고개로", "capacity": null}}, {"type": "Feature", "geometry": {"type": "Point", "coordinates": [126.693958, 37.445431]}, "properties": {"shelter_id": "OBJ022817700000028", "name": "남인천여자중학교 운동장", "sido": "인천광역시", "sigungu": "미추홀구", "emd": "관교동", "road_name": "인하로", "capacity": null}}, {"type": "Feature", "geometry": {"type": "Point", "coordinates": [126.639371, 37.447162]}, "properties": {"shelter_id": "OBJ022817700000029", "name": "용현중학교 운동장", "sido": "인천광역시", "sigungu": "미추홀구", "emd": "용현동", "road_name": "매소홀로", "capacity": null}}, {"type": "Feature", "geometry": {"type": "Point", "coordinates": [126.65455, 37.464185]}, "properties": {"shelter_id": "OBJ022817700000030", "name": "인천남중학교 운동장", "sido": "인천광역시", "sigungu": "미추홀구", "emd": "숭의동", "road_name": "수봉로", "capacity": null}}, {"type": "Feature", "geometry": {"type": "Point", "coordinates": [126.627068, 37.477596]}, "properties": {"shelter_id": "OBJ022811000000012", "name": "인일여자고등학교 운동장", "sido": "인천광역시", "sigungu": "중구", "emd": "전동", "road_name": "참외전로72번길", "capacity": null}}, {"type": "Feature", "geometry": {"type": "Point", "coordinates": [126.908562, 37.471249]}, "properties": {"shelter_id": "OBJ021154500000017", "name": "정심초등학교 운동장", "sido": "서울특별시", "sigungu": "금천구", "emd": "독산동", "road_name": "독산로78다길", "capacity": null}}, {"type": "Feature", "geometry": {"type": "Point", "coordinates": [126.908687, 37.459234]}, "properties": {"shelter_id": "OBJ021154500000020", "name": "신흥초등학교운동장", "sido": "서울특별시", "sigungu": "금천구", "emd": "시흥동", "road_name": "독산로36나길", "capacity": null}}, {"type": "Feature", "geometry": {"type": "Point", "coordinates": [126.90724, 37.462133]}, "properties": {"shelter_id": "OBJ021154500000021", "name": "한울중학교 운동장", "sido": "서울특별시", "sigungu": "금천구", "emd": "시흥동", "road_name": "독산로50길", "capacity": null}}, {"type": "Feature", "geometry": {"type": "Point", "coordinates": [126.914071, 37.45264]}, "properties": {"shelter_id": "OBJ021154500000023", "name": "탑동초등학교 운동장", "sido": "서울특별시", "sigungu": "금천구", "emd": "시흥동", "road_name": "탑골로", "capacity": null}}, {"type": "Feature", "geometry": {"type": "Point", "coordinates": [126.813615, 35.149371]}, "properties": {"shelter_id": "OBJ022920000000004", "name": "광주자동화설비공업고등학교 운동장", "sido": "광주광역시", "sigungu": "광산구", "emd": "우산동", "road_name": "사암로92번길", "capacity": null}}, {"type": "Feature", "geometry": {"type": "Point", "coordinates": [126.825905, 35.222009]}, "properties": {"shelter_id": "OBJ022920000000009", "name": "비아초등학교 운동장", "sido": "광주광역시", "sigungu": "광산구", "emd": "비아동", "road_name": "비아동원촌길", "capacity": null}}, {"type": "Feature", "geometry": {"type": "Point", "coordinates": [126.77743, 35.154527]}, "properties": {"shelter_id": "OBJ022920000000006", "name": "보문고등학교 운동장", "sido": "광주광역시", "sigungu": "광산구", "emd": "운수동", "road_name": "어등대로529번길", "capacity": null}}, {"type": "Feature", "geometry": {"type": "Point", "coordinates": [126.813215, 35.166251]}, "properties": {"shelter_id": "OBJ022920000000007", "name": "월곡중학교 운동장", "sido": "광주광역시", "sigungu": "광산구", "emd": "월곡동", "road_name": "월곡산정로", "capacity": null}}, {"type": "Feature", "geometry": {"type": "Point", "coordinates": [126.80528, 35.168016]}, "properties": {"shelter_id": "OBJ022920000000008", "name": "하남중앙초등학교 운동장", "sido": "광주광역시", "sigungu": "광산구", "emd": "월곡동", "road_name": "산정로6번길", "capacity": null}}, {"type": "Feature", "geometry": {"type": "Point", "coordinates": [126.833568, 35.219462]}, "properties": {"shelter_id": "OBJ022920000000010", "name": "미산초등학교 운동장", "sido": "광주광역시", "sigungu": "광산구", "emd": "월계동", "road_name": "첨단중앙로181번길", "capacity": null}}, {"type": "Feature", "geometry": {"type": "Point", "coordinates": [126.835382, 35.21145]}, "properties": {"shelter_id": "OBJ022920000000011", "name": "천곡중학교 운동장", "sido": "광주광역시", "sigungu": "광산구", "emd": "월계동", "road_name": "월계로", "capacity": null}}, {"type": "Feature", "geometry": {"type": "Point", "coordinates": [126.8405, 35.182881]}, "properties": {"shelter_id": "OBJ022920000000012", "name": "풍영초등학교 운동장", "sido": "광주광역시", "sigungu": "광산구", "emd": "신가동", "road_name": "수등로258번길", "capacity": null}}, {"type": "Feature", "geometry": {"type": "Point", "coordinates": [127.341225, 36.250526]}, "properties": {"shelter_id": "OBJ023017000000012", "name": "기성중학교운동장", "sido": "대전광역시", "sigungu": "서구", "emd": "흑석동", "road_name": "장안로", "capacity": null}}, {"type": "Feature", "geometry": {"type": "Point", "coordinates": [127.37744, 36.303293]}, "properties": {"shelter_id": "OBJ023017000000025", "name": "대전과학기술대학교운동장", "sido": "대전광역시", "sigungu": "서구", "emd": "복수동", "road_name": "혜천로", "capacity": null}}, {"type": "Feature", "geometry": {"type": "Point", "coordinates": [127.36757, 36.360333]}, "properties": {"shelter_id": "OBJ023017000000017", "name": "대전갑천초등학교운동장", "sido": "대전광역시", "sigungu": "서구", "emd": "월평동", "road_name": "청사로", "capacity": null}}, {"type": "Feature", "geometry": {"type": "Point", "coordinates": [127.377982, 36.301395]}, "properties": {"shelter_id": "OBJ023017000000019", "name": "대전신계초등학교운동장", "sido": "대전광역시", "sigungu": "서구", "emd": "복수동", "road_name": "복수동로", "capacity": null}}, {"type": "Feature", "geometry": {"type": "Point", "coordinates": [127.325854, 36.298225]}, "properties": {"shelter_id": "OBJ023017000000021", "name": "대전금동초등학교운동장", "sido": "대전광역시", "sigungu": "서구", "emd": "관저동", "road_name": "관저로", "capacity": null}}, {"type": "Feature", "geometry": {"type": "Point", "coordinates": [127.314875, 36.299144]}, "properties": {"shelter_id": "OBJ023020000000001", "name": "진잠초등학교 운동장", "sido": "대전광역시", "sigungu": "유성구", "emd": "원내동", "road_name": "진잠로59번길", "capacity": null}}, {"type": "Feature", "geometry": {"type": "Point", "coordinates": [127.311828, 36.334127]}, "properties": {"shelter_id": "OBJ023020000000002", "name": "학하초등학교 운동장", "sido": "대전광역시", "sigungu": "유성구", "emd": "학하동", "road_name": "진잠옛로", "capacity": null}}, {"type": "Feature", "geometry": {"type": "Point", "coordinates": [127.350228, 36.388864]}, "properties": {"shelter_id": "OBJ023020000000011", "name": "금성초등학교 운동장", "sido": "대전광역시", "sigungu": "유성구", "emd": "신성동", "road_name": "신성로72번길", "capacity": null}}, {"type": "Feature", "geometry": {"type": "Point", "coordinates": [126.917292, 37.480815]}, "properties": {"shelter_id": "OBJ021162000000038", "name": "신림근린공원 지진옥외대피소", "sido": "서울특별시", "sigungu": "관악구", "emd": "신림동", "road_name": "난곡로64길", "capacity": null}}, {"type": "Feature", "geometry": {"type": "Point", "coordinates": [126.917246, 37.469195]}, "properties": {"shelter_id": "OBJ021162000000039", "name": "난곡초등학교 운동장 지진옥외대피소", "sido": "서울특별시", "sigungu": "관악구", "emd": "신림동", "road_name": "난곡로35길", "capacity": null}}, {"type": "Feature", "geometry": {"type": "Point", "coordinates": [126.922626, 37.466681]}, "properties": {"shelter_id": "OBJ021162000000040", "name": "난우중학교 운동장 지진옥외대피소", "sido": "서울특별시", "sigungu": "관악구", "emd": "신림동", "road_name": "난곡로24길", "capacity": null}}, {"type": "Feature", "geometry": {"type": "Point", "coordinates": [126.916636, 37.461758]}, "properties": {"shelter_id": "OBJ021162000000041", "name": "정문학교 운동장 지진옥외대피소", "sido": "서울특별시", "sigungu": "관악구", "emd": "신림동", "road_name": "난향3길", "capacity": null}}, {"type": "Feature", "geometry": {"type": "Point", "coordinates": [126.943484, 37.469776]}, "properties": {"shelter_id": "OBJ021162000000053", "name": "삼성고등학교 운동장 지진옥외대피소", "sido": "서울특별시", "sigungu": "관악구", "emd": "신림동", "road_name": "신림로", "capacity": null}}, {"type": "Feature", "geometry": {"type": "Point", "coordinates": [126.927484, 37.477513]}, "properties": {"shelter_id": "OBJ021162000000045", "name": "신림초등학교 운동장 지진옥외대피소", "sido": "서울특별시", "sigungu": "관악구", "emd": "신림동", "road_name": "문성로28길", "capacity": null}}, {"type": "Feature", "geometry": {"type": "Point", "coordinates": [126.925849, 37.465255]}, "properties": {"shelter_id": "OBJ021162000000049", "name": "광신고등학교 운동장 지진옥외대피소", "sido": "서울특별시", "sigungu": "관악구", "emd": "신림동", "road_name": "광신길", "capacity": null}}, {"type": "Feature", "geometry": {"type": "Point", "coordinates": [126.927192, 37.466809]}, "properties": {"shelter_id": "OBJ021162000000050", "name": "원신초등학교 운동장 지진옥외대피소", "sido": "서울특별시", "sigungu": "관악구", "emd": "신림동", "road_name": "광신길", "capacity": null}}, {"type": "Feature", "geometry": {"type": "Point", "coordinates": [126.932108, 37.466858]}, "properties": {"shelter_id": "OBJ021162000000051", "name": "미림여자고등학교 운동장 지진옥외대피소", "sido": "서울특별시", "sigungu": "관악구", "emd": "신림동", "road_name": "호암로", "capacity": null}}, {"type": "Feature", "geometry": {"type": "Point", "coordinates": [126.943146, 37.468235]}, "properties": {"shelter_id": "OBJ021162000000052", "name": "삼성중학교 운동장 지진옥외대피소", "sido": "서울특별시", "sigungu": "관악구", "emd": "신림동", "road_name": "신림로3가길", "capacity": null}}, {"type": "Feature", "geometry": {"type": "Point", "coordinates": [126.949605, 37.484519]}, "properties": {"shelter_id": "OBJ021162000000057", "name": "새싹어린이공원 지진옥외대피소", "sido": "서울특별시", "sigungu": "관악구", "emd": "봉천동", "road_name": "양녕로6다길", "capacity": null}}, {"type": "Feature", "geometry": {"type": "Point", "coordinates": [129.284832, 35.554311]}, "properties": {"shelter_id": "OBJ023111000000020", "name": "제일중학교운동장", "sido": "울산광역시", "sigungu": "중구", "emd": "태화동", "road_name": "태화로", "capacity": null}}, {"type": "Feature", "geometry": {"type": "Point", "coordinates": [126.881027, 35.122517]}, "properties": {"shelter_id": "OBJ022914000000026", "name": "신암초등학교  운동장", "sido": "광주광역시", "sigungu": "서구", "emd": "풍암동", "road_name": "풍암2로", "capacity": null}}, {"type": "Feature", "geometry": {"type": "Point", "coordinates": [126.867543, 35.168622]}, "properties": {"shelter_id": "OBJ022914000000027", "name": "대자중학교  운동장", "sido": "광주광역시", "sigungu": "서구", "emd": "동천동", "road_name": "하남대로680번길", "capacity": null}}, {"type": "Feature", "geometry": {"type": "Point", "coordinates": [126.849108, 35.11905]}, "properties": {"shelter_id": "OBJ022914000000029", "name": "대동고등학교  운동장", "sido": "광주광역시", "sigungu": "서구", "emd": "매월동", "road_name": "전평길", "capacity": null}}, {"type": "Feature", "geometry": {"type": "Point", "coordinates": [126.873166, 35.147801]}, "properties": {"shelter_id": "OBJ022914000000032", "name": "광주여자고등학교  운동장", "sido": "광주광역시", "sigungu": "서구", "emd": "화정동", "road_name": "월드컵4강로116번길", "capacity": null}}, {"type": "Feature", "geometry": {"type": "Point", "coordinates": [126.859914, 35.154542]}, "properties": {"shelter_id": "OBJ022914000000033", "name": "상무고등학교  운동장", "sido": "광주광역시", "sigungu": "서구", "emd": "쌍촌동", "road_name": "상무민주로32번길", "capacity": null}}, {"type": "Feature", "geometry": {"type": "Point", "coordinates": [126.884092, 35.144423]}, "properties": {"shelter_id": "OBJ022914000000035", "name": "주월초등학교  운동장", "sido": "광주광역시", "sigungu": "서구", "emd": "화정동", "road_name": "화운로", "capacity": null}}, {"type": "Feature", "geometry": {"type": "Point", "coordinates": [126.854738, 35.132506]}, "properties": {"shelter_id": "OBJ022914000000021", "name": "만호초등학교  운동장", "sido": "광주광역시", "sigungu": "서구", "emd": "금호동", "road_name": "금화로59번길", "capacity": null}}, {"type": "Feature", "geometry": {"type": "Point", "coordinates": [126.843713, 35.15043]}, "properties": {"shelter_id": "OBJ022914000000030", "name": "전남중학교  운동장", "sido": "광주광역시", "sigungu": "서구", "emd": "치평동", "road_name": "상무공원로", "capacity": null}}, {"type": "Feature", "geometry": {"type": "Point", "coordinates": [126.91908, 35.137665]}, "properties": {"shelter_id": "OBJ022915500000001", "name": "광주학강초등학교운동장", "sido": "광주광역시", "sigungu": "남구", "emd": "양림동", "road_name": "백양로", "capacity": null}}, {"type": "Feature", "geometry": {"type": "Point", "coordinates": [126.897984, 35.147687]}, "properties": {"shelter_id": "OBJ022915500000007", "name": "광주월산초등학교운동장", "sido": "광주광역시", "sigungu": "남구", "emd": "월산동", "road_name": "월산로116번길", "capacity": null}}, {"type": "Feature", "geometry": {"type": "Point", "coordinates": [126.845038, 35.155557]}, "properties": {"shelter_id": "OBJ022914000000031", "name": "계수초등학교  운동장", "sido": "광주광역시", "sigungu": "서구", "emd": "치평동", "road_name": "상무시민로", "capacity": null}}, {"type": "Feature", "geometry": {"type": "Point", "coordinates": [126.855628, 35.140641]}, "properties": {"shelter_id": "OBJ022914000000034", "name": "상무초등학교  운동장", "sido": "광주광역시", "sigungu": "서구", "emd": "금호동", "road_name": "금호운천길", "capacity": null}}, {"type": "Feature", "geometry": {"type": "Point", "coordinates": [126.570215, 33.247403]}, "properties": {"shelter_id": "OBJ025013000000026", "name": "서귀포중학교 운동장 지진옥외대피소", "sido": "제주특별자치도", "sigungu": "서귀포시", "emd": "서귀동", "road_name": "태평로482번길", "capacity": null}}, {"type": "Feature", "geometry": {"type": "Point", "coordinates": [126.875928, 33.381312]}, "properties": {"shelter_id": "OBJ025013000000027", "name": "신산초등학교 운동장 지진옥외대피소", "sido": "제주특별자치도", "sigungu": "서귀포시", "emd": "성산읍", "road_name": "일주동로", "capacity": null}}, {"type": "Feature", "geometry": {"type": "Point", "coordinates": [126.931765, 33.467778]}, "properties": {"shelter_id": "OBJ025013000000028", "name": "성산초등학교 운동장 지진옥외대피소", "sido": "제주특별자치도", "sigungu": "서귀포시", "emd": "성산읍", "road_name": "한도로", "capacity": null}}, {"type": "Feature", "geometry": {"type": "Point", "coordinates": [126.91511, 33.469448]}, "properties": {"shelter_id": "OBJ025013000000032", "name": "성산고등학교 운동장 지진옥외대피소", "sido": "제주특별자치도", "sigungu": "서귀포시", "emd": "성산읍", "road_name": "한도로", "capacity": null}}, {"type": "Feature", "geometry": {"type": "Point", "coordinates": [126.850303, 33.348636]}, "properties": {"shelter_id": "OBJ025013000000029", "name": "풍천초등학교 운동장 지진옥외대피소", "sido": "제주특별자치도", "sigungu": "서귀포시", "emd": "성산읍", "road_name": "풍천로", "capacity": null}}, {"type": "Feature", "geometry": {"type": "Point", "coordinates": [126.885807, 33.446924]}, "properties": {"shelter_id": "OBJ025013000000033", "name": "수산초등학교 운동장 지진옥외대피소", "sido": "제주특별자치도", "sigungu": "서귀포시", "emd": "성산읍", "road_name": "중산간동로", "capacity": null}}, {"type": "Feature", "geometry": {"type": "Point", "coordinates": [126.895482, 33.479066]}, "properties": {"shelter_id": "OBJ025013000000034", "name": "시흥초등학교 운동장 지진옥외대피소", "sido": "제주특별자치도", "sigungu": "서귀포시", "emd": "성산읍", "road_name": "시흥상동로", "capacity": null}}, {"type": "Feature", "geometry": {"type": "Point", "coordinates": [126.913994, 33.448742]}, "properties": {"shelter_id": "OBJ025013000000035", "name": "동남초등학교 운동장 지진옥외대피소", "sido": "제주특별자치도", "sigungu": "서귀포시", "emd": "성산읍", "road_name": "고성오조로", "capacity": null}}, {"type": "Feature", "geometry": {"type": "Point", "coordinates": [126.816004, 33.379008]}, "properties": {"shelter_id": "OBJ025013000000036", "name": "신풍레포츠공원 지진옥외대피소", "sido": "제주특별자치도", "sigungu": "서귀포시", "emd": "성산읍", "road_name": "남산봉로", "capacity": null}}, {"type": "Feature", "geometry": {"type": "Point", "coordinates": [126.906015, 33.467205]}, "properties": {"shelter_id": "OBJ025013000000038", "name": "성산국민체육센터 지진옥외대피소", "sido": "제주특별자치도", "sigungu": "서귀포시", "emd": "성산읍", "road_name": "일주동로", "capacity": null}}, {"type": "Feature", "geometry": {"type": "Point", "coordinates": [126.82514, 33.387871]}, "properties": {"shelter_id": "OBJ025013000000041", "name": "삼달리 마을 운동장 지진옥외대피소", "sido": "제주특별자치도", "sigungu": "서귀포시", "emd": "성산읍", "road_name": "중산간동로", "capacity": null}}, {"type": "Feature", "geometry": {"type": "Point", "coordinates": [126.509296, 33.246188]}, "properties": {"shelter_id": "OBJ025013000000042", "name": "제주월드컵경기장 지진옥외대피소", "sido": "제주특별자치도", "sigungu": "서귀포시", "emd": "법환동", "road_name": "월드컵로", "capacity": null}}, {"type": "Feature", "geometry": {"type": "Point", "coordinates": [126.715747, 33.278635]}, "properties": {"shelter_id": "OBJ025013000000043", "name": "남원초등학교 운동장 지진옥외대피소", "sido": "제주특별자치도", "sigungu": "서귀포시", "emd": "남원읍", "road_name": "태위로641번길", "capacity": null}}, {"type": "Feature", "geometry": {"type": "Point", "coordinates": [126.299776, 33.233119]}, "properties": {"shelter_id": "OBJ025013000000051", "name": "사계초등학교 운동장 지진옥외대피소", "sido": "제주특별자치도", "sigungu": "서귀포시", "emd": "안덕면", "road_name": "산방로", "capacity": null}}, {"type": "Feature", "geometry": {"type": "Point", "coordinates": [126.335992, 33.250105]}, "properties": {"shelter_id": "OBJ025013000000052", "name": "안덕초등학교 운동장 지진옥외대피소", "sido": "제주특별자치도", "sigungu": "서귀포시", "emd": "안덕면", "road_name": "화순로56번길", "capacity": null}}, {"type": "Feature", "geometry": {"type": "Point", "coordinates": [126.814662, 33.354833]}, "properties": {"shelter_id": "OBJ025013000000053", "name": "표선생활체육관 인조잔디구장 지진옥외대피소", "sido": "제주특별자치도", "sigungu": "서귀포시", "emd": "표선면", "road_name": "한마음초등로", "capacity": null}}, {"type": "Feature", "geometry": {"type": "Point", "coordinates": [126.835116, 33.329569]}, "properties": {"shelter_id": "OBJ025013000000054", "name": "표선초등학교 운동장 지진옥외대피소", "sido": "제주특별자치도", "sigungu": "서귀포시", "emd": "표선면", "road_name": "표선중앙로43번길", "capacity": null}}, {"type": "Feature", "geometry": {"type": "Point", "coordinates": [126.83141, 33.329894]}, "properties": {"shelter_id": "OBJ025013000000055", "name": "표선중학교 운동장 지진옥외대피소", "sido": "제주특별자치도", "sigungu": "서귀포시", "emd": "표선면", "road_name": "표선중앙로", "capacity": null}}, {"type": "Feature", "geometry": {"type": "Point", "coordinates": [126.337147, 33.306287]}, "properties": {"shelter_id": "OBJ025013000000059", "name": "동광리 축구장 지진옥외대피소", "sido": "제주특별자치도", "sigungu": "서귀포시", "emd": "안덕면", "road_name": "동광로", "capacity": null}}, {"type": "Feature", "geometry": {"type": "Point", "coordinates": [126.516538, 33.25151]}, "properties": {"shelter_id": "OBJ025013000000006", "name": "삼다체육공원 지진옥외대피소", "sido": "제주특별자치도", "sigungu": "서귀포시", "emd": "서호동", "road_name": "서호남로", "capacity": null}}, {"type": "Feature", "geometry": {"type": "Point", "coordinates": [126.486497, 33.234515]}, "properties": {"shelter_id": "OBJ025013000000005", "name": "강정체육공원 지진옥외대피소", "sido": "제주특별자치도", "sigungu": "서귀포시", "emd": "강정동", "road_name": "이어도로", "capacity": null}}, {"type": "Feature", "geometry": {"type": "Point", "coordinates": [126.555677, 33.249772]}, "properties": {"shelter_id": "OBJ025013000000001", "name": "걸매생태공원 지진옥외대피소", "sido": "제주특별자치도", "sigungu": "서귀포시", "emd": "서홍동", "road_name": "서문서로5번길", "capacity": null}}, {"type": "Feature", "geometry": {"type": "Point", "coordinates": [126.557053, 33.244603]}, "properties": {"shelter_id": "OBJ025013000000002", "name": "칠십리시공원 지진옥외대피소", "sido": "제주특별자치도", "sigungu": "서귀포시", "emd": "서홍동", "road_name": "남성중로", "capacity": null}}, {"type": "Feature", "geometry": {"type": "Point", "coordinates": [126.558284, 33.251328]}, "properties": {"shelter_id": "OBJ025013000000003", "name": "서귀동 어린이공원 지진옥외대피소", "sido": "제주특별자치도", "sigungu": "서귀포시", "emd": "서귀동", "road_name": "서문서로", "capacity": null}}, {"type": "Feature", "geometry": {"type": "Point", "coordinates": [126.896753, 33.40777]}, "properties": {"shelter_id": "OBJ025013000000030", "name": "온평초등학교 운동장 지진옥외대피소", "sido": "제주특별자치도", "sigungu": "서귀포시", "emd": "성산읍", "road_name": "일주동로", "capacity": null}}, {"type": "Feature", "geometry": {"type": "Point", "coordinates": [126.91037, 33.442686]}, "properties": {"shelter_id": "OBJ025013000000031", "name": "성산중학교 운동장 지진옥외대피소", "sido": "제주특별자치도", "sigungu": "서귀포시", "emd": "성산읍", "road_name": "일주동로", "capacity": null}}, {"type": "Feature", "geometry": {"type": "Point", "coordinates": [126.918196, 37.509744]}, "properties": {"shelter_id": "OBJ021156000000017", "name": "영신초등학교 운동장", "sido": "서울특별시", "sigungu": "영등포구", "emd": "신길동", "road_name": "도신로60길", "capacity": null}}, {"type": "Feature", "geometry": {"type": "Point", "coordinates": [126.847891, 37.520411]}, "properties": {"shelter_id": "OBJ021147000000021", "name": "신남중학교 운동장", "sido": "서울특별시", "sigungu": "양천구", "emd": "신월동", "road_name": "중앙로29길", "capacity": null}}, {"type": "Feature", "geometry": {"type": "Point", "coordinates": [126.849653, 37.524238]}, "properties": {"shelter_id": "OBJ021147000000023", "name": "양강중학교 운동장", "sido": "서울특별시", "sigungu": "양천구", "emd": "신월동", "road_name": "중앙로", "capacity": null}}, {"type": "Feature", "geometry": {"type": "Point", "coordinates": [126.848124, 37.523908]}, "properties": {"shelter_id": "OBJ021147000000024", "name": "양강초등학교 운동장", "sido": "서울특별시", "sigungu": "양천구", "emd": "신월동", "road_name": "오목로", "capacity": null}}, {"type": "Feature", "geometry": {"type": "Point", "coordinates": [126.830524, 37.529633]}, "properties": {"shelter_id": "OBJ021147000000027", "name": "신원초등학교 운동장", "sido": "서울특별시", "sigungu": "양천구", "emd": "신월동", "road_name": "남부순환로58길", "capacity": null}}, {"type": "Feature", "geometry": {"type": "Point", "coordinates": [126.829635, 37.533037]}, "properties": {"shelter_id": "OBJ021147000000028", "name": "양서중학교 운동장", "sido": "서울특별시", "sigungu": "양천구", "emd": "신월동", "road_name": "남부순환로", "capacity": null}}, {"type": "Feature", "geometry": {"type": "Point", "coordinates": [126.829357, 37.542597]}, "properties": {"shelter_id": "OBJ021147000000031", "name": "강신초등학교 운동장", "sido": "서울특별시", "sigungu": "양천구", "emd": "신월동", "road_name": "월정로", "capacity": null}}, {"type": "Feature", "geometry": {"type": "Point", "coordinates": [126.830159, 37.54053]}, "properties": {"shelter_id": "OBJ021147000000035", "name": "신화중학교 운동장", "sido": "서울특별시", "sigungu": "양천구", "emd": "신월동", "road_name": "남부순환로29길", "capacity": null}}, {"type": "Feature", "geometry": {"type": "Point", "coordinates": [126.834077, 37.516034]}, "properties": {"shelter_id": "OBJ021147000000039", "name": "강월초등학교 운동장", "sido": "서울특별시", "sigungu": "양천구", "emd": "신월동", "road_name": "신월로", "capacity": null}}, {"type": "Feature", "geometry": {"type": "Point", "coordinates": [126.872082, 37.52244]}, "properties": {"shelter_id": "OBJ021147000000049", "name": "목동초등학교 운동장", "sido": "서울특별시", "sigungu": "양천구", "emd": "신정동", "road_name": "목동동로12길", "capacity": null}}, {"type": "Feature", "geometry": {"type": "Point", "coordinates": [126.831077, 37.520148]}, "properties": {"shelter_id": "OBJ021147000000041", "name": "양천중학교 운동장", "sido": "서울특별시", "sigungu": "양천구", "emd": "신월동", "road_name": "지양로7길", "capacity": null}}, {"type": "Feature", "geometry": {"type": "Point", "coordinates": [126.858387, 37.517731]}, "properties": {"shelter_id": "OBJ021147000000044", "name": "꿈나무어린이공원", "sido": "서울특별시", "sigungu": "양천구", "emd": "신정동", "road_name": "목동서로", "capacity": null}}, {"type": "Feature", "geometry": {"type": "Point", "coordinates": [126.854315, 37.519842]}, "properties": {"shelter_id": "OBJ021147000000045", "name": "단지어린이공원", "sido": "서울특별시", "sigungu": "양천구", "emd": "신정동", "road_name": "중앙로36길", "capacity": null}}, {"type": "Feature", "geometry": {"type": "Point", "coordinates": [126.862606, 37.52015]}, "properties": {"shelter_id": "OBJ021147000000047", "name": "신서초등학교 운동장", "sido": "서울특별시", "sigungu": "양천구", "emd": "신정동", "road_name": "목동서로10길", "capacity": null}}, {"type": "Feature", "geometry": {"type": "Point", "coordinates": [126.871364, 37.520545]}, "properties": {"shelter_id": "OBJ021147000000048", "name": "목동중학교 운동장", "sido": "서울특별시", "sigungu": "양천구", "emd": "신정동", "road_name": "신목로7길", "capacity": null}}, {"type": "Feature", "geometry": {"type": "Point", "coordinates": [126.872916, 37.516836]}, "properties": {"shelter_id": "OBJ021147000000050", "name": "신목초등학교 운동장", "sido": "서울특별시", "sigungu": "양천구", "emd": "신정동", "road_name": "신목로5길", "capacity": null}}, {"type": "Feature", "geometry": {"type": "Point", "coordinates": [126.844545, 37.510151]}, "properties": {"shelter_id": "OBJ021147000000052", "name": "금옥중학교 운동장", "sido": "서울특별시", "sigungu": "양천구", "emd": "신정동", "road_name": "신정로13길", "capacity": null}}, {"type": "Feature", "geometry": {"type": "Point", "coordinates": [126.961039, 35.175573]}, "properties": {"shelter_id": "OBJ022917000000039", "name": "신촌마을대피소", "sido": "광주광역시", "sigungu": "북구", "emd": "청풍동", "road_name": "신촌샛강길", "capacity": null}}, {"type": "Feature", "geometry": {"type": "Point", "coordinates": [126.840683, 35.210524]}, "properties": {"shelter_id": "OBJ022920000000027", "name": "무양공원", "sido": "광주광역시", "sigungu": "광산구", "emd": "월계동", "road_name": "산월로21번길", "capacity": null}}, {"type": "Feature", "geometry": {"type": "Point", "coordinates": [126.816397, 35.170821]}, "properties": {"shelter_id": "OBJ022920000000025", "name": "운남공원", "sido": "광주광역시", "sigungu": "광산구", "emd": "운남동", "road_name": "목련로142번길", "capacity": null}}, {"type": "Feature", "geometry": {"type": "Point", "coordinates": [126.805003, 35.145413]}, "properties": {"shelter_id": "OBJ022920000000003", "name": "송정동초등학교 운동장", "sido": "광주광역시", "sigungu": "광산구", "emd": "신촌동", "road_name": "사암로27번길", "capacity": null}}, {"type": "Feature", "geometry": {"type": "Point", "coordinates": [126.879181, 37.54652]}, "properties": {"shelter_id": "OBJ021147000000074", "name": "창의어린이놀이터", "sido": "서울특별시", "sigungu": "양천구", "emd": "목동", "road_name": "목동중앙북로24길", "capacity": null}}, {"type": "Feature", "geometry": {"type": "Point", "coordinates": [126.861902, 37.553225]}, "properties": {"shelter_id": "OBJ021150000000002", "name": "백석초등학교운동장", "sido": "서울특별시", "sigungu": "강서구", "emd": "등촌동", "road_name": "공항대로", "capacity": null}}, {"type": "Feature", "geometry": {"type": "Point", "coordinates": [126.858347, 37.547448]}, "properties": {"shelter_id": "OBJ021150000000003", "name": "등촌초등학교운동장", "sido": "서울특별시", "sigungu": "강서구", "emd": "등촌동", "road_name": "등촌로39길", "capacity": null}}, {"type": "Feature", "geometry": {"type": "Point", "coordinates": [126.859707, 37.552173]}, "properties": {"shelter_id": "OBJ021150000000004", "name": "등촌중학교운동장", "sido": "서울특별시", "sigungu": "강서구", "emd": "등촌동", "road_name": "공항대로", "capacity": null}}, {"type": "Feature", "geometry": {"type": "Point", "coordinates": [126.848024, 37.561065]}, "properties": {"shelter_id": "OBJ021150000000005", "name": "등현초등학교운동장", "sido": "서울특별시", "sigungu": "강서구", "emd": "등촌동", "road_name": "화곡로63가길", "capacity": null}}, {"type": "Feature", "geometry": {"type": "Point", "coordinates": [126.836278, 37.534397]}, "properties": {"shelter_id": "OBJ021150000000008", "name": "월정초등학교운동장", "sido": "서울특별시", "sigungu": "강서구", "emd": "화곡동", "road_name": "월정로", "capacity": null}}, {"type": "Feature", "geometry": {"type": "Point", "coordinates": [126.846162, 37.543324]}, "properties": {"shelter_id": "OBJ021150000000006", "name": "화곡초등학교운동장", "sido": "서울특별시", "sigungu": "강서구", "emd": "화곡동", "road_name": "초록마을로", "capacity": null}}, {"type": "Feature", "geometry": {"type": "Point", "coordinates": [126.838988, 37.539973]}, "properties": {"shelter_id": "OBJ021150000000009", "name": "신월초등학교운동장", "sido": "서울특별시", "sigungu": "강서구", "emd": "화곡동", "road_name": "강서로31길", "capacity": null}}, {"type": "Feature", "geometry": {"type": "Point", "coordinates": [126.852569, 37.532389]}, "properties": {"shelter_id": "OBJ021150000000010", "name": "신정초등학교운동장", "sido": "서울특별시", "sigungu": "강서구", "emd": "화곡동", "road_name": "곰달래로33길", "capacity": null}}, {"type": "Feature", "geometry": {"type": "Point", "coordinates": [126.855999, 37.53859]}, "properties": {"shelter_id": "OBJ021150000000012", "name": "신곡초등학교운동장", "sido": "서울특별시", "sigungu": "강서구", "emd": "화곡동", "road_name": "등촌로13자길", "capacity": null}}, {"type": "Feature", "geometry": {"type": "Point", "coordinates": [126.828932, 37.549043]}, "properties": {"shelter_id": "OBJ021150000000011", "name": "덕원중학교 운동장", "sido": "서울특별시", "sigungu": "강서구", "emd": "내발산동", "road_name": "강서로45길", "capacity": null}}, {"type": "Feature", "geometry": {"type": "Point", "coordinates": [126.846396, 37.548733]}, "properties": {"shelter_id": "OBJ021150000000014", "name": "우장초등학교운동장", "sido": "서울특별시", "sigungu": "강서구", "emd": "화곡동", "road_name": "화곡로", "capacity": null}}, {"type": "Feature", "geometry": {"type": "Point", "coordinates": [126.83809, 37.551311]}, "properties": {"shelter_id": "OBJ021150000000015", "name": "내발산초등학교운동장", "sido": "서울특별시", "sigungu": "강서구", "emd": "내발산동", "road_name": "우장산로4길", "capacity": null}}, {"type": "Feature", "geometry": {"type": "Point", "coordinates": [126.839761, 37.569877]}, "properties": {"shelter_id": "OBJ021150000000016", "name": "양천초등학교운동장", "sido": "서울특별시", "sigungu": "강서구", "emd": "가양동", "road_name": "양천로", "capacity": null}}, {"type": "Feature", "geometry": {"type": "Point", "coordinates": [126.804529, 37.573417]}, "properties": {"shelter_id": "OBJ021150000000020", "name": "개화초등학교운동장", "sido": "서울특별시", "sigungu": "강서구", "emd": "방화동", "road_name": "양천로", "capacity": null}}, {"type": "Feature", "geometry": {"type": "Point", "coordinates": [127.457551, 36.323245]}, "properties": {"shelter_id": "OBJ023011000000039", "name": "대전대암초등학교 운동장", "sido": "대전광역시", "sigungu": "동구", "emd": "판암동", "road_name": "동부로", "capacity": null}}, {"type": "Feature", "geometry": {"type": "Point", "coordinates": [127.465197, 36.32603]}, "properties": {"shelter_id": "OBJ023011000000036", "name": "대전용운중학교 운동장", "sido": "대전광역시", "sigungu": "동구", "emd": "용운동", "road_name": "용운로", "capacity": null}}, {"type": "Feature", "geometry": {"type": "Point", "coordinates": [127.444096, 36.334075]}, "properties": {"shelter_id": "OBJ023011000000037", "name": "우송고등학교 운동장", "sido": "대전광역시", "sigungu": "동구", "emd": "자양동", "road_name": "계족로", "capacity": null}}, {"type": "Feature", "geometry": {"type": "Point", "coordinates": [127.449646, 36.336759]}, "properties": {"shelter_id": "OBJ023011000000038", "name": "대전동광초등학교 운동장", "sido": "대전광역시", "sigungu": "동구", "emd": "자양동", "road_name": "성동로37번길", "capacity": null}}, {"type": "Feature", "geometry": {"type": "Point", "coordinates": [127.454316, 36.349284]}, "properties": {"shelter_id": "OBJ023011000000042", "name": "대전보건대학교 운동장", "sido": "대전광역시", "sigungu": "동구", "emd": "가양동", "road_name": "충정로", "capacity": null}}, {"type": "Feature", "geometry": {"type": "Point", "coordinates": [127.453272, 36.350044]}, "properties": {"shelter_id": "OBJ023011000000043", "name": "한국폴리텍Ⅳ대학 운동장", "sido": "대전광역시", "sigungu": "동구", "emd": "가양동", "road_name": "우암로", "capacity": null}}, {"type": "Feature", "geometry": {"type": "Point", "coordinates": [127.458054, 36.310654]}, "properties": {"shelter_id": "OBJ023011000000004", "name": "가오초등학교 운동장", "sido": "대전광역시", "sigungu": "동구", "emd": "가오동", "road_name": "신기로", "capacity": null}}, {"type": "Feature", "geometry": {"type": "Point", "coordinates": [127.463928, 36.326711]}, "properties": {"shelter_id": "OBJ023011000000007", "name": "용운초등학교 운동장", "sido": "대전광역시", "sigungu": "동구", "emd": "용운동", "road_name": "새울로68번길", "capacity": null}}, {"type": "Feature", "geometry": {"type": "Point", "coordinates": [127.475062, 36.332609]}, "properties": {"shelter_id": "OBJ023011000000030", "name": "대전동신과학고등학교 운동장", "sido": "대전광역시", "sigungu": "동구", "emd": "비룡동", "road_name": "옥천로", "capacity": null}}, {"type": "Feature", "geometry": {"type": "Point", "coordinates": [127.45517, 36.345538]}, "properties": {"shelter_id": "OBJ023011000000014", "name": "동대전중학교 운동장", "sido": "대전광역시", "sigungu": "동구", "emd": "가양동", "road_name": "충정로", "capacity": null}}, {"type": "Feature", "geometry": {"type": "Point", "coordinates": [126.907404, 37.508254]}, "properties": {"shelter_id": "OBJ021156000000018", "name": "도림초등학교 운동장", "sido": "서울특별시", "sigungu": "영등포구", "emd": "신길동", "road_name": "신길로41라길", "capacity": null}}, {"type": "Feature", "geometry": {"type": "Point", "coordinates": [126.907598, 37.492083]}, "properties": {"shelter_id": "OBJ021156000000023", "name": "대림중학교 운동장", "sido": "서울특별시", "sigungu": "영등포구", "emd": "대림동", "road_name": "시흥대로185길", "capacity": null}}, {"type": "Feature", "geometry": {"type": "Point", "coordinates": [126.902968, 37.487144]}, "properties": {"shelter_id": "OBJ021156000000024", "name": "영림초등학교 운동장", "sido": "서울특별시", "sigungu": "영등포구", "emd": "대림동", "road_name": "도림천로21길", "capacity": null}}, {"type": "Feature", "geometry": {"type": "Point", "coordinates": [126.900063, 37.493289]}, "properties": {"shelter_id": "OBJ021156000000025", "name": "대동초등학교 운동장", "sido": "서울특별시", "sigungu": "영등포구", "emd": "대림동", "road_name": "대림로21길", "capacity": null}}, {"type": "Feature", "geometry": {"type": "Point", "coordinates": [126.896035, 37.500375]}, "properties": {"shelter_id": "OBJ021156000000026", "name": "신영초등학교 운동장", "sido": "서울특별시", "sigungu": "영등포구", "emd": "대림동", "road_name": "도신로4길", "capacity": null}}, {"type": "Feature", "geometry": {"type": "Point", "coordinates": [126.896037, 37.497443]}, "properties": {"shelter_id": "OBJ021156000000027", "name": "영남중학교 운동장", "sido": "서울특별시", "sigungu": "영등포구", "emd": "대림동", "road_name": "대림로31나길", "capacity": null}}, {"type": "Feature", "geometry": {"type": "Point", "coordinates": [126.906274, 37.503319]}, "properties": {"shelter_id": "OBJ021156000000043", "name": "대영고등학교 운동장", "sido": "서울특별시", "sigungu": "영등포구", "emd": "신길동", "road_name": "도림로86길", "capacity": null}}, {"type": "Feature", "geometry": {"type": "Point", "coordinates": [126.905527, 37.50235]}, "properties": {"shelter_id": "OBJ021156000000020", "name": "대영초등학교 운동장", "sido": "서울특별시", "sigungu": "영등포구", "emd": "신길동", "road_name": "도림로80가길", "capacity": null}}, {"type": "Feature", "geometry": {"type": "Point", "coordinates": [126.918938, 37.502245]}, "properties": {"shelter_id": "OBJ021156000000022", "name": "대방초등학교 운동장", "sido": "서울특별시", "sigungu": "영등포구", "emd": "신길동", "road_name": "여의대방로35길", "capacity": null}}, {"type": "Feature", "geometry": {"type": "Point", "coordinates": [126.900806, 37.498582]}, "properties": {"shelter_id": "OBJ021156000000028", "name": "도신초등학교 운동장", "sido": "서울특별시", "sigungu": "영등포구", "emd": "대림동", "road_name": "대림로34길", "capacity": null}}, {"type": "Feature", "geometry": {"type": "Point", "coordinates": [126.890135, 37.525812]}, "properties": {"shelter_id": "OBJ021156000000030", "name": "당중초등학교 운동장", "sido": "서울특별시", "sigungu": "영등포구", "emd": "양평동3가", "road_name": "선유서로32길", "capacity": null}}, {"type": "Feature", "geometry": {"type": "Point", "coordinates": [126.894311, 37.532737]}, "properties": {"shelter_id": "OBJ021156000000034", "name": "선유중학교 운동장", "sido": "서울특별시", "sigungu": "영등포구", "emd": "양평동3가", "road_name": "선유로", "capacity": null}}, {"type": "Feature", "geometry": {"type": "Point", "coordinates": [126.853998, 37.515022]}, "properties": {"shelter_id": "OBJ021147000000053", "name": "남명초등학교 운동장", "sido": "서울특별시", "sigungu": "양천구", "emd": "신정동", "road_name": "중앙로23길", "capacity": null}}, {"type": "Feature", "geometry": {"type": "Point", "coordinates": [126.860284, 37.509743]}, "properties": {"shelter_id": "OBJ021147000000068", "name": "계남초등학교 운동장", "sido": "서울특별시", "sigungu": "양천구", "emd": "신정동", "road_name": "목동동로2길", "capacity": null}}, {"type": "Feature", "geometry": {"type": "Point", "coordinates": [126.854188, 37.51102]}, "properties": {"shelter_id": "OBJ021147000000056", "name": "신기초등학교 운동장", "sido": "서울특별시", "sigungu": "양천구", "emd": "신정동", "road_name": "신정로", "capacity": null}}, {"type": "Feature", "geometry": {"type": "Point", "coordinates": [126.861118, 37.52364]}, "properties": {"shelter_id": "OBJ021147000000060", "name": "양목초등학교 운동장", "sido": "서울특별시", "sigungu": "양천구", "emd": "신정동", "road_name": "목동로17길", "capacity": null}}, {"type": "Feature", "geometry": {"type": "Point", "coordinates": [126.861269, 37.512489]}, "properties": {"shelter_id": "OBJ021147000000062", "name": "호돌이어린이공원", "sido": "서울특별시", "sigungu": "양천구", "emd": "신정동", "road_name": "목동동로", "capacity": null}}, {"type": "Feature", "geometry": {"type": "Point", "coordinates": [126.874532, 37.513095]}, "properties": {"shelter_id": "OBJ021147000000063", "name": "목일중학교 운동장", "sido": "서울특별시", "sigungu": "양천구", "emd": "신정동", "road_name": "목동동로8길", "capacity": null}}, {"type": "Feature", "geometry": {"type": "Point", "coordinates": [126.873911, 37.512458]}, "properties": {"shelter_id": "OBJ021147000000064", "name": "신목고등학교 운동장", "sido": "서울특별시", "sigungu": "양천구", "emd": "신정동", "road_name": "안양천로", "capacity": null}}, {"type": "Feature", "geometry": {"type": "Point", "coordinates": [126.872526, 37.511741]}, "properties": {"shelter_id": "OBJ021147000000066", "name": "해누리체육공원", "sido": "서울특별시", "sigungu": "양천구", "emd": "신정동", "road_name": "안양천로", "capacity": null}}, {"type": "Feature", "geometry": {"type": "Point", "coordinates": [126.870125, 37.511656]}, "properties": {"shelter_id": "OBJ021147000000067", "name": "갈산초등학교 운동장", "sido": "서울특별시", "sigungu": "양천구", "emd": "신정동", "road_name": "목동남로", "capacity": null}}, {"type": "Feature", "geometry": {"type": "Point", "coordinates": [126.869977, 37.509494]}, "properties": {"shelter_id": "OBJ021147000000069", "name": "갈산공원", "sido": "서울특별시", "sigungu": "양천구", "emd": "신정동", "road_name": "목동남로", "capacity": null}}, {"type": "Feature", "geometry": {"type": "Point", "coordinates": [126.860716, 37.508912]}, "properties": {"shelter_id": "OBJ021147000000070", "name": "목동고등학교 운동장", "sido": "서울특별시", "sigungu": "양천구", "emd": "신정동", "road_name": "목동동로2길", "capacity": null}}, {"type": "Feature", "geometry": {"type": "Point", "coordinates": [126.871595, 37.545516]}, "properties": {"shelter_id": "OBJ021147000000004", "name": "목2동 마을쉼터", "sido": "서울특별시", "sigungu": "양천구", "emd": "목동", "road_name": "목동중앙본로30가길", "capacity": null}}, {"type": "Feature", "geometry": {"type": "Point", "coordinates": [126.877903, 37.543177]}, "properties": {"shelter_id": "OBJ021147000000005", "name": "용왕산근린공원 운동장", "sido": "서울특별시", "sigungu": "양천구", "emd": "목동", "road_name": "용왕정길", "capacity": null}}, {"type": "Feature", "geometry": {"type": "Point", "coordinates": [126.865042, 37.545185]}, "properties": {"shelter_id": "OBJ021147000000007", "name": "백석어린이공원", "sido": "서울특별시", "sigungu": "양천구", "emd": "목동", "road_name": "목동중앙북로8길", "capacity": null}}, {"type": "Feature", "geometry": {"type": "Point", "coordinates": [126.865488, 37.549197]}, "properties": {"shelter_id": "OBJ021147000000009", "name": "한두어린이공원", "sido": "서울특별시", "sigungu": "양천구", "emd": "목동", "road_name": "목동중앙북로7가길", "capacity": null}}, {"type": "Feature", "geometry": {"type": "Point", "coordinates": [126.491031, 37.638043]}, "properties": {"shelter_id": "OBJ022871000000012", "name": "길상초등학교 운동장", "sido": "인천광역시", "sigungu": "강화군", "emd": "길상면", "road_name": "삼랑성길", "capacity": null}}, {"type": "Feature", "geometry": {"type": "Point", "coordinates": [126.48012, 37.644293]}, "properties": {"shelter_id": "OBJ022871000000013", "name": "강남중학교 운동장", "sido": "인천광역시", "sigungu": "강화군", "emd": "길상면", "road_name": "해란길32번길", "capacity": null}}, {"type": "Feature", "geometry": {"type": "Point", "coordinates": [126.418405, 37.632538]}, "properties": {"shelter_id": "OBJ022871000000019", "name": "화도초등학교운동장", "sido": "인천광역시", "sigungu": "강화군", "emd": "화도면", "road_name": "마니산로", "capacity": null}}, {"type": "Feature", "geometry": {"type": "Point", "coordinates": [126.423437, 37.605571]}, "properties": {"shelter_id": "OBJ022871000000022", "name": "인천광역시 학생교육원 흥왕체험학습", "sido": "인천광역시", "sigungu": "강화군", "emd": "화도면", "road_name": "해안남로", "capacity": null}}, {"type": "Feature", "geometry": {"type": "Point", "coordinates": [126.859305, 37.561579]}, "properties": {"shelter_id": "OBJ021150000000017", "name": "가양초등학교운동장", "sido": "서울특별시", "sigungu": "강서구", "emd": "가양동", "road_name": "허준로", "capacity": null}}, {"type": "Feature", "geometry": {"type": "Point", "coordinates": [126.835908, 37.555286]}, "properties": {"shelter_id": "OBJ021150000000018", "name": "가곡초등학교운동장", "sido": "서울특별시", "sigungu": "강서구", "emd": "마곡동", "road_name": "공항대로36길", "capacity": null}}, {"type": "Feature", "geometry": {"type": "Point", "coordinates": [126.831204, 37.54968]}, "properties": {"shelter_id": "OBJ021150000000019", "name": "발산초등학교운동장", "sido": "서울특별시", "sigungu": "강서구", "emd": "내발산동", "road_name": "강서로45길", "capacity": null}}, {"type": "Feature", "geometry": {"type": "Point", "coordinates": [126.814435, 37.575525]}, "properties": {"shelter_id": "OBJ021150000000021", "name": "치현초등학교운동장", "sido": "서울특별시", "sigungu": "강서구", "emd": "방화동", "road_name": "방화대로47길", "capacity": null}}, {"type": "Feature", "geometry": {"type": "Point", "coordinates": [126.810323, 37.579919]}, "properties": {"shelter_id": "OBJ021150000000022", "name": "삼정초등학교운동장", "sido": "서울특별시", "sigungu": "강서구", "emd": "방화동", "road_name": "금낭화로", "capacity": null}}, {"type": "Feature", "geometry": {"type": "Point", "coordinates": [126.8548, 37.551775]}, "properties": {"shelter_id": "OBJ021150000000027", "name": "등서초등학교 운동장", "sido": "서울특별시", "sigungu": "강서구", "emd": "화곡동", "road_name": "화곡로58길", "capacity": null}}, {"type": "Feature", "geometry": {"type": "Point", "coordinates": [126.810807, 37.581134]}, "properties": {"shelter_id": "OBJ021150000000023", "name": "삼정중학교운동장", "sido": "서울특별시", "sigungu": "강서구", "emd": "방화동", "road_name": "금낭화로", "capacity": null}}, {"type": "Feature", "geometry": {"type": "Point", "coordinates": [126.808754, 37.575664]}, "properties": {"shelter_id": "OBJ021150000000024", "name": "방원중학교운동장", "sido": "서울특별시", "sigungu": "강서구", "emd": "방화동", "road_name": "금낭화로17길", "capacity": null}}, {"type": "Feature", "geometry": {"type": "Point", "coordinates": [126.871128, 37.554252]}, "properties": {"shelter_id": "OBJ021150000000025", "name": "염경중학교 운동장", "sido": "서울특별시", "sigungu": "강서구", "emd": "염창동", "road_name": "양천로69길", "capacity": null}}, {"type": "Feature", "geometry": {"type": "Point", "coordinates": [126.810934, 37.562054]}, "properties": {"shelter_id": "OBJ021150000000028", "name": "송정초등학교 운동장", "sido": "서울특별시", "sigungu": "강서구", "emd": "공항동", "road_name": "공항대로3길", "capacity": null}}, {"type": "Feature", "geometry": {"type": "Point", "coordinates": [126.815649, 37.553683]}, "properties": {"shelter_id": "OBJ021150000000029", "name": "송정중학교 운동장", "sido": "서울특별시", "sigungu": "강서구", "emd": "공항동", "road_name": "남부순환로", "capacity": null}}, {"type": "Feature", "geometry": {"type": "Point", "coordinates": [126.850792, 37.56627]}, "properties": {"shelter_id": "OBJ021150000000030", "name": "공진중학교 운동장", "sido": "서울특별시", "sigungu": "강서구", "emd": "가양동", "road_name": "양천로55길", "capacity": null}}, {"type": "Feature", "geometry": {"type": "Point", "coordinates": [126.817365, 37.568089]}, "properties": {"shelter_id": "OBJ021150000000031", "name": "송화초등학교 운동장", "sido": "서울특별시", "sigungu": "강서구", "emd": "방화동", "road_name": "방화대로34길", "capacity": null}}, {"type": "Feature", "geometry": {"type": "Point", "coordinates": [126.871425, 37.554635]}, "properties": {"shelter_id": "OBJ021150000000001", "name": "염경초등학교운동장", "sido": "서울특별시", "sigungu": "강서구", "emd": "염창동", "road_name": "양천로69길", "capacity": null}}, {"type": "Feature", "geometry": {"type": "Point", "coordinates": [126.847841, 37.540378]}, "properties": {"shelter_id": "OBJ021150000000007", "name": "화일초등학교운동장", "sido": "서울특별시", "sigungu": "강서구", "emd": "화곡동", "road_name": "까치산로10길", "capacity": null}}, {"type": "Feature", "geometry": {"type": "Point", "coordinates": [127.454854, 36.310291]}, "properties": {"shelter_id": "OBJ023011000000040", "name": "대전가오고등학교 운동장", "sido": "대전광역시", "sigungu": "동구", "emd": "가오동", "road_name": "동구청로", "capacity": null}}, {"type": "Feature", "geometry": {"type": "Point", "coordinates": [127.400703, 36.307038]}, "properties": {"shelter_id": "OBJ023014000000005", "name": "대전 대문초등학교 운동장", "sido": "대전광역시", "sigungu": "중구", "emd": "문화동", "road_name": "송리로", "capacity": null}}, {"type": "Feature", "geometry": {"type": "Point", "coordinates": [127.462965, 36.337453]}, "properties": {"shelter_id": "OBJ023011000000041", "name": "대전대학교 운동장", "sido": "대전광역시", "sigungu": "동구", "emd": "용운동", "road_name": "대학로", "capacity": null}}, {"type": "Feature", "geometry": {"type": "Point", "coordinates": [127.460152, 36.3004]}, "properties": {"shelter_id": "OBJ023011000000034", "name": "대전은어송중학교 운동장", "sido": "대전광역시", "sigungu": "동구", "emd": "대성동", "road_name": "동구청로", "capacity": null}}, {"type": "Feature", "geometry": {"type": "Point", "coordinates": [127.45676, 36.302131]}, "properties": {"shelter_id": "OBJ023011000000032", "name": "대전은어송초등학교 운동장", "sido": "대전광역시", "sigungu": "동구", "emd": "대성동", "road_name": "동구청로", "capacity": null}}, {"type": "Feature", "geometry": {"type": "Point", "coordinates": [127.455304, 36.329842]}, "properties": {"shelter_id": "OBJ023011000000035", "name": "대전대룡초등학교 운동장", "sido": "대전광역시", "sigungu": "동구", "emd": "용운동", "road_name": "백룡로", "capacity": null}}, {"type": "Feature", "geometry": {"type": "Point", "coordinates": [127.459642, 36.305213]}, "properties": {"shelter_id": "OBJ023011000000044", "name": "가오65,66,67호 근린공원", "sido": "대전광역시", "sigungu": "동구", "emd": "가오동", "road_name": "동구청로", "capacity": null}}, {"type": "Feature", "geometry": {"type": "Point", "coordinates": [126.93353, 37.524998]}, "properties": {"shelter_id": "OBJ021156000000035", "name": "여의도고등학교 운동장", "sido": "서울특별시", "sigungu": "영등포구", "emd": "여의도동", "road_name": "국제금융로7길", "capacity": null}}, {"type": "Feature", "geometry": {"type": "Point", "coordinates": [126.909584, 37.497378]}, "properties": {"shelter_id": "OBJ021156000000037", "name": "영신고등학교 운동장", "sido": "서울특별시", "sigungu": "영등포구", "emd": "신길동", "road_name": "신길로10길", "capacity": null}}, {"type": "Feature", "geometry": {"type": "Point", "coordinates": [126.892628, 37.532496]}, "properties": {"shelter_id": "OBJ021156000000038", "name": "선유초등학교 운동장", "sido": "서울특별시", "sigungu": "영등포구", "emd": "양평동3가", "road_name": "선유로43가길", "capacity": null}}, {"type": "Feature", "geometry": {"type": "Point", "coordinates": [126.898608, 37.531979]}, "properties": {"shelter_id": "OBJ021156000000039", "name": "당산서중학교 운동장", "sido": "서울특별시", "sigungu": "영등포구", "emd": "당산동5가", "road_name": "당산로41길", "capacity": null}}, {"type": "Feature", "geometry": {"type": "Point", "coordinates": [126.905076, 37.50296]}, "properties": {"shelter_id": "OBJ021156000000040", "name": "대영중학교 운동장", "sido": "서울특별시", "sigungu": "영등포구", "emd": "신길동", "road_name": "도림로80가길", "capacity": null}}, {"type": "Feature", "geometry": {"type": "Point", "coordinates": [126.92372, 37.518799]}, "properties": {"shelter_id": "OBJ021156000000042", "name": "윤중중학교 운동장", "sido": "서울특별시", "sigungu": "영등포구", "emd": "여의도동", "road_name": "여의동로3길", "capacity": null}}, {"type": "Feature", "geometry": {"type": "Point", "coordinates": [126.923072, 37.519471]}, "properties": {"shelter_id": "OBJ021156000000004", "name": "윤중초등학교 운동장", "sido": "서울특별시", "sigungu": "영등포구", "emd": "여의도동", "road_name": "여의나루로2길", "capacity": null}}, {"type": "Feature", "geometry": {"type": "Point", "coordinates": [126.934948, 37.522625]}, "properties": {"shelter_id": "OBJ021156000000006", "name": "여의도여자고등학교 운동장", "sido": "서울특별시", "sigungu": "영등포구", "emd": "여의도동", "road_name": "국제금융로7가길", "capacity": null}}, {"type": "Feature", "geometry": {"type": "Point", "coordinates": [126.896366, 37.519313]}, "properties": {"shelter_id": "OBJ021156000000010", "name": "양화중학교 운동장", "sido": "서울특별시", "sigungu": "영등포구", "emd": "문래동3가", "road_name": "문래로", "capacity": null}}, {"type": "Feature", "geometry": {"type": "Point", "coordinates": [126.897165, 37.53883]}, "properties": {"shelter_id": "OBJ021156000000015", "name": "한강미디어고등학교 운동장", "sido": "서울특별시", "sigungu": "영등포구", "emd": "양평동4가", "road_name": "양평로20길", "capacity": null}}, {"type": "Feature", "geometry": {"type": "Point", "coordinates": [126.895034, 37.533384]}, "properties": {"shelter_id": "OBJ021156000000016", "name": "선유고등학교 운동장", "sido": "서울특별시", "sigungu": "영등포구", "emd": "양평동4가", "road_name": "양평로17길", "capacity": null}}, {"type": "Feature", "geometry": {"type": "Point", "coordinates": [126.914267, 37.498112]}, "properties": {"shelter_id": "OBJ021156000000021", "name": "대길초등학교 운동장", "sido": "서울특별시", "sigungu": "영등포구", "emd": "신길동", "road_name": "대방천로", "capacity": null}}, {"type": "Feature", "geometry": {"type": "Point", "coordinates": [126.905918, 37.491863]}, "properties": {"shelter_id": "OBJ021156000000029", "name": "신대림초등학교 운동장", "sido": "서울특별시", "sigungu": "영등포구", "emd": "대림동", "road_name": "대림로8길", "capacity": null}}, {"type": "Feature", "geometry": {"type": "Point", "coordinates": [126.902313, 37.510316]}, "properties": {"shelter_id": "OBJ021156000000031", "name": "영원초등학교 운동장", "sido": "서울특별시", "sigungu": "영등포구", "emd": "영등포동", "road_name": "도영로22길", "capacity": null}}, {"type": "Feature", "geometry": {"type": "Point", "coordinates": [126.88798, 37.519569]}, "properties": {"shelter_id": "OBJ021156000000032", "name": "영문초등학교 운동장", "sido": "서울특별시", "sigungu": "영등포구", "emd": "문래동6가", "road_name": "문래로", "capacity": null}}, {"type": "Feature", "geometry": {"type": "Point", "coordinates": [126.422577, 37.662748]}, "properties": {"shelter_id": "OBJ022871000000023", "name": "동광중학교운동장", "sido": "인천광역시", "sigungu": "강화군", "emd": "양도면", "road_name": "강화남로", "capacity": null}}, {"type": "Feature", "geometry": {"type": "Point", "coordinates": [126.419732, 37.688431]}, "properties": {"shelter_id": "OBJ022871000000024", "name": "양도초등학교 운동장", "sido": "인천광역시", "sigungu": "강화군", "emd": "양도면", "road_name": "강화남로1044번길", "capacity": null}}, {"type": "Feature", "geometry": {"type": "Point", "coordinates": [126.437489, 37.652736]}, "properties": {"shelter_id": "OBJ022871000000025", "name": "조산초등학교 운동장", "sido": "인천광역시", "sigungu": "강화군", "emd": "양도면", "road_name": "강화남로518번길", "capacity": null}}, {"type": "Feature", "geometry": {"type": "Point", "coordinates": [126.391543, 37.711901]}, "properties": {"shelter_id": "OBJ022871000000026", "name": "삼량중고등학교운동장", "sido": "인천광역시", "sigungu": "강화군", "emd": "내가면", "road_name": "강화서로", "capacity": null}}, {"type": "Feature", "geometry": {"type": "Point", "coordinates": [126.696029, 37.439918]}, "properties": {"shelter_id": "OBJ022817700000032", "name": "승학초등학교 운동장", "sido": "인천광역시", "sigungu": "미추홀구", "emd": "관교동", "road_name": "주승로", "capacity": null}}, {"type": "Feature", "geometry": {"type": "Point", "coordinates": [126.689319, 37.444698]}, "properties": {"shelter_id": "OBJ022817700000033", "name": "관교여자중학교 운동장", "sido": "인천광역시", "sigungu": "미추홀구", "emd": "관교동", "road_name": "경원대로", "capacity": null}}, {"type": "Feature", "geometry": {"type": "Point", "coordinates": [127.059692, 37.579128]}, "properties": {"shelter_id": "OBJ021123000000049", "name": "아름드리어린이공원", "sido": "서울특별시", "sigungu": "동대문구", "emd": "전농동", "road_name": "사가정로15길", "capacity": null}}, {"type": "Feature", "geometry": {"type": "Point", "coordinates": [127.011814, 37.595612]}, "properties": {"shelter_id": "OBJ021129000000015", "name": "우촌초등학교 운동장", "sido": "서울특별시", "sigungu": "성북구", "emd": "돈암동", "road_name": "성북로4길", "capacity": null}}, {"type": "Feature", "geometry": {"type": "Point", "coordinates": [127.063412, 37.57861]}, "properties": {"shelter_id": "OBJ021123000000018", "name": "배봉산공원 야외무대", "sido": "서울특별시", "sigungu": "동대문구", "emd": "전농동", "road_name": "사가정로", "capacity": null}}, {"type": "Feature", "geometry": {"type": "Point", "coordinates": [127.065224, 37.569928]}, "properties": {"shelter_id": "OBJ021123000000031", "name": "장일어린이공원", "sido": "서울특별시", "sigungu": "동대문구", "emd": "장안동", "road_name": "한천로22길", "capacity": null}}, {"type": "Feature", "geometry": {"type": "Point", "coordinates": [126.998228, 37.593561]}, "properties": {"shelter_id": "OBJ021129000000001", "name": "성북초등학교 운동장", "sido": "서울특별시", "sigungu": "성북구", "emd": "성북동", "road_name": "성북로", "capacity": null}}, {"type": "Feature", "geometry": {"type": "Point", "coordinates": [127.015078, 37.585679]}, "properties": {"shelter_id": "OBJ021129000000002", "name": "경동고등학교 운동장", "sido": "서울특별시", "sigungu": "성북구", "emd": "삼선동3가", "road_name": "보문로29길", "capacity": null}}, {"type": "Feature", "geometry": {"type": "Point", "coordinates": [127.017262, 37.582849]}, "properties": {"shelter_id": "OBJ021129000000003", "name": "동신초등학교 운동장", "sido": "서울특별시", "sigungu": "성북구", "emd": "보문동3가", "road_name": "보문사길", "capacity": null}}, {"type": "Feature", "geometry": {"type": "Point", "coordinates": [127.017075, 37.61335]}, "properties": {"shelter_id": "OBJ021129000000004", "name": "길음초등학교 운동장", "sido": "서울특별시", "sigungu": "성북구", "emd": "길음동", "road_name": "길음로", "capacity": null}}, {"type": "Feature", "geometry": {"type": "Point", "coordinates": [127.050085, 37.611698]}, "properties": {"shelter_id": "OBJ021129000000006", "name": "장위초등학교 운동장", "sido": "서울특별시", "sigungu": "성북구", "emd": "장위동", "road_name": "장월로12길", "capacity": null}}, {"type": "Feature", "geometry": {"type": "Point", "coordinates": [127.066668, 37.609043]}, "properties": {"shelter_id": "OBJ021129000000007", "name": "석관고등학교 운동장", "sido": "서울특별시", "sigungu": "성북구", "emd": "석관동", "road_name": "한천로66길", "capacity": null}}, {"type": "Feature", "geometry": {"type": "Point", "coordinates": [127.012578, 37.586222]}, "properties": {"shelter_id": "OBJ021129000000008", "name": "삼선초등학교 운동장", "sido": "서울특별시", "sigungu": "성북구", "emd": "삼선동3가", "road_name": "삼선교로18가길", "capacity": null}}, {"type": "Feature", "geometry": {"type": "Point", "coordinates": [127.008615, 37.591608]}, "properties": {"shelter_id": "OBJ021129000000009", "name": "삼선중학교 운동장", "sido": "서울특별시", "sigungu": "성북구", "emd": "동소문동4가", "road_name": "동소문로3길", "capacity": null}}, {"type": "Feature", "geometry": {"type": "Point", "coordinates": [127.01397, 37.598061]}, "properties": {"shelter_id": "OBJ021129000000010", "name": "정덕초등학교 운동장", "sido": "서울특별시", "sigungu": "성북구", "emd": "동소문동7가", "road_name": "아리랑로7길", "capacity": null}}, {"type": "Feature", "geometry": {"type": "Point", "coordinates": [127.023377, 37.594579]}, "properties": {"shelter_id": "OBJ021129000000011", "name": "성신여자중학교 운동장", "sido": "서울특별시", "sigungu": "성북구", "emd": "돈암동", "road_name": "동소문로26가길", "capacity": null}}, {"type": "Feature", "geometry": {"type": "Point", "coordinates": [127.013228, 37.593216]}, "properties": {"shelter_id": "OBJ021129000000012", "name": "돈암초등학교 운동장", "sido": "서울특별시", "sigungu": "성북구", "emd": "동소문동6가", "road_name": "동소문로15길", "capacity": null}}, {"type": "Feature", "geometry": {"type": "Point", "coordinates": [127.314532, 37.954832]}, "properties": {"shelter_id": "OBJ024165000000037", "name": "일동초등학교 운동장", "sido": "경기도", "sigungu": "포천시", "emd": "일동면", "road_name": "화동로", "capacity": null}}, {"type": "Feature", "geometry": {"type": "Point", "coordinates": [127.315006, 37.960069]}, "properties": {"shelter_id": "OBJ024165000000038", "name": "일동고등학교 운동장", "sido": "경기도", "sigungu": "포천시", "emd": "일동면", "road_name": "화동로1079번길", "capacity": null}}, {"type": "Feature", "geometry": {"type": "Point", "coordinates": [127.369136, 38.041604]}, "properties": {"shelter_id": "OBJ024165000000045", "name": "이동생태공원", "sido": "경기도", "sigungu": "포천시", "emd": "이동면", "road_name": "성장로1289번길", "capacity": null}}, {"type": "Feature", "geometry": {"type": "Point", "coordinates": [127.197337, 37.896618]}, "properties": {"shelter_id": "OBJ024165000000056", "name": "포천초등학교 운동장", "sido": "경기도", "sigungu": "포천시", "emd": "신읍동", "road_name": "신읍길", "capacity": null}}, {"type": "Feature", "geometry": {"type": "Point", "coordinates": [127.381195, 38.05616]}, "properties": {"shelter_id": "OBJ024165000000041", "name": "도평초등학교 운동장", "sido": "경기도", "sigungu": "포천시", "emd": "이동면", "road_name": "도리돌길", "capacity": null}}, {"type": "Feature", "geometry": {"type": "Point", "coordinates": [127.368176, 38.029048]}, "properties": {"shelter_id": "OBJ024165000000042", "name": "이동초등학교 운동장", "sido": "경기도", "sigungu": "포천시", "emd": "이동면", "road_name": "늠바위길", "capacity": null}}, {"type": "Feature", "geometry": {"type": "Point", "coordinates": [127.335635, 38.007797]}, "properties": {"shelter_id": "OBJ024165000000043", "name": "노곡초등학교 운동장", "sido": "경기도", "sigungu": "포천시", "emd": "이동면", "road_name": "성장로869번길", "capacity": null}}, {"type": "Feature", "geometry": {"type": "Point", "coordinates": [127.373473, 38.030552]}, "properties": {"shelter_id": "OBJ024165000000044", "name": "이동중학교 운동장", "sido": "경기도", "sigungu": "포천시", "emd": "이동면", "road_name": "늠바위1길", "capacity": null}}, {"type": "Feature", "geometry": {"type": "Point", "coordinates": [127.277275, 38.090566]}, "properties": {"shelter_id": "OBJ024165000000046", "name": "영북초등학교 운동장", "sido": "경기도", "sigungu": "포천시", "emd": "영북면", "road_name": "영북로170번길", "capacity": null}}, {"type": "Feature", "geometry": {"type": "Point", "coordinates": [127.277228, 38.093641]}, "properties": {"shelter_id": "OBJ024165000000047", "name": "영북중학교 운동장", "sido": "경기도", "sigungu": "포천시", "emd": "영북면", "road_name": "영북로", "capacity": null}}, {"type": "Feature", "geometry": {"type": "Point", "coordinates": [127.072847, 37.630888]}, "properties": {"shelter_id": "OBJ021135000000056", "name": "한천중학교 운동장", "sido": "서울특별시", "sigungu": "노원구", "emd": "공릉동", "road_name": "공릉로55길", "capacity": null}}, {"type": "Feature", "geometry": {"type": "Point", "coordinates": [127.072132, 37.650107]}, "properties": {"shelter_id": "OBJ021135000000063", "name": "을지중학교 운동장", "sido": "서울특별시", "sigungu": "노원구", "emd": "중계동", "road_name": "덕릉로", "capacity": null}}, {"type": "Feature", "geometry": {"type": "Point", "coordinates": [127.051806, 37.670136]}, "properties": {"shelter_id": "OBJ021135000000057", "name": "상경초등학교 운동장", "sido": "서울특별시", "sigungu": "노원구", "emd": "상계동", "road_name": "수락산로", "capacity": null}}, {"type": "Feature", "geometry": {"type": "Point", "coordinates": [127.054769, 37.664835]}, "properties": {"shelter_id": "OBJ021135000000058", "name": "동일초등학교 운동장", "sido": "서울특별시", "sigungu": "노원구", "emd": "상계동", "road_name": "한글비석로", "capacity": null}}, {"type": "Feature", "geometry": {"type": "Point", "coordinates": [127.082793, 37.65203]}, "properties": {"shelter_id": "OBJ021135000000059", "name": "영신여자고등학교 운동장", "sido": "서울특별시", "sigungu": "노원구", "emd": "중계동", "road_name": "중계로16나길", "capacity": null}}, {"type": "Feature", "geometry": {"type": "Point", "coordinates": [127.061438, 37.665807]}, "properties": {"shelter_id": "OBJ021135000000061", "name": "청원초등학교 운동장", "sido": "서울특별시", "sigungu": "노원구", "emd": "상계동", "road_name": "한글비석로54길", "capacity": null}}, {"type": "Feature", "geometry": {"type": "Point", "coordinates": [127.064839, 37.660099]}, "properties": {"shelter_id": "OBJ021135000000062", "name": "온곡중학교 운동장", "sido": "서울특별시", "sigungu": "노원구", "emd": "상계동", "road_name": "노원로", "capacity": null}}, {"type": "Feature", "geometry": {"type": "Point", "coordinates": [127.075051, 37.653816]}, "properties": {"shelter_id": "OBJ021135000000067", "name": "원광초등학교 운동장", "sido": "서울특별시", "sigungu": "노원구", "emd": "중계동", "road_name": "덕릉로76길", "capacity": null}}, {"type": "Feature", "geometry": {"type": "Point", "coordinates": [127.074016, 37.651175]}, "properties": {"shelter_id": "OBJ021135000000064", "name": "청암중고등학교 운동장", "sido": "서울특별시", "sigungu": "노원구", "emd": "중계동", "road_name": "중계로", "capacity": null}}, {"type": "Feature", "geometry": {"type": "Point", "coordinates": [127.057251, 37.658291]}, "properties": {"shelter_id": "OBJ021135000000065", "name": "상월초등학교 운동장", "sido": "서울특별시", "sigungu": "노원구", "emd": "상계동", "road_name": "동일로221길", "capacity": null}}, {"type": "Feature", "geometry": {"type": "Point", "coordinates": [127.07533, 37.645075]}, "properties": {"shelter_id": "OBJ021135000000066", "name": "서라벌고등학교운동장", "sido": "서울특별시", "sigungu": "노원구", "emd": "중계동", "road_name": "한글비석로5길", "capacity": null}}, {"type": "Feature", "geometry": {"type": "Point", "coordinates": [127.053307, 37.662124]}, "properties": {"shelter_id": "OBJ021135000000068", "name": "노원고등학교 운동장", "sido": "서울특별시", "sigungu": "노원구", "emd": "상계동", "road_name": "노원로", "capacity": null}}, {"type": "Feature", "geometry": {"type": "Point", "coordinates": [127.072639, 37.650618]}, "properties": {"shelter_id": "OBJ021135000000010", "name": "을지초등학교 운동장", "sido": "서울특별시", "sigungu": "노원구", "emd": "중계동", "road_name": "중계로", "capacity": null}}, {"type": "Feature", "geometry": {"type": "Point", "coordinates": [126.640581, 37.446243]}, "properties": {"shelter_id": "OBJ022817700000037", "name": "인항고등학교", "sido": "인천광역시", "sigungu": "미추홀구", "emd": "용현동", "road_name": "매소홀로", "capacity": null}}, {"type": "Feature", "geometry": {"type": "Point", "coordinates": [126.65511, 37.463108]}, "properties": {"shelter_id": "OBJ022817700000034", "name": "숭의초등학교 운동장", "sido": "인천광역시", "sigungu": "미추홀구", "emd": "숭의동", "road_name": "장천로", "capacity": null}}, {"type": "Feature", "geometry": {"type": "Point", "coordinates": [126.672011, 37.44319]}, "properties": {"shelter_id": "OBJ022817700000035", "name": "연학초등학교 운동장", "sido": "인천광역시", "sigungu": "미추홀구", "emd": "학익동", "road_name": "주승로", "capacity": null}}, {"type": "Feature", "geometry": {"type": "Point", "coordinates": [126.674001, 37.441979]}, "properties": {"shelter_id": "OBJ022817700000036", "name": "인주초등학교 운동장", "sido": "인천광역시", "sigungu": "미추홀구", "emd": "학익동", "road_name": "학익소로61번길", "capacity": null}}, {"type": "Feature", "geometry": {"type": "Point", "coordinates": [126.688249, 37.449747]}, "properties": {"shelter_id": "OBJ022817700000038", "name": "제물포여자중학교 운동장", "sido": "인천광역시", "sigungu": "미추홀구", "emd": "주안동", "road_name": "인주대로470번길", "capacity": null}}, {"type": "Feature", "geometry": {"type": "Point", "coordinates": [126.686387, 37.435782]}, "properties": {"shelter_id": "OBJ022817700000040", "name": "문학정보고등학교 운동장", "sido": "인천광역시", "sigungu": "미추홀구", "emd": "문학동", "road_name": "소성로350번길", "capacity": null}}, {"type": "Feature", "geometry": {"type": "Point", "coordinates": [126.657747, 37.459756]}, "properties": {"shelter_id": "OBJ022817700000001", "name": "용정초등학교운동장", "sido": "인천광역시", "sigungu": "미추홀구", "emd": "숭의동", "road_name": "수봉로76번길", "capacity": null}}, {"type": "Feature", "geometry": {"type": "Point", "coordinates": [126.663654, 37.452855]}, "properties": {"shelter_id": "OBJ022817700000002", "name": "용일초등학교운동장", "sido": "인천광역시", "sigungu": "미추홀구", "emd": "용현동", "road_name": "인주대로", "capacity": null}}, {"type": "Feature", "geometry": {"type": "Point", "coordinates": [126.678219, 37.46785]}, "properties": {"shelter_id": "OBJ022817700000014", "name": "인천주안북초등학교운동장", "sido": "인천광역시", "sigungu": "미추홀구", "emd": "주안동", "road_name": "석정로375번길", "capacity": null}}, {"type": "Feature", "geometry": {"type": "Point", "coordinates": [126.669473, 37.471388]}, "properties": {"shelter_id": "OBJ022817700000021", "name": "쑥골어린이공원", "sido": "인천광역시", "sigungu": "미추홀구", "emd": "도화동", "road_name": "장고개로50번길", "capacity": null}}, {"type": "Feature", "geometry": {"type": "Point", "coordinates": [126.641405, 37.451167]}, "properties": {"shelter_id": "OBJ022817700000022", "name": "용정근린공원", "sido": "인천광역시", "sigungu": "미추홀구", "emd": "용현동", "road_name": "낙섬동로", "capacity": null}}, {"type": "Feature", "geometry": {"type": "Point", "coordinates": [126.693864, 37.455177]}, "properties": {"shelter_id": "OBJ022817700000023", "name": "석바위근린공원", "sido": "인천광역시", "sigungu": "미추홀구", "emd": "주안동", "road_name": "구월남로", "capacity": null}}, {"type": "Feature", "geometry": {"type": "Point", "coordinates": [126.676503, 37.463155]}, "properties": {"shelter_id": "OBJ022817700000024", "name": "주안체육공원", "sido": "인천광역시", "sigungu": "미추홀구", "emd": "주안동", "road_name": "주안서로43번길", "capacity": null}}, {"type": "Feature", "geometry": {"type": "Point", "coordinates": [126.694999, 37.460853]}, "properties": {"shelter_id": "OBJ022817700000025", "name": "다솔어린이공원", "sido": "인천광역시", "sigungu": "미추홀구", "emd": "주안동", "road_name": "경인로499번길", "capacity": null}}, {"type": "Feature", "geometry": {"type": "Point", "coordinates": [126.686641, 37.434799]}, "properties": {"shelter_id": "OBJ022817700000026", "name": "산성어린이공원", "sido": "인천광역시", "sigungu": "미추홀구", "emd": "문학동", "road_name": "소성로350번길", "capacity": null}}, {"type": "Feature", "geometry": {"type": "Point", "coordinates": [126.6626, 37.460192]}, "properties": {"shelter_id": "OBJ022817700000027", "name": "수봉근린공원", "sido": "인천광역시", "sigungu": "미추홀구", "emd": "숭의동", "road_name": "수봉안길", "capacity": null}}, {"type": "Feature", "geometry": {"type": "Point", "coordinates": [127.019959, 37.597924]}, "properties": {"shelter_id": "OBJ021129000000014", "name": "고명중학교 운동장", "sido": "서울특별시", "sigungu": "성북구", "emd": "돈암동", "road_name": "북악산로", "capacity": null}}, {"type": "Feature", "geometry": {"type": "Point", "coordinates": [127.021962, 37.610261]}, "properties": {"shelter_id": "OBJ021129000000025", "name": "미아초등학교 운동장", "sido": "서울특별시", "sigungu": "성북구", "emd": "길음동", "road_name": "삼양로", "capacity": null}}, {"type": "Feature", "geometry": {"type": "Point", "coordinates": [127.022584, 37.587196]}, "properties": {"shelter_id": "OBJ021129000000016", "name": "안암초등학교 운동장", "sido": "서울특별시", "sigungu": "성북구", "emd": "안암동2가", "road_name": "보문로26길", "capacity": null}}, {"type": "Feature", "geometry": {"type": "Point", "coordinates": [127.024589, 37.587843]}, "properties": {"shelter_id": "OBJ021129000000017", "name": "용문고등학교 운동장", "sido": "서울특별시", "sigungu": "성북구", "emd": "안암동2가", "road_name": "고려대로17길", "capacity": null}}, {"type": "Feature", "geometry": {"type": "Point", "coordinates": [127.023588, 37.579213]}, "properties": {"shelter_id": "OBJ021129000000018", "name": "대광초등학교 운동장", "sido": "서울특별시", "sigungu": "성북구", "emd": "보문동7가", "road_name": "안암로3길", "capacity": null}}, {"type": "Feature", "geometry": {"type": "Point", "coordinates": [127.014106, 37.604137]}, "properties": {"shelter_id": "OBJ021129000000019", "name": "숭덕초등학교 운동장", "sido": "서울특별시", "sigungu": "성북구", "emd": "정릉동", "road_name": "정릉로27길", "capacity": null}}, {"type": "Feature", "geometry": {"type": "Point", "coordinates": [127.00807, 37.604165]}, "properties": {"shelter_id": "OBJ021129000000020", "name": "정수초등학교 운동장", "sido": "서울특별시", "sigungu": "성북구", "emd": "정릉동", "road_name": "정릉로24길", "capacity": null}}, {"type": "Feature", "geometry": {"type": "Point", "coordinates": [127.001706, 37.606621]}, "properties": {"shelter_id": "OBJ021129000000022", "name": "북악중학교 운동장", "sido": "서울특별시", "sigungu": "성북구", "emd": "정릉동", "road_name": "정릉로12길", "capacity": null}}, {"type": "Feature", "geometry": {"type": "Point", "coordinates": [127.005581, 37.619417]}, "properties": {"shelter_id": "OBJ021129000000023", "name": "정릉초등학교 운동장", "sido": "서울특별시", "sigungu": "성북구", "emd": "정릉동", "road_name": "솔샘로25가길", "capacity": null}}, {"type": "Feature", "geometry": {"type": "Point", "coordinates": [127.01424, 37.614064]}, "properties": {"shelter_id": "OBJ021129000000024", "name": "대일외국어고등학교 운동장", "sido": "서울특별시", "sigungu": "성북구", "emd": "정릉동", "road_name": "서경로20길", "capacity": null}}, {"type": "Feature", "geometry": {"type": "Point", "coordinates": [127.018115, 37.613758]}, "properties": {"shelter_id": "OBJ021129000000027", "name": "길음중학교 운동장", "sido": "서울특별시", "sigungu": "성북구", "emd": "길음동", "road_name": "삼양로15길", "capacity": null}}, {"type": "Feature", "geometry": {"type": "Point", "coordinates": [127.035148, 37.594801]}, "properties": {"shelter_id": "OBJ021129000000029", "name": "숭례초등학교 운동장", "sido": "서울특별시", "sigungu": "성북구", "emd": "종암동", "road_name": "종암로", "capacity": null}}, {"type": "Feature", "geometry": {"type": "Point", "coordinates": [127.032409, 37.592756]}, "properties": {"shelter_id": "OBJ021129000000030", "name": "종암중학교 운동장", "sido": "서울특별시", "sigungu": "성북구", "emd": "종암동", "road_name": "종암로5길", "capacity": null}}, {"type": "Feature", "geometry": {"type": "Point", "coordinates": [127.048077, 37.606589]}, "properties": {"shelter_id": "OBJ021129000000034", "name": "월곡중학교 운동장", "sido": "서울특별시", "sigungu": "성북구", "emd": "상월곡동", "road_name": "장월로", "capacity": null}}, {"type": "Feature", "geometry": {"type": "Point", "coordinates": [127.032357, 37.60843]}, "properties": {"shelter_id": "OBJ021129000000031", "name": "숭곡초등학교 운동장", "sido": "서울특별시", "sigungu": "성북구", "emd": "하월곡동", "road_name": "종암로40길", "capacity": null}}, {"type": "Feature", "geometry": {"type": "Point", "coordinates": [127.031661, 37.607987]}, "properties": {"shelter_id": "OBJ021129000000032", "name": "숭곡중학교 운동장", "sido": "서울특별시", "sigungu": "성북구", "emd": "하월곡동", "road_name": "종암로", "capacity": null}}, {"type": "Feature", "geometry": {"type": "Point", "coordinates": [127.031798, 37.60715]}, "properties": {"shelter_id": "OBJ021129000000033", "name": "서울도시과학기술고등학교 운동장", "sido": "서울특별시", "sigungu": "성북구", "emd": "하월곡동", "road_name": "종암로", "capacity": null}}, {"type": "Feature", "geometry": {"type": "Point", "coordinates": [127.275476, 38.086164]}, "properties": {"shelter_id": "OBJ024165000000048", "name": "영북고등학교 운동장", "sido": "경기도", "sigungu": "포천시", "emd": "영북면", "road_name": "영북로", "capacity": null}}, {"type": "Feature", "geometry": {"type": "Point", "coordinates": [127.250408, 38.156555]}, "properties": {"shelter_id": "OBJ024165000000051", "name": "관인초등학교 운동장", "sido": "경기도", "sigungu": "포천시", "emd": "관인면", "road_name": "관인로", "capacity": null}}, {"type": "Feature", "geometry": {"type": "Point", "coordinates": [127.250853, 38.15914]}, "properties": {"shelter_id": "OBJ024165000000052", "name": "관인고등학교 운동장", "sido": "경기도", "sigungu": "포천시", "emd": "관인면", "road_name": "창동로1867번길", "capacity": null}}, {"type": "Feature", "geometry": {"type": "Point", "coordinates": [127.073351, 37.573375]}, "properties": {"shelter_id": "OBJ021123000000032", "name": "장평초등학교 운동장", "sido": "서울특별시", "sigungu": "동대문구", "emd": "장안동", "road_name": "답십리로69길", "capacity": null}}, {"type": "Feature", "geometry": {"type": "Point", "coordinates": [128.164918, 36.995921]}, "properties": {"shelter_id": "OBJ024315000000003", "name": "청풍초중학교  운동장", "sido": "충청북도", "sigungu": "제천시", "emd": "청풍면", "road_name": "청풍호로", "capacity": null}}, {"type": "Feature", "geometry": {"type": "Point", "coordinates": [128.187421, 36.935405]}, "properties": {"shelter_id": "OBJ024315000000004", "name": "수산초중학교  운동장", "sido": "충청북도", "sigungu": "제천시", "emd": "수산면", "road_name": "지곡로", "capacity": null}}, {"type": "Feature", "geometry": {"type": "Point", "coordinates": [127.07183, 37.565627]}, "properties": {"shelter_id": "OBJ021123000000027", "name": "안평초등학교 운동장", "sido": "서울특별시", "sigungu": "동대문구", "emd": "장안동", "road_name": "장한로14길", "capacity": null}}, {"type": "Feature", "geometry": {"type": "Point", "coordinates": [127.070595, 37.566242]}, "properties": {"shelter_id": "OBJ021123000000028", "name": "장평중학교 운동장", "sido": "서울특별시", "sigungu": "동대문구", "emd": "장안동", "road_name": "답십리로72길", "capacity": null}}, {"type": "Feature", "geometry": {"type": "Point", "coordinates": [127.074213, 37.567565]}, "properties": {"shelter_id": "OBJ021123000000029", "name": "장평공원", "sido": "서울특별시", "sigungu": "동대문구", "emd": "장안동", "road_name": "장안벚꽃로", "capacity": null}}, {"type": "Feature", "geometry": {"type": "Point", "coordinates": [127.049399, 37.594677]}, "properties": {"shelter_id": "OBJ021123000000037", "name": "경희초등학교 운동장", "sido": "서울특별시", "sigungu": "동대문구", "emd": "회기동", "road_name": "경희대로", "capacity": null}}, {"type": "Feature", "geometry": {"type": "Point", "coordinates": [127.055203, 37.592012]}, "properties": {"shelter_id": "OBJ021123000000039", "name": "청량초등학교 운동장", "sido": "서울특별시", "sigungu": "동대문구", "emd": "회기동", "road_name": "경희대로4길", "capacity": null}}, {"type": "Feature", "geometry": {"type": "Point", "coordinates": [127.05155, 37.587567]}, "properties": {"shelter_id": "OBJ021123000000035", "name": "청량중학교 운동장", "sido": "서울특별시", "sigungu": "동대문구", "emd": "청량리동", "road_name": "왕산로", "capacity": null}}, {"type": "Feature", "geometry": {"type": "Point", "coordinates": [127.050613, 37.588644]}, "properties": {"shelter_id": "OBJ021123000000036", "name": "청량고등학교 운동장", "sido": "서울특별시", "sigungu": "동대문구", "emd": "청량리동", "road_name": "왕산로", "capacity": null}}, {"type": "Feature", "geometry": {"type": "Point", "coordinates": [127.047831, 37.589161]}, "properties": {"shelter_id": "OBJ021123000000038", "name": "삼육초등학교 운동장", "sido": "서울특별시", "sigungu": "동대문구", "emd": "회기동", "road_name": "회기로10길", "capacity": null}}, {"type": "Feature", "geometry": {"type": "Point", "coordinates": [127.050829, 37.59469]}, "properties": {"shelter_id": "OBJ021123000000040", "name": "경희여자고등학교 운동장", "sido": "서울특별시", "sigungu": "동대문구", "emd": "회기동", "road_name": "경희대로", "capacity": null}}, {"type": "Feature", "geometry": {"type": "Point", "coordinates": [127.136682, 37.825641]}, "properties": {"shelter_id": "OBJ024165000000004", "name": "추산초등학교 운동장", "sido": "경기도", "sigungu": "포천시", "emd": "소흘읍", "road_name": "솔모루로3번길", "capacity": null}}, {"type": "Feature", "geometry": {"type": "Point", "coordinates": [127.144906, 37.833971]}, "properties": {"shelter_id": "OBJ024165000000006", "name": "태봉초등학교 운동장", "sido": "경기도", "sigungu": "포천시", "emd": "소흘읍", "road_name": "태봉로", "capacity": null}}, {"type": "Feature", "geometry": {"type": "Point", "coordinates": [127.140028, 37.826363]}, "properties": {"shelter_id": "OBJ024165000000008", "name": "대경중학교 운동장", "sido": "경기도", "sigungu": "포천시", "emd": "소흘읍", "road_name": "봉솔로", "capacity": null}}, {"type": "Feature", "geometry": {"type": "Point", "coordinates": [127.134657, 37.82747]}, "properties": {"shelter_id": "OBJ024165000000010", "name": "동남고등학교 운동장", "sido": "경기도", "sigungu": "포천시", "emd": "소흘읍", "road_name": "솔모루로3번길", "capacity": null}}, {"type": "Feature", "geometry": {"type": "Point", "coordinates": [127.223591, 37.874439]}, "properties": {"shelter_id": "OBJ024165000000014", "name": "청성초등학교 운동장", "sido": "경기도", "sigungu": "포천시", "emd": "군내면", "road_name": "용두로117번길", "capacity": null}}, {"type": "Feature", "geometry": {"type": "Point", "coordinates": [127.205391, 37.895268]}, "properties": {"shelter_id": "OBJ024165000000015", "name": "포천일고등학교 운동장", "sido": "경기도", "sigungu": "포천시", "emd": "군내면", "road_name": "청군로", "capacity": null}}, {"type": "Feature", "geometry": {"type": "Point", "coordinates": [127.211001, 37.893284]}, "properties": {"shelter_id": "OBJ024165000000016", "name": "청성역사공원", "sido": "경기도", "sigungu": "포천시", "emd": "군내면", "road_name": "포천로", "capacity": null}}, {"type": "Feature", "geometry": {"type": "Point", "coordinates": [127.230065, 37.786835]}, "properties": {"shelter_id": "OBJ024165000000017", "name": "내촌초등학교 운동장", "sido": "경기도", "sigungu": "포천시", "emd": "내촌면", "road_name": "내촌로", "capacity": null}}, {"type": "Feature", "geometry": {"type": "Point", "coordinates": [127.224624, 37.779911]}, "properties": {"shelter_id": "OBJ024165000000018", "name": "내촌중학교 운동장", "sido": "경기도", "sigungu": "포천시", "emd": "내촌면", "road_name": "금강로2247번길", "capacity": null}}, {"type": "Feature", "geometry": {"type": "Point", "coordinates": [127.062423, 37.662323]}, "properties": {"shelter_id": "OBJ021135000000022", "name": "상곡초등학교 운동장", "sido": "서울특별시", "sigungu": "노원구", "emd": "상계동", "road_name": "노원로38길", "capacity": null}}, {"type": "Feature", "geometry": {"type": "Point", "coordinates": [127.059891, 37.633253]}, "properties": {"shelter_id": "OBJ021135000000023", "name": "연지초등학교 운동장", "sido": "서울특별시", "sigungu": "노원구", "emd": "월계동", "road_name": "월계로55길", "capacity": null}}, {"type": "Feature", "geometry": {"type": "Point", "coordinates": [127.063528, 37.628517]}, "properties": {"shelter_id": "OBJ021135000000024", "name": "녹천초등학교 운동장", "sido": "서울특별시", "sigungu": "노원구", "emd": "월계동", "road_name": "마들로3길", "capacity": null}}, {"type": "Feature", "geometry": {"type": "Point", "coordinates": [127.064161, 37.637145]}, "properties": {"shelter_id": "OBJ021135000000025", "name": "중평초등학교 운동장", "sido": "서울특별시", "sigungu": "노원구", "emd": "하계동", "road_name": "동일로203길", "capacity": null}}, {"type": "Feature", "geometry": {"type": "Point", "coordinates": [127.077264, 37.661189]}, "properties": {"shelter_id": "OBJ021135000000026", "name": "상계제일중학교 운동장", "sido": "서울특별시", "sigungu": "노원구", "emd": "중계동", "road_name": "덕릉로", "capacity": null}}, {"type": "Feature", "geometry": {"type": "Point", "coordinates": [127.059891, 37.6489]}, "properties": {"shelter_id": "OBJ021135000000027", "name": "노원중학교 운동장", "sido": "서울특별시", "sigungu": "노원구", "emd": "상계동", "road_name": "동일로213길", "capacity": null}}, {"type": "Feature", "geometry": {"type": "Point", "coordinates": [127.048002, 37.628258]}, "properties": {"shelter_id": "OBJ021135000000028", "name": "신창중학교 운동장", "sido": "서울특별시", "sigungu": "노원구", "emd": "월계동", "road_name": "월계로45길", "capacity": null}}, {"type": "Feature", "geometry": {"type": "Point", "coordinates": [127.053207, 37.62989]}, "properties": {"shelter_id": "OBJ021135000000029", "name": "신계초등학교 운동장", "sido": "서울특별시", "sigungu": "노원구", "emd": "월계동", "road_name": "초안산로3길", "capacity": null}}, {"type": "Feature", "geometry": {"type": "Point", "coordinates": [127.081885, 37.647819]}, "properties": {"shelter_id": "OBJ021135000000033", "name": "수암초등학교 운동장", "sido": "서울특별시", "sigungu": "노원구", "emd": "중계동", "road_name": "중계로", "capacity": null}}, {"type": "Feature", "geometry": {"type": "Point", "coordinates": [127.06232, 37.630973]}, "properties": {"shelter_id": "OBJ021135000000030", "name": "녹천중학교 운동장", "sido": "서울특별시", "sigungu": "노원구", "emd": "월계동", "road_name": "월계로", "capacity": null}}, {"type": "Feature", "geometry": {"type": "Point", "coordinates": [127.073782, 37.645491]}, "properties": {"shelter_id": "OBJ021135000000031", "name": "불암중학교 운동장", "sido": "서울특별시", "sigungu": "노원구", "emd": "하계동", "road_name": "한글비석로5길", "capacity": null}}, {"type": "Feature", "geometry": {"type": "Point", "coordinates": [127.062439, 37.636577]}, "properties": {"shelter_id": "OBJ021135000000032", "name": "중평중학교 운동장", "sido": "서울특별시", "sigungu": "노원구", "emd": "하계동", "road_name": "동일로207길", "capacity": null}}, {"type": "Feature", "geometry": {"type": "Point", "coordinates": [127.066468, 37.644552]}, "properties": {"shelter_id": "OBJ021135000000034", "name": "청계초등학교 운동장", "sido": "서울특별시", "sigungu": "노원구", "emd": "중계동", "road_name": "공릉로", "capacity": null}}, {"type": "Feature", "geometry": {"type": "Point", "coordinates": [127.076173, 37.667779]}, "properties": {"shelter_id": "OBJ021135000000036", "name": "신상계초등학교 운동장", "sido": "서울특별시", "sigungu": "노원구", "emd": "상계동", "road_name": "상계로", "capacity": null}}, {"type": "Feature", "geometry": {"type": "Point", "coordinates": [127.06496, 37.651506]}, "properties": {"shelter_id": "OBJ021135000000037", "name": "상수초등학교 운동장", "sido": "서울특별시", "sigungu": "노원구", "emd": "상계동", "road_name": "동일로216길", "capacity": null}}, {"type": "Feature", "geometry": {"type": "Point", "coordinates": [127.05802, 37.645968]}, "properties": {"shelter_id": "OBJ021135000000038", "name": "상천초등학교 운동장", "sido": "서울특별시", "sigungu": "노원구", "emd": "상계동", "road_name": "덕릉로", "capacity": null}}, {"type": "Feature", "geometry": {"type": "Point", "coordinates": [126.415494, 33.264484]}, "properties": {"shelter_id": "OBJ025013000000037", "name": "색달체육공원 지진옥외대피소", "sido": "제주특별자치도", "sigungu": "서귀포시", "emd": "색달동", "road_name": "색달중앙로", "capacity": null}}, {"type": "Feature", "geometry": {"type": "Point", "coordinates": [126.854516, 33.445866]}, "properties": {"shelter_id": "OBJ025013000000039", "name": "수산체육공원 지진옥외대피소", "sido": "제주특별자치도", "sigungu": "서귀포시", "emd": "성산읍", "road_name": "수송로", "capacity": null}}, {"type": "Feature", "geometry": {"type": "Point", "coordinates": [126.898542, 33.393809]}, "properties": {"shelter_id": "OBJ025013000000040", "name": "온평리 마을 운동장 지진옥외대피소", "sido": "제주특별자치도", "sigungu": "서귀포시", "emd": "성산읍", "road_name": "온평포구로54번길", "capacity": null}}, {"type": "Feature", "geometry": {"type": "Point", "coordinates": [126.5043, 33.253723]}, "properties": {"shelter_id": "OBJ025013000000056", "name": "강정제1호공원 지진옥외대피소", "sido": "제주특별자치도", "sigungu": "서귀포시", "emd": "강정동", "road_name": "대청로25번길", "capacity": null}}, {"type": "Feature", "geometry": {"type": "Point", "coordinates": [126.507884, 33.250646]}, "properties": {"shelter_id": "OBJ025013000000057", "name": "문화공원 지진옥외대피소", "sido": "제주특별자치도", "sigungu": "서귀포시", "emd": "강정동", "road_name": "김정문화로", "capacity": null}}, {"type": "Feature", "geometry": {"type": "Point", "coordinates": [126.501759, 33.259791]}, "properties": {"shelter_id": "OBJ025013000000058", "name": "강창학종합경기장 지진옥외대피소", "sido": "제주특별자치도", "sigungu": "서귀포시", "emd": "강정동", "road_name": "중산간서로", "capacity": null}}, {"type": "Feature", "geometry": {"type": "Point", "coordinates": [126.563601, 33.276213]}, "properties": {"shelter_id": "OBJ025013000000061", "name": "남주고등학교 운동장", "sido": "제주특별자치도", "sigungu": "서귀포시", "emd": "동홍동", "road_name": "동홍로303번길", "capacity": null}}, {"type": "Feature", "geometry": {"type": "Point", "coordinates": [126.391149, 33.245978]}, "properties": {"shelter_id": "OBJ025013000000007", "name": "예래초등학교 운동장 지진옥외대피소", "sido": "제주특별자치도", "sigungu": "서귀포시", "emd": "상예동", "road_name": "예래로", "capacity": null}}, {"type": "Feature", "geometry": {"type": "Point", "coordinates": [126.610237, 33.258035]}, "properties": {"shelter_id": "OBJ025013000000004", "name": "서귀포 효돈축구공원 지진옥외대피소", "sido": "제주특별자치도", "sigungu": "서귀포시", "emd": "신효동", "road_name": "칠십리로533번길", "capacity": null}}, {"type": "Feature", "geometry": {"type": "Point", "coordinates": [126.32926, 33.255016]}, "properties": {"shelter_id": "OBJ025013000000050", "name": "안덕생활체육관 운동장 지진옥외대피소", "sido": "제주특별자치도", "sigungu": "서귀포시", "emd": "안덕면", "road_name": "화순서서로", "capacity": null}}, {"type": "Feature", "geometry": {"type": "Point", "coordinates": [126.255406, 33.224938]}, "properties": {"shelter_id": "OBJ025013000000049", "name": "대정초등학교 운동장 지진옥외대피소", "sido": "제주특별자치도", "sigungu": "서귀포시", "emd": "대정읍", "road_name": "상모대서로", "capacity": null}}, {"type": "Feature", "geometry": {"type": "Point", "coordinates": [126.459452, 33.252801]}, "properties": {"shelter_id": "OBJ025013000000008", "name": "하원초등학교 운동장 지진옥외대피소", "sido": "제주특별자치도", "sigungu": "서귀포시", "emd": "하원동", "road_name": "월평하원로", "capacity": null}}, {"type": "Feature", "geometry": {"type": "Point", "coordinates": [126.42902, 33.250884]}, "properties": {"shelter_id": "OBJ025013000000009", "name": "중문중학교 운동장 지진옥외대피소", "sido": "제주특별자치도", "sigungu": "서귀포시", "emd": "중문동", "road_name": "천제연로", "capacity": null}}, {"type": "Feature", "geometry": {"type": "Point", "coordinates": [126.429431, 33.252137]}, "properties": {"shelter_id": "OBJ025013000000010", "name": "중문초등학교 운동장 지진옥외대피소", "sido": "제주특별자치도", "sigungu": "서귀포시", "emd": "중문동", "road_name": "천제연로", "capacity": null}}, {"type": "Feature", "geometry": {"type": "Point", "coordinates": [126.478956, 33.234624]}, "properties": {"shelter_id": "OBJ025013000000011", "name": "강정초등학교 운동장 지진옥외대피소", "sido": "제주특별자치도", "sigungu": "서귀포시", "emd": "강정동", "road_name": "말질로", "capacity": null}}, {"type": "Feature", "geometry": {"type": "Point", "coordinates": [126.508784, 33.237089]}, "properties": {"shelter_id": "OBJ025013000000012", "name": "법환초등학교 운동장 지진옥외대피소", "sido": "제주특별자치도", "sigungu": "서귀포시", "emd": "법환동", "road_name": "법환로71번길", "capacity": null}}, {"type": "Feature", "geometry": {"type": "Point", "coordinates": [126.477342, 33.247059]}, "properties": {"shelter_id": "OBJ025013000000014", "name": "도순초등학교 운동장 지진옥외대피소", "sido": "제주특별자치도", "sigungu": "서귀포시", "emd": "도순동", "road_name": "도순남로", "capacity": null}}, {"type": "Feature", "geometry": {"type": "Point", "coordinates": [126.531453, 33.24351]}, "properties": {"shelter_id": "OBJ025013000000013", "name": "서귀포여자고등학교 운동장 지진옥외대피소", "sido": "제주특별자치도", "sigungu": "서귀포시", "emd": "호근동", "road_name": "태평로", "capacity": null}}, {"type": "Feature", "geometry": {"type": "Point", "coordinates": [126.512882, 33.256276]}, "properties": {"shelter_id": "OBJ025013000000015", "name": "새서귀초등학교 운동장 지진옥외대피소", "sido": "제주특별자치도", "sigungu": "서귀포시", "emd": "서호동", "road_name": "신서귀로76번길", "capacity": null}}, {"type": "Feature", "geometry": {"type": "Point", "coordinates": [126.529152, 33.253579]}, "properties": {"shelter_id": "OBJ025013000000016", "name": "서호초등학교 운동장 지진옥외대피소", "sido": "제주특별자치도", "sigungu": "서귀포시", "emd": "호근동", "road_name": "호근남로", "capacity": null}}, {"type": "Feature", "geometry": {"type": "Point", "coordinates": [126.561356, 33.255275]}, "properties": {"shelter_id": "OBJ025013000000017", "name": "서귀중앙여자중학교 운동장 지진옥외대피소", "sido": "제주특별자치도", "sigungu": "서귀포시", "emd": "동홍동", "road_name": "중앙로", "capacity": null}}, {"type": "Feature", "geometry": {"type": "Point", "coordinates": [126.742918, 33.285937]}, "properties": {"shelter_id": "OBJ025013000000045", "name": "태흥초등학교 운동장 지진옥외대피소", "sido": "제주특별자치도", "sigungu": "서귀포시", "emd": "남원읍", "road_name": "태위로", "capacity": null}}, {"type": "Feature", "geometry": {"type": "Point", "coordinates": [126.717703, 33.281521]}, "properties": {"shelter_id": "OBJ025013000000044", "name": "남원중학교 운동장 지진옥외대피소", "sido": "제주특별자치도", "sigungu": "서귀포시", "emd": "남원읍", "road_name": "남한로", "capacity": null}}, {"type": "Feature", "geometry": {"type": "Point", "coordinates": [126.254523, 33.21944]}, "properties": {"shelter_id": "OBJ025013000000048", "name": "대정중학교 운동장 지진옥외대피소", "sido": "제주특별자치도", "sigungu": "서귀포시", "emd": "대정읍", "road_name": "비행장로", "capacity": null}}, {"type": "Feature", "geometry": {"type": "Point", "coordinates": [126.562125, 33.256935]}, "properties": {"shelter_id": "OBJ025013000000018", "name": "서귀포고등학교 운동장 지진옥외대피소", "sido": "제주특별자치도", "sigungu": "서귀포시", "emd": "동홍동", "road_name": "장수로38번길", "capacity": null}}, {"type": "Feature", "geometry": {"type": "Point", "coordinates": [126.570325, 33.25981]}, "properties": {"shelter_id": "OBJ025013000000019", "name": "동홍초등학교 운동장 지진옥외대피소", "sido": "제주특별자치도", "sigungu": "서귀포시", "emd": "동홍동", "road_name": "동홍북로", "capacity": null}}, {"type": "Feature", "geometry": {"type": "Point", "coordinates": [126.584203, 33.254611]}, "properties": {"shelter_id": "OBJ025013000000021", "name": "삼성여고 운동장 지진옥외대피소", "sido": "제주특별자치도", "sigungu": "서귀포시", "emd": "토평동", "road_name": "검은여로", "capacity": null}}, {"type": "Feature", "geometry": {"type": "Point", "coordinates": [126.564794, 33.275469]}, "properties": {"shelter_id": "OBJ025013000000060", "name": "남주중학교 운동장", "sido": "제주특별자치도", "sigungu": "서귀포시", "emd": "동홍동", "road_name": "동홍로303번길", "capacity": null}}, {"type": "Feature", "geometry": {"type": "Point", "coordinates": [126.595041, 33.29661]}, "properties": {"shelter_id": "OBJ025013000000020", "name": "산업과학고 운동장 지진옥외대피소", "sido": "제주특별자치도", "sigungu": "서귀포시", "emd": "상효동", "road_name": "돈내코로", "capacity": null}}, {"type": "Feature", "geometry": {"type": "Point", "coordinates": [126.589666, 33.265656]}, "properties": {"shelter_id": "OBJ025013000000022", "name": "토평초등학교 운동장 지진옥외대피소", "sido": "제주특별자치도", "sigungu": "서귀포시", "emd": "토평동", "road_name": "토평로50번길", "capacity": null}}, {"type": "Feature", "geometry": {"type": "Point", "coordinates": [126.616054, 33.264039]}, "properties": {"shelter_id": "OBJ025013000000024", "name": "효돈초등학교 운동장 지진옥외대피소", "sido": "제주특별자치도", "sigungu": "서귀포시", "emd": "신효동", "road_name": "효돈로", "capacity": null}}, {"type": "Feature", "geometry": {"type": "Point", "coordinates": [126.620766, 33.264868]}, "properties": {"shelter_id": "OBJ025013000000023", "name": "효돈중학교 운동장 지진옥외대피소", "sido": "제주특별자치도", "sigungu": "서귀포시", "emd": "하효동", "road_name": "효돈순환로", "capacity": null}}, {"type": "Feature", "geometry": {"type": "Point", "coordinates": [126.563648, 33.252705]}, "properties": {"shelter_id": "OBJ025013000000025", "name": "서귀중앙초등학교 운동장 지진옥외대피소", "sido": "제주특별자치도", "sigungu": "서귀포시", "emd": "서귀동", "road_name": "동문동로", "capacity": null}}, {"type": "Feature", "geometry": {"type": "Point", "coordinates": [126.27579, 33.249452]}, "properties": {"shelter_id": "OBJ025013000000046", "name": "보성초등학교 운동장 지진옥외대피소", "sido": "제주특별자치도", "sigungu": "서귀포시", "emd": "대정읍", "road_name": "추사로55번길", "capacity": null}}, {"type": "Feature", "geometry": {"type": "Point", "coordinates": [126.270348, 33.169101]}, "properties": {"shelter_id": "OBJ025013000000047", "name": "가파초등학교 운동장 지진옥외대피소", "sido": "제주특별자치도", "sigungu": "서귀포시", "emd": "대정읍", "road_name": "가파로67번길", "capacity": null}}]}